kind	key	name	classes	verdict	note
class	CCineNPC				51
class	CNPCMaker				14
class	CNPC_VHumanCombatant				9
class	CNPC_VPedestrian				3
class	CNPC_VRat				6
class	CNPC_VVampire				16
schedule	ALERT_FACE		CCineNPC, CNPCMaker, CNPC_VHumanCombatant, CNPC_VPedestrian, CNPC_VRat, CNPC_VVampire		
schedule	ALERT_SCAN		CCineNPC, CNPCMaker, CNPC_VHumanCombatant, CNPC_VPedestrian, CNPC_VRat, CNPC_VVampire		
schedule	ALERT_SMALL_FLINCH		CCineNPC, CNPCMaker, CNPC_VHumanCombatant, CNPC_VPedestrian, CNPC_VRat, CNPC_VVampire		
schedule	ALERT_STAND		CCineNPC, CNPCMaker, CNPC_VHumanCombatant, CNPC_VPedestrian, CNPC_VRat, CNPC_VVampire		
schedule	AMBUSH		CCineNPC, CNPCMaker, CNPC_VHumanCombatant, CNPC_VPedestrian, CNPC_VRat, CNPC_VVampire		
schedule	ARM_WEAPON		CCineNPC, CNPCMaker, CNPC_VHumanCombatant, CNPC_VPedestrian, CNPC_VRat, CNPC_VVampire		
schedule	BACK_AWAY_FROM_ENEMY		CCineNPC, CNPCMaker, CNPC_VHumanCombatant, CNPC_VPedestrian, CNPC_VRat, CNPC_VVampire		
schedule	BACK_AWAY_FROM_SAVE_POSITION		CCineNPC, CNPCMaker, CNPC_VHumanCombatant, CNPC_VPedestrian, CNPC_VRat, CNPC_VVampire		
schedule	CHASE_ENEMY		CCineNPC, CNPCMaker, CNPC_VHumanCombatant, CNPC_VPedestrian, CNPC_VRat, CNPC_VVampire		
schedule	CHASE_ENEMY_FAILED		CCineNPC, CNPCMaker, CNPC_VHumanCombatant, CNPC_VPedestrian, CNPC_VRat, CNPC_VVampire		
schedule	COMBAT_FACE		CCineNPC, CNPCMaker, CNPC_VHumanCombatant, CNPC_VPedestrian, CNPC_VRat, CNPC_VVampire		
schedule	COMBAT_STAND		CCineNPC, CNPCMaker, CNPC_VHumanCombatant, CNPC_VPedestrian, CNPC_VRat, CNPC_VVampire		
schedule	COMBAT_SWEEP		CCineNPC, CNPCMaker, CNPC_VHumanCombatant, CNPC_VPedestrian, CNPC_VRat, CNPC_VVampire		
schedule	COWER		CCineNPC, CNPCMaker, CNPC_VHumanCombatant, CNPC_VPedestrian, CNPC_VRat, CNPC_VVampire		
schedule	DIE		CCineNPC, CNPCMaker, CNPC_VHumanCombatant, CNPC_VPedestrian, CNPC_VRat, CNPC_VVampire		
schedule	DISARM_WEAPON		CCineNPC, CNPCMaker, CNPC_VHumanCombatant, CNPC_VPedestrian, CNPC_VRat, CNPC_VVampire		
schedule	DROPSHIP_DEPLOY_FIRST		CCineNPC, CNPCMaker, CNPC_VHumanCombatant, CNPC_VPedestrian, CNPC_VRat, CNPC_VVampire		
schedule	DROPSHIP_DEPLOY_SECOND		CCineNPC, CNPCMaker, CNPC_VHumanCombatant, CNPC_VPedestrian, CNPC_VRat, CNPC_VVampire		
schedule	DROPSHIP_DEPLOY_THIRD		CCineNPC, CNPCMaker, CNPC_VHumanCombatant, CNPC_VPedestrian, CNPC_VRat, CNPC_VVampire		
schedule	ESTABLISH_LINE_OF_FIRE		CCineNPC, CNPCMaker, CNPC_VHumanCombatant, CNPC_VPedestrian, CNPC_VRat, CNPC_VVampire		
schedule	FAIL		CCineNPC, CNPCMaker, CNPC_VHumanCombatant, CNPC_VPedestrian, CNPC_VRat, CNPC_VVampire		
schedule	FAIL_ESTABLISH_LINE_OF_FIRE		CCineNPC, CNPCMaker, CNPC_VHumanCombatant, CNPC_VPedestrian, CNPC_VRat, CNPC_VVampire		
schedule	FAIL_TAKE_COVER		CCineNPC, CNPCMaker, CNPC_VHumanCombatant, CNPC_VPedestrian, CNPC_VRat, CNPC_VVampire		
schedule	FALL_TO_GROUND		CCineNPC, CNPCMaker, CNPC_VHumanCombatant, CNPC_VPedestrian, CNPC_VRat, CNPC_VVampire		
schedule	FEAR_FACE		CCineNPC, CNPCMaker, CNPC_VHumanCombatant, CNPC_VPedestrian, CNPC_VRat, CNPC_VVampire		
schedule	FORCED_GO		CCineNPC, CNPCMaker, CNPC_VHumanCombatant, CNPC_VPedestrian, CNPC_VRat, CNPC_VVampire		
schedule	GIVE_WAY		CCineNPC, CNPCMaker, CNPC_VHumanCombatant, CNPC_VPedestrian, CNPC_VRat, CNPC_VVampire		
schedule	HIDE_AND_RELOAD		CCineNPC, CNPCMaker, CNPC_VHumanCombatant, CNPC_VPedestrian, CNPC_VRat, CNPC_VVampire		
schedule	IDLE_PATHCORNER		CCineNPC, CNPCMaker, CNPC_VHumanCombatant, CNPC_VPedestrian, CNPC_VRat, CNPC_VVampire		
schedule	IDLE_STAND		CCineNPC, CNPCMaker, CNPC_VHumanCombatant, CNPC_VPedestrian, CNPC_VRat, CNPC_VVampire		
schedule	IDLE_WALK		CCineNPC, CNPCMaker, CNPC_VHumanCombatant, CNPC_VPedestrian, CNPC_VRat, CNPC_VVampire		
schedule	IDLE_WANDER		CCineNPC, CNPCMaker, CNPC_VHumanCombatant, CNPC_VPedestrian, CNPC_VRat, CNPC_VVampire		
schedule	INVESTIGATE_SOUND		CCineNPC, CNPCMaker, CNPC_VHumanCombatant, CNPC_VPedestrian, CNPC_VRat, CNPC_VVampire		
schedule	MELEE_ATTACK1		CCineNPC, CNPCMaker, CNPC_VHumanCombatant, CNPC_VPedestrian, CNPC_VRat, CNPC_VVampire		
schedule	MELEE_ATTACK2		CCineNPC, CNPCMaker, CNPC_VHumanCombatant, CNPC_VPedestrian, CNPC_VRat, CNPC_VVampire		
schedule	NEW_WEAPON		CCineNPC, CNPCMaker, CNPC_VHumanCombatant, CNPC_VPedestrian, CNPC_VRat, CNPC_VVampire		
schedule	NPC_FREEZE		CCineNPC, CNPCMaker, CNPC_VHumanCombatant, CNPC_VPedestrian, CNPC_VRat, CNPC_VVampire		
schedule	PATROL_RUN		CCineNPC, CNPCMaker, CNPC_VHumanCombatant, CNPC_VPedestrian, CNPC_VRat, CNPC_VVampire		
schedule	PATROL_WALK		CCineNPC, CNPCMaker, CNPC_VHumanCombatant, CNPC_VPedestrian, CNPC_VRat, CNPC_VVampire		
schedule	RANGE_ATTACK1		CCineNPC, CNPCMaker, CNPC_VHumanCombatant, CNPC_VPedestrian, CNPC_VRat, CNPC_VVampire		
schedule	RANGE_ATTACK2		CCineNPC, CNPCMaker, CNPC_VHumanCombatant, CNPC_VPedestrian, CNPC_VRat, CNPC_VVampire		
schedule	RELOAD		CCineNPC, CNPCMaker, CNPC_VHumanCombatant, CNPC_VPedestrian, CNPC_VRat, CNPC_VVampire		
schedule	RUN_FROM_ENEMY		CCineNPC, CNPCMaker, CNPC_VHumanCombatant, CNPC_VPedestrian, CNPC_VRat, CNPC_VVampire		
schedule	RUN_RANDOM		CCineNPC, CNPCMaker, CNPC_VHumanCombatant, CNPC_VPedestrian, CNPC_VRat, CNPC_VVampire		
schedule	SCENE_FACE_TARGET		CCineNPC, CNPCMaker, CNPC_VHumanCombatant, CNPC_VPedestrian, CNPC_VRat, CNPC_VVampire		
schedule	SCENE_SEQUENCE		CCineNPC, CNPCMaker, CNPC_VHumanCombatant, CNPC_VPedestrian, CNPC_VRat, CNPC_VVampire		
schedule	SCENE_WALK		CCineNPC, CNPCMaker, CNPC_VHumanCombatant, CNPC_VPedestrian, CNPC_VRat, CNPC_VVampire		
schedule	SCHED_DIE_RAGDOLL		CCineNPC, CNPCMaker, CNPC_VHumanCombatant, CNPC_VPedestrian, CNPC_VRat, CNPC_VVampire		
schedule	SCHED_FLINCH_PHYSICS		CCineNPC, CNPCMaker, CNPC_VHumanCombatant, CNPC_VPedestrian, CNPC_VRat, CNPC_VVampire		
schedule	SCHED_TASK_TEST1		CNPCMaker, CNPC_VHumanCombatant, CNPC_VPedestrian, CNPC_VRat, CNPC_VVampire		
schedule	SCHED_TASK_TEST2		CNPCMaker, CNPC_VHumanCombatant, CNPC_VPedestrian, CNPC_VRat, CNPC_VVampire		
schedule	SCHED_TASK_TEST3		CNPCMaker, CNPC_VHumanCombatant, CNPC_VPedestrian, CNPC_VRat, CNPC_VVampire		
schedule	SCHED_TASK_TEST4		CNPCMaker, CNPC_VHumanCombatant, CNPC_VPedestrian, CNPC_VRat, CNPC_VVampire		
schedule	SCHED_TROIKA_ADVANCE_FOR_MELEE		CNPCMaker, CNPC_VHumanCombatant, CNPC_VPedestrian, CNPC_VRat, CNPC_VVampire		
schedule	SCHED_TROIKA_ALERT_COVER_FROM_UNKNOWN_ATTACKER		CNPCMaker, CNPC_VHumanCombatant, CNPC_VPedestrian, CNPC_VRat, CNPC_VVampire		
schedule	SCHED_TROIKA_ALERT_FACE		CNPCMaker, CNPC_VHumanCombatant, CNPC_VPedestrian, CNPC_VRat, CNPC_VVampire		
schedule	SCHED_TROIKA_ALERT_INVESTIGATE_UNKNOWN_ATTACKER		CNPCMaker, CNPC_VHumanCombatant, CNPC_VPedestrian, CNPC_VRat, CNPC_VVampire		
schedule	SCHED_TROIKA_ALERT_LOOK_AROUND		CNPCMaker, CNPC_VHumanCombatant, CNPC_VPedestrian, CNPC_VRat, CNPC_VVampire		
schedule	SCHED_TROIKA_ALERT_LOOK_AROUND_NI		CNPCMaker, CNPC_VHumanCombatant, CNPC_VPedestrian, CNPC_VRat, CNPC_VVampire		
schedule	SCHED_TROIKA_ALERT_STEP_TOWARDS_SOUND		CNPCMaker, CNPC_VHumanCombatant, CNPC_VPedestrian, CNPC_VRat, CNPC_VVampire		
schedule	SCHED_TROIKA_ALERT_TURN_TO_DETECTED_ATTACK		CNPCMaker, CNPC_VHumanCombatant, CNPC_VPedestrian, CNPC_VRat, CNPC_VVampire		
schedule	SCHED_TROIKA_ALERT_TURN_TO_SOUND		CNPCMaker, CNPC_VHumanCombatant, CNPC_VPedestrian, CNPC_VRat, CNPC_VVampire		
schedule	SCHED_TROIKA_ALERT_WAIT		CNPCMaker, CNPC_VHumanCombatant, CNPC_VPedestrian, CNPC_VRat, CNPC_VVampire		
schedule	SCHED_TROIKA_ATTEMPT_TO_CLOSE_WITH_ENEMY		CNPCMaker, CNPC_VHumanCombatant, CNPC_VPedestrian, CNPC_VRat, CNPC_VVampire		
schedule	SCHED_TROIKA_BACK_AWAY_FROM_DOOR		CNPCMaker, CNPC_VHumanCombatant, CNPC_VPedestrian, CNPC_VRat, CNPC_VVampire		
schedule	SCHED_TROIKA_BACK_AWAY_FROM_DOOR_NE		CNPCMaker, CNPC_VHumanCombatant, CNPC_VPedestrian, CNPC_VRat, CNPC_VVampire		
schedule	SCHED_TROIKA_BACK_AWAY_FROM_DOOR_RUN		CNPCMaker, CNPC_VHumanCombatant, CNPC_VPedestrian, CNPC_VRat, CNPC_VVampire		
schedule	SCHED_TROIKA_BACK_AWAY_FROM_DOOR_RUN_NE		CNPCMaker, CNPC_VHumanCombatant, CNPC_VPedestrian, CNPC_VRat, CNPC_VVampire		
schedule	SCHED_TROIKA_BACK_AWAY_FROM_DOOR_WAIT		CNPCMaker, CNPC_VHumanCombatant, CNPC_VPedestrian, CNPC_VRat, CNPC_VVampire		
schedule	SCHED_TROIKA_BACK_AWAY_FROM_DOOR_WAIT_FOLLOWER		CNPCMaker, CNPC_VHumanCombatant, CNPC_VPedestrian, CNPC_VRat, CNPC_VVampire		
schedule	SCHED_TROIKA_BACK_AWAY_FROM_DOOR_WAIT_NE		CNPCMaker, CNPC_VHumanCombatant, CNPC_VPedestrian, CNPC_VRat, CNPC_VVampire		
schedule	SCHED_TROIKA_BACK_AWAY_FROM_DOOR_WAIT_NE_FOLLOWER		CNPCMaker, CNPC_VHumanCombatant, CNPC_VPedestrian, CNPC_VRat, CNPC_VVampire		
schedule	SCHED_TROIKA_BACK_AWAY_FROM_ENEMY		CNPCMaker, CNPC_VHumanCombatant, CNPC_VPedestrian, CNPC_VRat, CNPC_VVampire		
schedule	SCHED_TROIKA_CALMED		CNPCMaker, CNPC_VHumanCombatant, CNPC_VPedestrian, CNPC_VRat, CNPC_VVampire		
schedule	SCHED_TROIKA_CHASE_ENEMY		CNPCMaker, CNPC_VHumanCombatant, CNPC_VPedestrian, CNPC_VRat, CNPC_VVampire		
schedule	SCHED_TROIKA_CHASE_ENEMY_FAILED		CNPCMaker, CNPC_VHumanCombatant, CNPC_VPedestrian, CNPC_VRat, CNPC_VVampire		
schedule	SCHED_TROIKA_CHASE_ENEMY_LKP		CNPCMaker, CNPC_VHumanCombatant, CNPC_VPedestrian, CNPC_VRat, CNPC_VVampire		
schedule	SCHED_TROIKA_CHASE_ENEMY_LKP_FLANK		CNPCMaker, CNPC_VHumanCombatant, CNPC_VPedestrian, CNPC_VRat, CNPC_VVampire		
schedule	SCHED_TROIKA_CHASE_ENEMY_LKP_WALK		CNPCMaker, CNPC_VHumanCombatant, CNPC_VPedestrian, CNPC_VRat, CNPC_VVampire		
schedule	SCHED_TROIKA_CHASE_ENEMY_SQUAD		CNPCMaker, CNPC_VHumanCombatant, CNPC_VPedestrian, CNPC_VRat, CNPC_VVampire		
schedule	SCHED_TROIKA_CHASE_ENEMY_WALK_SQUAD		CNPCMaker, CNPC_VHumanCombatant, CNPC_VPedestrian, CNPC_VRat, CNPC_VVampire		
schedule	SCHED_TROIKA_COMBAT_DODGE		CNPCMaker, CNPC_VHumanCombatant, CNPC_VPedestrian, CNPC_VRat, CNPC_VVampire		
schedule	SCHED_TROIKA_COMBAT_DODGE2		CNPCMaker, CNPC_VHumanCombatant, CNPC_VPedestrian, CNPC_VRat, CNPC_VVampire		
schedule	SCHED_TROIKA_COMBAT_DODGE_FLANK		CNPCMaker, CNPC_VHumanCombatant, CNPC_VPedestrian, CNPC_VRat, CNPC_VVampire		
schedule	SCHED_TROIKA_COMBAT_DODGE_WAIT		CNPCMaker, CNPC_VHumanCombatant, CNPC_VPedestrian, CNPC_VRat, CNPC_VVampire		
schedule	SCHED_TROIKA_COMBAT_WAIT		CNPCMaker, CNPC_VHumanCombatant, CNPC_VPedestrian, CNPC_VRat, CNPC_VVampire		
schedule	SCHED_TROIKA_COMFORT		CNPCMaker, CNPC_VHumanCombatant, CNPC_VPedestrian, CNPC_VRat, CNPC_VVampire		
schedule	SCHED_TROIKA_COVER_FROM_OCCLUDED_ENEMY		CNPCMaker, CNPC_VHumanCombatant, CNPC_VPedestrian, CNPC_VRat, CNPC_VVampire		
schedule	SCHED_TROIKA_COVER_FROM_OCCLUDED_ENEMY_SQUAD		CNPCMaker, CNPC_VHumanCombatant, CNPC_VPedestrian, CNPC_VRat, CNPC_VVampire		
schedule	SCHED_TROIKA_COWER		CNPCMaker, CNPC_VHumanCombatant, CNPC_VPedestrian, CNPC_VRat, CNPC_VVampire		
schedule	SCHED_TROIKA_COWER_HINT		CNPCMaker, CNPC_VHumanCombatant, CNPC_VPedestrian, CNPC_VRat, CNPC_VVampire		
schedule	SCHED_TROIKA_COWER_SIMPLE		CNPCMaker, CNPC_VHumanCombatant, CNPC_VPedestrian, CNPC_VRat, CNPC_VVampire		
schedule	SCHED_TROIKA_COWER_SIMPLE_HINT		CNPCMaker, CNPC_VHumanCombatant, CNPC_VPedestrian, CNPC_VRat, CNPC_VVampire		
schedule	SCHED_TROIKA_COWER_SIMPLE_NOSEE		CNPCMaker, CNPC_VHumanCombatant, CNPC_VPedestrian, CNPC_VRat, CNPC_VVampire		
schedule	SCHED_TROIKA_CRIMSUSP_APPROACH_ENEMY		CNPCMaker, CNPC_VHumanCombatant, CNPC_VPedestrian, CNPC_VRat, CNPC_VVampire		
schedule	SCHED_TROIKA_CRIMSUSP_FACE_ENEMY		CNPCMaker, CNPC_VHumanCombatant, CNPC_VPedestrian, CNPC_VRat, CNPC_VVampire		
schedule	SCHED_TROIKA_CRIMSUSP_GO_TO_LKP		CNPCMaker, CNPC_VHumanCombatant, CNPC_VPedestrian, CNPC_VRat, CNPC_VVampire		
schedule	SCHED_TROIKA_CRIMSUSP_WAIT_AT_LKP		CNPCMaker, CNPC_VHumanCombatant, CNPC_VPedestrian, CNPC_VRat, CNPC_VVampire		
schedule	SCHED_TROIKA_CRIMSUSP_WAIT_AT_LKP_LOOKAROUND		CNPCMaker, CNPC_VHumanCombatant, CNPC_VPedestrian, CNPC_VRat, CNPC_VVampire		
schedule	SCHED_TROIKA_CRIMSUSP_WAIT_FOR_OCCLUSION		CNPCMaker, CNPC_VHumanCombatant, CNPC_VPedestrian, CNPC_VRat, CNPC_VVampire		
schedule	SCHED_TROIKA_DISORIENTED		CNPCMaker, CNPC_VHumanCombatant, CNPC_VPedestrian, CNPC_VRat, CNPC_VVampire		
schedule	SCHED_TROIKA_DO_BLOODBOIL_ACTIVITY		CNPCMaker, CNPC_VHumanCombatant, CNPC_VPedestrian, CNPC_VRat, CNPC_VVampire		
schedule	SCHED_TROIKA_DO_BLOODBOIL_DEATH_ACTIVITY		CNPCMaker, CNPC_VHumanCombatant, CNPC_VPedestrian, CNPC_VRat, CNPC_VVampire		
schedule	SCHED_TROIKA_DO_BLOODYEYE_ACTIVITY		CNPCMaker, CNPC_VHumanCombatant, CNPC_VPedestrian, CNPC_VRat, CNPC_VVampire		
schedule	SCHED_TROIKA_DO_BLOOD_MALADY		CNPCMaker, CNPC_VHumanCombatant, CNPC_VPedestrian, CNPC_VRat, CNPC_VVampire		
schedule	SCHED_TROIKA_DO_DANCE_ACTIVITY		CNPCMaker, CNPC_VHumanCombatant, CNPC_VPedestrian, CNPC_VRat, CNPC_VVampire		
schedule	SCHED_TROIKA_DO_HAUNTING_ACTIVITY		CNPCMaker, CNPC_VHumanCombatant, CNPC_VPedestrian, CNPC_VRat, CNPC_VVampire		
schedule	SCHED_TROIKA_DO_INTERESTING_PLACE_DEATH		CNPCMaker, CNPC_VHumanCombatant, CNPC_VPedestrian, CNPC_VRat, CNPC_VVampire		
schedule	SCHED_TROIKA_DO_INTEREST_ACTIVITY		CNPCMaker, CNPC_VHumanCombatant, CNPC_VPedestrian, CNPC_VRat, CNPC_VVampire		
schedule	SCHED_TROIKA_DO_JUMP_ACTIVITY		CNPCMaker, CNPC_VHumanCombatant, CNPC_VPedestrian, CNPC_VRat, CNPC_VVampire		
schedule	SCHED_TROIKA_DO_LEAVE_ACTIVITY		CNPCMaker, CNPC_VHumanCombatant, CNPC_VPedestrian, CNPC_VRat, CNPC_VVampire		
schedule	SCHED_TROIKA_DO_MADNESS_ACTIVITY		CNPCMaker, CNPC_VHumanCombatant, CNPC_VPedestrian, CNPC_VRat, CNPC_VVampire		
schedule	SCHED_TROIKA_DO_MESMERIZE_ACTIVITY		CNPCMaker, CNPC_VHumanCombatant, CNPC_VPedestrian, CNPC_VRat, CNPC_VVampire		
schedule	SCHED_TROIKA_DO_NIGHTMARE_ACTIVITY		CNPCMaker, CNPC_VHumanCombatant, CNPC_VPedestrian, CNPC_VRat, CNPC_VVampire		
schedule	SCHED_TROIKA_DO_SLEEP_ACTIVITY		CNPCMaker, CNPC_VHumanCombatant, CNPC_VPedestrian, CNPC_VRat, CNPC_VVampire		
schedule	SCHED_TROIKA_DO_SUICIDE_ACTIVITY		CNPCMaker, CNPC_VHumanCombatant, CNPC_VPedestrian, CNPC_VRat, CNPC_VVampire		
schedule	SCHED_TROIKA_DO_THEFTOFVITAE_ACTIVITY		CNPCMaker, CNPC_VHumanCombatant, CNPC_VPedestrian, CNPC_VRat, CNPC_VVampire		
schedule	SCHED_TROIKA_DO_VOMIT_ACTIVITY		CNPCMaker, CNPC_VHumanCombatant, CNPC_VPedestrian, CNPC_VRat, CNPC_VVampire		
schedule	SCHED_TROIKA_D_AFRAID		CNPCMaker, CNPC_VHumanCombatant, CNPC_VPedestrian, CNPC_VRat, CNPC_VVampire		
schedule	SCHED_TROIKA_D_BERSERK		CNPCMaker, CNPC_VHumanCombatant, CNPC_VPedestrian, CNPC_VRat, CNPC_VVampire		
schedule	SCHED_TROIKA_D_BLOODBOIL_BOSS		CNPCMaker, CNPC_VHumanCombatant, CNPC_VPedestrian, CNPC_VRat, CNPC_VVampire		
schedule	SCHED_TROIKA_D_BLOODBOIL_EXPLODE		CNPCMaker, CNPC_VHumanCombatant, CNPC_VPedestrian, CNPC_VRat, CNPC_VVampire		
schedule	SCHED_TROIKA_D_BLOODSHOT_BOSS		CNPCMaker, CNPC_VHumanCombatant, CNPC_VPedestrian, CNPC_VRat, CNPC_VVampire		
schedule	SCHED_TROIKA_D_BLOODSHOT_KNOCKBACK		CNPCMaker, CNPC_VHumanCombatant, CNPC_VPedestrian, CNPC_VRat, CNPC_VVampire		
schedule	SCHED_TROIKA_D_BLOODSUCKERS_COMMUNION		CNPCMaker, CNPC_VHumanCombatant, CNPC_VPedestrian, CNPC_VRat, CNPC_VVampire		
schedule	SCHED_TROIKA_D_BRAINWIPE		CNPCMaker, CNPC_VHumanCombatant, CNPC_VPedestrian, CNPC_VRat, CNPC_VVampire		
schedule	SCHED_TROIKA_D_BRAINWIPE_END		CNPCMaker, CNPC_VHumanCombatant, CNPC_VPedestrian, CNPC_VRat, CNPC_VVampire		
schedule	SCHED_TROIKA_D_BURROWING_BEETLE		CNPCMaker, CNPC_VHumanCombatant, CNPC_VPedestrian, CNPC_VRat, CNPC_VVampire		
schedule	SCHED_TROIKA_D_DAZE		CNPCMaker, CNPC_VHumanCombatant, CNPC_VPedestrian, CNPC_VRat, CNPC_VVampire		
schedule	SCHED_TROIKA_D_HALLUCINATION		CNPCMaker, CNPC_VHumanCombatant, CNPC_VPedestrian, CNPC_VRat, CNPC_VVampire		
schedule	SCHED_TROIKA_D_HYSTERIA		CNPCMaker, CNPC_VHumanCombatant, CNPC_VPedestrian, CNPC_VRat, CNPC_VVampire		
schedule	SCHED_TROIKA_D_MASS_HALLUCINATION		CNPCMaker, CNPC_VHumanCombatant, CNPC_VPedestrian, CNPC_VRat, CNPC_VVampire		
schedule	SCHED_TROIKA_D_MESMERIZE		CNPCMaker, CNPC_VHumanCombatant, CNPC_VPedestrian, CNPC_VRat, CNPC_VVampire		
schedule	SCHED_TROIKA_D_PESTILENCE		CNPCMaker, CNPC_VHumanCombatant, CNPC_VPedestrian, CNPC_VRat, CNPC_VVampire		
schedule	SCHED_TROIKA_D_POSSESSION		CNPCMaker, CNPC_VHumanCombatant, CNPC_VPedestrian, CNPC_VRat, CNPC_VVampire		
schedule	SCHED_TROIKA_D_PURGE		CNPCMaker, CNPC_VHumanCombatant, CNPC_VPedestrian, CNPC_VRat, CNPC_VVampire		
schedule	SCHED_TROIKA_D_RAVENS		CNPCMaker, CNPC_VHumanCombatant, CNPC_VPedestrian, CNPC_VRat, CNPC_VVampire		
schedule	SCHED_TROIKA_D_SPECTRAL_WOLVES		CNPCMaker, CNPC_VHumanCombatant, CNPC_VPedestrian, CNPC_VRat, CNPC_VVampire		
schedule	SCHED_TROIKA_D_SPECTRAL_WOLVES_ESCAPE		CNPCMaker, CNPC_VHumanCombatant, CNPC_VPedestrian, CNPC_VRat, CNPC_VVampire		
schedule	SCHED_TROIKA_D_SUICIDE		CNPCMaker, CNPC_VHumanCombatant, CNPC_VPedestrian, CNPC_VRat, CNPC_VVampire		
schedule	SCHED_TROIKA_D_TRANCE		CNPCMaker, CNPC_VHumanCombatant, CNPC_VPedestrian, CNPC_VRat, CNPC_VVampire		
schedule	SCHED_TROIKA_D_VISION_OF_DEATH		CNPCMaker, CNPC_VHumanCombatant, CNPC_VPedestrian, CNPC_VRat, CNPC_VVampire		
schedule	SCHED_TROIKA_FINISH_CLIMB		CNPCMaker, CNPC_VHumanCombatant, CNPC_VPedestrian, CNPC_VRat, CNPC_VVampire		
schedule	SCHED_TROIKA_FINISH_JUMP		CNPCMaker, CNPC_VHumanCombatant, CNPC_VPedestrian, CNPC_VRat, CNPC_VVampire		
schedule	SCHED_TROIKA_FLANK_ENEMY		CNPCMaker, CNPC_VHumanCombatant, CNPC_VPedestrian, CNPC_VRat, CNPC_VVampire		
schedule	SCHED_TROIKA_FLEE		CNPCMaker, CNPC_VHumanCombatant, CNPC_VPedestrian, CNPC_VRat, CNPC_VVampire		
schedule	SCHED_TROIKA_FLEE_AND_COWER		CNPCMaker, CNPC_VHumanCombatant, CNPC_VPedestrian, CNPC_VRat, CNPC_VVampire		
schedule	SCHED_TROIKA_FLEE_AND_COWER_NO_ENEMY		CNPCMaker, CNPC_VHumanCombatant, CNPC_VPedestrian, CNPC_VRat, CNPC_VVampire		
schedule	SCHED_TROIKA_FLEE_AND_COWER_SCREAM		CNPCMaker, CNPC_VHumanCombatant, CNPC_VPedestrian, CNPC_VRat, CNPC_VVampire		
schedule	SCHED_TROIKA_FLEE_AND_COWER_STALL		CNPCMaker, CNPC_VHumanCombatant, CNPC_VPedestrian, CNPC_VRat, CNPC_VVampire		
schedule	SCHED_TROIKA_FLEE_AND_COWER_STALL_FAILED		CNPCMaker, CNPC_VHumanCombatant, CNPC_VPedestrian, CNPC_VRat, CNPC_VVampire		
schedule	SCHED_TROIKA_FLEE_AND_COWER_TURN_TO_PLAYER		CNPCMaker, CNPC_VHumanCombatant, CNPC_VPedestrian, CNPC_VRat, CNPC_VVampire		
schedule	SCHED_TROIKA_FLEE_AND_COWER_TURN_TO_PLAYER_NEAR		CNPCMaker, CNPC_VHumanCombatant, CNPC_VPedestrian, CNPC_VRat, CNPC_VVampire		
schedule	SCHED_TROIKA_FLEE_AND_DIE		CNPCMaker, CNPC_VHumanCombatant, CNPC_VPedestrian, CNPC_VRat, CNPC_VVampire		
schedule	SCHED_TROIKA_FLEE_RANDOM		CNPCMaker, CNPC_VHumanCombatant, CNPC_VPedestrian, CNPC_VRat, CNPC_VVampire		
schedule	SCHED_TROIKA_FLYING_KNOCKBACK		CNPCMaker, CNPC_VHumanCombatant, CNPC_VPedestrian, CNPC_VRat, CNPC_VVampire		
schedule	SCHED_TROIKA_FLYING_WALL_FALL		CNPCMaker, CNPC_VHumanCombatant, CNPC_VPedestrian, CNPC_VRat, CNPC_VVampire		
schedule	SCHED_TROIKA_FLYING_WALL_HIT		CNPCMaker, CNPC_VHumanCombatant, CNPC_VPedestrian, CNPC_VRat, CNPC_VVampire		
schedule	SCHED_TROIKA_FOLLOW		CNPCMaker, CNPC_VHumanCombatant, CNPC_VPedestrian, CNPC_VRat, CNPC_VVampire		
schedule	SCHED_TROIKA_FOLLOWER_BACKAWAY		CNPCMaker, CNPC_VHumanCombatant, CNPC_VPedestrian, CNPC_VRat, CNPC_VVampire		
schedule	SCHED_TROIKA_FOLLOWER_BACKAWAY_ASTAR		CNPCMaker, CNPC_VHumanCombatant, CNPC_VPedestrian, CNPC_VRat, CNPC_VVampire		
schedule	SCHED_TROIKA_FOLLOWER_BACKAWAY_ASTAR_FAILED		CNPCMaker, CNPC_VHumanCombatant, CNPC_VPedestrian, CNPC_VRat, CNPC_VVampire		
schedule	SCHED_TROIKA_FOLLOWER_BACKAWAY_FAILED		CNPCMaker, CNPC_VHumanCombatant, CNPC_VPedestrian, CNPC_VRat, CNPC_VVampire		
schedule	SCHED_TROIKA_FOLLOWER_BACKAWAY_NODE		CNPCMaker, CNPC_VHumanCombatant, CNPC_VPedestrian, CNPC_VRat, CNPC_VVampire		
schedule	SCHED_TROIKA_FOLLOWER_BACKAWAY_NODE_FAILED		CNPCMaker, CNPC_VHumanCombatant, CNPC_VPedestrian, CNPC_VRat, CNPC_VVampire		
schedule	SCHED_TROIKA_FOLLOWER_FOLLOW_FAILED		CNPCMaker, CNPC_VHumanCombatant, CNPC_VPedestrian, CNPC_VRat, CNPC_VVampire		
schedule	SCHED_TROIKA_FOLLOWER_FOLLOW_RUN		CNPCMaker, CNPC_VHumanCombatant, CNPC_VPedestrian, CNPC_VRat, CNPC_VVampire		
schedule	SCHED_TROIKA_FOLLOWER_FOLLOW_WALK		CNPCMaker, CNPC_VHumanCombatant, CNPC_VPedestrian, CNPC_VRat, CNPC_VVampire		
schedule	SCHED_TROIKA_FOLLOWER_WAIT		CNPCMaker, CNPC_VHumanCombatant, CNPC_VPedestrian, CNPC_VRat, CNPC_VVampire		
schedule	SCHED_TROIKA_FOLLOW_PATROL_PATH		CNPCMaker, CNPC_VHumanCombatant, CNPC_VPedestrian, CNPC_VRat, CNPC_VVampire		
schedule	SCHED_TROIKA_FOLLOW_PATROL_PATH_HUNT		CNPCMaker, CNPC_VHumanCombatant, CNPC_VPedestrian, CNPC_VRat, CNPC_VVampire		
schedule	SCHED_TROIKA_FOLLOW_PATROL_PATH_WALK		CNPCMaker, CNPC_VHumanCombatant, CNPC_VPedestrian, CNPC_VRat, CNPC_VVampire		
schedule	SCHED_TROIKA_FORCED_RANGE_ATTACK1		CNPCMaker, CNPC_VHumanCombatant, CNPC_VPedestrian, CNPC_VRat, CNPC_VVampire		
schedule	SCHED_TROIKA_FULL_RESIST_ACTIVITY		CNPCMaker, CNPC_VHumanCombatant, CNPC_VPedestrian, CNPC_VRat, CNPC_VVampire		
schedule	SCHED_TROIKA_HIDE_AND_FAKE_RELOAD1		CNPCMaker, CNPC_VHumanCombatant, CNPC_VPedestrian, CNPC_VRat, CNPC_VVampire		
schedule	SCHED_TROIKA_HIDE_AND_FAKE_RELOAD2		CNPCMaker, CNPC_VHumanCombatant, CNPC_VPedestrian, CNPC_VRat, CNPC_VVampire		
schedule	SCHED_TROIKA_HIDE_AND_FAKE_RELOAD_COVER		CNPCMaker, CNPC_VHumanCombatant, CNPC_VPedestrian, CNPC_VRat, CNPC_VVampire		
schedule	SCHED_TROIKA_HIDE_AND_RELOAD1		CNPCMaker, CNPC_VHumanCombatant, CNPC_VPedestrian, CNPC_VRat, CNPC_VVampire		
schedule	SCHED_TROIKA_HIDE_AND_RELOAD2		CNPCMaker, CNPC_VHumanCombatant, CNPC_VPedestrian, CNPC_VRat, CNPC_VVampire		
schedule	SCHED_TROIKA_HINT_KICK_AT_ENEMY		CNPCMaker, CNPC_VHumanCombatant, CNPC_VPedestrian, CNPC_VRat, CNPC_VVampire		
schedule	SCHED_TROIKA_HINT_KICK_OVER		CNPCMaker, CNPC_VHumanCombatant, CNPC_VPedestrian, CNPC_VRat, CNPC_VVampire		
schedule	SCHED_TROIKA_HIT_BY_FINISHING_MOVE		CNPCMaker, CNPC_VHumanCombatant, CNPC_VPedestrian, CNPC_VRat, CNPC_VVampire		
schedule	SCHED_TROIKA_HUNT		CNPCMaker, CNPC_VHumanCombatant, CNPC_VPedestrian, CNPC_VRat, CNPC_VVampire		
schedule	SCHED_TROIKA_HUNT_FAILED		CNPCMaker, CNPC_VHumanCombatant, CNPC_VPedestrian, CNPC_VRat, CNPC_VVampire		
schedule	SCHED_TROIKA_HUNT_FINISH		CNPCMaker, CNPC_VHumanCombatant, CNPC_VPedestrian, CNPC_VRat, CNPC_VVampire		
schedule	SCHED_TROIKA_HUNT_INVESTIGATE		CNPCMaker, CNPC_VHumanCombatant, CNPC_VPedestrian, CNPC_VRat, CNPC_VVampire		
schedule	SCHED_TROIKA_HUNT_INVESTIGATE_FLINCH		CNPCMaker, CNPC_VHumanCombatant, CNPC_VPedestrian, CNPC_VRat, CNPC_VVampire		
schedule	SCHED_TROIKA_HUNT_INVESTIGATE_UNKNOWN		CNPCMaker, CNPC_VHumanCombatant, CNPC_VPedestrian, CNPC_VRat, CNPC_VVampire		
schedule	SCHED_TROIKA_HUNT_INVESTIGATE_UNKNOWN_LOST		CNPCMaker, CNPC_VHumanCombatant, CNPC_VPedestrian, CNPC_VRat, CNPC_VVampire		
schedule	SCHED_TROIKA_HUNT_LOOK_AROUND		CNPCMaker, CNPC_VHumanCombatant, CNPC_VPedestrian, CNPC_VRat, CNPC_VVampire		
schedule	SCHED_TROIKA_HUNT_RUN_TO_SAVED		CNPCMaker, CNPC_VHumanCombatant, CNPC_VPedestrian, CNPC_VRat, CNPC_VVampire		
schedule	SCHED_TROIKA_HUNT_SETUP		CNPCMaker, CNPC_VHumanCombatant, CNPC_VPedestrian, CNPC_VRat, CNPC_VVampire		
schedule	SCHED_TROIKA_HUNT_SETUP_NO_ENEMY		CNPCMaker, CNPC_VHumanCombatant, CNPC_VPedestrian, CNPC_VRat, CNPC_VVampire		
schedule	SCHED_TROIKA_HUNT_TURN_LEFT		CNPCMaker, CNPC_VHumanCombatant, CNPC_VPedestrian, CNPC_VRat, CNPC_VVampire		
schedule	SCHED_TROIKA_HUNT_TURN_RIGHT		CNPCMaker, CNPC_VHumanCombatant, CNPC_VPedestrian, CNPC_VRat, CNPC_VVampire		
schedule	SCHED_TROIKA_IDLE_DISPOSITION		CNPCMaker, CNPC_VHumanCombatant, CNPC_VPedestrian, CNPC_VRat, CNPC_VVampire		
schedule	SCHED_TROIKA_IDLE_DISPOSITION_NT		CNPCMaker, CNPC_VHumanCombatant, CNPC_VPedestrian, CNPC_VRat, CNPC_VVampire		
schedule	SCHED_TROIKA_IDLE_PATHCORNER		CNPCMaker, CNPC_VHumanCombatant, CNPC_VPedestrian, CNPC_VRat, CNPC_VVampire		
schedule	SCHED_TROIKA_IDLE_PATROL		CNPCMaker, CNPC_VHumanCombatant, CNPC_VPedestrian, CNPC_VRat, CNPC_VVampire		
schedule	SCHED_TROIKA_IDLE_RETURN_TO_INITIAL		CNPCMaker, CNPC_VHumanCombatant, CNPC_VPedestrian, CNPC_VRat, CNPC_VVampire		
schedule	SCHED_TROIKA_IDLE_STAND		CNPCMaker, CNPC_VHumanCombatant, CNPC_VPedestrian, CNPC_VRat, CNPC_VVampire		
schedule	SCHED_TROIKA_IGNORE_FAILURE		CNPCMaker, CNPC_VHumanCombatant, CNPC_VPedestrian, CNPC_VRat, CNPC_VVampire		
schedule	SCHED_TROIKA_IGNORE_SOUNDS_FOR_A_WHILE		CNPCMaker, CNPC_VHumanCombatant, CNPC_VPedestrian, CNPC_VRat, CNPC_VVampire		
schedule	SCHED_TROIKA_INTERACT		CNPCMaker, CNPC_VHumanCombatant, CNPC_VPedestrian, CNPC_VRat, CNPC_VVampire		
schedule	SCHED_TROIKA_INVESTIGATE_NODE		CNPCMaker, CNPC_VHumanCombatant, CNPC_VPedestrian, CNPC_VRat, CNPC_VVampire		
schedule	SCHED_TROIKA_INVESTIGATE_NODE_HUNT		CNPCMaker, CNPC_VHumanCombatant, CNPC_VPedestrian, CNPC_VRat, CNPC_VVampire		
schedule	SCHED_TROIKA_INVESTIGATE_NODE_WALK		CNPCMaker, CNPC_VHumanCombatant, CNPC_VPedestrian, CNPC_VRat, CNPC_VVampire		
schedule	SCHED_TROIKA_INVESTIGATE_OTHER_SOUND		CNPCMaker, CNPC_VHumanCombatant, CNPC_VPedestrian, CNPC_VRat, CNPC_VVampire		
schedule	SCHED_TROIKA_INVESTIGATE_SOUND		CNPCMaker, CNPC_VHumanCombatant, CNPC_VPedestrian, CNPC_VRat, CNPC_VVampire		
schedule	SCHED_TROIKA_INVESTIGATE_SOUND_FLINCH		CNPCMaker, CNPC_VHumanCombatant, CNPC_VPedestrian, CNPC_VRat, CNPC_VVampire		
schedule	SCHED_TROIKA_INVESTIGATE_SOUND_FLINCH_NO		CNPCMaker, CNPC_VHumanCombatant, CNPC_VPedestrian, CNPC_VRat, CNPC_VVampire		
schedule	SCHED_TROIKA_INVESTIGATE_SOUND_NO		CNPCMaker, CNPC_VHumanCombatant, CNPC_VPedestrian, CNPC_VRat, CNPC_VVampire		
schedule	SCHED_TROIKA_INVESTIGATE_UNKNOWN		CNPCMaker, CNPC_VHumanCombatant, CNPC_VPedestrian, CNPC_VRat, CNPC_VVampire		
schedule	SCHED_TROIKA_INVESTIGATE_UNKNOWN_ATTACK		CNPCMaker, CNPC_VHumanCombatant, CNPC_VPedestrian, CNPC_VRat, CNPC_VVampire		
schedule	SCHED_TROIKA_INVESTIGATE_UNKNOWN_IGNORE		CNPCMaker, CNPC_VHumanCombatant, CNPC_VPedestrian, CNPC_VRat, CNPC_VVampire		
schedule	SCHED_TROIKA_INVESTIGATE_UNKNOWN_LOST		CNPCMaker, CNPC_VHumanCombatant, CNPC_VPedestrian, CNPC_VRat, CNPC_VVampire		
schedule	SCHED_TROIKA_INVESTIGATE_UNKNOWN_LOST_RUN		CNPCMaker, CNPC_VHumanCombatant, CNPC_VPedestrian, CNPC_VRat, CNPC_VVampire		
schedule	SCHED_TROIKA_INVESTIGATE_UNKNOWN_OTHER		CNPCMaker, CNPC_VHumanCombatant, CNPC_VPedestrian, CNPC_VRat, CNPC_VVampire		
schedule	SCHED_TROIKA_INVESTIGATE_UNKNOWN_OTHER_IGNORE		CNPCMaker, CNPC_VHumanCombatant, CNPC_VPedestrian, CNPC_VRat, CNPC_VVampire		
schedule	SCHED_TROIKA_INVESTIGATE_UNKNOWN_OTHER_RUN		CNPCMaker, CNPC_VHumanCombatant, CNPC_VPedestrian, CNPC_VRat, CNPC_VVampire		
schedule	SCHED_TROIKA_INVESTIGATE_UNKNOWN_QUICK		CNPCMaker, CNPC_VHumanCombatant, CNPC_VPedestrian, CNPC_VRat, CNPC_VVampire		
schedule	SCHED_TROIKA_INVESTIGATE_UNKNOWN_RETURN		CNPCMaker, CNPC_VHumanCombatant, CNPC_VPedestrian, CNPC_VRat, CNPC_VVampire		
schedule	SCHED_TROIKA_INVESTIGATE_UNKNOWN_RETURN_GIVEUP		CNPCMaker, CNPC_VHumanCombatant, CNPC_VPedestrian, CNPC_VRat, CNPC_VVampire		
schedule	SCHED_TROIKA_KICK_PROP_AT_ENEMY		CNPCMaker, CNPC_VHumanCombatant, CNPC_VPedestrian, CNPC_VRat, CNPC_VVampire		
schedule	SCHED_TROIKA_KNOCKBACK		CNPCMaker, CNPC_VHumanCombatant, CNPC_VPedestrian, CNPC_VRat, CNPC_VVampire		
schedule	SCHED_TROIKA_KNOCKOUT		CNPCMaker, CNPC_VHumanCombatant, CNPC_VPedestrian, CNPC_VRat, CNPC_VVampire		
schedule	SCHED_TROIKA_LAUGHING		CNPCMaker, CNPC_VHumanCombatant, CNPC_VPedestrian, CNPC_VRat, CNPC_VVampire		
schedule	SCHED_TROIKA_LOITER		CNPCMaker, CNPC_VHumanCombatant, CNPC_VPedestrian, CNPC_VRat, CNPC_VVampire		
schedule	SCHED_TROIKA_LOST		CNPCMaker, CNPC_VHumanCombatant, CNPC_VPedestrian, CNPC_VRat, CNPC_VVampire		
schedule	SCHED_TROIKA_MELEE_ADVANCE		CNPCMaker, CNPC_VHumanCombatant, CNPC_VPedestrian, CNPC_VRat, CNPC_VVampire		
schedule	SCHED_TROIKA_MELEE_ADVANCE_FRENZY		CNPCMaker, CNPC_VHumanCombatant, CNPC_VPedestrian, CNPC_VRat, CNPC_VVampire		
schedule	SCHED_TROIKA_MELEE_ADVANCE_NR		CNPCMaker, CNPC_VHumanCombatant, CNPC_VPedestrian, CNPC_VRat, CNPC_VVampire		
schedule	SCHED_TROIKA_MELEE_ADVANCE_NR_LKP		CNPCMaker, CNPC_VHumanCombatant, CNPC_VPedestrian, CNPC_VRat, CNPC_VVampire		
schedule	SCHED_TROIKA_MELEE_ADVANCE_NR_LKP_EXTRAPOLATE		CNPCMaker, CNPC_VHumanCombatant, CNPC_VPedestrian, CNPC_VRat, CNPC_VVampire		
schedule	SCHED_TROIKA_MELEE_ADVANCE_NR_LKP_FAILED		CNPCMaker, CNPC_VHumanCombatant, CNPC_VPedestrian, CNPC_VRat, CNPC_VVampire		
schedule	SCHED_TROIKA_MELEE_ADVANCE_NR_LKP_NOSEE		CNPCMaker, CNPC_VHumanCombatant, CNPC_VPedestrian, CNPC_VRat, CNPC_VVampire		
schedule	SCHED_TROIKA_MELEE_ADVANCE_SLOW		CNPCMaker, CNPC_VHumanCombatant, CNPC_VPedestrian, CNPC_VRat, CNPC_VVampire		
schedule	SCHED_TROIKA_MELEE_ADVANCE_SLOW_NR		CNPCMaker, CNPC_VHumanCombatant, CNPC_VPedestrian, CNPC_VRat, CNPC_VVampire		
schedule	SCHED_TROIKA_MELEE_ATTACK1		CNPCMaker, CNPC_VHumanCombatant, CNPC_VPedestrian, CNPC_VRat, CNPC_VVampire		
schedule	SCHED_TROIKA_MELEE_ATTACK1_NR		CNPCMaker, CNPC_VHumanCombatant, CNPC_VPedestrian, CNPC_VRat, CNPC_VVampire		
schedule	SCHED_TROIKA_MELEE_ATTACK1_SWING		CNPCMaker, CNPC_VHumanCombatant, CNPC_VPedestrian, CNPC_VRat, CNPC_VVampire		
schedule	SCHED_TROIKA_MELEE_ATTACK2		CNPCMaker, CNPC_VHumanCombatant, CNPC_VPedestrian, CNPC_VRat, CNPC_VVampire		
schedule	SCHED_TROIKA_MELEE_BLOCK		CNPCMaker, CNPC_VHumanCombatant, CNPC_VPedestrian, CNPC_VRat, CNPC_VVampire		
schedule	SCHED_TROIKA_MELEE_BLOCK_HEAVY		CNPCMaker, CNPC_VHumanCombatant, CNPC_VPedestrian, CNPC_VRat, CNPC_VVampire		
schedule	SCHED_TROIKA_MELEE_CIRCLE_ADVANCE		CNPCMaker, CNPC_VHumanCombatant, CNPC_VPedestrian, CNPC_VRat, CNPC_VVampire		
schedule	SCHED_TROIKA_MELEE_CIRCLE_ADVANCE_NR		CNPCMaker, CNPC_VHumanCombatant, CNPC_VPedestrian, CNPC_VRat, CNPC_VVampire		
schedule	SCHED_TROIKA_MELEE_DODGE		CNPCMaker, CNPC_VHumanCombatant, CNPC_VPedestrian, CNPC_VRat, CNPC_VVampire		
schedule	SCHED_TROIKA_MELEE_FEINT1		CNPCMaker, CNPC_VHumanCombatant, CNPC_VPedestrian, CNPC_VRat, CNPC_VVampire		
schedule	SCHED_TROIKA_MELEE_FEINT2		CNPCMaker, CNPC_VHumanCombatant, CNPC_VPedestrian, CNPC_VRat, CNPC_VVampire		
schedule	SCHED_TROIKA_MELEE_IDLE		CNPCMaker, CNPC_VHumanCombatant, CNPC_VPedestrian, CNPC_VRat, CNPC_VVampire		
schedule	SCHED_TROIKA_MELEE_IDLE_FRENZY		CNPCMaker, CNPC_VHumanCombatant, CNPC_VPedestrian, CNPC_VRat, CNPC_VVampire		
schedule	SCHED_TROIKA_MELEE_IDLE_STAND_STILL		CNPCMaker, CNPC_VHumanCombatant, CNPC_VPedestrian, CNPC_VRat, CNPC_VVampire		
schedule	SCHED_TROIKA_MELEE_KICK		CNPCMaker, CNPC_VHumanCombatant, CNPC_VPedestrian, CNPC_VRat, CNPC_VVampire		
schedule	SCHED_TROIKA_MELEE_PREBLOCK		CNPCMaker, CNPC_VHumanCombatant, CNPC_VPedestrian, CNPC_VRat, CNPC_VVampire		
schedule	SCHED_TROIKA_MELEE_RETREAT		CNPCMaker, CNPC_VHumanCombatant, CNPC_VPedestrian, CNPC_VRat, CNPC_VVampire		
schedule	SCHED_TROIKA_MELEE_STEPBACK		CNPCMaker, CNPC_VHumanCombatant, CNPC_VPedestrian, CNPC_VRat, CNPC_VVampire		
schedule	SCHED_TROIKA_MELEE_WAIT_FOR_RANGED		CNPCMaker, CNPC_VHumanCombatant, CNPC_VPedestrian, CNPC_VRat, CNPC_VVampire		
schedule	SCHED_TROIKA_MESMERIZED		CNPCMaker, CNPC_VHumanCombatant, CNPC_VPedestrian, CNPC_VRat, CNPC_VVampire		
schedule	SCHED_TROIKA_MOVE_FOR_CLEAR_SHOT		CNPCMaker, CNPC_VHumanCombatant, CNPC_VPedestrian, CNPC_VRat, CNPC_VVampire		
schedule	SCHED_TROIKA_MOVE_FOR_CLEAR_SHOT_NOEX		CNPCMaker, CNPC_VHumanCombatant, CNPC_VPedestrian, CNPC_VRat, CNPC_VVampire		
schedule	SCHED_TROIKA_ONFIRE		CNPCMaker, CNPC_VHumanCombatant, CNPC_VPedestrian, CNPC_VRat, CNPC_VVampire		
schedule	SCHED_TROIKA_PARTIAL_RESIST_ACTIVITY		CNPCMaker, CNPC_VHumanCombatant, CNPC_VPedestrian, CNPC_VRat, CNPC_VVampire		
schedule	SCHED_TROIKA_PLAYER_ON_HEAD_DIVE		CNPCMaker, CNPC_VHumanCombatant, CNPC_VPedestrian, CNPC_VRat, CNPC_VVampire		
schedule	SCHED_TROIKA_PLAYER_ON_HEAD_DIVE_FORWARD		CNPCMaker, CNPC_VHumanCombatant, CNPC_VPedestrian, CNPC_VRat, CNPC_VVampire		
schedule	SCHED_TROIKA_PLAYER_ON_HEAD_RUN		CNPCMaker, CNPC_VHumanCombatant, CNPC_VPedestrian, CNPC_VRat, CNPC_VVampire		
schedule	SCHED_TROIKA_RANGE_ATTACK1		CNPCMaker, CNPC_VHumanCombatant, CNPC_VPedestrian, CNPC_VRat, CNPC_VVampire		
schedule	SCHED_TROIKA_RANGE_ATTACK1_SHOOT_AT_HINT		CNPCMaker, CNPC_VHumanCombatant, CNPC_VPedestrian, CNPC_VRat, CNPC_VVampire		
schedule	SCHED_TROIKA_RANGE_ATTACK2		CNPCMaker, CNPC_VHumanCombatant, CNPC_VPedestrian, CNPC_VRat, CNPC_VVampire		
schedule	SCHED_TROIKA_RUN_AWAY_FROM_ENEMY		CNPCMaker, CNPC_VHumanCombatant, CNPC_VPedestrian, CNPC_VRat, CNPC_VVampire		
schedule	SCHED_TROIKA_RUN_DIALOG		CNPCMaker, CNPC_VHumanCombatant, CNPC_VPedestrian, CNPC_VRat, CNPC_VVampire		
schedule	SCHED_TROIKA_RUN_TO_SAVED		CNPCMaker, CNPC_VHumanCombatant, CNPC_VPedestrian, CNPC_VRat, CNPC_VVampire		
schedule	SCHED_TROIKA_SCRIPTED_CUSTOM_MOVE		CNPCMaker, CNPC_VHumanCombatant, CNPC_VPedestrian, CNPC_VRat, CNPC_VVampire		
schedule	SCHED_TROIKA_SCRIPTED_CUSTOM_MOVE_FAILED		CNPCMaker, CNPC_VHumanCombatant, CNPC_VPedestrian, CNPC_VRat, CNPC_VVampire		
schedule	SCHED_TROIKA_SCRIPTED_FACE		CNPCMaker, CNPC_VHumanCombatant, CNPC_VPedestrian, CNPC_VRat, CNPC_VVampire		
schedule	SCHED_TROIKA_SCRIPTED_RUN		CNPCMaker, CNPC_VHumanCombatant, CNPC_VPedestrian, CNPC_VRat, CNPC_VVampire		
schedule	SCHED_TROIKA_SCRIPTED_RUN_FAILED		CNPCMaker, CNPC_VHumanCombatant, CNPC_VPedestrian, CNPC_VRat, CNPC_VVampire		
schedule	SCHED_TROIKA_SCRIPTED_WAIT		CNPCMaker, CNPC_VHumanCombatant, CNPC_VPedestrian, CNPC_VRat, CNPC_VVampire		
schedule	SCHED_TROIKA_SCRIPTED_WALK		CNPCMaker, CNPC_VHumanCombatant, CNPC_VPedestrian, CNPC_VRat, CNPC_VVampire		
schedule	SCHED_TROIKA_SCRIPTED_WALK_FAILED		CNPCMaker, CNPC_VHumanCombatant, CNPC_VPedestrian, CNPC_VRat, CNPC_VVampire		
schedule	SCHED_TROIKA_SHOT_BY_UNKNOWN		CNPCMaker, CNPC_VHumanCombatant, CNPC_VPedestrian, CNPC_VRat, CNPC_VVampire		
schedule	SCHED_TROIKA_STANDOFF		CNPCMaker, CNPC_VHumanCombatant, CNPC_VPedestrian, CNPC_VRat, CNPC_VVampire		
schedule	SCHED_TROIKA_STARTLED		CNPCMaker, CNPC_VHumanCombatant, CNPC_VPedestrian, CNPC_VRat, CNPC_VVampire		
schedule	SCHED_TROIKA_START_COMBAT		CNPCMaker, CNPC_VHumanCombatant, CNPC_VPedestrian, CNPC_VRat, CNPC_VVampire		
schedule	SCHED_TROIKA_START_COMBAT_SQUAD		CNPCMaker, CNPC_VHumanCombatant, CNPC_VPedestrian, CNPC_VRat, CNPC_VVampire		
schedule	SCHED_TROIKA_START_PLAYER_DIALOG		CNPCMaker, CNPC_VHumanCombatant, CNPC_VPedestrian, CNPC_VRat, CNPC_VVampire		
schedule	SCHED_TROIKA_START_PLAYER_DIALOG_REMOTE		CNPCMaker, CNPC_VHumanCombatant, CNPC_VPedestrian, CNPC_VRat, CNPC_VVampire		
schedule	SCHED_TROIKA_START_WAITING		CNPCMaker, CNPC_VHumanCombatant, CNPC_VPedestrian, CNPC_VRat, CNPC_VVampire		
schedule	SCHED_TROIKA_STEP_BACK_RANGE_ATTACK1		CNPCMaker, CNPC_VHumanCombatant, CNPC_VPedestrian, CNPC_VRat, CNPC_VVampire		
schedule	SCHED_TROIKA_SWAT_INSECTS		CNPCMaker, CNPC_VHumanCombatant, CNPC_VPedestrian, CNPC_VRat, CNPC_VVampire		
schedule	SCHED_TROIKA_SWITCH_TO_MELEE		CNPCMaker, CNPC_VHumanCombatant, CNPC_VPedestrian, CNPC_VRat, CNPC_VVampire		
schedule	SCHED_TROIKA_SWITCH_TO_RANGED		CNPCMaker, CNPC_VHumanCombatant, CNPC_VPedestrian, CNPC_VRat, CNPC_VVampire		
schedule	SCHED_TROIKA_TAKE_COVER_GIVE_UP		CNPCMaker, CNPC_VHumanCombatant, CNPC_VPedestrian, CNPC_VRat, CNPC_VVampire		
schedule	SCHED_TROIKA_TAKE_COVER_HINT		CNPCMaker, CNPC_VHumanCombatant, CNPC_VPedestrian, CNPC_VRat, CNPC_VVampire		
schedule	SCHED_TROIKA_TAKE_COVER_HINT_ATTACK		CNPCMaker, CNPC_VHumanCombatant, CNPC_VPedestrian, CNPC_VRat, CNPC_VVampire		
schedule	SCHED_TROIKA_TAKE_COVER_HINT_DOOR		CNPCMaker, CNPC_VHumanCombatant, CNPC_VPedestrian, CNPC_VRat, CNPC_VVampire		
schedule	SCHED_TROIKA_TAKE_COVER_HINT_SHOOT_AT_HINT		CNPCMaker, CNPC_VHumanCombatant, CNPC_VPedestrian, CNPC_VRat, CNPC_VVampire		
schedule	SCHED_TROIKA_TAKE_COVER_HINT_VS_MELEE		CNPCMaker, CNPC_VHumanCombatant, CNPC_VPedestrian, CNPC_VRat, CNPC_VVampire		
schedule	SCHED_TROIKA_TAKE_COVER_HINT_VS_MELEE_ATK		CNPCMaker, CNPC_VHumanCombatant, CNPC_VPedestrian, CNPC_VRat, CNPC_VVampire		
schedule	SCHED_TROIKA_TAKE_COVER_HINT_VS_MELEE_RET		CNPCMaker, CNPC_VHumanCombatant, CNPC_VPedestrian, CNPC_VRat, CNPC_VVampire		
schedule	SCHED_TROIKA_TAKE_COVER_NO_AMMO		CNPCMaker, CNPC_VHumanCombatant, CNPC_VPedestrian, CNPC_VRat, CNPC_VVampire		
schedule	SCHED_TROIKA_TAKE_COVER_NO_AMMO_WAIT		CNPCMaker, CNPC_VHumanCombatant, CNPC_VPedestrian, CNPC_VRat, CNPC_VVampire		
schedule	SCHED_TROIKA_TAKE_COVER_PEEK_OUT		CNPCMaker, CNPC_VHumanCombatant, CNPC_VPedestrian, CNPC_VRat, CNPC_VVampire		
schedule	SCHED_TROIKA_TAKE_COVER_PEEK_OUT_FIRE		CNPCMaker, CNPC_VHumanCombatant, CNPC_VPedestrian, CNPC_VRat, CNPC_VVampire		
schedule	SCHED_TROIKA_TAKE_COVER_PEEK_OUT_RETURN		CNPCMaker, CNPC_VHumanCombatant, CNPC_VPedestrian, CNPC_VRat, CNPC_VVampire		
schedule	SCHED_TROIKA_TAKE_COVER_PEEK_OUT_WAIT		CNPCMaker, CNPC_VHumanCombatant, CNPC_VPedestrian, CNPC_VRat, CNPC_VVampire		
schedule	SCHED_TROIKA_TAKE_COVER_PEEK_OUT_WAIT_DOOR		CNPCMaker, CNPC_VHumanCombatant, CNPC_VPedestrian, CNPC_VRat, CNPC_VVampire		
schedule	SCHED_TROIKA_WAIT_AT_CROSSWALK		CNPCMaker, CNPC_VHumanCombatant, CNPC_VPedestrian, CNPC_VRat, CNPC_VVampire		
schedule	SCHED_TROIKA_WAIT_FOR_CLEAR_SHOT		CNPCMaker, CNPC_VHumanCombatant, CNPC_VPedestrian, CNPC_VRat, CNPC_VVampire		
schedule	SCHED_TROIKA_WAIT_FOR_CLEAR_SHOT_NOEX		CNPCMaker, CNPC_VHumanCombatant, CNPC_VPedestrian, CNPC_VRat, CNPC_VVampire		
schedule	SCHED_TROIKA_WAIT_FOR_MELEE		CNPCMaker, CNPC_VHumanCombatant, CNPC_VPedestrian, CNPC_VRat, CNPC_VVampire		
schedule	SCHED_TROIKA_WAIT_FOR_MELEE_ADVANCE		CNPCMaker, CNPC_VHumanCombatant, CNPC_VPedestrian, CNPC_VRat, CNPC_VVampire		
schedule	SCHED_TROIKA_WAIT_FOR_MELEE_CHEER		CNPCMaker, CNPC_VHumanCombatant, CNPC_VPedestrian, CNPC_VRat, CNPC_VVampire		
schedule	SCHED_TROIKA_WAIT_FOR_MELEE_CHEER_ND		CNPCMaker, CNPC_VHumanCombatant, CNPC_VPedestrian, CNPC_VRat, CNPC_VVampire		
schedule	SCHED_TROIKA_WAIT_FOR_OCCLUDED_ENEMY		CNPCMaker, CNPC_VHumanCombatant, CNPC_VPedestrian, CNPC_VRat, CNPC_VVampire		
schedule	SCHED_TROIKA_WAIT_FOR_OCCLUDED_ENEMY_LOOK		CNPCMaker, CNPC_VHumanCombatant, CNPC_VPedestrian, CNPC_VRat, CNPC_VVampire		
schedule	SCHED_TROIKA_WAIT_FOR_OCCLUDED_ENEMY_LOOK_DONE		CNPCMaker, CNPC_VHumanCombatant, CNPC_VPedestrian, CNPC_VRat, CNPC_VVampire		
schedule	SCHED_TROIKA_WAIT_FOR_OCCLUDED_ENEMY_LOOK_SQUAD		CNPCMaker, CNPC_VHumanCombatant, CNPC_VPedestrian, CNPC_VRat, CNPC_VVampire		
schedule	SCHED_TROIKA_WAIT_FOR_OCCLUDED_ENEMY_SQUAD		CNPCMaker, CNPC_VHumanCombatant, CNPC_VPedestrian, CNPC_VRat, CNPC_VVampire		
schedule	SCHED_TROIKA_WALK_TO_INTERESTING_PLACE		CNPCMaker, CNPC_VHumanCombatant, CNPC_VPedestrian, CNPC_VRat, CNPC_VVampire		
schedule	SCHED_TROIKA_WALK_TO_INTERESTING_PLACE_FAILED		CNPCMaker, CNPC_VHumanCombatant, CNPC_VPedestrian, CNPC_VRat, CNPC_VVampire		
schedule	SCHED_TROIKA_WALK_TO_INTERESTING_PLACE_SETUP		CNPCMaker, CNPC_VHumanCombatant, CNPC_VPedestrian, CNPC_VRat, CNPC_VVampire		
schedule	SCHED_VANIMAL_DO_INTEREST_ACTIVITY		CNPC_VRat		
schedule	SCHED_VANIMAL_FLEE		CNPC_VRat		
schedule	SCHED_VANIMAL_INTERACT		CNPC_VRat		
schedule	SCHED_VANIMAL_LOITER		CNPC_VRat		
schedule	SCHED_VANIMAL_STARTLED		CNPC_VRat		
schedule	SCHED_VANIMAL_WAIT_AT_CROSSWALK		CNPC_VRat		
schedule	SCHED_VANIMAL_WALK_TO_INTERESTING_PLACE		CNPC_VRat		
schedule	SCHED_VANIMAL_WALK_TO_INTERESTING_PLACE_SETUP		CNPC_VRat		
schedule	SCHED_VHUMAN_COMBATANT_DUMMY		CNPC_VHumanCombatant		
schedule	SCHED_VHUMAN_DUMMY		CNPC_VHumanCombatant, CNPC_VPedestrian, CNPC_VVampire		
schedule	SCHED_VPEDESTRIAN_ATTACKER_FAILED_SNEAK_ATTACK		CNPC_VPedestrian		
schedule	SCHED_VPEDESTRIAN_TURN_TO_SOUND		CNPC_VPedestrian		
schedule	SCHED_VPEDESTRIAN_WAIT_HEARD_SOUND		CNPC_VPedestrian		
schedule	SCHED_VPEDESTRIAN_WATCH		CNPC_VPedestrian		
schedule	SCHED_VSCURRYING_DO_INTEREST_ACTIVITY		CNPC_VRat		
schedule	SCHED_VSCURRYING_EVADE		CNPC_VRat		
schedule	SCHED_VSCURRYING_EVADE_FAILED		CNPC_VRat		
schedule	SCHED_VSCURRYING_LOITER		CNPC_VRat		
schedule	SCHED_VSCURRYING_WALK_TO_INTERESTING_PLACE		CNPC_VRat		
schedule	SCHED_VSCURRYING_WALK_TO_INTERESTING_PLACE_SETUP		CNPC_VRat		
schedule	SCHED_VTROIKA_TURN_TO_SOUND		CNPCMaker, CNPC_VHumanCombatant, CNPC_VPedestrian, CNPC_VRat, CNPC_VVampire		
schedule	SCHED_VTROIKA_WAIT_HEARD_SOUND		CNPCMaker, CNPC_VHumanCombatant, CNPC_VPedestrian, CNPC_VRat, CNPC_VVampire		
schedule	SCHED_VVAMPIRE_IDLE_STAND		CNPC_VVampire		
schedule	SCRIPTED_CUSTOM_MOVE		CCineNPC, CNPCMaker, CNPC_VHumanCombatant, CNPC_VPedestrian, CNPC_VRat, CNPC_VVampire		
schedule	SCRIPTED_FACE		CCineNPC, CNPCMaker, CNPC_VHumanCombatant, CNPC_VPedestrian, CNPC_VRat, CNPC_VVampire		
schedule	SCRIPTED_RUN		CCineNPC, CNPCMaker, CNPC_VHumanCombatant, CNPC_VPedestrian, CNPC_VRat, CNPC_VVampire		
schedule	SCRIPTED_WAIT		CCineNPC, CNPCMaker, CNPC_VHumanCombatant, CNPC_VPedestrian, CNPC_VRat, CNPC_VVampire		
schedule	SCRIPTED_WALK		CCineNPC, CNPCMaker, CNPC_VHumanCombatant, CNPC_VPedestrian, CNPC_VRat, CNPC_VVampire		
schedule	SMALL_FLINCH		CCineNPC, CNPCMaker, CNPC_VHumanCombatant, CNPC_VPedestrian, CNPC_VRat, CNPC_VVampire		
schedule	SPECIAL_ATTACK1		CCineNPC, CNPCMaker, CNPC_VHumanCombatant, CNPC_VPedestrian, CNPC_VRat, CNPC_VVampire		
schedule	SPECIAL_ATTACK2		CCineNPC, CNPCMaker, CNPC_VHumanCombatant, CNPC_VPedestrian, CNPC_VRat, CNPC_VVampire		
schedule	STANDOFF		CCineNPC, CNPCMaker, CNPC_VHumanCombatant, CNPC_VPedestrian, CNPC_VRat, CNPC_VVampire		
schedule	TAKE_COVER_FROM_BEST_SOUND		CCineNPC, CNPCMaker, CNPC_VHumanCombatant, CNPC_VPedestrian, CNPC_VRat, CNPC_VVampire		
schedule	TAKE_COVER_FROM_ENEMY		CCineNPC, CNPCMaker, CNPC_VHumanCombatant, CNPC_VPedestrian, CNPC_VRat, CNPC_VVampire		
schedule	TAKE_COVER_FROM_ORIGIN		CCineNPC, CNPCMaker, CNPC_VHumanCombatant, CNPC_VPedestrian, CNPC_VRat, CNPC_VVampire		
schedule	VICTORY_DANCE		CCineNPC, CNPCMaker, CNPC_VHumanCombatant, CNPC_VPedestrian, CNPC_VRat, CNPC_VVampire		
schedule	WAIT_FOR_SCRIPT		CCineNPC, CNPCMaker, CNPC_VHumanCombatant, CNPC_VPedestrian, CNPC_VRat, CNPC_VVampire		
schedule	WAKE_ANGRY		CCineNPC, CNPCMaker, CNPC_VHumanCombatant, CNPC_VPedestrian, CNPC_VRat, CNPC_VVampire		
task	TASK_ACTIVITY_COPY_PROP_CLEAR		CNPCMaker, CNPC_VHumanCombatant, CNPC_VPedestrian, CNPC_VRat, CNPC_VVampire	armed	4
task	TASK_ACTIVITY_COPY_PROP_FADEOUT		CNPCMaker, CNPC_VHumanCombatant, CNPC_VPedestrian, CNPC_VRat, CNPC_VVampire	armed	3
task	TASK_ACTIVITY_COPY_PROP_FORWARD		CNPCMaker, CNPC_VHumanCombatant, CNPC_VPedestrian, CNPC_VRat, CNPC_VVampire	armed	1
task	TASK_ACTIVITY_COPY_PROP_NIVBED_COLOR		CNPCMaker, CNPC_VHumanCombatant, CNPC_VPedestrian, CNPC_VRat, CNPC_VVampire	armed	1
task	TASK_ACTIVITY_COPY_PROP_SET_COUNT		CNPCMaker, CNPC_VHumanCombatant, CNPC_VPedestrian, CNPC_VRat, CNPC_VVampire	armed	1
task	TASK_ACTIVITY_COPY_PROP_SET_RANDOM		CNPCMaker, CNPC_VHumanCombatant, CNPC_VPedestrian, CNPC_VRat, CNPC_VVampire	armed	2
task	TASK_ACTIVITY_COPY_PROP_SPAWN		CNPCMaker, CNPC_VHumanCombatant, CNPC_VPedestrian, CNPC_VRat, CNPC_VVampire	armed	4
task	TASK_ADD_EVENT_EXPRESSION		CNPCMaker, CNPC_VHumanCombatant, CNPC_VPedestrian, CNPC_VRat, CNPC_VVampire	armed	8
task	TASK_ADD_RANDOM_INTERRUPT_TIME		CNPCMaker, CNPC_VHumanCombatant, CNPC_VPedestrian, CNPC_VRat, CNPC_VVampire	armed	4
task	TASK_ADD_SPECIAL_DISTANCE_ACCUM		CNPCMaker, CNPC_VHumanCombatant, CNPC_VPedestrian, CNPC_VRat, CNPC_VVampire	armed	7
task	TASK_ADD_SPECIAL_DISTANCE_ACCUM_RND		CNPCMaker, CNPC_VHumanCombatant, CNPC_VPedestrian, CNPC_VRat, CNPC_VVampire	armed	5
task	TASK_ALERT_LOOK_AT_BEST_SOUND		CNPCMaker, CNPC_VHumanCombatant, CNPC_VPedestrian, CNPC_VRat, CNPC_VVampire	armed	3
task	TASK_ALERT_LOOK_AT_DETECTED_ATTACK		CNPCMaker, CNPC_VHumanCombatant, CNPC_VPedestrian, CNPC_VRat, CNPC_VVampire	armed	1
task	TASK_ALERT_LOOK_AT_RANDOM_LOC		CNPCMaker, CNPC_VHumanCombatant, CNPC_VPedestrian, CNPC_VRat, CNPC_VVampire	armed	1
task	TASK_ALERT_LOOK_AT_UNKNOWN_ATTACKER		CNPCMaker, CNPC_VHumanCombatant, CNPC_VPedestrian, CNPC_VRat, CNPC_VVampire	armed	1
task	TASK_ANNOUNCE_ATTACK		CCineNPC, CNPCMaker, CNPC_VHumanCombatant, CNPC_VPedestrian, CNPC_VRat, CNPC_VVampire	armed	18
task	TASK_ATTEMPT_DIVE		CNPCMaker, CNPC_VHumanCombatant, CNPC_VPedestrian, CNPC_VRat, CNPC_VVampire	armed	3
task	TASK_ATTEMPT_DIVE_FORWARD		CNPCMaker, CNPC_VHumanCombatant, CNPC_VPedestrian, CNPC_VRat, CNPC_VVampire	armed	1
task	TASK_ATTEMPT_DIVE_SIDE		CNPCMaker, CNPC_VHumanCombatant, CNPC_VPedestrian, CNPC_VRat, CNPC_VVampire	armed	1
task	TASK_BURN_MODEL		CNPCMaker, CNPC_VHumanCombatant, CNPC_VPedestrian, CNPC_VRat, CNPC_VVampire	armed	1
task	TASK_CHOOSE_BEST_MELEE_WEAPON		CNPCMaker, CNPC_VHumanCombatant, CNPC_VPedestrian, CNPC_VRat, CNPC_VVampire	armed	3
task	TASK_CHOOSE_BEST_RANGED_WEAPON		CNPCMaker, CNPC_VHumanCombatant, CNPC_VPedestrian, CNPC_VRat, CNPC_VVampire	armed	1
task	TASK_CIRCLE_ENEMY		CNPCMaker, CNPC_VHumanCombatant, CNPC_VPedestrian, CNPC_VRat, CNPC_VVampire	armed	4
task	TASK_CIRCLE_ENEMY_FULLCYCLE		CNPCMaker, CNPC_VHumanCombatant, CNPC_VPedestrian, CNPC_VRat, CNPC_VVampire	armed	3
task	TASK_CLEAR_HATRED		CNPCMaker, CNPC_VHumanCombatant, CNPC_VPedestrian, CNPC_VRat, CNPC_VVampire	armed	1
task	TASK_CLEAR_LASTPOSITION		CCineNPC, CNPCMaker, CNPC_VHumanCombatant, CNPC_VPedestrian, CNPC_VRat, CNPC_VVampire	armed	5
task	TASK_CLEAR_NPC_FLAG		CNPCMaker, CNPC_VHumanCombatant, CNPC_VPedestrian, CNPC_VRat, CNPC_VVampire	armed	34
task	TASK_COMBATMOVE_PATH		CNPCMaker, CNPC_VHumanCombatant, CNPC_VPedestrian, CNPC_VRat, CNPC_VVampire	armed	2
task	TASK_DIE		CCineNPC, CNPCMaker, CNPC_VHumanCombatant, CNPC_VPedestrian, CNPC_VRat, CNPC_VVampire	armed	1
task	TASK_DIE_DUE_TO_PLAYER		CNPCMaker, CNPC_VHumanCombatant, CNPC_VPedestrian, CNPC_VRat, CNPC_VVampire	armed	6
task	TASK_DIE_EXPLODE_GIB		CNPCMaker, CNPC_VHumanCombatant, CNPC_VPedestrian, CNPC_VRat, CNPC_VVampire	armed	1
task	TASK_DIE_GIB		CNPCMaker, CNPC_VHumanCombatant, CNPC_VPedestrian, CNPC_VRat, CNPC_VVampire	armed	1
task	TASK_DIE_IF_PLAYER_CANT_SEE		CNPCMaker, CNPC_VHumanCombatant, CNPC_VPedestrian, CNPC_VRat, CNPC_VVampire	armed	1
task	TASK_DIE_IMMEDIATE		CNPCMaker, CNPC_VHumanCombatant, CNPC_VPedestrian, CNPC_VRat, CNPC_VVampire	armed	1
task	TASK_DISCONNECT_FROM_SQUAD		CNPCMaker, CNPC_VHumanCombatant, CNPC_VPedestrian, CNPC_VRat, CNPC_VVampire	armed	2
task	TASK_DO_BLEND_ACTIVITY		CNPCMaker, CNPC_VHumanCombatant, CNPC_VPedestrian, CNPC_VRat, CNPC_VVampire	armed	3
task	TASK_DO_BLEND_LOOP_ACTIVITY		CNPCMaker, CNPC_VHumanCombatant, CNPC_VPedestrian, CNPC_VRat, CNPC_VVampire	armed	4
task	TASK_DO_COMFORT_LOOP		CNPCMaker, CNPC_VHumanCombatant, CNPC_VPedestrian, CNPC_VRat, CNPC_VVampire	armed	1
task	TASK_DO_DAMAGE		CNPCMaker, CNPC_VHumanCombatant, CNPC_VPedestrian, CNPC_VRat, CNPC_VVampire	armed	1
task	TASK_DO_INTERACT_ACTIVITY		CNPCMaker, CNPC_VHumanCombatant, CNPC_VPedestrian, CNPC_VRat, CNPC_VVampire	armed	2
task	TASK_DO_INTEREST_ACTIVITY		CNPCMaker, CNPC_VHumanCombatant, CNPC_VPedestrian, CNPC_VRat, CNPC_VVampire	armed	3
task	TASK_DO_INTEREST_DEATH_ACTIVITY		CNPCMaker, CNPC_VHumanCombatant, CNPC_VPedestrian, CNPC_VRat, CNPC_VVampire	armed	1
task	TASK_DO_JUMP_ACTIVITY		CNPCMaker, CNPC_VHumanCombatant, CNPC_VPedestrian, CNPC_VRat, CNPC_VVampire	armed	1
task	TASK_DO_LOITER_ACTIVITY		CNPCMaker, CNPC_VHumanCombatant, CNPC_VPedestrian, CNPC_VRat, CNPC_VVampire	armed	2
task	TASK_DO_LOOP_ACTIVITY		CNPCMaker, CNPC_VHumanCombatant, CNPC_VPedestrian, CNPC_VRat, CNPC_VVampire	armed	17
task	TASK_DO_PATROL_INTEREST_ACTIVITY		CNPCMaker, CNPC_VHumanCombatant, CNPC_VPedestrian, CNPC_VRat, CNPC_VVampire	armed	6
task	TASK_DROP_ALL_WEAPONS		CNPCMaker, CNPC_VHumanCombatant, CNPC_VPedestrian, CNPC_VRat, CNPC_VVampire	armed	1
task	TASK_ENABLE_SCRIPT		CCineNPC, CNPCMaker, CNPC_VHumanCombatant, CNPC_VPedestrian, CNPC_VRat, CNPC_VVampire	armed	6
task	TASK_FACE_ENEMY		CCineNPC, CNPCMaker, CNPC_VHumanCombatant, CNPC_VPedestrian, CNPC_VRat, CNPC_VVampire	armed	36
task	TASK_FACE_HINTNODE		CNPCMaker, CNPC_VHumanCombatant, CNPC_VPedestrian, CNPC_VRat, CNPC_VVampire	armed	3
task	TASK_FACE_IDEAL		CCineNPC, CNPCMaker, CNPC_VHumanCombatant, CNPC_VPedestrian, CNPC_VRat, CNPC_VVampire	armed	9
task	TASK_FACE_INTEREST		CNPCMaker, CNPC_VHumanCombatant, CNPC_VPedestrian, CNPC_VRat, CNPC_VVampire	armed	1
task	TASK_FACE_LASTANGLE		CNPCMaker, CNPC_VHumanCombatant, CNPC_VPedestrian, CNPC_VRat, CNPC_VVampire	armed	6
task	TASK_FACE_NEXT_NODE		CNPCMaker, CNPC_VHumanCombatant, CNPC_VPedestrian, CNPC_VRat, CNPC_VVampire	armed	1
task	TASK_FACE_PATH		CNPCMaker, CNPC_VHumanCombatant, CNPC_VPedestrian, CNPC_VRat, CNPC_VVampire	armed	2
task	TASK_FACE_PATROL_INTEREST		CNPCMaker, CNPC_VHumanCombatant, CNPC_VPedestrian, CNPC_VRat, CNPC_VVampire	armed	6
task	TASK_FACE_PLAYER		CNPCMaker, CNPC_VHumanCombatant, CNPC_VPedestrian, CNPC_VRat, CNPC_VVampire	armed	2
task	TASK_FACE_SAVEPOSITION		CNPCMaker, CNPC_VHumanCombatant, CNPC_VPedestrian, CNPC_VRat, CNPC_VVampire	armed	4
task	TASK_FACE_SCRIPT		CCineNPC, CNPCMaker, CNPC_VHumanCombatant, CNPC_VPedestrian, CNPC_VRat, CNPC_VVampire	armed	8
task	TASK_FACE_TARGET		CCineNPC, CNPCMaker, CNPC_VHumanCombatant, CNPC_VPedestrian, CNPC_VRat, CNPC_VVampire	armed	5
task	TASK_FALL_TO_GROUND		CCineNPC, CNPCMaker, CNPC_VHumanCombatant, CNPC_VPedestrian, CNPC_VRat, CNPC_VVampire	armed	1
task	TASK_FIND_BACKAWAY_FROM_SAVEPOSITION		CCineNPC, CNPCMaker, CNPC_VHumanCombatant, CNPC_VPedestrian, CNPC_VRat, CNPC_VVampire	armed	6
task	TASK_FIND_COVER_FROM_BEST_SOUND		CCineNPC, CNPCMaker, CNPC_VHumanCombatant, CNPC_VPedestrian, CNPC_VRat, CNPC_VVampire	armed	1
task	TASK_FIND_COVER_FROM_ENEMY		CCineNPC, CNPCMaker, CNPC_VHumanCombatant, CNPC_VPedestrian, CNPC_VRat, CNPC_VVampire	armed	8
task	TASK_FIND_COVER_FROM_LASTENEMY_LKP		CNPCMaker, CNPC_VHumanCombatant, CNPC_VPedestrian, CNPC_VRat, CNPC_VVampire	armed	2
task	TASK_FIND_COVER_FROM_ORIGIN		CCineNPC, CNPCMaker, CNPC_VHumanCombatant, CNPC_VPedestrian, CNPC_VRat, CNPC_VVampire	armed	1
task	TASK_FIND_COVER_FROM_SAVEPOSITION		CNPCMaker, CNPC_VHumanCombatant, CNPC_VPedestrian, CNPC_VRat, CNPC_VVampire	armed	1
task	TASK_FIND_COVER_FROM_UNKNOWN_ATTACKER		CNPCMaker, CNPC_VHumanCombatant, CNPC_VPedestrian, CNPC_VRat, CNPC_VVampire	armed	1
task	TASK_FIND_FAST_COVER_FROM_ENEMY		CNPCMaker, CNPC_VHumanCombatant, CNPC_VPedestrian, CNPC_VRat, CNPC_VVampire	armed	1
task	TASK_FIND_FLANK_NODE_TO_ENEMY		CNPCMaker, CNPC_VHumanCombatant, CNPC_VPedestrian, CNPC_VRat, CNPC_VVampire	armed	3
task	TASK_FIND_FOLLOWER_BACKAWAY_ASTAR		CNPCMaker, CNPC_VHumanCombatant, CNPC_VPedestrian, CNPC_VRat, CNPC_VVampire	armed	1
task	TASK_FIND_FOLLOWER_BACKAWAY_NODE		CNPCMaker, CNPC_VHumanCombatant, CNPC_VPedestrian, CNPC_VRat, CNPC_VVampire	armed	1
task	TASK_FIND_FOLLOWER_BACKAWAY_SIMPLE		CNPCMaker, CNPC_VHumanCombatant, CNPC_VPedestrian, CNPC_VRat, CNPC_VVampire	armed	1
task	TASK_FIND_HUNT_PATROL_TARGET		CNPCMaker, CNPC_VHumanCombatant, CNPC_VPedestrian, CNPC_VRat, CNPC_VVampire	armed	2
task	TASK_FIND_INTERESTING_PLACE		CNPCMaker, CNPC_VHumanCombatant, CNPC_VPedestrian, CNPC_VRat, CNPC_VVampire	armed	3
task	TASK_FIND_LATERAL_COVER_FROM_ENEMY		CNPCMaker, CNPC_VHumanCombatant, CNPC_VPedestrian, CNPC_VRat, CNPC_VVampire	armed	1
task	TASK_FLIP_NEXT_IDEAL_YAW		CNPCMaker, CNPC_VHumanCombatant, CNPC_VPedestrian, CNPC_VRat, CNPC_VVampire	armed	2
task	TASK_FORGET		CNPCMaker, CNPC_VHumanCombatant, CNPC_VPedestrian, CNPC_VRat, CNPC_VVampire	armed	5
task	TASK_FREEZE		CCineNPC, CNPCMaker, CNPC_VHumanCombatant, CNPC_VPedestrian, CNPC_VRat, CNPC_VVampire	armed	1
task	TASK_GET_DIRECTED_PATH_TO_ENEMY_LKP		CNPCMaker, CNPC_VHumanCombatant, CNPC_VPedestrian, CNPC_VRat, CNPC_VVampire	armed	1
task	TASK_GET_DIRECTED_PATH_TO_ENEMY_LKP_RND		CNPCMaker, CNPC_VHumanCombatant, CNPC_VPedestrian, CNPC_VRat, CNPC_VVampire	armed	2
task	TASK_GET_DROPSHIP_DEPLOY_PATH		CCineNPC, CNPCMaker, CNPC_VHumanCombatant, CNPC_VPedestrian, CNPC_VRat, CNPC_VVampire	armed	3
task	TASK_GET_PATH_TO_BESTSOUND		CCineNPC, CNPCMaker, CNPC_VHumanCombatant, CNPC_VPedestrian, CNPC_VRat, CNPC_VVampire	armed	7
task	TASK_GET_PATH_TO_BESTUNKNOWN		CNPCMaker, CNPC_VHumanCombatant, CNPC_VPedestrian, CNPC_VRat, CNPC_VVampire	armed	3
task	TASK_GET_PATH_TO_COWER_NODE		CNPCMaker, CNPC_VHumanCombatant, CNPC_VPedestrian, CNPC_VRat, CNPC_VVampire	armed	3
task	TASK_GET_PATH_TO_COWER_NODE_SAVE_POS		CNPCMaker, CNPC_VHumanCombatant, CNPC_VPedestrian, CNPC_VRat, CNPC_VVampire	armed	1
task	TASK_GET_PATH_TO_ENEMY		CCineNPC, CNPCMaker, CNPC_VHumanCombatant, CNPC_VPedestrian, CNPC_VRat, CNPC_VVampire	armed	16
task	TASK_GET_PATH_TO_ENEMY_LKP		CNPCMaker, CNPC_VHumanCombatant, CNPC_VPedestrian, CNPC_VRat, CNPC_VVampire	armed	5
task	TASK_GET_PATH_TO_ENEMY_LOS		CCineNPC, CNPCMaker, CNPC_VHumanCombatant, CNPC_VPedestrian, CNPC_VRat, CNPC_VVampire	armed	1
task	TASK_GET_PATH_TO_FLEE_NODE		CNPCMaker, CNPC_VHumanCombatant, CNPC_VPedestrian, CNPC_VRat, CNPC_VVampire	armed	2
task	TASK_GET_PATH_TO_HINTNODE		CNPCMaker, CNPC_VHumanCombatant, CNPC_VPedestrian, CNPC_VRat, CNPC_VVampire	armed	4
task	TASK_GET_PATH_TO_INTERESTING_PLACE		CNPCMaker, CNPC_VHumanCombatant, CNPC_VPedestrian, CNPC_VRat, CNPC_VVampire	armed	3
task	TASK_GET_PATH_TO_KICK_PROP		CNPCMaker, CNPC_VHumanCombatant, CNPC_VPedestrian, CNPC_VRat, CNPC_VVampire	armed	1
task	TASK_GET_PATH_TO_LASTENEMY_LKP		CNPCMaker, CNPC_VHumanCombatant, CNPC_VPedestrian, CNPC_VRat, CNPC_VVampire	armed	1
task	TASK_GET_PATH_TO_LASTPOSITION		CCineNPC, CNPCMaker, CNPC_VHumanCombatant, CNPC_VPedestrian, CNPC_VRat, CNPC_VVampire	armed	8
task	TASK_GET_PATH_TO_PATHCORNER		CCineNPC, CNPCMaker, CNPC_VHumanCombatant, CNPC_VPedestrian, CNPC_VRat, CNPC_VVampire	armed	2
task	TASK_GET_PATH_TO_PATROL_POINT		CNPCMaker, CNPC_VHumanCombatant, CNPC_VPedestrian, CNPC_VRat, CNPC_VVampire	armed	6
task	TASK_GET_PATH_TO_PATROL_POINT_HUNT		CNPCMaker, CNPC_VHumanCombatant, CNPC_VPedestrian, CNPC_VRat, CNPC_VVampire	armed	1
task	TASK_GET_PATH_TO_PLAYER_FOR_DIALOG		CNPCMaker, CNPC_VHumanCombatant, CNPC_VPedestrian, CNPC_VRat, CNPC_VVampire	armed	1
task	TASK_GET_PATH_TO_RANDOM_NODE		CCineNPC, CNPCMaker, CNPC_VHumanCombatant, CNPC_VPedestrian, CNPC_VRat, CNPC_VVampire	armed	9
task	TASK_GET_PATH_TO_SAVEPOSITION		CCineNPC, CNPCMaker, CNPC_VHumanCombatant, CNPC_VPedestrian, CNPC_VRat, CNPC_VVampire	armed	4
task	TASK_GET_PATH_TO_SAVEPOSITION_LOS_NOATTACK		CNPCMaker, CNPC_VHumanCombatant, CNPC_VPedestrian, CNPC_VRat, CNPC_VVampire	armed	2
task	TASK_GET_PATH_TO_TARGET		CCineNPC, CNPCMaker, CNPC_VHumanCombatant, CNPC_VPedestrian, CNPC_VRat, CNPC_VVampire	armed	7
task	TASK_JUMP		CNPCMaker, CNPC_VHumanCombatant, CNPC_VPedestrian, CNPC_VRat, CNPC_VVampire	armed	1
task	TASK_KICK_HINT		CNPCMaker, CNPC_VHumanCombatant, CNPC_VPedestrian, CNPC_VRat, CNPC_VVampire	armed	1
task	TASK_KICK_HINT_AT		CNPCMaker, CNPC_VHumanCombatant, CNPC_VPedestrian, CNPC_VRat, CNPC_VVampire	armed	1
task	TASK_KICK_PROP		CNPCMaker, CNPC_VHumanCombatant, CNPC_VPedestrian, CNPC_VRat, CNPC_VVampire	armed	1
task	TASK_KNOCKOUT		CNPCMaker, CNPC_VHumanCombatant, CNPC_VPedestrian, CNPC_VRat, CNPC_VVampire	armed	1
task	TASK_LAND		CNPCMaker, CNPC_VHumanCombatant, CNPC_VPedestrian, CNPC_VRat, CNPC_VVampire	armed	1
task	TASK_LOOK_AT_BEST_SOUND		CNPCMaker, CNPC_VHumanCombatant, CNPC_VPedestrian, CNPC_VRat, CNPC_VVampire	armed	2
task	TASK_LOOK_AT_BEST_UNKNOWN		CNPCMaker, CNPC_VHumanCombatant, CNPC_VPedestrian, CNPC_VRat, CNPC_VVampire	armed	4
task	TASK_LOOK_AT_PLAYER		CNPCMaker, CNPC_VHumanCombatant, CNPC_VPedestrian, CNPC_VRat, CNPC_VVampire	armed	2
task	TASK_MAKE_OBLIVIOUS		CNPCMaker, CNPC_VHumanCombatant, CNPC_VPedestrian, CNPC_VRat, CNPC_VVampire	armed	33
task	TASK_MELEE_ATTACK1		CCineNPC, CNPCMaker, CNPC_VHumanCombatant, CNPC_VPedestrian, CNPC_VRat, CNPC_VVampire	armed	2
task	TASK_MELEE_ATTACK2		CCineNPC, CNPCMaker, CNPC_VHumanCombatant, CNPC_VPedestrian, CNPC_VRat, CNPC_VVampire	armed	2
task	TASK_MELEE_BLOCK		CNPCMaker, CNPC_VHumanCombatant, CNPC_VPedestrian, CNPC_VRat, CNPC_VVampire	armed	1
task	TASK_MELEE_BLOCK_HEAVY		CNPCMaker, CNPC_VHumanCombatant, CNPC_VPedestrian, CNPC_VRat, CNPC_VVampire	armed	1
task	TASK_MELEE_CHEER		CNPCMaker, CNPC_VHumanCombatant, CNPC_VPedestrian, CNPC_VRat, CNPC_VVampire	armed	2
task	TASK_MELEE_CIRCLE_ENEMY		CNPCMaker, CNPC_VHumanCombatant, CNPC_VPedestrian, CNPC_VRat, CNPC_VVampire	armed	4
task	TASK_MELEE_DODGE		CNPCMaker, CNPC_VHumanCombatant, CNPC_VPedestrian, CNPC_VRat, CNPC_VVampire	armed	1
task	TASK_MELEE_DODGE_ATTACK		CNPCMaker, CNPC_VHumanCombatant, CNPC_VPedestrian, CNPC_VRat, CNPC_VVampire	armed	2
task	TASK_MELEE_FEINT1		CNPCMaker, CNPC_VHumanCombatant, CNPC_VPedestrian, CNPC_VRat, CNPC_VVampire	armed	1
task	TASK_MELEE_FEINT2		CNPCMaker, CNPC_VHumanCombatant, CNPC_VPedestrian, CNPC_VRat, CNPC_VVampire	armed	1
task	TASK_MELEE_FLYING_KNOCKBACK_IDLE		CNPCMaker, CNPC_VHumanCombatant, CNPC_VPedestrian, CNPC_VRat, CNPC_VVampire	armed	1
task	TASK_MELEE_FLYING_KNOCKBACK_INTO		CNPCMaker, CNPC_VHumanCombatant, CNPC_VPedestrian, CNPC_VRat, CNPC_VVampire	armed	1
task	TASK_MELEE_FLYING_KNOCKBACK_LAND		CNPCMaker, CNPC_VHumanCombatant, CNPC_VPedestrian, CNPC_VRat, CNPC_VVampire	armed	1
task	TASK_MELEE_FLYING_KNOCKBACK_WALL_FALL		CNPCMaker, CNPC_VHumanCombatant, CNPC_VPedestrian, CNPC_VRat, CNPC_VVampire	armed	1
task	TASK_MELEE_FLYING_KNOCKBACK_WALL_HIT		CNPCMaker, CNPC_VHumanCombatant, CNPC_VPedestrian, CNPC_VRat, CNPC_VVampire	armed	1
task	TASK_MELEE_FLYING_KNOCKBACK_WALL_LAND		CNPCMaker, CNPC_VHumanCombatant, CNPC_VPedestrian, CNPC_VRat, CNPC_VVampire	armed	1
task	TASK_MELEE_HIT_BY_FINISHING_MOVE		CNPCMaker, CNPC_VHumanCombatant, CNPC_VPedestrian, CNPC_VRat, CNPC_VVampire	armed	1
task	TASK_MELEE_KICK		CNPCMaker, CNPC_VHumanCombatant, CNPC_VPedestrian, CNPC_VRat, CNPC_VVampire	armed	1
task	TASK_MELEE_KNOCKBACK		CNPCMaker, CNPC_VHumanCombatant, CNPC_VPedestrian, CNPC_VRat, CNPC_VVampire	armed	3
task	TASK_MELEE_PREBLOCK		CNPCMaker, CNPC_VHumanCombatant, CNPC_VPedestrian, CNPC_VRat, CNPC_VVampire	armed	1
task	TASK_NEXT_PATROL_POINT		CNPCMaker, CNPC_VHumanCombatant, CNPC_VPedestrian, CNPC_VRat, CNPC_VVampire	armed	6
task	TASK_NEXT_PATROL_POINT_HUNT		CNPCMaker, CNPC_VHumanCombatant, CNPC_VPedestrian, CNPC_VRat, CNPC_VVampire	armed	1
task	TASK_ON_FIRE_INTO		CNPCMaker, CNPC_VHumanCombatant, CNPC_VPedestrian, CNPC_VRat, CNPC_VVampire	armed	1
task	TASK_ON_FIRE_LOOP		CNPCMaker, CNPC_VHumanCombatant, CNPC_VPedestrian, CNPC_VRat, CNPC_VVampire	armed	1
task	TASK_ON_FIRE_OUTOF		CNPCMaker, CNPC_VHumanCombatant, CNPC_VPedestrian, CNPC_VRat, CNPC_VVampire	armed	1
task	TASK_PATROL_PATH		CNPCMaker, CNPC_VHumanCombatant, CNPC_VPedestrian, CNPC_VRat, CNPC_VVampire	armed	2
task	TASK_PAUSE_MOVING		CNPCMaker, CNPC_VHumanCombatant, CNPC_VPedestrian, CNPC_VRat, CNPC_VVampire	armed	11
task	TASK_PLANT_ON_SCRIPT		CCineNPC, CNPCMaker, CNPC_VHumanCombatant, CNPC_VPedestrian, CNPC_VRat, CNPC_VVampire	armed	6
task	TASK_PLAY_COMBAT_START_SEQUENCE		CNPCMaker, CNPC_VHumanCombatant, CNPC_VPedestrian, CNPC_VRat, CNPC_VVampire	armed	1
task	TASK_PLAY_COMFORT_INTO		CNPCMaker, CNPC_VHumanCombatant, CNPC_VPedestrian, CNPC_VRat, CNPC_VVampire	armed	1
task	TASK_PLAY_COMFORT_OUTOF		CNPCMaker, CNPC_VHumanCombatant, CNPC_VPedestrian, CNPC_VRat, CNPC_VVampire	armed	1
task	TASK_PLAY_COVER_AIM		CNPCMaker, CNPC_VHumanCombatant, CNPC_VPedestrian, CNPC_VRat, CNPC_VVampire	armed	7
task	TASK_PLAY_COVER_IDLE		CNPCMaker, CNPC_VHumanCombatant, CNPC_VPedestrian, CNPC_VRat, CNPC_VVampire	armed	8
task	TASK_PLAY_COVER_INTO		CNPCMaker, CNPC_VHumanCombatant, CNPC_VPedestrian, CNPC_VRat, CNPC_VVampire	armed	6
task	TASK_PLAY_COVER_OUTOF		CNPCMaker, CNPC_VHumanCombatant, CNPC_VPedestrian, CNPC_VRat, CNPC_VVampire	armed	6
task	TASK_PLAY_COWER		CNPCMaker, CNPC_VHumanCombatant, CNPC_VPedestrian, CNPC_VRat, CNPC_VVampire	armed	6
task	TASK_PLAY_DEATH_SEQUENCE		CNPCMaker, CNPC_VHumanCombatant, CNPC_VPedestrian, CNPC_VRat, CNPC_VVampire	armed	6
task	TASK_PLAY_FULL_RESIST_ACTIVITY		CNPCMaker, CNPC_VHumanCombatant, CNPC_VPedestrian, CNPC_VRat, CNPC_VVampire	armed	1
task	TASK_PLAY_PARTIAL_RESIST_ACTIVITY		CNPCMaker, CNPC_VHumanCombatant, CNPC_VPedestrian, CNPC_VRat, CNPC_VVampire	armed	1
task	TASK_PLAY_SCRIPT		CCineNPC, CNPCMaker, CNPC_VHumanCombatant, CNPC_VPedestrian, CNPC_VRat, CNPC_VVampire	armed	11
task	TASK_PLAY_SCRIPT_POST_IDLE		CCineNPC, CNPCMaker, CNPC_VHumanCombatant, CNPC_VPedestrian, CNPC_VRat, CNPC_VVampire	armed	10
task	TASK_PLAY_SEQUENCE		CCineNPC, CNPCMaker, CNPC_VHumanCombatant, CNPC_VPedestrian, CNPC_VRat, CNPC_VVampire	armed	50
task	TASK_PLAY_SEQUENCE_FACE_ENEMY		CNPCMaker, CNPC_VHumanCombatant, CNPC_VPedestrian, CNPC_VRat, CNPC_VVampire	armed	3
task	TASK_PLAY_SOUND		CNPCMaker, CNPC_VHumanCombatant, CNPC_VPedestrian, CNPC_VRat, CNPC_VVampire	armed	18
task	TASK_PUSH_SCRIPT_ARRIVAL_ACTIVITY		CCineNPC, CNPCMaker, CNPC_VHumanCombatant, CNPC_VPedestrian, CNPC_VRat, CNPC_VVampire	armed	3
task	TASK_RANGE_ATTACK1		CCineNPC, CNPCMaker, CNPC_VHumanCombatant, CNPC_VPedestrian, CNPC_VRat, CNPC_VVampire	armed	9
task	TASK_RANGE_ATTACK2		CCineNPC, CNPCMaker, CNPC_VHumanCombatant, CNPC_VPedestrian, CNPC_VRat, CNPC_VVampire	armed	2
task	TASK_RELOAD		CCineNPC, CNPCMaker, CNPC_VHumanCombatant, CNPC_VPedestrian, CNPC_VRat, CNPC_VVampire	armed	3
task	TASK_REMEMBER		CCineNPC, CNPCMaker, CNPC_VHumanCombatant, CNPC_VPedestrian, CNPC_VRat, CNPC_VVampire	armed	31
task	TASK_RESOLVE_BOTCH		CNPCMaker, CNPC_VHumanCombatant, CNPC_VPedestrian, CNPC_VRat, CNPC_VVampire	armed	10
task	TASK_RESOLVE_BOTCH_IN_COVER		CNPCMaker, CNPC_VHumanCombatant, CNPC_VPedestrian, CNPC_VRat, CNPC_VVampire	armed	9
task	TASK_RESOLVE_BOTCH_OUT_OF_COVER		CNPCMaker, CNPC_VHumanCombatant, CNPC_VPedestrian, CNPC_VRat, CNPC_VVampire	armed	2
task	TASK_RUN_DIALOG		CNPCMaker, CNPC_VHumanCombatant, CNPC_VPedestrian, CNPC_VRat, CNPC_VVampire	armed	3
task	TASK_RUN_DISPOSITION		CNPCMaker, CNPC_VHumanCombatant, CNPC_VPedestrian, CNPC_VRat, CNPC_VVampire	armed	2
task	TASK_RUN_DISPOSITION_RANDOM		CNPCMaker, CNPC_VHumanCombatant, CNPC_VPedestrian, CNPC_VRat, CNPC_VVampire	armed	2
task	TASK_RUN_PATH		CCineNPC, CNPCMaker, CNPC_VHumanCombatant, CNPC_VPedestrian, CNPC_VRat, CNPC_VVampire	armed	63
task	TASK_RUN_PATH_FLEE		CNPCMaker, CNPC_VHumanCombatant, CNPC_VPedestrian, CNPC_VRat, CNPC_VVampire	armed	5
task	TASK_RUN_PATH_TIMED		CCineNPC, CNPCMaker, CNPC_VHumanCombatant, CNPC_VPedestrian, CNPC_VRat, CNPC_VVampire	armed	5
task	TASK_RUN_TO_TARGET		CCineNPC, CNPCMaker, CNPC_VHumanCombatant, CNPC_VPedestrian, CNPC_VRat, CNPC_VVampire	armed	4
task	TASK_SCRIPT_CUSTOM_MOVE_TO_TARGET		CCineNPC, CNPCMaker, CNPC_VHumanCombatant, CNPC_VPedestrian, CNPC_VRat, CNPC_VVampire	armed	2
task	TASK_SET_ACTIVITY		CCineNPC, CNPCMaker, CNPC_VHumanCombatant, CNPC_VPedestrian, CNPC_VRat, CNPC_VVampire	armed	109
task	TASK_SET_COWER		CNPCMaker, CNPC_VHumanCombatant, CNPC_VPedestrian, CNPC_VRat, CNPC_VVampire	armed	3
task	TASK_SET_DYING		CNPCMaker, CNPC_VHumanCombatant, CNPC_VPedestrian, CNPC_VRat, CNPC_VVampire	armed	4
task	TASK_SET_FAIL_SCHEDULE		CCineNPC, CNPCMaker, CNPC_VHumanCombatant, CNPC_VPedestrian, CNPC_VRat, CNPC_VVampire	armed	173
task	TASK_SET_INSIDE_INTERRUPT_DIST		CNPCMaker, CNPC_VHumanCombatant, CNPC_VPedestrian, CNPC_VRat, CNPC_VVampire	armed	4
task	TASK_SET_INTERRUPT_TIME		CNPCMaker, CNPC_VHumanCombatant, CNPC_VPedestrian, CNPC_VRat, CNPC_VVampire	armed	4
task	TASK_SET_INVINCIBLE		CNPCMaker, CNPC_VHumanCombatant, CNPC_VPedestrian, CNPC_VRat, CNPC_VVampire	armed	4
task	TASK_SET_KNOCKBACK_ACTIVITY		CNPCMaker, CNPC_VHumanCombatant, CNPC_VPedestrian, CNPC_VRat, CNPC_VVampire	armed	2
task	TASK_SET_LASTPOSITION_TO_INITIAL		CNPCMaker, CNPC_VHumanCombatant, CNPC_VPedestrian, CNPC_VRat, CNPC_VVampire	armed	1
task	TASK_SET_MELEE_TOLERANCE_DISTANCE		CNPCMaker, CNPC_VHumanCombatant, CNPC_VPedestrian, CNPC_VRat, CNPC_VVampire	armed	3
task	TASK_SET_MISC_FLAG		CNPCMaker, CNPC_VHumanCombatant, CNPC_VPedestrian, CNPC_VRat, CNPC_VVampire	armed	3
task	TASK_SET_NPC_FLAG		CNPCMaker, CNPC_VHumanCombatant, CNPC_VPedestrian, CNPC_VRat, CNPC_VVampire	armed	243
task	TASK_SET_OUTSIDE_INTERRUPT_DIST		CNPCMaker, CNPC_VHumanCombatant, CNPC_VPedestrian, CNPC_VRat, CNPC_VVampire	armed	11
task	TASK_SET_PRESERVE_PATH		CNPCMaker, CNPC_VHumanCombatant, CNPC_VPedestrian, CNPC_VRat, CNPC_VVampire	armed	61
task	TASK_SET_ROUTE_SEARCH_TIME		CCineNPC, CNPCMaker, CNPC_VHumanCombatant, CNPC_VPedestrian, CNPC_VRat, CNPC_VVampire	armed	7
task	TASK_SET_SCHEDULE		CCineNPC, CNPCMaker, CNPC_VHumanCombatant, CNPC_VPedestrian, CNPC_VRat, CNPC_VVampire	armed	82
task	TASK_SET_SHOOT_TARGET_OVERRIDE		CNPCMaker, CNPC_VHumanCombatant, CNPC_VPedestrian, CNPC_VRat, CNPC_VVampire	armed	2
task	TASK_SET_SPECIAL_DISTANCE_ACCUM		CNPCMaker, CNPC_VHumanCombatant, CNPC_VPedestrian, CNPC_VRat, CNPC_VVampire	armed	16
task	TASK_SET_TOLERANCE_DISTANCE		CCineNPC, CNPCMaker, CNPC_VHumanCombatant, CNPC_VPedestrian, CNPC_VRat, CNPC_VVampire	armed	104
task	TASK_SET_TOLERANCE_DISTANCE_ABS		CNPCMaker, CNPC_VHumanCombatant, CNPC_VPedestrian, CNPC_VRat, CNPC_VVampire	armed	1
task	TASK_SLEEP_BOUNDING_BOX		CNPCMaker, CNPC_VHumanCombatant, CNPC_VPedestrian, CNPC_VRat, CNPC_VVampire	armed	4
task	TASK_SMALL_FLINCH		CCineNPC, CNPCMaker, CNPC_VHumanCombatant, CNPC_VPedestrian, CNPC_VRat, CNPC_VVampire	armed	2
task	TASK_SNAP_TO_HINT		CNPCMaker, CNPC_VHumanCombatant, CNPC_VPedestrian, CNPC_VRat, CNPC_VVampire	armed	11
task	TASK_SNAP_TO_KICK_PROP		CNPCMaker, CNPC_VHumanCombatant, CNPC_VPedestrian, CNPC_VRat, CNPC_VVampire	armed	1
task	TASK_SOUND_DIE		CCineNPC, CNPCMaker, CNPC_VHumanCombatant, CNPC_VPedestrian, CNPC_VRat, CNPC_VVampire	armed	2
task	TASK_SOUND_WAKE		CCineNPC, CNPCMaker, CNPC_VHumanCombatant, CNPC_VPedestrian, CNPC_VRat, CNPC_VVampire	armed	1
task	TASK_SPEAK_SENTENCE		CCineNPC, CNPCMaker, CNPC_VHumanCombatant, CNPC_VPedestrian, CNPC_VRat, CNPC_VVampire	armed	1
task	TASK_SPECIAL_ATTACK1		CCineNPC, CNPCMaker, CNPC_VHumanCombatant, CNPC_VPedestrian, CNPC_VRat, CNPC_VVampire	armed	1
task	TASK_SPECIAL_ATTACK2		CCineNPC, CNPCMaker, CNPC_VHumanCombatant, CNPC_VPedestrian, CNPC_VRat, CNPC_VVampire	armed	1
task	TASK_SPECIAL_IDLE_ACTIVITY		CNPCMaker, CNPC_VHumanCombatant, CNPC_VPedestrian, CNPC_VRat, CNPC_VVampire	armed	3
task	TASK_SQUAD_NEW_ENEMY		CNPCMaker, CNPC_VHumanCombatant, CNPC_VPedestrian, CNPC_VRat, CNPC_VVampire	armed	1
task	TASK_START_PLAYER_DIALOG		CNPCMaker, CNPC_VHumanCombatant, CNPC_VPedestrian, CNPC_VRat, CNPC_VVampire	armed	2
task	TASK_STEP_BACK		CNPCMaker, CNPC_VHumanCombatant, CNPC_VPedestrian, CNPC_VRat, CNPC_VVampire	armed	17
task	TASK_STOP_MOVING		CCineNPC, CNPCMaker, CNPC_VHumanCombatant, CNPC_VPedestrian, CNPC_VRat, CNPC_VVampire	armed	149
task	TASK_STORE_ENEMY_POSITION_IN_SAVEPOSITION		CCineNPC, CNPCMaker, CNPC_VHumanCombatant, CNPC_VPedestrian, CNPC_VRat, CNPC_VVampire	armed	3
task	TASK_STORE_LASTPOSITION		CCineNPC, CNPCMaker, CNPC_VHumanCombatant, CNPC_VPedestrian, CNPC_VRat, CNPC_VVampire	armed	7
task	TASK_STORE_POSITION_IN_SAVEPOSITION		CNPCMaker, CNPC_VHumanCombatant, CNPC_VPedestrian, CNPC_VRat, CNPC_VVampire	armed	1
task	TASK_SUB_SPECIAL_DISTANCE_ACCUM		CNPCMaker, CNPC_VHumanCombatant, CNPC_VPedestrian, CNPC_VRat, CNPC_VVampire	armed	6
task	TASK_SUGGEST_STATE		CCineNPC, CNPCMaker, CNPC_VHumanCombatant, CNPC_VPedestrian, CNPC_VRat, CNPC_VVampire	armed	7
task	TASK_SUPERNATURAL_ACT		CNPCMaker, CNPC_VHumanCombatant, CNPC_VPedestrian, CNPC_VRat, CNPC_VVampire	armed	3
task	TASK_TEST1		CNPCMaker, CNPC_VHumanCombatant, CNPC_VPedestrian, CNPC_VRat, CNPC_VVampire	armed	1
task	TASK_TEST2		CNPCMaker, CNPC_VHumanCombatant, CNPC_VPedestrian, CNPC_VRat, CNPC_VVampire	armed	2
task	TASK_TEST3		CNPCMaker, CNPC_VHumanCombatant, CNPC_VPedestrian, CNPC_VRat, CNPC_VVampire	unported	1
task	TASK_TEST4		CNPCMaker, CNPC_VHumanCombatant, CNPC_VPedestrian, CNPC_VRat, CNPC_VVampire	unported	1
task	TASK_TURN_LEFT		CCineNPC, CNPCMaker, CNPC_VHumanCombatant, CNPC_VPedestrian, CNPC_VRat, CNPC_VVampire	armed	5
task	TASK_TURN_RIGHT		CCineNPC, CNPCMaker, CNPC_VHumanCombatant, CNPC_VPedestrian, CNPC_VRat, CNPC_VVampire	armed	1
task	TASK_UNKNOCKOUT		CNPCMaker, CNPC_VHumanCombatant, CNPC_VPedestrian, CNPC_VRat, CNPC_VVampire	armed	1
task	TASK_UNLOOK_AT		CNPCMaker, CNPC_VHumanCombatant, CNPC_VPedestrian, CNPC_VRat, CNPC_VVampire	armed	7
task	TASK_VSCURRYING_FIND_EVADE_PATH		CNPC_VRat	armed	1
task	TASK_VSCURRYING_MARK_EVADE_FAIL		CNPC_VRat	armed	1
task	TASK_WAIT		CCineNPC, CNPCMaker, CNPC_VHumanCombatant, CNPC_VPedestrian, CNPC_VRat, CNPC_VVampire	armed	103
task	TASK_WAIT_ATTACK_TIME1		CNPCMaker, CNPC_VHumanCombatant, CNPC_VPedestrian, CNPC_VRat, CNPC_VVampire	armed	8
task	TASK_WAIT_ATTACK_TIME2		CNPCMaker, CNPC_VHumanCombatant, CNPC_VPedestrian, CNPC_VRat, CNPC_VVampire	armed	1
task	TASK_WAIT_FACE_ENEMY		CCineNPC, CNPCMaker, CNPC_VHumanCombatant, CNPC_VPedestrian, CNPC_VRat, CNPC_VVampire	armed	13
task	TASK_WAIT_FINISH_ADD_RANDOM		CNPCMaker, CNPC_VHumanCombatant, CNPC_VPedestrian, CNPC_VRat, CNPC_VVampire	armed	27
task	TASK_WAIT_FINISH_SET		CNPCMaker, CNPC_VHumanCombatant, CNPC_VPedestrian, CNPC_VRat, CNPC_VVampire	armed	27
task	TASK_WAIT_FOR_MOVEMENT		CCineNPC, CNPCMaker, CNPC_VHumanCombatant, CNPC_VPedestrian, CNPC_VRat, CNPC_VVampire	armed	129
task	TASK_WAIT_FOR_SCRIPT		CCineNPC, CNPCMaker, CNPC_VHumanCombatant, CNPC_VPedestrian, CNPC_VRat, CNPC_VVampire	armed	10
task	TASK_WAIT_INDEFINITE		CCineNPC, CNPCMaker, CNPC_VHumanCombatant, CNPC_VPedestrian, CNPC_VRat, CNPC_VVampire	armed	10
task	TASK_WAIT_PVS		CCineNPC, CNPCMaker, CNPC_VHumanCombatant, CNPC_VPedestrian, CNPC_VRat, CNPC_VVampire	armed	34
task	TASK_WAIT_RANDOM		CCineNPC, CNPCMaker, CNPC_VHumanCombatant, CNPC_VPedestrian, CNPC_VRat, CNPC_VVampire	armed	137
task	TASK_WALK_PATH		CCineNPC, CNPCMaker, CNPC_VHumanCombatant, CNPC_VPedestrian, CNPC_VRat, CNPC_VVampire	armed	26
task	TASK_WALK_PATH_HUNT		CNPCMaker, CNPC_VHumanCombatant, CNPC_VPedestrian, CNPC_VRat, CNPC_VVampire	armed	14
task	TASK_WALK_PATH_TIMED		CNPCMaker, CNPC_VHumanCombatant, CNPC_VPedestrian, CNPC_VRat, CNPC_VVampire	armed	1
task	TASK_WALK_RUN_PATH_COMBAT_SOUND		CNPCMaker, CNPC_VHumanCombatant, CNPC_VPedestrian, CNPC_VRat, CNPC_VVampire	armed	4
task	TASK_WALK_RUN_PATH_FOR_DIALOG		CNPCMaker, CNPC_VHumanCombatant, CNPC_VPedestrian, CNPC_VRat, CNPC_VVampire	armed	1
task	TASK_WALK_TO_TARGET		CCineNPC, CNPCMaker, CNPC_VHumanCombatant, CNPC_VPedestrian, CNPC_VRat, CNPC_VVampire	armed	4
task	TASK_WEAPON_FIND		CCineNPC, CNPCMaker, CNPC_VHumanCombatant, CNPC_VPedestrian, CNPC_VRat, CNPC_VVampire	armed	1
task	TASK_WEAPON_PICKUP		CCineNPC, CNPCMaker, CNPC_VHumanCombatant, CNPC_VPedestrian, CNPC_VRat, CNPC_VVampire	armed	1
task	TASK_WEAPON_RUN_PATH		CCineNPC, CNPCMaker, CNPC_VHumanCombatant, CNPC_VPedestrian, CNPC_VRat, CNPC_VVampire	armed	1
condition	COND_BEING_ATTACKED		CNPCMaker, CNPC_VHumanCombatant, CNPC_VPedestrian, CNPC_VRat, CNPC_VVampire		
condition	COND_BETTER_WEAPON_AVAILABLE		CCineNPC, CNPCMaker, CNPC_VHumanCombatant, CNPC_VPedestrian, CNPC_VRat, CNPC_VVampire		
condition	COND_CAN_MELEE_ATTACK1		CCineNPC, CNPCMaker, CNPC_VHumanCombatant, CNPC_VPedestrian, CNPC_VRat, CNPC_VVampire		
condition	COND_CAN_MELEE_ATTACK2		CCineNPC, CNPCMaker, CNPC_VHumanCombatant, CNPC_VPedestrian, CNPC_VRat, CNPC_VVampire		
condition	COND_CAN_RANGE_ATTACK1		CCineNPC, CNPCMaker, CNPC_VHumanCombatant, CNPC_VPedestrian, CNPC_VRat, CNPC_VVampire		
condition	COND_CAN_RANGE_ATTACK2		CCineNPC, CNPCMaker, CNPC_VHumanCombatant, CNPC_VPedestrian, CNPC_VRat, CNPC_VVampire		
condition	COND_COVER_FAILURE		CNPCMaker, CNPC_VHumanCombatant, CNPC_VPedestrian, CNPC_VRat, CNPC_VVampire		
condition	COND_CRIMINAL_ATTACK_LEVEL		CNPCMaker, CNPC_VHumanCombatant, CNPC_VPedestrian, CNPC_VRat, CNPC_VVampire		
condition	COND_CROSSWALK_DONTWALK		CNPCMaker, CNPC_VHumanCombatant, CNPC_VPedestrian, CNPC_VRat, CNPC_VVampire		
condition	COND_CROSSWALK_WALK		CNPCMaker, CNPC_VHumanCombatant, CNPC_VPedestrian, CNPC_VRat, CNPC_VVampire		
condition	COND_DETECTED_ATTACK		CNPCMaker, CNPC_VHumanCombatant, CNPC_VPedestrian, CNPC_VRat, CNPC_VVampire		
condition	COND_ENEMY_DEAD		CCineNPC, CNPCMaker, CNPC_VHumanCombatant, CNPC_VPedestrian, CNPC_VRat, CNPC_VVampire		
condition	COND_ENEMY_OCCLUDED		CCineNPC, CNPCMaker, CNPC_VHumanCombatant, CNPC_VPedestrian, CNPC_VRat, CNPC_VVampire		
condition	COND_ENEMY_UNREACHABLE		CCineNPC, CNPCMaker, CNPC_VHumanCombatant, CNPC_VPedestrian, CNPC_VRat, CNPC_VVampire		
condition	COND_EXTENDED_BLOCKED_BY_FRIEND		CNPCMaker, CNPC_VHumanCombatant, CNPC_VPedestrian, CNPC_VRat, CNPC_VVampire		
condition	COND_GIVE_WAY		CCineNPC, CNPCMaker, CNPC_VHumanCombatant, CNPC_VPedestrian, CNPC_VRat, CNPC_VVampire		
condition	COND_HEAR_BULLET_IMPACT		CCineNPC, CNPCMaker, CNPC_VHumanCombatant, CNPC_VPedestrian, CNPC_VRat, CNPC_VVampire		
condition	COND_HEAR_COMBAT		CCineNPC, CNPCMaker, CNPC_VHumanCombatant, CNPC_VPedestrian, CNPC_VRat, CNPC_VVampire		
condition	COND_HEAR_DANGER		CCineNPC, CNPCMaker, CNPC_VHumanCombatant, CNPC_VPedestrian, CNPC_VRat, CNPC_VVampire		
condition	COND_HEAR_FLANK_SOUND		CNPCMaker, CNPC_VHumanCombatant, CNPC_VPedestrian, CNPC_VRat, CNPC_VVampire		
condition	COND_HEAR_PLAYER		CCineNPC, CNPCMaker, CNPC_VHumanCombatant, CNPC_VPedestrian, CNPC_VRat, CNPC_VVampire		
condition	COND_HEAR_WORLD		CCineNPC, CNPCMaker, CNPC_VHumanCombatant, CNPC_VPedestrian, CNPC_VRat, CNPC_VVampire		
condition	COND_HEAVY_DAMAGE		CCineNPC, CNPCMaker, CNPC_VHumanCombatant, CNPC_VPedestrian, CNPC_VRat, CNPC_VVampire		
condition	COND_HINT_INVALID		CNPCMaker, CNPC_VHumanCombatant, CNPC_VPedestrian, CNPC_VRat, CNPC_VVampire		
condition	COND_HIT_BY_DOOR		CNPCMaker, CNPC_VHumanCombatant, CNPC_VPedestrian, CNPC_VRat, CNPC_VVampire		
condition	COND_IGNORE_UNKNOWN		CNPCMaker, CNPC_VHumanCombatant, CNPC_VPedestrian, CNPC_VRat, CNPC_VVampire		
condition	COND_INSIDE_INTERRUPT_DIST_E		CNPCMaker, CNPC_VHumanCombatant, CNPC_VPedestrian, CNPC_VRat, CNPC_VVampire		
condition	COND_INSIDE_INTERRUPT_DIST_F		CNPCMaker, CNPC_VHumanCombatant, CNPC_VPedestrian, CNPC_VRat, CNPC_VVampire		
condition	COND_INTERRUPT_TIME		CNPCMaker, CNPC_VHumanCombatant, CNPC_VPedestrian, CNPC_VRat, CNPC_VVampire		
condition	COND_INVESTIGATE_SIGHT		CNPCMaker, CNPC_VHumanCombatant, CNPC_VPedestrian, CNPC_VRat, CNPC_VVampire		
condition	COND_INVESTIGATE_SOUND		CNPCMaker, CNPC_VHumanCombatant, CNPC_VPedestrian, CNPC_VRat, CNPC_VVampire		
condition	COND_KICK_PROP_INVALID		CNPCMaker, CNPC_VHumanCombatant, CNPC_VPedestrian, CNPC_VRat, CNPC_VVampire		
condition	COND_KNOCKBACK		CNPCMaker, CNPC_VHumanCombatant, CNPC_VPedestrian, CNPC_VRat, CNPC_VVampire		
condition	COND_LIGHT_DAMAGE		CCineNPC, CNPCMaker, CNPC_VHumanCombatant, CNPC_VPedestrian, CNPC_VRat, CNPC_VVampire		
condition	COND_LOST_ENEMY		CCineNPC, CNPCMaker, CNPC_VHumanCombatant, CNPC_VPedestrian, CNPC_VRat, CNPC_VVampire		
condition	COND_LOST_UNKNOWN		CNPCMaker, CNPC_VHumanCombatant, CNPC_VPedestrian, CNPC_VRat, CNPC_VVampire		
condition	COND_NEW_ENEMY		CCineNPC, CNPCMaker, CNPC_VHumanCombatant, CNPC_VPedestrian, CNPC_VRat, CNPC_VVampire		
condition	COND_NO_PRIMARY_AMMO		CCineNPC, CNPCMaker, CNPC_VHumanCombatant, CNPC_VPedestrian, CNPC_VRat, CNPC_VVampire		
condition	COND_NO_SECONDARY_AMMO		CCineNPC, CNPCMaker, CNPC_VHumanCombatant, CNPC_VPedestrian, CNPC_VRat, CNPC_VVampire		
condition	COND_NPC_UNFREEZE		CCineNPC, CNPCMaker, CNPC_VHumanCombatant, CNPC_VPedestrian, CNPC_VRat, CNPC_VVampire		
condition	COND_OUTSIDE_INTERRUPT_DIST_E		CNPCMaker, CNPC_VHumanCombatant, CNPC_VPedestrian, CNPC_VRat, CNPC_VVampire		
condition	COND_OUTSIDE_INTERRUPT_DIST_F		CNPCMaker, CNPC_VHumanCombatant, CNPC_VPedestrian, CNPC_VRat, CNPC_VVampire		
condition	COND_PLAYER_ON_HEAD		CNPCMaker, CNPC_VHumanCombatant, CNPC_VPedestrian, CNPC_VRat, CNPC_VVampire		
condition	COND_PROVOKED		CCineNPC, CNPCMaker, CNPC_VHumanCombatant, CNPC_VPedestrian, CNPC_VRat, CNPC_VVampire		
condition	COND_REPEATED_DAMAGE		CNPCMaker, CNPC_VHumanCombatant, CNPC_VPedestrian, CNPC_VRat, CNPC_VVampire		
condition	COND_SEE_ENEMY		CCineNPC, CNPCMaker, CNPC_VHumanCombatant, CNPC_VPedestrian, CNPC_VRat, CNPC_VVampire		
condition	COND_SEE_FEAR		CCineNPC, CNPCMaker, CNPC_VHumanCombatant, CNPC_VPedestrian, CNPC_VRat, CNPC_VVampire		
condition	COND_SEE_SOUND_SOURCE		CNPCMaker, CNPC_VHumanCombatant, CNPC_VPedestrian, CNPC_VRat, CNPC_VVampire		
condition	COND_SEE_UNKNOWN		CNPC_VVampire		
condition	COND_SHOULD_BLOCK		CNPCMaker, CNPC_VHumanCombatant, CNPC_VPedestrian, CNPC_VRat, CNPC_VVampire		
condition	COND_SHOULD_DODGE		CNPCMaker, CNPC_VHumanCombatant, CNPC_VPedestrian, CNPC_VRat, CNPC_VVampire		
condition	COND_SHOULD_INTERACT		CNPCMaker, CNPC_VHumanCombatant, CNPC_VPedestrian, CNPC_VRat, CNPC_VVampire		
condition	COND_SHOULD_KICK		CNPCMaker, CNPC_VHumanCombatant, CNPC_VPedestrian, CNPC_VRat, CNPC_VVampire		
condition	COND_SHOULD_LOITER		CNPCMaker, CNPC_VHumanCombatant, CNPC_VPedestrian, CNPC_VRat, CNPC_VVampire		
condition	COND_SHOULD_STEPBACK		CNPCMaker, CNPC_VHumanCombatant, CNPC_VPedestrian, CNPC_VRat, CNPC_VVampire		
condition	COND_SMELL		CCineNPC, CNPCMaker, CNPC_VHumanCombatant, CNPC_VPedestrian, CNPC_VRat, CNPC_VVampire		
condition	COND_SQUAD_LOS_ENEMY		CNPCMaker, CNPC_VHumanCombatant, CNPC_VPedestrian, CNPC_VRat, CNPC_VVampire		
condition	COND_SQUAD_SEE_ENEMY		CNPCMaker, CNPC_VHumanCombatant, CNPC_VPedestrian, CNPC_VRat, CNPC_VVampire		
condition	COND_STOP_BACKUP		CNPCMaker, CNPC_VHumanCombatant, CNPC_VPedestrian, CNPC_VRat, CNPC_VVampire		
condition	COND_SUPERNATURAL_ATTACK_LEVEL		CNPCMaker, CNPC_VHumanCombatant, CNPC_VPedestrian, CNPC_VRat, CNPC_VVampire		
condition	COND_TASK_FAILED		CCineNPC, CNPCMaker, CNPC_VHumanCombatant, CNPC_VPedestrian, CNPC_VRat, CNPC_VVampire		
condition	COND_TOO_CLOSE_FOR_RANGED		CNPCMaker, CNPC_VHumanCombatant, CNPC_VPedestrian, CNPC_VRat, CNPC_VVampire		
condition	COND_TOO_CLOSE_TO_ATTACK		CCineNPC, CNPCMaker, CNPC_VHumanCombatant, CNPC_VPedestrian, CNPC_VRat, CNPC_VVampire		
condition	COND_TOO_FAR_FOR_MELEE		CNPCMaker, CNPC_VHumanCombatant, CNPC_VPedestrian, CNPC_VRat, CNPC_VVampire		
condition	COND_TOO_FAR_TO_ATTACK		CNPCMaker, CNPC_VHumanCombatant, CNPC_VPedestrian, CNPC_VRat, CNPC_VVampire		
condition	COND_UNKNOWN_ADVANCING		CNPCMaker, CNPC_VHumanCombatant, CNPC_VPedestrian, CNPC_VRat, CNPC_VVampire		
condition	COND_UNKNOWN_RUN_TIMER		CNPCMaker, CNPC_VHumanCombatant, CNPC_VPedestrian, CNPC_VRat, CNPC_VVampire		
condition	COND_VSCURRYING_PLAYER_TOOCLOSE		CNPC_VRat		
condition	COND_WAS_BUMPED		CNPCMaker, CNPC_VHumanCombatant, CNPC_VPedestrian, CNPC_VRat, CNPC_VVampire		
condition	COND_WAY_CLEAR		CCineNPC, CNPCMaker, CNPC_VHumanCombatant, CNPC_VPedestrian, CNPC_VRat, CNPC_VVampire		
function	0x100078c4	FUN_100078c4	-		layer 0
function	0x10007b4e	FUN_10007b4e	-		layer 0
function	0x10007ea0	FUN_10007ea0	-	present	layer 0
function	0x10009601	FUN_10009601	-	rule	layer 0
function	0x1000cb8a	FUN_1000cb8a	-		layer 0
function	0x1000f89e	FUN_1000f89e	-		layer 0
function	0x100113d8	FUN_100113d8	-		layer 0
function	0x10012805	FUN_10012805	-		layer 0
function	0x10026530	CAISound::FUN_10026530	CCineNPC#21	rule	layer 0
function	0x10026550	CAISound::FUN_10026550	CCineNPC#22	rule	layer 0
function	0x10026570	CAISound::FUN_10026570	CCineNPC#23	dead	layer 0
function	0x10026590	CBaseEntity::OnVictimHitByMe	CCineNPC#24		layer 0
function	0x100265b0	CAISound::FUN_100265b0	CCineNPC#25, CNPCMaker#25, CNPC_VHumanCombatant#25, CNPC_VPedestrian#25, CNPC_VRat#25, CNPC_VVampire#25	rule	layer 0
function	0x100265d0	CAISound::FUN_100265d0	CCineNPC#26, CNPCMaker#26, CNPC_VHumanCombatant#26, CNPC_VPedestrian#26, CNPC_VRat#26, CNPC_VVampire#26	rule	layer 0
function	0x100265f0	CAISound::FUN_100265f0	CCineNPC#27	rule	layer 0
function	0x10026610	CBaseEntity::GetStealthVisionScalar	CCineNPC#28		layer 0
function	0x10026630	CBaseEntity::GetStealthVisionCone	CCineNPC#29		layer 0
function	0x10026650	CAISound::FUN_10026650	CCineNPC#30	rule	layer 0
function	0x10026670	CAISound::FUN_10026670	CCineNPC#32, CNPCMaker#32, CNPC_VHumanCombatant#32, CNPC_VPedestrian#32, CNPC_VRat#32, CNPC_VVampire#32	dead	layer 0
function	0x10026690	CAISound::FUN_10026690	CCineNPC#33, CNPCMaker#33, CNPC_VHumanCombatant#33, CNPC_VPedestrian#33, CNPC_VRat#33, CNPC_VVampire#33	dead	layer 0
function	0x100266b0	CBaseEntity::GetHighlightMaterial	-		layer 0
function	0x100266d0	CAISound::FUN_100266d0	CCineNPC#35	rule	layer 0
function	0x100266f0	CAISound::FUN_100266f0	CCineNPC#36, CNPCMaker#36, CNPC_VHumanCombatant#36, CNPC_VPedestrian#36, CNPC_VRat#36, CNPC_VVampire#36	dead	layer 0
function	0x10026710	CAISound::FUN_10026710	CCineNPC#37, CNPCMaker#37, CNPC_VHumanCombatant#37, CNPC_VPedestrian#37, CNPC_VRat#37, CNPC_VVampire#37	rule	layer 0
function	0x10026730	CAISound::FUN_10026730	CCineNPC#38, CNPCMaker#38, CNPC_VHumanCombatant#38, CNPC_VPedestrian#38, CNPC_VRat#38, CNPC_VVampire#38	dead	layer 0
function	0x10026750	CAISound::FUN_10026750	CCineNPC#40, CNPCMaker#40, CNPC_VHumanCombatant#40, CNPC_VPedestrian#40, CNPC_VRat#40, CNPC_VVampire#40	dead	layer 0
function	0x10026770	CAISound::FUN_10026770	CCineNPC#41, CNPCMaker#41, CNPC_VHumanCombatant#41, CNPC_VPedestrian#41, CNPC_VRat#41, CNPC_VVampire#41	dead	layer 0
function	0x10026790	CAISound::FUN_10026790	CCineNPC#43, CNPCMaker#43, CNPC_VHumanCombatant#43, CNPC_VPedestrian#43, CNPC_VRat#43, CNPC_VVampire#43	dead	layer 0
function	0x100267b0	CAISound::FUN_100267b0	CCineNPC#44, CNPCMaker#44, CNPC_VHumanCombatant#44, CNPC_VPedestrian#44, CNPC_VRat#44, CNPC_VVampire#44	dead	layer 0
function	0x100267d0	CAISound::FUN_100267d0	CCineNPC#46, CNPCMaker#46, CNPC_VHumanCombatant#46, CNPC_VPedestrian#46, CNPC_VRat#46, CNPC_VVampire#46	dead	layer 0
function	0x100267f0	CAISound::FUN_100267f0	CCineNPC#47, CNPCMaker#47, CNPC_VHumanCombatant#47, CNPC_VPedestrian#47, CNPC_VRat#47, CNPC_VVampire#47	dead	layer 0
function	0x10026810	CAISound::FUN_10026810	CCineNPC#48, CNPCMaker#48, CNPC_VHumanCombatant#48, CNPC_VPedestrian#48, CNPC_VRat#48, CNPC_VVampire#48	present	layer 0
function	0x10026830	CAISound::FUN_10026830	CCineNPC#49, CNPCMaker#49, CNPC_VHumanCombatant#49, CNPC_VPedestrian#49, CNPC_VRat#49, CNPC_VVampire#49	present	layer 0
function	0x10026850	CBaseEntity::GetCameraViewpointPosition	-		layer 0
function	0x10026890	CBaseEntity::GetCameraTargetPosition	-		layer 0
function	0x100268d0	CBaseEntity::GetCameraFadeInTime	-		layer 0
function	0x100268f0	CBaseEntity::GetCameraFadeOutTime	-		layer 0
function	0x10026910	CAISound::FUN_10026910	CCineNPC#54	rule	layer 0
function	0x10026930	CAISound::FUN_10026930	CCineNPC#55	dead	layer 0
function	0x10026950	CAISound::FUN_10026950	CCineNPC#56	rule	layer 0
function	0x10026970	CAISound::FUN_10026970	CCineNPC#57	dead	layer 0
function	0x10026990	CAISound::FUN_10026990	CCineNPC#58	dead	layer 0
function	0x100269b0	CAISound::FUN_100269b0	CCineNPC#59	rule	layer 0
function	0x100269d0	CAISound::FUN_100269d0	CCineNPC#60	rule	layer 0
function	0x100269f0	CAISound::FUN_100269f0	CCineNPC#61	rule	layer 0
function	0x10026a10	CAISound::FUN_10026a10	CCineNPC#63, CNPCMaker#63, CNPC_VHumanCombatant#63, CNPC_VPedestrian#63, CNPC_VRat#63, CNPC_VVampire#63	mechanism	layer 1
function	0x10026a50	CAISound::FUN_10026a50	CCineNPC#65, CNPCMaker#65, CNPC_VHumanCombatant#65, CNPC_VPedestrian#65, CNPC_VRat#65, CNPC_VVampire#65	mechanism	layer 1
function	0x10026a90	CBaseEntity::ShouldIgnoreCollision	-		layer 0
function	0x10026ab0	CBaseEntity::NavIgnoreCollision	CCineNPC#69		layer 0
function	0x10026ad0	CAISound::FUN_10026ad0	-	dead	layer 0
function	0x10026af0	CBaseEntity::CausesImpactDamage	-		layer 0
function	0x10026b10	CBaseEntity::ReceivesImpactDamage	-		layer 0
function	0x10026b30	CBaseEntity::DrawDebugStatOverlays	-		layer 0
function	0x10026b50	CAISound::FUN_10026b50	CCineNPC#88, CNPCMaker#88, CNPC_VHumanCombatant#88, CNPC_VPedestrian#88, CNPC_VRat#88, CNPC_VVampire#88	mechanism	layer 2
function	0x10026b70	CAISound::FUN_10026b70	CCineNPC#89, CNPCMaker#89, CNPC_VHumanCombatant#89, CNPC_VPedestrian#89, CNPC_VRat#89, CNPC_VVampire#89	mechanism	layer 1
function	0x10026b90	CBaseEntity::Precache	-		layer 0
function	0x10026bb0	CBaseEntity::MemberSync	-		layer 0
function	0x10026bd0	CAISound::FUN_10026bd0	CCineNPC#112, CNPCMaker#112, CNPC_VHumanCombatant#112, CNPC_VPedestrian#112, CNPC_VRat#112, CNPC_VVampire#112	dead	layer 0
function	0x10026bf0	CAISound::FUN_10026bf0	CCineNPC#115, CNPCMaker#115, CNPC_VHumanCombatant#115, CNPC_VPedestrian#115, CNPC_VRat#115, CNPC_VVampire#115	dead	layer 0
function	0x10026c10	CAISound::FUN_10026c10	CCineNPC#131, CNPCMaker#131, CNPC_VHumanCombatant#131, CNPC_VPedestrian#131, CNPC_VRat#131, CNPC_VVampire#131	dead	layer 0
function	0x10026c30	CAISound::FUN_10026c30	CCineNPC#132, CNPCMaker#132, CNPC_VHumanCombatant#132, CNPC_VPedestrian#132, CNPC_VRat#132, CNPC_VVampire#132	dead	layer 0
function	0x10026c50	CAISound::FUN_10026c50	-	mechanism	layer 0
function	0x10026c70	CAISound::FUN_10026c70	CCineNPC#134, CNPCMaker#134, CNPC_VHumanCombatant#134, CNPC_VPedestrian#134, CNPC_VRat#134, CNPC_VVampire#134	present	layer 0
function	0x10026d10	CAISound::FUN_10026d10	-	dead	layer 0
function	0x10026d30	CAISound::FUN_10026d30	-	dead	layer 0
function	0x10026d50	CAISound::FUN_10026d50	-	dead	layer 0
function	0x10026d70	CAISound::FUN_10026d70	CCineNPC#139, CNPC_VHumanCombatant#139, CNPC_VPedestrian#139, CNPC_VRat#139, CNPC_VVampire#139	rule	layer 0
function	0x10026d90	CBaseEntity::BloodColor	-		layer 0
function	0x10026db0	CAISound::FUN_10026db0	CCineNPC#147, CNPCMaker#147, CNPC_VHumanCombatant#147, CNPC_VPedestrian#147, CNPC_VRat#147, CNPC_VVampire#147	dead	layer 0
function	0x10026dd0	CAISound::FUN_10026dd0	CCineNPC#148, CNPCMaker#148, CNPC_VHumanCombatant#148, CNPC_VPedestrian#148, CNPC_VRat#148, CNPC_VVampire#148	dead	layer 0
function	0x10026df0	CAISound::FUN_10026df0	CCineNPC#149, CNPCMaker#149, CNPC_VHumanCombatant#149, CNPC_VPedestrian#149, CNPC_VRat#149, CNPC_VVampire#149	dead	layer 0
function	0x10026e10	CAISound::FUN_10026e10	CCineNPC#150, CNPCMaker#150, CNPC_VHumanCombatant#150, CNPC_VPedestrian#150, CNPC_VRat#150, CNPC_VVampire#150	dead	layer 0
function	0x10026e30	CAISound::FUN_10026e30	CCineNPC#151, CNPCMaker#151, CNPC_VHumanCombatant#151, CNPC_VPedestrian#151, CNPC_VRat#151, CNPC_VVampire#151	dead	layer 0
function	0x10026e50	CAISound::FUN_10026e50	-	dead	layer 0
function	0x10026e70	CAISound::FUN_10026e70	-	dead	layer 0
function	0x10026ee0	CAISound::FUN_10026ee0	CCineNPC#156, CNPCMaker#156, CNPC_VHumanCombatant#156, CNPC_VPedestrian#156, CNPC_VRat#156, CNPC_VVampire#156	dead	layer 0
function	0x10026f00	CAISound::FUN_10026f00	CCineNPC#157, CNPCMaker#157, CNPC_VHumanCombatant#157, CNPC_VPedestrian#157, CNPC_VRat#157, CNPC_VVampire#157	dead	layer 0
function	0x10026f20	CAISound::FUN_10026f20	CCineNPC#159, CNPCMaker#159, CNPC_VHumanCombatant#159, CNPC_VPedestrian#159, CNPC_VRat#159, CNPC_VVampire#159	dead	layer 1
function	0x10026f60	CAISound::FUN_10026f60	CCineNPC#162, CNPCMaker#162, CNPC_VHumanCombatant#162, CNPC_VPedestrian#162, CNPC_VRat#162, CNPC_VVampire#162	dead	layer 0
function	0x10026f80	CAISound::FUN_10026f80	CCineNPC#166, CNPCMaker#166, CNPC_VHumanCombatant#166, CNPC_VPedestrian#166, CNPC_VRat#166, CNPC_VVampire#166	mechanism	layer 0
function	0x10026fb0	CAISound::FUN_10026fb0	CCineNPC#165, CNPCMaker#165, CNPC_VHumanCombatant#165, CNPC_VPedestrian#165, CNPC_VRat#165, CNPC_VVampire#165	mechanism	layer 1
function	0x10027000	CAISound::FUN_10027000	-	rule	layer 0
function	0x10027020	CAISound::FUN_10027020	CCineNPC#168	rule	layer 1
function	0x10027040	CAISound::FUN_10027040	CCineNPC#169, CNPCMaker#169, CNPC_VHumanCombatant#169, CNPC_VPedestrian#169, CNPC_VRat#169, CNPC_VVampire#169	dead	layer 0
function	0x10027060	CAISound::FUN_10027060	CCineNPC#170, CNPCMaker#170, CNPC_VHumanCombatant#170, CNPC_VPedestrian#170, CNPC_VRat#170, CNPC_VVampire#170	dead	layer 0
function	0x10027080	CBaseEntity::StartBlocked	CCineNPC#177, CNPCMaker#177, CNPC_VHumanCombatant#177, CNPC_VPedestrian#177, CNPC_VRat#177, CNPC_VVampire#177		layer 0
function	0x100270a0	CAISound::FUN_100270a0	CCineNPC#179, CNPCMaker#179, CNPC_VHumanCombatant#179, CNPC_VPedestrian#179, CNPC_VRat#179, CNPC_VVampire#179	dead	layer 0
function	0x100270c0	CAISound::FUN_100270c0	CCineNPC#186, CNPCMaker#186, CNPC_VHumanCombatant#186, CNPC_VPedestrian#186, CNPC_VRat#186, CNPC_VVampire#186	rule	layer 0
function	0x100270e0	CAISound::FUN_100270e0	CCineNPC#187, CNPCMaker#187, CNPC_VHumanCombatant#187, CNPC_VPedestrian#187, CNPC_VRat#187, CNPC_VVampire#187	dead	layer 0
function	0x10027100	CAISound::FUN_10027100	CCineNPC#188, CNPCMaker#188, CNPC_VHumanCombatant#188, CNPC_VPedestrian#188, CNPC_VRat#188, CNPC_VVampire#188	dead	layer 0
function	0x10027120	CAISound::FUN_10027120	CCineNPC#190, CNPCMaker#190, CNPC_VHumanCombatant#190, CNPC_VPedestrian#190, CNPC_VRat#190, CNPC_VVampire#190	dead	layer 0
function	0x10027140	CAISound::FUN_10027140	CCineNPC#191, CNPCMaker#191, CNPC_VHumanCombatant#191, CNPC_VPedestrian#191, CNPC_VRat#191, CNPC_VVampire#191	dead	layer 0
function	0x10027160	CAISound::FUN_10027160	CCineNPC#192, CNPCMaker#192, CNPC_VHumanCombatant#192, CNPC_VPedestrian#192, CNPC_VRat#192, CNPC_VVampire#192	mechanism	layer 8
function	0x10027330	CAISound::FUN_10027330	CCineNPC#205, CNPCMaker#205, CNPC_VHumanCombatant#205, CNPC_VPedestrian#205, CNPC_VRat#205, CNPC_VVampire#205	dead	layer 0
function	0x10027350	CAISound::FUN_10027350	CCineNPC#206, CNPCMaker#206, CNPC_VHumanCombatant#206, CNPC_VPedestrian#206, CNPC_VRat#206, CNPC_VVampire#206	dead	layer 0
function	0x10027370	CAISound::FUN_10027370	CCineNPC#210, CNPCMaker#210, CNPC_VHumanCombatant#210, CNPC_VPedestrian#210, CNPC_VRat#210, CNPC_VVampire#210	mechanism	layer 0
function	0x100273b0	CAISound::FUN_100273b0	CCineNPC#224, CNPCMaker#224, CNPC_VHumanCombatant#224, CNPC_VPedestrian#224, CNPC_VRat#224, CNPC_VVampire#224	dead	layer 0
function	0x100273d0	CBaseEntity::VPhysicsShadowUpdate	CCineNPC#229, CNPCMaker#229, CNPC_VHumanCombatant#229, CNPC_VPedestrian#229, CNPC_VRat#229, CNPC_VVampire#229		layer 0
function	0x100273f0	CAISound::FUN_100273f0	CCineNPC#235, CNPCMaker#235, CNPC_VHumanCombatant#235, CNPC_VPedestrian#235, CNPC_VRat#235, CNPC_VVampire#235	dead	layer 0
function	0x10027410	CAISound::FUN_10027410	CCineNPC#236, CNPCMaker#236, CNPC_VHumanCombatant#236, CNPC_VPedestrian#236, CNPC_VRat#236, CNPC_VVampire#236	dead	layer 0
function	0x10027430	CAISound::FUN_10027430	-	dead	layer 0
function	0x10027450	CAISound::FUN_10027450	CCineNPC#0, CNPCMaker#0, CNPC_VHumanCombatant#0, CNPC_VPedestrian#0, CNPC_VRat#0, CNPC_VVampire#0	mechanism	layer 0
function	0x10027470	CBaseEntity::GetRefEHandle	CCineNPC#1, CNPCMaker#1, CNPC_VHumanCombatant#1, CNPC_VPedestrian#1, CNPC_VRat#1, CNPC_VVampire#1		layer 0
function	0x10027490	CAISound::FUN_10027490	CCineNPC#116, CNPCMaker#116, CNPC_VHumanCombatant#116, CNPC_VPedestrian#116, CNPC_VRat#116, CNPC_VVampire#116	mechanism	layer 0
function	0x100274b0	CBaseEntity::GetLocalVelocity	CCineNPC#198, CNPCMaker#198, CNPC_VHumanCombatant#198, CNPC_VPedestrian#198, CNPC_VRat#198, CNPC_VVampire#198		layer 0
function	0x100274d0	CBaseEntity::GetSolidFlags	CCineNPC#211, CNPCMaker#211, CNPC_VHumanCombatant#211, CNPC_VPedestrian#211, CNPC_VRat#211, CNPC_VVampire#211		layer 0
function	0x10027570	CBaseEntity::GetSolid	CCineNPC#92, CNPCMaker#92, CNPC_VHumanCombatant#92, CNPC_VPedestrian#92, CNPC_VRat#92, CNPC_VVampire#92		layer 0
function	0x10027610	CBaseEntity::GetCollideable	CCineNPC#2, CNPCMaker#2, CNPC_VHumanCombatant#2, CNPC_VPedestrian#2, CNPC_VRat#2, CNPC_VVampire#2		layer 0
function	0x10027630	CAISound::FUN_10027630	CCineNPC#3, CNPCMaker#3, CNPC_VHumanCombatant#3, CNPC_VPedestrian#3, CNPC_VRat#3, CNPC_VVampire#3	mechanism	layer 0
function	0x10027650	CAISound::FUN_10027650	CCineNPC#4, CNPCMaker#4, CNPC_VHumanCombatant#4, CNPC_VPedestrian#4, CNPC_VRat#4, CNPC_VVampire#4	mechanism	layer 0
function	0x100290c0	FUN_100290c0	-		layer 0
function	0x1002c900	FUN_1002c900	-		layer 0
function	0x1002c920	FUN_1002c920	-		layer 0
function	0x1002ca10	FUN_1002ca10	-		layer 0
function	0x1002cbd0	FUN_1002cbd0	-		layer 0
function	0x1002cca0	FUN_1002cca0	-		layer 0
function	0x1002ee60	FUN_1002ee60	-		layer 3
function	0x10032b00	FUN_10032b00	-		layer 0
function	0x100335e0	FUN_100335e0	-		layer 0
function	0x100342c0	CBaseEntity::PhysicsRelinkChildren	-		layer 0
function	0x100353c0	FUN_100353c0	-		layer 0
function	0x10035780	CBaseEntity::PhysicsPushEntity	CCineNPC#234, CNPCMaker#234, CNPC_VHumanCombatant#234, CNPC_VPedestrian#234, CNPC_VRat#234, CNPC_VVampire#234		layer 0
function	0x10037300	FUN_10037300	-		layer 0
function	0x100389e0	CBaseEntity::PhysicsPushRotate	CCineNPC#239, CNPCMaker#239, CNPC_VHumanCombatant#239, CNPC_VPedestrian#239, CNPC_VRat#239, CNPC_VVampire#239		layer 0
function	0x10039ff0	CBaseEntity::PerformCustomPhysics	CCineNPC#238, CNPCMaker#238, CNPC_VHumanCombatant#238, CNPC_VPedestrian#238, CNPC_VRat#238, CNPC_VVampire#238		layer 0
function	0x1003d3d0	CBaseEntity::IsCurrentlyTouching	CCineNPC#207, CNPCMaker#207, CNPC_VHumanCombatant#207, CNPC_VPedestrian#207, CNPC_VRat#207, CNPC_VVampire#207		layer 0
function	0x1003e250	CBaseEntity::GetTouchTrace	-		layer 0
function	0x1003e4b0	FUN_1003e4b0	-		layer 0
function	0x1003e7a0	CBaseEntity::PhysicsSolidMaskForEntity	CCineNPC#237, CNPCMaker#237, CNPC_VHumanCombatant#237, CNPC_VPedestrian#237, CNPC_VRat#237, CNPC_VVampire#237		layer 0
function	0x1003ff80	FUN_1003ff80	-		layer 0
function	0x1004f7a0	FUN_1004f7a0	-		layer 0
function	0x1004f860	FUN_1004f860	-		layer 0
function	0x1004fbb0	CAI_BaseNPC::FUN_1004fbb0	CCineNPC#108, CNPCMaker#108, CNPC_VHumanCombatant#108, CNPC_VPedestrian#108, CNPC_VRat#108, CNPC_VVampire#108	dead	layer 11
function	0x1004fbf0	CAI_BaseNPC::FUN_1004fbf0	CCineNPC#109, CNPCMaker#109, CNPC_VHumanCombatant#109, CNPC_VPedestrian#109, CNPC_VRat#109, CNPC_VVampire#109	dead	layer 11
function	0x1004fc10	CAI_BaseNPC::FUN_1004fc10	CCineNPC#152, CNPCMaker#152, CNPC_VHumanCombatant#152, CNPC_VPedestrian#152, CNPC_VRat#152, CNPC_VVampire#152	dead	layer 0
function	0x1004fc50	CAI_BaseNPC::FUN_1004fc50	CCineNPC#137, CNPCMaker#137, CNPC_VHumanCombatant#137, CNPC_VPedestrian#137, CNPC_VRat#137, CNPC_VVampire#137	mechanism	layer 0
function	0x10050b90	FUN_10050b90	-		layer 9
function	0x10050c70	FUN_10050c70	-		layer 9
function	0x10050d90	FUN_10050d90	-		layer 9
function	0x10050e70	FUN_10050e70	-		layer 8
function	0x100511e0	CDisciplineParticle::Update	-		layer 11
function	0x10051650	CDisciplineParticle::AddToUser	-		layer 2
function	0x10051810	CDisciplineParticle::RemoveFromUser	-		layer 1
function	0x10052030	CBaseCombatCharacter::RemoveDisciplineVisuals	-		layer 4
function	0x100521e0	CBaseCombatCharacter::UpdateDisciplineVisuals	-		layer 21
function	0x100532b0	CBaseCombatCharacter::UpdateAuspex	-		layer 13
function	0x10053e20	CBaseCombatCharacter::SetShakyHands	CCineNPC#343, CNPCMaker#343, CNPC_VHumanCombatant#343, CNPC_VPedestrian#343, CNPC_VRat#343, CNPC_VVampire#343		layer 0
function	0x10053fa0	CBaseCombatCharacter::GetShakyHandsIntensity	CCineNPC#344, CNPCMaker#344, CNPC_VHumanCombatant#344, CNPC_VPedestrian#344, CNPC_VRat#344, CNPC_VVampire#344		layer 0
function	0x10054060	CBaseCombatCharacter::UpdatePoseParameters	CCineNPC#314		layer 2
function	0x100544f0	CBaseCombatCharacter::CreateSecondaryDiscParticles	-		layer 10
function	0x10054ad0	FUN_10054ad0	-		layer 0
function	0x10054c00	FUN_10054c00	-		layer 2
function	0x10055000	FUN_10055000	-		layer 1
function	0x10055050	FUN_10055050	-		layer 0
function	0x10055170	FUN_10055170	-		layer 2
function	0x10055520	FUN_10055520	-		layer 0
function	0x10055590	FUN_10055590	-		layer 1
function	0x10055ec0	FUN_10055ec0	-		layer 0
function	0x10055f50	FUN_10055f50	-		layer 1
function	0x100561a0	FUN_100561a0	-		layer 1
function	0x100576a0	FUN_100576a0	-		layer 5
function	0x10057740	FUN_10057740	-		layer 3
function	0x1005f190	FUN_1005f190	-		layer 0
function	0x1006c770	FUN_1006c770	-		layer 2
function	0x1006c9d0	FUN_1006c9d0	-		layer 1
function	0x1006ca50	FUN_1006ca50	-		layer 10
function	0x1006caa0	FUN_1006caa0	-		layer 0
function	0x1006cba0	FUN_1006cba0	-		layer 1
function	0x1006cf30	FUN_1006cf30	-		layer 5
function	0x1006cff0	FUN_1006cff0	-		layer 8
function	0x1006dec0	FUN_1006dec0	-		layer 0
function	0x1006edb0	FUN_1006edb0	-		layer 1
function	0x10071ae0	FUN_10071ae0	-		layer 0
function	0x10071ba0	FUN_10071ba0	-		layer 1
function	0x10072b10	FUN_10072b10	-		layer 0
function	0x10073b00	FUN_10073b00	-		layer 0
function	0x10074050	FUN_10074050	-		layer 0
function	0x10074070	FUN_10074070	-		layer 0
function	0x10074090	FUN_10074090	-		layer 0
function	0x100740d0	FUN_100740d0	-		layer 0
function	0x10074110	FUN_10074110	-		layer 0
function	0x10074160	FUN_10074160	-		layer 2
function	0x100741f0	FUN_100741f0	-		layer 4
function	0x100742b0	FUN_100742b0	-		layer 3
function	0x100745b0	FUN_100745b0	-		layer 5
function	0x100745d0	FUN_100745d0	-		layer 5
function	0x10074610	FUN_10074610	-		layer 6
function	0x100749a0	FUN_100749a0	-		layer 1
function	0x10074a00	FUN_10074a00	-		layer 0
function	0x10074a50	FUN_10074a50	-		layer 0
function	0x10075b70	FUN_10075b70	-		layer 0
function	0x10075c50	FUN_10075c50	-		layer 0
function	0x10075ca0	FUN_10075ca0	-		layer 0
function	0x10075e70	FUN_10075e70	-		layer 0
function	0x10075f10	FUN_10075f10	-		layer 0
function	0x10075f30	HasEndTime	-		layer 0
function	0x10076280	FUN_10076280	-		layer 1
function	0x100766d0	FUN_100766d0	-		layer 0
function	0x10076b30	CChoreoEvent::GetDuration	-		layer 1
function	0x10077430	FUN_10077430	-		layer 0
function	0x10077450	FUN_10077450	-		layer 1
function	0x10077710	FUN_10077710	-		layer 0
function	0x10077730	FUN_10077730	-		layer 0
function	0x10077ac0	FUN_10077ac0	-		layer 0
function	0x10077af0	FUN_10077af0	-		layer 0
function	0x10077e80	FUN_10077e80	-		layer 1
function	0x10077f10	FUN_10077f10	-		layer 2
function	0x10078630	FUN_10078630	-		layer 0
function	0x1007a2f0	FUN_1007a2f0	-		layer 0
function	0x1007a310	FUN_1007a310	-		layer 1
function	0x1007a340	FUN_1007a340	-		layer 2
function	0x1007bef0	FUN_1007bef0	-		layer 1
function	0x1007dfa0	FUN_1007dfa0	-		layer 0
function	0x10081980	FUN_10081980	-		layer 2
function	0x10082e40	FUN_10082e40	-		layer 0
function	0x10084b40	FUN_10084b40	-		layer 3
function	0x1008b530	CBaseAnimating::Dump	-		layer 0
function	0x1008be20	CBaseAnimating::IsIgnoreCollisionEntity	-		layer 0
function	0x1008bfe0	CBaseAnimating::ShouldIgnoreCollision	-		layer 0
function	0x1008c0a0	CBaseAnimating::Spawn	-		layer 0
function	0x1008c170	CBaseAnimating::GetEventName	CCineNPC#241, CNPCMaker#241, CNPC_VHumanCombatant#241, CNPC_VPedestrian#241, CNPC_VRat#241, CNPC_VVampire#241		layer 0
function	0x1008cfc0	CBaseAnimating::DisplayAnimEvent	-		layer 0
function	0x1008d990	CBaseAnimating::GetSeqDesc	-		layer 0
function	0x1008dac0	CBaseAnimating::GetSequencesForActivity	-		layer 0
function	0x1008dc40	CBaseAnimating::SelectWeightedSequence	-		layer 0
function	0x1008dd30	CBaseAnimating::SelectHeaviestSequence	-		layer 0
function	0x1008de20	CBaseAnimating::SelectSameSequence	-		layer 0
function	0x1008df10	CBaseAnimating::OnRestore	-		layer 0
function	0x1008e0a0	CBaseAnimating::AddExtraAnimationModels	CCineNPC#245, CNPCMaker#245, CNPC_VHumanCombatant#245, CNPC_VPedestrian#245, CNPC_VRat#245, CNPC_VVampire#245		layer 0
function	0x1008e310	CBaseAnimating::RemoveExtraAnimationModels	CCineNPC#246, CNPCMaker#246, CNPC_VHumanCombatant#246, CNPC_VPedestrian#246, CNPC_VRat#246, CNPC_VVampire#246		layer 0
function	0x1008e770	CBaseAnimating::CalcPose	-		layer 0
function	0x1008eb70	CBaseAnimating::SlerpBones	-		layer 0
function	0x1008f120	CBaseAnimating::StudioFrameAdvance	-		layer 0
function	0x1008f540	FUN_1008f540	-		layer 1
function	0x1008f6c0	CBaseAnimating::LookupActivity	-		layer 0
function	0x1008f7b0	CBaseAnimating::LookupSequence	-		layer 0
function	0x1008fab0	CBaseAnimating::GetSequenceMoveYaw	-		layer 0
function	0x1008fe80	CBaseAnimating::GetSequenceName	-		layer 0
function	0x1008ff50	CBaseAnimating::GetSequenceActivityName	-		layer 0
function	0x10090020	CBaseAnimating::GetSequenceActivity	-		layer 0
function	0x10090180	CBaseAnimating::BecomeClientRagdoll	-		layer 0
function	0x100903e0	CBaseAnimating::IsRagdoll	-		layer 0
function	0x100904a0	CBaseAnimating::ClearAllClientRagdolling	-		layer 0
function	0x10090580	CBaseAnimating::BurnModel	CCineNPC#243, CNPCMaker#243, CNPC_VHumanCombatant#243, CNPC_VPedestrian#243, CNPC_VRat#243, CNPC_VVampire#243		layer 0
function	0x10090890	FUN_10090890	-		layer 0
function	0x10090950	FUN_10090950	-		layer 4
function	0x10090c80	CBaseAnimating::SetAttackExtentsForSequence	CCineNPC#247, CNPCMaker#247, CNPC_VHumanCombatant#247, CNPC_VPedestrian#247, CNPC_VRat#247, CNPC_VVampire#247		layer 0
function	0x10090ef0	CBaseAnimating::GetSequenceFlags	-		layer 0
function	0x10091080	CBaseAnimating::SequenceDuration	-		layer 0
function	0x10091230	CBaseAnimating::GetSequenceCycleRate	-		layer 0
function	0x10091310	CBaseAnimating::GetSequenceYawSpeed	-		layer 0
function	0x10091490	CBaseAnimating::GetSequenceGroundSpeed	-		layer 0
function	0x100916a0	CBaseAnimating::GetIdealYawSpeed	CCineNPC#242, CNPCMaker#242, CNPC_VHumanCombatant#242, CNPC_VPedestrian#242, CNPC_VRat#242, CNPC_VVampire#242		layer 0
function	0x10091740	CBaseAnimating::GetIdealSpeed	CCineNPC#248, CNPCMaker#248, CNPC_VHumanCombatant#248, CNPC_VPedestrian#248, CNPC_VRat#248, CNPC_VVampire#248		layer 0
function	0x100917e0	CBaseAnimating::GetIdealAccel	CCineNPC#249, CNPCMaker#249, CNPC_VHumanCombatant#249, CNPC_VPedestrian#249, CNPC_VRat#249, CNPC_VVampire#249		layer 0
function	0x10091880	CBaseAnimating::DispatchAnimEvents	-		layer 0
function	0x10091da0	CBaseAnimating::HandleAnimEvent	-		layer 0
function	0x10091f10	CBaseAnimating::SetPoseParameter01	CCineNPC#261, CNPCMaker#261, CNPC_VHumanCombatant#261, CNPC_VPedestrian#261, CNPC_VRat#261, CNPC_VVampire#261		layer 0
function	0x10091fe0	CBaseAnimating::SetPoseParameter02	CCineNPC#260, CNPCMaker#260, CNPC_VHumanCombatant#260, CNPC_VPedestrian#260, CNPC_VRat#260, CNPC_VVampire#260		layer 0
function	0x100920d0	CBaseAnimating::GetPoseParameter01	-		layer 0
function	0x10092270	CBaseAnimating::LookupPoseParameter	-		layer 0
function	0x10092380	CBaseAnimating::HasPoseParameter01	-		layer 0
function	0x10092550	CBaseAnimating::LookupBone	-		layer 0
function	0x10092610	CBaseAnimating::GetBonePosition01	-		layer 0
function	0x100926e0	CBaseAnimating::GetBonePosition02	-		layer 0
function	0x100927f0	CBaseAnimating::GetBoneTransform	CCineNPC#256, CNPCMaker#256, CNPC_VHumanCombatant#256, CNPC_VPedestrian#256, CNPC_VRat#256, CNPC_VVampire#256		layer 0
function	0x10092b50	CBaseAnimating::SetupBones	CCineNPC#257, CNPCMaker#257, CNPC_VHumanCombatant#257, CNPC_VPedestrian#257, CNPC_VRat#257, CNPC_VVampire#257		layer 0
function	0x10092e20	CBaseAnimating::GetAttachment01	-		layer 0
function	0x10092ef0	CBaseAnimating::GetAttachment02	-		layer 0
function	0x10093000	CBaseAnimating::GetAttachment03	CCineNPC#262, CNPCMaker#262, CNPC_VHumanCombatant#262, CNPC_VPedestrian#262, CNPC_VRat#262, CNPC_VVampire#262		layer 0
function	0x100936e0	CBaseAnimating::FindTransitionSequence	-		layer 0
function	0x10094520	CBaseAnimating::GetNumFlexControllers	-		layer 0
function	0x100946b0	CBaseAnimating::GetFlexControllerName	-		layer 0
function	0x10094870	CBaseAnimating::GetGroundSpeedVelocity	CCineNPC#263, CNPCMaker#263, CNPC_VHumanCombatant#263, CNPC_VPedestrian#263, CNPC_VRat#263, CNPC_VVampire#263		layer 0
function	0x10094b70	CBaseAnimating::GetIntervalMovement	-		layer 0
function	0x10094eb0	CBaseAnimating::HasMovement	-		layer 0
function	0x10095030	CBaseAnimating::SetModel	-		layer 0
function	0x100952d0	CBaseAnimating::GetModelPtr	-		layer 0
function	0x100956e0	CBaseAnimating::TestCollision	CCineNPC#99, CNPCMaker#99, CNPC_VHumanCombatant#99, CNPC_VPedestrian#99, CNPC_VRat#99, CNPC_VVampire#99		layer 0
function	0x10095a20	CBaseAnimating::TestHitboxes	CCineNPC#100, CNPCMaker#100, CNPC_VHumanCombatant#100, CNPC_VPedestrian#100, CNPC_VRat#100, CNPC_VVampire#100		layer 0
function	0x10095be0	FUN_10095be0	-		layer 3
function	0x10095cb0	FUN_10095cb0	-		layer 2
function	0x10095e50	CBaseAnimating::GetVelocity	CCineNPC#199, CNPCMaker#199, CNPC_VHumanCombatant#199, CNPC_VPedestrian#199, CNPC_VRat#199, CNPC_VVampire#199		layer 0
function	0x100963d0	CBaseAnimating::ResetClientsideFrame	-		layer 0
function	0x10096980	CBaseAnimating::DrawServerHitboxes	CCineNPC#264, CNPCMaker#264, CNPC_VHumanCombatant#264, CNPC_VPedestrian#264, CNPC_VRat#264, CNPC_VVampire#264		layer 0
function	0x10096b50	CBaseAnimating::GetHitboxBone	-		layer 0
function	0x10097000	CBaseAnimating::GetBoneHitbox	-		layer 0
function	0x10097310	CBaseAnimating::CopyAnimationDataFrom	-		layer 0
function	0x100976e0	CBaseAnimating::BlendTransformWithNextSequenceChange	-		layer 0
function	0x10098830	CAnimationLayer::StudioFrameAdvance	-		layer 1
function	0x10098a40	CAI_BaseNPC::FUN_10098a40	CCineNPC#267, CNPCMaker#267, CNPC_VHumanCombatant#267, CNPC_VPedestrian#267, CNPC_VRat#267, CNPC_VVampire#267	mechanism	layer 0
function	0x10098a90	CBaseAnimatingOverlay::Dump	-		layer 1
function	0x10098bb0	CBaseAnimatingOverlay::StudioFrameAdvance	CCineNPC#250, CNPCMaker#250, CNPC_VHumanCombatant#250, CNPC_VPedestrian#250, CNPC_VRat#250, CNPC_VVampire#250		layer 2
function	0x10098c80	CBaseAnimatingOverlay::DispatchAnimEvents	CCineNPC#258, CNPCMaker#258, CNPC_VHumanCombatant#258, CNPC_VPedestrian#258, CNPC_VRat#258, CNPC_VVampire#258		layer 2
function	0x10098cd0	FUN_10098cd0	-		layer 1
function	0x10098eb0	CAI_BaseNPC::FUN_10098eb0	CCineNPC#255, CNPCMaker#255, CNPC_VHumanCombatant#255, CNPC_VPedestrian#255, CNPC_VRat#255, CNPC_VVampire#255	mechanism	layer 13
function	0x10099020	CAI_BaseNPC::FUN_10099020	CCineNPC#268, CNPCMaker#268, CNPC_VHumanCombatant#268, CNPC_VPedestrian#268, CNPC_VRat#268, CNPC_VVampire#268	mechanism	layer 1
function	0x100990f0	FUN_100990f0	-		layer 0
function	0x100991b0	CBaseAnimatingOverlay::AddGesture	-		layer 3
function	0x10099250	FUN_10099250	-		layer 4
function	0x10099470	CAI_BaseNPC::AllocateLayer	CCineNPC#272, CNPCMaker#272, CNPC_VHumanCombatant#272, CNPC_VPedestrian#272, CNPC_VRat#272, CNPC_VVampire#272	mechanism	layer 1
function	0x100994c0	CAI_BaseNPC::FUN_100994c0	CCineNPC#271, CNPCMaker#271, CNPC_VHumanCombatant#271, CNPC_VPedestrian#271, CNPC_VRat#271, CNPC_VVampire#271	mechanism	layer 1
function	0x10099540	CAI_BaseNPC::FUN_10099540	CCineNPC#270, CNPCMaker#270, CNPC_VHumanCombatant#270, CNPC_VPedestrian#270, CNPC_VRat#270, CNPC_VVampire#270	mechanism	layer 2
function	0x10099570	CAI_BaseNPC::FUN_10099570	CCineNPC#273, CNPCMaker#273, CNPC_VHumanCombatant#273, CNPC_VPedestrian#273, CNPC_VRat#273, CNPC_VVampire#273	mechanism	layer 4
function	0x100995e0	CAI_BaseNPC::FUN_100995e0	CCineNPC#274, CNPCMaker#274, CNPC_VHumanCombatant#274, CNPC_VPedestrian#274, CNPC_VRat#274, CNPC_VVampire#274	mechanism	layer 2
function	0x10099630	CAI_BaseNPC::FUN_10099630	CCineNPC#275, CNPCMaker#275, CNPC_VHumanCombatant#275, CNPC_VPedestrian#275, CNPC_VRat#275, CNPC_VVampire#275	mechanism	layer 0
function	0x10099660	CAI_BaseNPC::FUN_10099660	CCineNPC#269, CNPCMaker#269, CNPC_VHumanCombatant#269, CNPC_VPedestrian#269, CNPC_VRat#269, CNPC_VVampire#269	mechanism	layer 0
function	0x10099690	CAI_BaseNPC::FUN_10099690	CCineNPC#265, CNPCMaker#265, CNPC_VHumanCombatant#265, CNPC_VPedestrian#265, CNPC_VRat#265, CNPC_VVampire#265	mechanism	layer 6
function	0x100997f0	CAI_BaseNPC::FUN_100997f0	CCineNPC#266, CNPCMaker#266, CNPC_VHumanCombatant#266, CNPC_VPedestrian#266, CNPC_VRat#266, CNPC_VVampire#266	mechanism	layer 0
function	0x1009a660	CAISound::FUN_1009a660	-	dead	layer 0
function	0x1009a680	CAISound::FUN_1009a680	-	dead	layer 0
function	0x1009ac80	CBaseEntity::DebugSetEntityName	CCineNPC#11, CNPCMaker#11, CNPC_VHumanCombatant#11, CNPC_VPedestrian#11, CNPC_VRat#11, CNPC_VVampire#11		layer 0
function	0x1009ad70	CBaseEntity::DebugGetEntityName	CCineNPC#12, CNPCMaker#12, CNPC_VHumanCombatant#12, CNPC_VPedestrian#12, CNPC_VRat#12, CNPC_VVampire#12		layer 0
function	0x1009ae10	CBaseEntity::DebugSetClassName	CCineNPC#13, CNPCMaker#13, CNPC_VHumanCombatant#13, CNPC_VPedestrian#13, CNPC_VRat#13, CNPC_VVampire#13		layer 0
function	0x1009af00	CAISound::FUN_1009af00	CCineNPC#14, CNPCMaker#14, CNPC_VHumanCombatant#14, CNPC_VPedestrian#14, CNPC_VRat#14, CNPC_VVampire#14	dead	layer 0
function	0x1009af40	CBaseEntity::SetAttackExtents	CCineNPC#15, CNPCMaker#15, CNPC_VHumanCombatant#15, CNPC_VPedestrian#15, CNPC_VRat#15, CNPC_VVampire#15		layer 0
function	0x1009b030	CAISound::FUN_1009b030	CCineNPC#16, CNPCMaker#16, CNPC_VHumanCombatant#16, CNPC_VPedestrian#16, CNPC_VRat#16, CNPC_VVampire#16	rule	layer 0
function	0x1009b060	CBaseEntity::SetAbsoluteAttackExtents	-		layer 0
function	0x1009b1d0	CBaseEntity::TraceMessageBase	-		layer 0
function	0x1009b2c0	CAISound::FUN_1009b2c0	CCineNPC#18	dead	layer 1
function	0x1009b380	CAISound::FUN_1009b380	CCineNPC#17	dead	layer 1
function	0x1009b440	CBaseEntity::TraceMessageBareBase	-		layer 0
function	0x1009b500	CAISound::FUN_1009b500	CCineNPC#20	dead	layer 1
function	0x1009b5a0	CAISound::FUN_1009b5a0	CCineNPC#19	dead	layer 1
function	0x1009b640	CBaseEntity::DumpString	-		layer 0
function	0x1009b700	CBaseEntity::DumpStringt	-		layer 0
function	0x1009b8a0	CBaseEntity::DumpBool	-		layer 0
function	0x1009b980	CBaseEntity::DumpInt	-		layer 0
function	0x1009ba60	CBaseEntity::DumpFloat	-		layer 0
function	0x1009bb40	CBaseEntity::DumpBits32	-		layer 0
function	0x1009bc30	CBaseEntity::DumpPtr	-		layer 0
function	0x1009be00	CBaseEntity::DumpVector	-		layer 0
function	0x1009c000	CBaseEntity::DumpEhandle	-		layer 0
function	0x1009c2d0	CBaseEntity::DumpActivity	-		layer 0
function	0x1009c390	FUN_1009c390	-		layer 11
function	0x1009c4c0	CBaseEntity::DumpCharArray	-		layer 0
function	0x1009c850	CBaseEntity::DumpEhandleArray	-		layer 0
function	0x1009c980	CBaseEntity::Dump	-		layer 0
function	0x1009d1e0	CBaseEntity::ForceTransmit	-		layer 0
function	0x1009d2a0	CBaseEntity::Hide	CCineNPC#66, CNPCMaker#66, CNPC_VHumanCombatant#66, CNPC_VPedestrian#66, CNPC_VRat#66, CNPC_VVampire#66		layer 0
function	0x1009d380	CBaseEntity::Unhide	CCineNPC#67, CNPCMaker#67, CNPC_VHumanCombatant#67, CNPC_VPedestrian#67, CNPC_VRat#67, CNPC_VVampire#67		layer 0
function	0x1009d460	CBaseEntity::PrecacheSoundTable	CCineNPC#71, CNPCMaker#71, CNPC_VHumanCombatant#71, CNPC_VPedestrian#71, CNPC_VRat#71, CNPC_VVampire#71		layer 0
function	0x1009d5e0	CBaseEntity::GetVSoundTableIdx	-		layer 0
function	0x1009d6a0	CBaseEntity::GetVSoundGroup	-		layer 0
function	0x1009d760	CBaseEntity::GetVSoundGroupFemale	-		layer 0
function	0x1009d820	CBaseEntity::IsMonster	CCineNPC#70, CNPCMaker#70, CNPC_VHumanCombatant#70, CNPC_VPedestrian#70, CNPC_VRat#70, CNPC_VVampire#70		layer 0
function	0x1009d850	CBaseEntity::AdjustSoundDistForStealth	-		layer 0
function	0x1009e100	CAISound::FUN_1009e100	-	mechanism	layer 0
function	0x1009e120	CBaseEntity::PostConstructor	-		layer 0
function	0x1009e280	CBaseEntity::ParseMapData	CCineNPC#107, CNPC_VHumanCombatant#107, CNPC_VPedestrian#107, CNPC_VRat#107, CNPC_VVampire#107		layer 0
function	0x1009e430	CAISound::FUN_1009e430	-	rule	layer 9
function	0x1009ebb0	CAISound::FUN_1009ebb0	-	dead	layer 10
function	0x1009eca0	CAISound::FUN_1009eca0	-	dead	layer 10
function	0x1009edc0	CBaseEntity::SetCollisionBounds	-		layer 0
function	0x1009ee80	CBaseEntity::SetAimEnt	-		layer 0
function	0x1009f120	CBaseEntity::SetClassname	CCineNPC#122, CNPCMaker#122, CNPC_VHumanCombatant#122, CNPC_VPedestrian#122, CNPC_VRat#122, CNPC_VVampire#122		layer 0
function	0x1009f200	CBaseEntity::GetClassname	-		layer 0
function	0x1009f2c0	CBaseEntity::BodyTarget	-		layer 0
function	0x1009f380	FUN_1009f380	-		layer 0
function	0x1009f3c0	CBaseEntity::AddTimedOverlay	-		layer 0
function	0x1009f4e0	CBaseEntity::DrawBBoxOverlay	-		layer 0
function	0x1009faf0	CBaseEntity::DrawMuzzleOverlay	-		layer 0
function	0x100a0130	CBaseEntity::DrawDebugGeometryOverlays	-		layer 0
function	0x100a02b0	CBaseEntity::DrawDebugTextOverlays	-		layer 0
function	0x100a0420	CBaseEntity::SetName	-		layer 0
function	0x100a0670	FUN_100a0670	-		layer 2
function	0x100a0990	FUN_100a0990	-		layer 0
function	0x100a0a10	FUN_100a0a10	-		layer 0
function	0x100a0ae0	FUN_100a0ae0	-		layer 0
function	0x100a0bc0	CBaseEntity::Activate	-		layer 0
function	0x100a0d20	CBaseEntity::TakeHealth	-		layer 0
function	0x100a0e40	CBaseEntity::OnTakeDamage	-		layer 0
function	0x100a1250	CBaseEntity::TakeDamage	-		layer 0
function	0x100a1360	CBaseEntity::GetAttackDamageScale	CCineNPC#203, CNPCMaker#203, CNPC_VHumanCombatant#203, CNPC_VPedestrian#203, CNPC_VRat#203, CNPC_VVampire#203		layer 0
function	0x100a1470	CBaseEntity::GetReceivedDamageScale	CCineNPC#204, CNPCMaker#204, CNPC_VHumanCombatant#204, CNPC_VPedestrian#204, CNPC_VRat#204, CNPC_VVampire#204		layer 0
function	0x100a1580	CBaseEntity::VPhysicsTakeDamage	CCineNPC#227, CNPCMaker#227, CNPC_VHumanCombatant#227, CNPC_VPedestrian#227, CNPC_VRat#227, CNPC_VVampire#227		layer 0
function	0x100a19c0	FUN_100a19c0	-		layer 0
function	0x100a1a70	CBaseEntity::Event_Killed	-		layer 0
function	0x100a1b40	CBaseEntity::HasTarget	CCineNPC#160, CNPCMaker#160, CNPC_VHumanCombatant#160, CNPC_VPedestrian#160, CNPC_VRat#160, CNPC_VVampire#160		layer 0
function	0x100a1c30	CBaseEntity::HasLinkedDoor	CCineNPC#161, CNPCMaker#161, CNPC_VHumanCombatant#161, CNPC_VPedestrian#161, CNPC_VRat#161, CNPC_VVampire#161		layer 0
function	0x100a1d20	CBaseEntity::GetNextTarget	CCineNPC#172, CNPCMaker#172, CNPC_VHumanCombatant#172, CNPC_VPedestrian#172, CNPC_VRat#172, CNPC_VVampire#172		layer 0
function	0x100a47d0	CBaseEntity::UpdateOnRemove	-		layer 0
function	0x100a49d0	CBaseEntity::StartTouch	CCineNPC#174, CNPCMaker#174, CNPC_VHumanCombatant#174, CNPC_VPedestrian#174, CNPC_VRat#174, CNPC_VVampire#174		layer 0
function	0x100a4af0	CBaseEntity::Touch	CNPCMaker#175, CNPC_VHumanCombatant#175, CNPC_VPedestrian#175, CNPC_VRat#175, CNPC_VVampire#175		layer 0
function	0x100a4c20	CBaseEntity::EndTouch	CCineNPC#176, CNPCMaker#176, CNPC_VHumanCombatant#176, CNPC_VPedestrian#176, CNPC_VRat#176, CNPC_VVampire#176		layer 0
function	0x100a4d40	CBaseEntity::Blocked	CNPCMaker#178, CNPC_VHumanCombatant#178, CNPC_VPedestrian#178, CNPC_VRat#178, CNPC_VVampire#178		layer 0
function	0x100a4e70	CBaseEntity::Use	CCineNPC#173, CNPCMaker#173, CNPC_VHumanCombatant#173, CNPC_VPedestrian#173, CNPC_VRat#173, CNPC_VVampire#173		layer 0
function	0x100a4fe0	CAISound::FUN_100a4fe0	CCineNPC#39, CNPCMaker#39, CNPC_VHumanCombatant#39, CNPC_VPedestrian#39, CNPC_VRat#39, CNPC_VVampire#39	rule	layer 8
function	0x100a5030	CAISound::FUN_100a5030	CCineNPC#42, CNPCMaker#42, CNPC_VHumanCombatant#42, CNPC_VPedestrian#42, CNPC_VRat#42, CNPC_VVampire#42	rule	layer 8
function	0x100a5070	CBaseEntity::PassesFindEntityFOVTrace	CCineNPC#45, CNPCMaker#45, CNPC_VHumanCombatant#45, CNPC_VPedestrian#45, CNPC_VRat#45, CNPC_VVampire#45		layer 0
function	0x100a52a0	CBaseEntity::EntityUnselectable	-		layer 0
function	0x100a53d0	CBaseEntity::PhysicsTouchTriggers	-		layer 0
function	0x100a55b0	CBaseEntity::VPhysicsUpdatePusher	-		layer 0
function	0x100a6150	CBaseEntity::VPhysicsInitShadow	-		layer 0
function	0x100a65a0	CBaseEntity::VPhysicsShadowCollision	-		layer 0
function	0x100a6640	CBaseEntity::VPhysicsCollision	CCineNPC#230, CNPCMaker#230, CNPC_VHumanCombatant#230, CNPC_VPedestrian#230, CNPC_VRat#230, CNPC_VVampire#230		layer 0
function	0x100a6800	CBaseEntity::VPhysicsFriction	CCineNPC#231, CNPCMaker#231, CNPC_VHumanCombatant#231, CNPC_VPedestrian#231, CNPC_VRat#231, CNPC_VVampire#231		layer 0
function	0x100a69e0	CBaseEntity::UpdatePhysicsShadowToCurrentPosition	CCineNPC#232, CNPCMaker#232, CNPC_VHumanCombatant#232, CNPC_VPedestrian#232, CNPC_VRat#232, CNPC_VVampire#232		layer 0
function	0x100a6ad0	CBaseEntity::VPhysicsGetObjectList	CCineNPC#233, CNPCMaker#233, CNPC_VHumanCombatant#233, CNPC_VPedestrian#233, CNPC_VRat#233, CNPC_VVampire#233		layer 0
function	0x100a6c50	CBaseEntity::DecalTrace	CCineNPC#155, CNPCMaker#155, CNPC_VHumanCombatant#155, CNPC_VPedestrian#155, CNPC_VRat#155, CNPC_VVampire#155		layer 0
function	0x100a6fa0	CBaseEntity::FVisible	CCineNPC#201		layer 0
function	0x100a7a80	CBaseEntity::Classify	CCineNPC#138		layer 0
function	0x100a7aa0	CBaseEntity::PassesDamageFilter	CCineNPC#140, CNPCMaker#140, CNPC_VHumanCombatant#140, CNPC_VPedestrian#140, CNPC_VRat#140, CNPC_VVampire#140		layer 0
function	0x100a7de0	CBaseEntity::TraceAttack	-		layer 0
function	0x100a8060	CBaseEntity::MakeDormant	-		layer 0
function	0x100a8400	CBaseEntity::TakeDamageFromCollision	CCineNPC#75, CNPCMaker#75, CNPC_VHumanCombatant#75, CNPC_VPedestrian#75, CNPC_VRat#75, CNPC_VVampire#75		layer 0
function	0x100a8710	CBaseEntity::ScriptHide	CCineNPC#77		layer 0
function	0x100a8990	CBaseEntity::ScriptUnhide	CCineNPC#78		layer 0
function	0x100a8ef0	CBaseEntity::ResetScriptedSoundOverrideEnt	-		layer 0
function	0x100a9290	CBaseEntity::SetNPCTransparent	-		layer 0
function	0x100a9470	CBaseEntity::SetOccludesSound	-		layer 0
function	0x100a9800	CBaseEntity::IsViewable	CCineNPC#163, CNPCMaker#163, CNPC_VHumanCombatant#163, CNPC_VPedestrian#163, CNPC_VRat#163, CNPC_VVampire#163		layer 0
function	0x100a99d0	CBaseEntity::Create	-		layer 0
function	0x100a9ab0	CBaseEntity::CreateNoSpawn	-		layer 0
function	0x100a9ba0	CBaseEntity::GetAimEntEdict	CCineNPC#96, CNPCMaker#96, CNPC_VHumanCombatant#96, CNPC_VPedestrian#96, CNPC_VRat#96, CNPC_VVampire#96		layer 0
function	0x100a9c90	CBaseEntity::GetOwnerEntity	CCineNPC#97, CNPCMaker#97, CNPC_VHumanCombatant#97, CNPC_VPedestrian#97, CNPC_VRat#97, CNPC_VVampire#97		layer 0
function	0x100a9eb0	CBaseEntity::GetSoundEmissionOrigin	CCineNPC#222, CNPCMaker#222, CNPC_VHumanCombatant#222, CNPC_VPedestrian#222, CNPC_VRat#222, CNPC_VVampire#222		layer 0
function	0x100a9f70	CBaseEntity::Save	-		layer 0
function	0x100aa140	CBaseEntity::Restore	-		layer 0
function	0x100aa4e0	CBaseEntity::OnSave	CCineNPC#129, CNPCMaker#129, CNPC_VHumanCombatant#129, CNPC_VPedestrian#129, CNPC_VRat#129, CNPC_VVampire#129		layer 0
function	0x100aa5a0	CAISound::FUN_100aa5a0	-	mechanism	layer 1
function	0x100aa680	CBaseEntity::ShouldSavePhysics	-		layer 0
function	0x100aa7b0	FUN_100aa7b0	-		layer 0
function	0x100aa840	CBaseEntity::IsTransparent	CCineNPC#90, CNPCMaker#90, CNPC_VHumanCombatant#90, CNPC_VPedestrian#90, CNPC_VRat#90, CNPC_VVampire#90		layer 0
function	0x100aa900	CBaseEntity::TestCollision	-		layer 0
function	0x100aa9a0	CBaseEntity::TestHitboxes	-		layer 0
function	0x100aaa40	CBaseEntity::SetCollisionGroup	-		layer 0
function	0x100aab10	CBaseEntity::SetOwnerEntity	CCineNPC#202, CNPCMaker#202, CNPC_VHumanCombatant#202, CNPC_VPedestrian#202, CNPC_VRat#202, CNPC_VVampire#202		layer 0
function	0x100aac30	CBaseEntity::GetMoveType	CCineNPC#94, CNPCMaker#94, CNPC_VHumanCombatant#94, CNPC_VPedestrian#94, CNPC_VRat#94, CNPC_VVampire#94		layer 0
function	0x100aacd0	CBaseEntity::GetMoveCollide	CCineNPC#95, CNPCMaker#95, CNPC_VHumanCombatant#95, CNPC_VPedestrian#95, CNPC_VRat#95, CNPC_VVampire#95		layer 0
function	0x100aad70	CBaseEntity::SetMoveType	CCineNPC#93, CNPCMaker#93, CNPC_VHumanCombatant#93, CNPC_VPedestrian#93, CNPC_VRat#93, CNPC_VVampire#93		layer 0
function	0x100aaf30	CBaseEntity::PostSpawn	-		layer 0
function	0x100ab020	CBaseEntity::ShouldTransmit	-		layer 0
function	0x100ab250	FUN_100ab250	-		layer 0
function	0x100ab280	CBaseEntity::SetTransmit	CCineNPC#87, CNPCMaker#87, CNPC_VHumanCombatant#87, CNPC_VPedestrian#87, CNPC_VRat#87, CNPC_VVampire#87		layer 0
function	0x100ab430	CAISound::FUN_100ab430	CCineNPC#101, CNPCMaker#101, CNPC_VHumanCombatant#101, CNPC_VPedestrian#101, CNPC_VRat#101, CNPC_VVampire#101	dead	layer 0
function	0x100ab450	CAISound::FUN_100ab450	CCineNPC#102, CNPCMaker#102, CNPC_VHumanCombatant#102, CNPC_VPedestrian#102, CNPC_VRat#102, CNPC_VVampire#102	mechanism	layer 3
function	0x100ab4f0	CBaseEntity::GetDebugName	-		layer 0
function	0x100ab980	CBaseEntity::DrawOutputOverlay	-		layer 0
function	0x100abc90	CBaseEntity::AcceptInput	CCineNPC#118, CNPCMaker#118, CNPC_VHumanCombatant#118, CNPC_VPedestrian#118, CNPC_VRat#118, CNPC_VVampire#118		layer 0
function	0x100ac4e0	CBaseEntity::ThinkSet	-		layer 0
function	0x100ac720	CBaseEntity::GetLastThink	-		layer 0
function	0x100acab0	CBaseEntity::ReadKeyField	CCineNPC#121, CNPCMaker#121, CNPC_VHumanCombatant#121, CNPC_VPedestrian#121, CNPC_VRat#121, CNPC_VVampire#121		layer 0
function	0x100ace00	CBaseEntity::GetInputDispatchEffectPosition	CCineNPC#120, CNPCMaker#120, CNPC_VHumanCombatant#120, CNPC_VPedestrian#120, CNPC_VRat#120, CNPC_VVampire#120		layer 0
function	0x100acf90	CBaseEntity::Kill	-		layer 0
function	0x100ad1a0	CBaseEntity::GetVelocity	-		layer 0
function	0x100ad320	CBaseEntity::GetVectors	-		layer 0
function	0x100ad460	CBaseEntity::SetModel	-		layer 0
function	0x100ad550	CBaseEntity::SetMovedir	CCineNPC#171, CNPCMaker#171, CNPC_VHumanCombatant#171, CNPC_VPedestrian#171, CNPC_VRat#171, CNPC_VVampire#171		layer 0
function	0x100ad6e0	CBaseEntity::Illumination	CCineNPC#200, CNPCMaker#200, CNPC_VHumanCombatant#200, CNPC_VPedestrian#200, CNPC_VRat#200, CNPC_VVampire#200		layer 0
function	0x100ad780	CBaseEntity::PostClientMessagesSent	CCineNPC#114, CNPCMaker#114, CNPC_VHumanCombatant#114, CNPC_VPedestrian#114, CNPC_VRat#114, CNPC_VVampire#114		layer 0
function	0x100ad850	CBaseEntity::GetDamageType	CCineNPC#189, CNPCMaker#189, CNPC_VHumanCombatant#189, CNPC_VPedestrian#189, CNPC_VRat#189, CNPC_VVampire#189		layer 0
function	0x100ad8f0	CAISound::FUN_100ad8f0	CCineNPC#182, CNPCMaker#182, CNPC_VHumanCombatant#182, CNPC_VPedestrian#182, CNPC_VRat#182, CNPC_VVampire#182	dead	layer 0
function	0x100ad910	CAISound::FUN_100ad910	CCineNPC#183, CNPCMaker#183, CNPC_VHumanCombatant#183, CNPC_VPedestrian#183, CNPC_VRat#183, CNPC_VVampire#183	dead	layer 0
function	0x100ada20	CBaseEntity::Teleport	CCineNPC#181, CNPCMaker#181, CNPC_VHumanCombatant#181, CNPC_VPedestrian#181, CNPC_VRat#181, CNPC_VVampire#181		layer 0
function	0x100b11d0	CBaseEntity::SetCheckUntouch	CCineNPC#6, CNPCMaker#6, CNPC_VHumanCombatant#6, CNPC_VPedestrian#6, CNPC_VRat#6, CNPC_VVampire#6		layer 0
function	0x100b12e0	CBaseEntity::SetSentLastFrame	CCineNPC#7, CNPCMaker#7, CNPC_VHumanCombatant#7, CNPC_VPedestrian#7, CNPC_VRat#7, CNPC_VVampire#7		layer 0
function	0x100b1420	CBaseEntity::SetGroundEntity	CCineNPC#208, CNPCMaker#208, CNPC_VHumanCombatant#208, CNPC_VPedestrian#208, CNPC_VRat#208, CNPC_VVampire#208		layer 0
function	0x100b1510	CBaseEntity::GetGroundEntity	CCineNPC#209, CNPCMaker#209, CNPC_VHumanCombatant#209, CNPC_VPedestrian#209, CNPC_VRat#209, CNPC_VVampire#209		layer 0
function	0x100b15f0	CBaseEntity::SetModelName	CCineNPC#212, CNPCMaker#212, CNPC_VHumanCombatant#212, CNPC_VPedestrian#212, CNPC_VRat#212, CNPC_VVampire#212		layer 0
function	0x100b1690	CBaseEntity::GetModelName	CCineNPC#9, CNPCMaker#9, CNPC_VHumanCombatant#9, CNPC_VPedestrian#9, CNPC_VRat#9, CNPC_VVampire#9		layer 0
function	0x100b1750	CBaseEntity::SetModelIndex	CCineNPC#10, CNPCMaker#10, CNPC_VHumanCombatant#10, CNPC_VPedestrian#10, CNPC_VRat#10, CNPC_VVampire#10		layer 0
function	0x100b17f0	CBaseEntity::GetModelIndex	CCineNPC#8, CNPCMaker#8, CNPC_VHumanCombatant#8, CNPC_VPedestrian#8, CNPC_VRat#8, CNPC_VVampire#8		layer 0
function	0x100b1890	CAISound::FUN_100b1890	CCineNPC#213, CNPCMaker#213, CNPC_VHumanCombatant#213, CNPC_VPedestrian#213, CNPC_VRat#213, CNPC_VVampire#213	mechanism	layer 0
function	0x100b1960	CBaseEntity::GetSize	CCineNPC#214, CNPCMaker#214, CNPC_VHumanCombatant#214, CNPC_VPedestrian#214, CNPC_VRat#214, CNPC_VVampire#214		layer 0
function	0x100b1ac0	CBaseEntity::CalcAbsolutePosition	CCineNPC#98, CNPCMaker#98, CNPC_VHumanCombatant#98, CNPC_VPedestrian#98, CNPC_VRat#98, CNPC_VVampire#98		layer 0
function	0x100b1d10	CBaseEntity::CalcAbsoluteVelocity	-		layer 0
function	0x100b2300	CBaseEntity::SetAbsOrigin	CCineNPC#216, CNPCMaker#216, CNPC_VHumanCombatant#216, CNPC_VPedestrian#216, CNPC_VRat#216, CNPC_VVampire#216		layer 0
function	0x100b2510	CBaseEntity::SetAbsAngles	CCineNPC#218, CNPCMaker#218, CNPC_VHumanCombatant#218, CNPC_VPedestrian#218, CNPC_VRat#218, CNPC_VVampire#218		layer 0
function	0x100b2770	CBaseEntity::SetAbsVelocity	-		layer 0
function	0x100b2be0	CBaseEntity::SetOrigin	CCineNPC#62, CNPCMaker#62, CNPC_VHumanCombatant#62, CNPC_VPedestrian#62, CNPC_VRat#62, CNPC_VVampire#62		layer 0
function	0x100b2d00	CBaseEntity::SetAngles	CCineNPC#64, CNPCMaker#64, CNPC_VHumanCombatant#64, CNPC_VPedestrian#64, CNPC_VRat#64, CNPC_VVampire#64		layer 0
function	0x100b2e30	CBaseEntity::SetLocalVelocity	-		layer 0
function	0x100b2f50	CBaseEntity::SetLocalAngularVelocity	-		layer 0
function	0x100b3070	CBaseEntity::GetOrigin	CCineNPC#220, CNPCMaker#220, CNPC_VHumanCombatant#220, CNPC_VPedestrian#220, CNPC_VRat#220, CNPC_VVampire#220		layer 0
function	0x100b3110	CBaseEntity::GetAngles	CCineNPC#221, CNPCMaker#221, CNPC_VHumanCombatant#221, CNPC_VPedestrian#221, CNPC_VRat#221, CNPC_VVampire#221		layer 0
function	0x100b31b0	CBaseEntity::GetAbsOrigin	CCineNPC#217, CNPCMaker#217, CNPC_VHumanCombatant#217, CNPC_VPedestrian#217, CNPC_VRat#217, CNPC_VVampire#217		layer 0
function	0x100b3280	CBaseEntity::GetAbsAngles	CCineNPC#219, CNPCMaker#219, CNPC_VHumanCombatant#219, CNPC_VPedestrian#219, CNPC_VRat#219, CNPC_VVampire#219		layer 0
function	0x100b3580	CBaseEntity::AddFlag	-		layer 0
function	0x100b3640	CBaseEntity::RemoveFlag	-		layer 0
function	0x100b3700	CBaseEntity::GetFlags	-		layer 0
function	0x100b3840	CBaseEntity::AddFlag2	-		layer 0
function	0x100b39c0	CBaseEntity::GetFlags2	-		layer 0
function	0x100b3b00	CBaseEntity::Relink	-		layer 0
function	0x100b3d10	CBaseEntity::GetEdict	CCineNPC#85, CNPCMaker#85, CNPC_VHumanCombatant#85, CNPC_VPedestrian#85, CNPC_VRat#85, CNPC_VVampire#85		layer 0
function	0x100b4320	CAI_BaseNPC::FUN_100b4320	CNPCMaker#117, CNPC_VHumanCombatant#117, CNPC_VPedestrian#117, CNPC_VRat#117, CNPC_VVampire#117	present	layer 0
function	0x100b4340	CAISound::FUN_100b4340	-	mechanism	layer 1
function	0x100b4790	FUN_100b4790	-		layer 0
function	0x100b4b40	CAISound::FUN_100b4b40	CCineNPC#193, CNPCMaker#193, CNPC_VHumanCombatant#193, CNPC_VPedestrian#193, CNPC_VRat#193, CNPC_VVampire#193	rule	layer 1
function	0x100b4bc0	CAISound::FUN_100b4bc0	CCineNPC#194, CNPCMaker#194, CNPC_VHumanCombatant#194, CNPC_VPedestrian#194, CNPC_VRat#194, CNPC_VVampire#194	mechanism	layer 1
function	0x100b4be0	CAISound::FUN_100b4be0	CCineNPC#195, CNPCMaker#195, CNPC_VHumanCombatant#195, CNPC_VPedestrian#195, CNPC_VRat#195, CNPC_VVampire#195	mechanism	layer 1
function	0x100b4c00	CAISound::FUN_100b4c00	CCineNPC#196, CNPCMaker#196, CNPC_VHumanCombatant#196, CNPC_VPedestrian#196, CNPC_VRat#196, CNPC_VVampire#196	rule	layer 2
function	0x100b4c30	CAISound::FUN_100b4c30	CCineNPC#215, CNPCMaker#215, CNPC_VHumanCombatant#215, CNPC_VPedestrian#215, CNPC_VRat#215, CNPC_VVampire#215	mechanism	layer 8
function	0x100b4dc0	CAISound::FUN_100b4dc0	CCineNPC#158, CNPCMaker#158, CNPC_VHumanCombatant#158, CNPC_VPedestrian#158, CNPC_VRat#158, CNPC_VVampire#158	rule	layer 0
function	0x100b4de0	CAISound::FUN_100b4de0	CCineNPC#91, CNPCMaker#91, CNPC_VHumanCombatant#91, CNPC_VPedestrian#91, CNPC_VRat#91, CNPC_VVampire#91	mechanism	layer 0
function	0x100b4ea0	CAISound::FUN_100b4ea0	CCineNPC#154, CNPCMaker#154, CNPC_VHumanCombatant#154, CNPC_VPedestrian#154, CNPC_VRat#154, CNPC_VVampire#154	mechanism	layer 0
function	0x100b4ef0	CBaseEntity::GetEFlags	CCineNPC#83, CNPCMaker#83, CNPC_VHumanCombatant#83, CNPC_VPedestrian#83, CNPC_VRat#83, CNPC_VVampire#83		layer 0
function	0x100b4f10	CBaseEntity::SetEFlags	CCineNPC#84, CNPCMaker#84, CNPC_VHumanCombatant#84, CNPC_VPedestrian#84, CNPC_VRat#84, CNPC_VVampire#84		layer 0
function	0x100b4f30	CAISound::FUN_100b4f30	CCineNPC#226, CNPCMaker#226, CNPC_VHumanCombatant#226, CNPC_VPedestrian#226, CNPC_VRat#226, CNPC_VVampire#226	mechanism	layer 1
function	0x100b5040	CAISound::FUN_100b5040	CCineNPC#225, CNPCMaker#225, CNPC_VHumanCombatant#225, CNPC_VPedestrian#225, CNPC_VRat#225, CNPC_VVampire#225	mechanism	layer 4
function	0x100b5080	CAISound::FUN_100b5080	-	dead	layer 0
function	0x100b50a0	CAISound::FUN_100b50a0	CCineNPC#164, CNPCMaker#164, CNPC_VHumanCombatant#164, CNPC_VPedestrian#164, CNPC_VRat#164, CNPC_VVampire#164	mechanism	layer 1
function	0x100b5110	FUN_100b5110	-		layer 0
function	0x100b5190	FUN_100b5190	-		layer 0
function	0x100b5340	FUN_100b5340	-		layer 0
function	0x100b5ab0	CBaseFlex::SetModel	-		layer 0
function	0x100b5b00	CAI_BaseNPC::FUN_100b5b00	CCineNPC#277, CNPCMaker#277, CNPC_VHumanCombatant#277, CNPC_VPedestrian#277, CNPC_VRat#277, CNPC_VVampire#277	mechanism	layer 0
function	0x100b5b40	CBaseFlex::GetViewtarget	CCineNPC#278, CNPCMaker#278, CNPC_VHumanCombatant#278, CNPC_VPedestrian#278, CNPC_VRat#278, CNPC_VVampire#278		layer 0
function	0x100b5b60	CAI_BaseNPC::FUN_100b5b60	CCineNPC#280, CNPCMaker#280, CNPC_VHumanCombatant#280, CNPC_VPedestrian#280, CNPC_VRat#280, CNPC_VVampire#280	mechanism	layer 6
function	0x100b5ba0	CAI_BaseNPC::FUN_100b5ba0	CCineNPC#279, CNPCMaker#279, CNPC_VHumanCombatant#279, CNPC_VPedestrian#279, CNPC_VRat#279, CNPC_VVampire#279	mechanism	layer 1
function	0x100b5c20	CAI_BaseNPC::FUN_100b5c20	CCineNPC#282, CNPCMaker#282, CNPC_VHumanCombatant#282, CNPC_VPedestrian#282, CNPC_VRat#282, CNPC_VVampire#282	mechanism	layer 6
function	0x100b5c50	CAI_BaseNPC::FUN_100b5c50	CCineNPC#281, CNPCMaker#281, CNPC_VHumanCombatant#281, CNPC_VPedestrian#281, CNPC_VRat#281, CNPC_VVampire#281	mechanism	layer 1
function	0x100b5ce0	CBaseFlex::Blink	CCineNPC#276, CNPCMaker#276, CNPC_VHumanCombatant#276, CNPC_VPedestrian#276, CNPC_VRat#276, CNPC_VVampire#276		layer 0
function	0x100b5d10	LookupFlexController	-		layer 5
function	0x100b5d80	CAI_BaseNPC::FUN_100b5d80	CCineNPC#285, CNPCMaker#285, CNPC_VHumanCombatant#285, CNPC_VPedestrian#285, CNPC_VRat#285, CNPC_VVampire#285	mechanism	layer 1
function	0x100b5e60	CAI_BaseNPC::FUN_100b5e60	CCineNPC#286	mechanism	layer 3
function	0x100b6180	CAI_BaseNPC::FUN_100b6180	CCineNPC#287, CNPCMaker#287, CNPC_VHumanCombatant#287, CNPC_VPedestrian#287, CNPC_VRat#287, CNPC_VVampire#287	mechanism	layer 1
function	0x100b6250	CAI_BaseNPC::FUN_100b6250	CCineNPC#283, CNPCMaker#283, CNPC_VHumanCombatant#283, CNPC_VPedestrian#283, CNPC_VRat#283, CNPC_VVampire#283	mechanism	layer 9
function	0x100b62a0	FUN_100b62a0	-		layer 6
function	0x100b6480	FUN_100b6480	-		layer 5
function	0x100b6510	FUN_100b6510	-		layer 0
function	0x100b6850	FUN_100b6850	-		layer 5
function	0x100b68d0	FUN_100b68d0	-		layer 0
function	0x100b6960	CAI_BaseNPC::FUN_100b6960	CCineNPC#289, CNPCMaker#289, CNPC_VHumanCombatant#289, CNPC_VPedestrian#289, CNPC_VRat#289, CNPC_VVampire#289	mechanism	layer 7
function	0x100b6cf0	CAI_BaseNPC::FUN_100b6cf0	CCineNPC#288, CNPCMaker#288, CNPC_VHumanCombatant#288, CNPC_VPedestrian#288, CNPC_VRat#288, CNPC_VVampire#288	mechanism	layer 6
function	0x100b6f10	FUN_100b6f10	-		layer 0
function	0x100b6f80	FUN_100b6f80	-		layer 0
function	0x100b7040	CAI_BaseNPC::FUN_100b7040	CCineNPC#291, CNPCMaker#291, CNPC_VHumanCombatant#291, CNPC_VPedestrian#291, CNPC_VRat#291, CNPC_VVampire#291	mechanism	layer 3
function	0x100b70e0	CAI_BaseNPC::FUN_100b70e0	CCineNPC#290, CNPCMaker#290, CNPC_VHumanCombatant#290, CNPC_VPedestrian#290, CNPC_VRat#290, CNPC_VVampire#290	mechanism	layer 2
function	0x100b7130	FUN_100b7130	-		layer 0
function	0x100bf5b0	FUN_100bf5b0	-		layer 5
function	0x100bf6a0	FUN_100bf6a0	-		layer 4
function	0x100c0e50	FUN_100c0e50	-		layer 2
function	0x100c1070	FUN_100c1070	-		layer 0
function	0x100c1230	FUN_100c1230	-		layer 9
function	0x100c12b0	FUN_100c12b0	-		layer 9
function	0x100c13a0	FUN_100c13a0	-		layer 10
function	0x100c17e0	FUN_100c17e0	-		layer 1
function	0x100c1870	FUN_100c1870	-		layer 0
function	0x100c1990	FUN_100c1990	-		layer 2
function	0x100c1c60	FUN_100c1c60	-		layer 5
function	0x100c1f40	FUN_100c1f40	-		layer 8
function	0x100c2420	FUN_100c2420	-		layer 3
function	0x100c25c0	FUN_100c25c0	-		layer 11
function	0x100c2ce0	FUN_100c2ce0	-		layer 10
function	0x100c32e0	FUN_100c32e0	-		layer 12
function	0x100c3600	FUN_100c3600	-		layer 2
function	0x100c4160	FUN_100c4160	-		layer 1
function	0x100c4340	FUN_100c4340	-		layer 0
function	0x100c43e0	FUN_100c43e0	-		layer 5
function	0x100c5400	FUN_100c5400	-		layer 6
function	0x100c57e0	FUN_100c57e0	-		layer 1
function	0x100c6020	FUN_100c6020	-		layer 7
function	0x100c65b0	FUN_100c65b0	-		layer 0
function	0x100c73b0	FUN_100c73b0	-		layer 0
function	0x100c7480	FUN_100c7480	-		layer 0
function	0x100c7650	FUN_100c7650	-		layer 0
function	0x100c77d0	FUN_100c77d0	-		layer 0
function	0x100c7f30	FUN_100c7f30	-		layer 0
function	0x100c80d0	FUN_100c80d0	-		layer 0
function	0x100cd240	FUN_100cd240	-		layer 1
function	0x100cd2d0	FUN_100cd2d0	-		layer 2
function	0x100cd300	FUN_100cd300	-		layer 6
function	0x100cd640	FUN_100cd640	-		layer 0
function	0x100cd660	FUN_100cd660	-		layer 7
function	0x100cddf0	FUN_100cddf0	-		layer 5
function	0x100cdf10	FUN_100cdf10	-		layer 5
function	0x100ce210	FUN_100ce210	-		layer 0
function	0x100ce450	FUN_100ce450	-		layer 1
function	0x100ce600	FUN_100ce600	-		layer 0
function	0x100ce630	FUN_100ce630	-		layer 1
function	0x100ce810	FUN_100ce810	-		layer 0
function	0x100d0390	FUN_100d0390	-		layer 0
function	0x100d1210	FUN_100d1210	-		layer 1
function	0x100d13d0	FUN_100d13d0	-		layer 2
function	0x100d1590	FUN_100d1590	-		layer 0
function	0x100d15d0	FUN_100d15d0	-		layer 0
function	0x100dbc60	FUN_100dbc60	-		layer 1
function	0x100dc430	FUN_100dc430	-		layer 0
function	0x100dc480	FUN_100dc480	-		layer 4
function	0x100dc580	FUN_100dc580	-		layer 4
function	0x100dc770	FUN_100dc770	-		layer 4
function	0x100dcd90	FUN_100dcd90	-		layer 2
function	0x100dd000	FUN_100dd000	-		layer 1
function	0x100dda20	FUN_100dda20	-		layer 3
function	0x100ddc40	FUN_100ddc40	-		layer 0
function	0x100ddd20	FUN_100ddd20	-		layer 2
function	0x100df010	FUN_100df010	-		layer 0
function	0x100df030	FUN_100df030	-		layer 0
function	0x100df120	FUN_100df120	-		layer 0
function	0x100df1b0	FUN_100df1b0	-		layer 0
function	0x100df240	FUN_100df240	-		layer 0
function	0x100df7b0	FUN_100df7b0	-		layer 0
function	0x100df850	FUN_100df850	-		layer 1
function	0x100dfaf0	FUN_100dfaf0	-		layer 2
function	0x100e0a40	CDialog::PlayWhisper	-	rule	layer 1
function	0x100e0f90	CDialog::SetDialogWindowActive	-		layer 2
function	0x100e1220	CDialog::ShowHistoryWindow	-		layer 2
function	0x100e13d0	CDialog::ShowPlayerChoices	-		layer 2
function	0x100e1580	FUN_100e1580	-		layer 0
function	0x100e1680	CDialog::generate_speech_filename	-		layer 0
function	0x100e1880	CDialog::LookupSpeechFile	-		layer 1
function	0x100e4780	CDialog::NPCNotifyDoneTalking	-	present	layer 14
function	0x100e4840	CDialog::goto_line_for_response	-	rule	layer 3
function	0x100e49b0	FUN_100e49b0	-	rule	layer 5
function	0x100e4bd0	CDialog::Pick	-	present	layer 14
function	0x100e4ef0	FUN_100e4ef0	-	rule	layer 6
function	0x100e4f30	CDialog::CallEventScript	-		layer 5
function	0x100e5240	CDialog::Release	-	present	layer 9
function	0x100e5690	CDialog::get	-		layer 0
function	0x100e5770	CDialog::unload	-		layer 6
function	0x100e58b0	FUN_100e58b0	-	rule	layer 0
function	0x100e58e0	CDialog::message_send	-	rule	layer 3
function	0x100e5c70	CDialog::CallPendingNPCEventScript	-	present	layer 6
function	0x100e5d00	CDialog::message_append	-		layer 2
function	0x100e65d0	CDialog::clan_offset	-	rule	layer 0
function	0x100e7310	CDialog::get_dialog_filename	-		layer 6
function	0x100e7c20	CDialog::line_free	-		layer 5
function	0x100e7d10	CDialog::line_copy	-		layer 0
function	0x100e7da0	CDialog::fill_packet	-	rule	layer 13
function	0x100e8060	FUN_100e8060	-		layer 0
function	0x100e8100	CDialog::process_npc_line	-	rule	layer 12
function	0x100e82d0	CDialog::get_pc_responses	-	present	layer 3
function	0x100e84e0	FUN_100e84e0	-		layer 0
function	0x100e8520	CDialog::process_pc_line	-	rule	layer 12
function	0x100e8980	CDialog::pc_passes_dependency	-		layer 0
function	0x100e8b90	CDialog::pc_charge_dependency	-		layer 10
function	0x100e8e60	CDialogDependency::CDialogDependency	-		layer 3
function	0x100e8ef0	CDialogDependency::Init	-		layer 1
function	0x100e8fc0	CDialogDependency::Parse	-		layer 0
function	0x100e94e0	CDialogDependency::Test	-		layer 0
function	0x100ea2d0	CDialogDependency::CallPyDialogFunc	-		layer 4
function	0x100ea5e0	CDialogDependency::ToStr	-		layer 0
function	0x100eb280	FUN_100eb280	-		layer 0
function	0x100eb3d0	FUN_100eb3d0	-		layer 0
function	0x100eb420	FUN_100eb420	-		layer 0
function	0x100ec2e0	FUN_100ec2e0	-		layer 4
function	0x100ec360	FUN_100ec360	-		layer 4
function	0x100ec3d0	FUN_100ec3d0	-		layer 0
function	0x100ec410	FUN_100ec410	-		layer 0
function	0x100ec450	FUN_100ec450	-		layer 0
function	0x100ec530	FUN_100ec530	-		layer 0
function	0x100ec5d0	FUN_100ec5d0	-		layer 0
function	0x100ec640	FUN_100ec640	-		layer 2
function	0x100ecb10	FUN_100ecb10	-		layer 1
function	0x100ecc10	FUN_100ecc10	-		layer 1
function	0x100ecc60	FUN_100ecc60	-		layer 0
function	0x100eccf0	FUN_100eccf0	-		layer 0
function	0x100ecd30	FUN_100ecd30	-		layer 0
function	0x100ecdf0	FUN_100ecdf0	-		layer 0
function	0x100ece60	FUN_100ece60	-		layer 0
function	0x100ecee0	FUN_100ecee0	-		layer 0
function	0x100ecfc0	FUN_100ecfc0	-		layer 0
function	0x100ed150	CDispositionTable::GetTransitionAnim	-		layer 2
function	0x100ed2c0	FUN_100ed2c0	-		layer 0
function	0x100ed460	FUN_100ed460	-		layer 1
function	0x100ed4d0	FUN_100ed4d0	-		layer 0
function	0x100ed500	FUN_100ed500	-		layer 0
function	0x100ee950	FUN_100ee950	-		layer 1
function	0x100eec70	FUN_100eec70	-		layer 2
function	0x100eef10	FUN_100eef10	-		layer 1
function	0x100f0e30	FUN_100f0e30	-		layer 0
function	0x100f0e70	FUN_100f0e70	-		layer 0
function	0x100f0e90	FUN_100f0e90	-		layer 0
function	0x100f0ec0	FUN_100f0ec0	-		layer 0
function	0x100f2f90	FUN_100f2f90	-		layer 0
function	0x100f6bb0	FUN_100f6bb0	-		layer 1
function	0x100f6d80	FUN_100f6d80	-	mechanism	layer 1
function	0x100f6e40	FUN_100f6e40	-	mechanism	layer 1
function	0x100f7060	FUN_100f7060	-	mechanism	layer 0
function	0x100f7380	FUN_100f7380	-		layer 5
function	0x100f7460	FUN_100f7460	-		layer 7
function	0x100f7770	FUN_100f7770	-		layer 8
function	0x100f79b0	FUN_100f79b0	-		layer 1
function	0x100f7b20	FUN_100f7b20	-		layer 9
function	0x100f7d50	FUN_100f7d50	-		layer 6
function	0x100f7f20	FUN_100f7f20	-		layer 9
function	0x100f7fe0	FUN_100f7fe0	-		layer 10
function	0x100f81f0	FUN_100f81f0	-		layer 5
function	0x100f8370	FUN_100f8370	-		layer 1
function	0x100f8490	FUN_100f8490	-		layer 2
function	0x100f9940	FUN_100f9940	-		layer 0
function	0x100fb1f0	FUN_100fb1f0	-		layer 8
function	0x100fb7d0	CDisciplineParticle::FUN_100fb7d0	-		layer 0
function	0x100fb980	FUN_100fb980	-		layer 1
function	0x100fba40	FUN_100fba40	-		layer 1
function	0x100fbac0	FUN_100fbac0	-		layer 2
function	0x100fbaf0	FUN_100fbaf0	-		layer 1
function	0x100fbb40	FUN_100fbb40	-		layer 1
function	0x100fbbb0	FUN_100fbbb0	-		layer 1
function	0x100fbc90	FUN_100fbc90	-		layer 8
function	0x10104ff0	CExpressionTable::IsValidExpressionIndex	-		layer 0
function	0x10105090	CExpressionTable::GetExpressionName	-		layer 1
function	0x101051b0	CExpressionTable::GetExpressionData	-		layer 0
function	0x10105270	CExpressionTable::GetExpressionID	-		layer 1
function	0x101053a0	CExpressionTable::PrecacheCharacter	-		layer 7
function	0x10105830	FUN_10105830	-		layer 0
function	0x10105870	CExpressionTable::LookupExpression	-		layer 2
function	0x10105a60	CBaseCombatCharacter::BlendTowards	-		layer 0
function	0x10105e20	CBaseCombatCharacter::MakeFlexweightsFromExpression	-		layer 0
function	0x10105f30	CBaseCombatCharacter::AddSceneExpressions	CCineNPC#284, CNPCMaker#284, CNPC_VHumanCombatant#284, CNPC_VPedestrian#284, CNPC_VRat#284, CNPC_VVampire#284		layer 8
function	0x10106050	CBaseCombatCharacter::UpdateExpressions	-		layer 2
function	0x101063a0	CBaseCombatCharacter::FadeoutExpressions	-		layer 0
function	0x10106580	CBaseCombatCharacter::SetExpression	-		layer 5
function	0x101067e0	CBaseCombatCharacter::AddScriptedExpression	-		layer 4
function	0x10106a40	CBaseCombatCharacter::LookupExpressionIndex	-		layer 3
function	0x10106b30	CBaseCombatCharacter::GetExpressionOverrideFile	-		layer 1
function	0x10106c40	CBaseCombatCharacter::ReloadExpressionsForMyModel	-		layer 8
function	0x10106e20	CBaseCombatCharacter::CalcExpressionIntensity	-		layer 0
function	0x10106f90	CBaseCombatCharacter::IsValidExpressionIndex	-		layer 1
function	0x10107050	CBaseCombatCharacter::SetDialogPartner	-		layer 0
function	0x10107120	CBaseCombatCharacter::GetExpressionEventParams	CCineNPC#347		layer 0
function	0x101072b0	CBaseCombatCharacter::AddExpressionForEvent	-		layer 5
function	0x101073c0	CBaseCombatCharacter::GetExpressionName	-		layer 2
function	0x10107480	FUN_10107480	-		layer 0
function	0x101074c0	FUN_101074c0	-		layer 0
function	0x10107550	FUN_10107550	-		layer 0
function	0x101075e0	FUN_101075e0	-		layer 1
function	0x1010e530	FUN_1010e530	-		layer 1
function	0x10116970	FUN_10116970	-		layer 4
function	0x10119390	FUN_10119390	-		layer 0
function	0x101193b0	FUN_101193b0	-		layer 1
function	0x10119750	FUN_10119750	-		layer 1
function	0x10119900	FUN_10119900	-		layer 0
function	0x10119940	FUN_10119940	-		layer 0
function	0x1011d2e0	FUN_1011d2e0	-		layer 0
function	0x1011d6a0	FUN_1011d6a0	-		layer 0
function	0x1011e010	FUN_1011e010	-		layer 0
function	0x1011e060	FUN_1011e060	-		layer 0
function	0x10129870	FUN_10129870	-		layer 1
function	0x10129dc0	FUN_10129dc0	-		layer 8
function	0x1012a1d0	FUN_1012a1d0	-		layer 5
function	0x1012a6e0	FUN_1012a6e0	-		layer 8
function	0x1012b080	FUN_1012b080	-		layer 5
function	0x1012c6c0	FUN_1012c6c0	-		layer 0
function	0x1012c7a0	FUN_1012c7a0	-		layer 0
function	0x1012c7f0	FUN_1012c7f0	-		layer 0
function	0x1012c840	FUN_1012c840	-		layer 1
function	0x1012c9c0	FUN_1012c9c0	-		layer 0
function	0x1012f700	FUN_1012f700	-		layer 0
function	0x10136580	FUN_10136580	-		layer 0
function	0x10136ec0	FUN_10136ec0	-		layer 0
function	0x101371d0	FUN_101371d0	-		layer 0
function	0x10137220	FUN_10137220	-		layer 0
function	0x10137e40	FUN_10137e40	-		layer 1
function	0x10137ed0	FUN_10137ed0	-		layer 0
function	0x10137fe0	FUN_10137fe0	-		layer 0
function	0x10138130	FUN_10138130	-		layer 0
function	0x101381b0	FUN_101381b0	-		layer 0
function	0x10138600	FUN_10138600	-		layer 0
function	0x10138630	FUN_10138630	-		layer 1
function	0x10138720	FUN_10138720	-		layer 0
function	0x10138760	FUN_10138760	-		layer 0
function	0x10138a90	FUN_10138a90	-		layer 1
function	0x10138df0	FUN_10138df0	-		layer 1
function	0x10139500	FUN_10139500	-		layer 0
function	0x10139550	FUN_10139550	-		layer 0
function	0x10139610	FUN_10139610	-		layer 0
function	0x10139970	FUN_10139970	-		layer 1
function	0x10139a90	FUN_10139a90	-		layer 0
function	0x10139b50	FUN_10139b50	-		layer 1
function	0x10139b90	FUN_10139b90	-		layer 0
function	0x1013a9f0	FUN_1013a9f0	-		layer 0
function	0x1013aab0	FUN_1013aab0	-		layer 1
function	0x1013ab00	FUN_1013ab00	-		layer 0
function	0x1013ab70	FUN_1013ab70	-		layer 9
function	0x1013abc0	FUN_1013abc0	-		layer 8
function	0x1013ad40	FUN_1013ad40	-		layer 0
function	0x1013add0	QuaternionScale	-		layer 8
function	0x1013af60	QuaternionMult	-		layer 1
function	0x1013b090	FUN_1013b090	-		layer 1
function	0x1013b0d0	FUN_1013b0d0	-		layer 0
function	0x1013b390	FUN_1013b390	-		layer 0
function	0x1013b610	FUN_1013b610	-		layer 0
function	0x1013bd20	FUN_1013bd20	-		layer 1
function	0x1013c0e0	FUN_1013c0e0	-		layer 1
function	0x1013c8c0	FUN_1013c8c0	-		layer 0
function	0x1013c940	FUN_1013c940	-		layer 0
function	0x1013cb80	FUN_1013cb80	-		layer 1
function	0x1013d450	FUN_1013d450	-		layer 1
function	0x1013d580	FUN_1013d580	-		layer 0
function	0x1013d650	FUN_1013d650	-		layer 0
function	0x1013d900	FUN_1013d900	-		layer 0
function	0x1013dbb0	FUN_1013dbb0	-		layer 5
function	0x1013dc40	FUN_1013dc40	-		layer 7
function	0x1013dc60	FUN_1013dc60	-		layer 6
function	0x1013dce0	FUN_1013dce0	-		layer 0
function	0x10142aa0	FUN_10142aa0	-		layer 3
function	0x10142af0	FUN_10142af0	-		layer 3
function	0x10142b80	FUN_10142b80	-		layer 2
function	0x10142e90	FUN_10142e90	-		layer 2
function	0x101434b0	FUN_101434b0	-		layer 3
function	0x10143710	FUN_10143710	-		layer 2
function	0x10143920	FUN_10143920	-		layer 2
function	0x10143b70	FUN_10143b70	-		layer 3
function	0x10143d80	FUN_10143d80	-		layer 3
function	0x10144290	FUN_10144290	-		layer 2
function	0x10144790	FUN_10144790	-		layer 2
function	0x10144a30	FUN_10144a30	-		layer 2
function	0x10144cd0	FUN_10144cd0	-		layer 3
function	0x10144db0	FUN_10144db0	-		layer 2
function	0x10146150	FUN_10146150	-		layer 1
function	0x10146190	FUN_10146190	-		layer 0
function	0x10146570	FUN_10146570	-		layer 3
function	0x10146700	FUN_10146700	-		layer 1
function	0x10146790	FUN_10146790	-		layer 0
function	0x10146a80	FUN_10146a80	-		layer 11
function	0x10146b20	FUN_10146b20	-		layer 13
function	0x10147710	FUN_10147710	-		layer 11
function	0x10147960	FUN_10147960	-		layer 10
function	0x1014f6f0	CBaseCombatCharacter::GetFollowerBoss	CCineNPC#293		layer 0
function	0x1014f710	CAI_BaseNPC::FUN_1014f710	CCineNPC#316	rule	layer 0
function	0x1014f730	CAI_BaseNPC::FUN_1014f730	CCineNPC#317	rule	layer 0
function	0x1014f750	CBaseCombatCharacter::PlayerDefenderBlockReaction	CCineNPC#318		layer 0
function	0x1014f770	CBaseCombatCharacter::PlayerAttackerBlockedReaction	CCineNPC#319		layer 0
function	0x1014f790	CBaseCombatCharacter::PlayerKnockbackReaction	CCineNPC#320		layer 0
function	0x1014f7b0	CAI_BaseNPC::FUN_1014f7b0	CCineNPC#321, CNPCMaker#321, CNPC_VHumanCombatant#321, CNPC_VPedestrian#321, CNPC_VRat#321, CNPC_VVampire#321	dead	layer 0
function	0x1014f7d0	CAI_BaseNPC::FUN_1014f7d0	CCineNPC#322	rule	layer 0
function	0x1014f7f0	CAI_BaseNPC::FUN_1014f7f0	CCineNPC#324, CNPCMaker#324, CNPC_VHumanCombatant#324, CNPC_VPedestrian#324, CNPC_VRat#324, CNPC_VVampire#324	rule	layer 0
function	0x1014f810	CAI_BaseNPC::FUN_1014f810	CCineNPC#325, CNPCMaker#325, CNPC_VHumanCombatant#325, CNPC_VPedestrian#325, CNPC_VRat#325, CNPC_VVampire#325	rule	layer 0
function	0x1014f830	CAI_BaseNPC::FUN_1014f830	CCineNPC#328, CNPCMaker#328, CNPC_VHumanCombatant#328, CNPC_VPedestrian#328, CNPC_VRat#328, CNPC_VVampire#328	rule	layer 0
function	0x1014f850	CAI_BaseNPC::FUN_1014f850	CCineNPC#329, CNPCMaker#329, CNPC_VHumanCombatant#329, CNPC_VPedestrian#329, CNPC_VRat#329, CNPC_VVampire#329	rule	layer 0
function	0x1014f870	CAI_BaseNPC::FUN_1014f870	CCineNPC#330	rule	layer 0
function	0x1014f890	CAI_BaseNPC::FUN_1014f890	CCineNPC#332, CNPCMaker#332, CNPC_VHumanCombatant#332, CNPC_VPedestrian#332, CNPC_VRat#332, CNPC_VVampire#332	rule	layer 0
function	0x1014f8b0	CAI_BaseNPC::FUN_1014f8b0	CCineNPC#240, CNPCMaker#240, CNPC_VHumanCombatant#240, CNPC_VPedestrian#240, CNPC_VRat#240, CNPC_VVampire#240	dead	layer 0
function	0x1014f910	CAI_BaseNPC::FUN_1014f910	CCineNPC#359	rule	layer 0
function	0x1014f930	CAI_BaseNPC::FUN_1014f930	CCineNPC#360, CNPCMaker#360, CNPC_VHumanCombatant#360, CNPC_VPedestrian#360, CNPC_VRat#360, CNPC_VVampire#360	rule	layer 0
function	0x1014f950	CAI_BaseNPC::FUN_1014f950	CCineNPC#361, CNPCMaker#361, CNPC_VHumanCombatant#361, CNPC_VPedestrian#361, CNPC_VRat#361, CNPC_VVampire#361	dead	layer 0
function	0x1014f970	CBaseCombatCharacter::FUN_1014f970	-		layer 5
function	0x1014f9a0	CBaseCombatCharacter::FUN_1014f9a0	-		layer 4
function	0x1014f9d0	CAI_BaseNPC::FUN_1014f9d0	CCineNPC#377, CNPCMaker#377, CNPC_VHumanCombatant#377, CNPC_VPedestrian#377, CNPC_VRat#377, CNPC_VVampire#377	rule	layer 0
function	0x1014f9f0	CAI_BaseNPC::FUN_1014f9f0	CCineNPC#378, CNPCMaker#378, CNPC_VHumanCombatant#378, CNPC_VPedestrian#378, CNPC_VRat#378, CNPC_VVampire#378	rule	layer 0
function	0x1014fa10	CBaseCombatCharacter::BloodColor	CCineNPC#145, CNPCMaker#145, CNPC_VHumanCombatant#145, CNPC_VPedestrian#145, CNPC_VRat#145, CNPC_VVampire#145		layer 0
function	0x1014fa30	CAI_BaseNPC::FUN_1014fa30	CCineNPC#399, CNPCMaker#399, CNPC_VHumanCombatant#399, CNPC_VPedestrian#399, CNPC_VRat#399, CNPC_VVampire#399	rule	layer 0
function	0x1014fa50	CAI_BaseNPC::FUN_1014fa50	CCineNPC#400, CNPCMaker#400, CNPC_VHumanCombatant#400, CNPC_VPedestrian#400, CNPC_VRat#400, CNPC_VVampire#400	rule	layer 0
function	0x10158520	FUN_10158520	-		layer 0
function	0x1015d680	FUN_1015d680	-		layer 0
function	0x1015dc20	CAI_BaseNPC::FUN_1015dc20	CNPC_VHumanCombatant#72, CNPC_VPedestrian#72, CNPC_VRat#72, CNPC_VVampire#72	rule	layer 0
function	0x1015f9e0	FUN_1015f9e0	-		layer 13
function	0x10160560	FUN_10160560	-		layer 12
function	0x10160680	FUN_10160680	-	rule	layer 0
function	0x101618a0	FUN_101618a0	-	mechanism	layer 0
function	0x101618e0	FUN_101618e0	-	rule	layer 1
function	0x10161a70	FUN_10161a70	-	rule	layer 7
function	0x10161ed0	FUN_10161ed0	-	mechanism	layer 0
function	0x10161f10	FUN_10161f10	-		layer 1
function	0x101644f0	FUN_101644f0	-	present	layer 5
function	0x101671a0	FUN_101671a0	-		layer 12
function	0x101672d0	FUN_101672d0	-		layer 1
function	0x10167fd0	FUN_10167fd0	-		layer 5
function	0x101681a0	FUN_101681a0	-	present	layer 1
function	0x10170090	FUN_10170090	-		layer 21
function	0x10172410	FUN_10172410	-		layer 4
function	0x10172710	FUN_10172710	-		layer 6
function	0x10175180	FUN_10175180	-	rule	layer 0
function	0x10175400	FUN_10175400	-		layer 0
function	0x101764d0	FUN_101764d0	-		layer 0
function	0x10176520	FUN_10176520	-	rule	layer 5
function	0x10176930	FUN_10176930	-	rule	layer 4
function	0x10178120	FUN_10178120	-	rule	layer 0
function	0x1017a2b0	FUN_1017a2b0	-		layer 8
function	0x1017b330	FUN_1017b330	-		layer 14
function	0x1017c600	FUN_1017c600	-	rule	layer 12
function	0x1017c6d0	FUN_1017c6d0	-	rule	layer 1
function	0x1017cef0	SetCineCamera	-	present	layer 4
function	0x1017cf90	GetActiveCameraEntity	-	rule	layer 0
function	0x1017d630	FUN_1017d630	-	present	layer 1
function	0x1017d680	FUN_1017d680	-	rule	layer 1
function	0x1017d900	FUN_1017d900	-	rule	layer 0
function	0x1017dd80	FUN_1017dd80	-	rule	layer 0
function	0x1017ddd0	FUN_1017ddd0	-	rule	layer 1
function	0x1017de60	FUN_1017de60	-	rule	layer 0
function	0x1017deb0	FUN_1017deb0	-		layer 0
function	0x1017df50	FUN_1017df50	-	present	layer 8
function	0x1017e150	FUN_1017e150	-	present	layer 8
function	0x1017e720	FUN_1017e720	-	rule	layer 0
function	0x1017e740	FUN_1017e740	-	rule	layer 0
function	0x1017e760	FUN_1017e760	-		layer 9
function	0x1017e840	FUN_1017e840	-		layer 9
function	0x1017ed00	FUN_1017ed00	-	rule	layer 1
function	0x1017f2a0	PlayerCriminalIncident	-		layer 3
function	0x1017f4a0	PlayerSupernaturalIncident	-	rule	layer 24
function	0x1017f770	FUN_1017f770	-	rule	layer 0
function	0x1017f8b0	FUN_1017f8b0	-	rule	layer 0
function	0x1017fd60	FUN_1017fd60	-	rule	layer 1
function	0x1017ff40	FUN_1017ff40	-	present	layer 1
function	0x101800a0	FUN_101800a0	-	present	layer 0
function	0x101800e0	FUN_101800e0	-		layer 0
function	0x10180100	FUN_10180100	-		layer 0
function	0x10181680	FUN_10181680	-		layer 1
function	0x101828b0	FUN_101828b0	-	rule	layer 2
function	0x10182a90	FUN_10182a90	-	rule	layer 1
function	0x10182c40	FUN_10182c40	-	rule	layer 0
function	0x10182dd0	FUN_10182dd0	-		layer 12
function	0x10182e00	FUN_10182e00	-		layer 13
function	0x10183120	FUN_10183120	-	mechanism	layer 11
function	0x101836d0	CBasePlayer::Inventory_AddLooseKeysToKeyRing	-		layer 0
function	0x10183880	FUN_10183880	-		layer 8
function	0x101841f0	FUN_101841f0	-		layer 0
function	0x10184220	FUN_10184220	-		layer 0
function	0x10185100	FUN_10185100	-		layer 0
function	0x10185910	FUN_10185910	-		layer 0
function	0x1018e2a0	FUN_1018e2a0	-		layer 1
function	0x1018e790	FUN_1018e790	-		layer 9
function	0x1018e910	FUN_1018e910	-		layer 8
function	0x1018e9d0	FUN_1018e9d0	-		layer 0
function	0x1018eab0	FUN_1018eab0	-		layer 8
function	0x1018eb50	FUN_1018eb50	-		layer 8
function	0x1018ec20	FUN_1018ec20	-		layer 8
function	0x1018ecf0	FUN_1018ecf0	-		layer 8
function	0x1018f690	FUN_1018f690	-		layer 1
function	0x1018f700	FUN_1018f700	-		layer 0
function	0x10190e50	FUN_10190e50	-		layer 7
function	0x10191170	FUN_10191170	-		layer 4
function	0x10191ac0	FUN_10191ac0	-		layer 8
function	0x10191cc0	FUN_10191cc0	-		layer 5
function	0x10194330	FUN_10194330	-		layer 0
function	0x101945f0	FUN_101945f0	-		layer 0
function	0x10194750	FUN_10194750	-		layer 0
function	0x10194780	FUN_10194780	-		layer 0
function	0x101948c0	FUN_101948c0	-		layer 2
function	0x10194d20	FUN_10194d20	-		layer 0
function	0x10194da0	FUN_10194da0	-		layer 0
function	0x10194e40	FUN_10194e40	-		layer 0
function	0x10194f30	FUN_10194f30	-		layer 1
function	0x10195160	FUN_10195160	-		layer 1
function	0x1019ce00	FUN_1019ce00	-		layer 1
function	0x1019ced0	FUN_1019ced0	-		layer 0
function	0x1019cf50	FUN_1019cf50	-		layer 0
function	0x1019cff0	FUN_1019cff0	-		layer 2
function	0x1019d040	FUN_1019d040	-		layer 1
function	0x1019d130	FUN_1019d130	-		layer 1
function	0x1019d1c0	FUN_1019d1c0	-		layer 2
function	0x1019d210	FUN_1019d210	-		layer 3
function	0x1019d280	FUN_1019d280	-		layer 3
function	0x1019d2f0	FUN_1019d2f0	-		layer 0
function	0x1019d4b0	FUN_1019d4b0	-		layer 2
function	0x101a5290	FUN_101a5290	-		layer 0
function	0x101a5a80	FUN_101a5a80	-		layer 8
species	0x101a5db0	CCineNPC::FUN_101a5db0	CCineNPC#82	mechanism	layer 0
function	0x101a6420	CAI_BaseNPC::FUN_101a6420	CCineNPC#410, CNPCMaker#410, CNPC_VHumanCombatant#410, CNPC_VPedestrian#410, CNPC_VRat#410, CNPC_VVampire#410	rule	layer 0
function	0x101a6440	CAI_BaseNPC::GetLastUpdateThink	CCineNPC#412	dead	layer 1
function	0x101a6460	CAI_BaseNPC::GetLastNormalThink	CCineNPC#413	dead	layer 1
function	0x101a6480	CAI_BaseNPC::GetLastMoveThink	CCineNPC#414	dead	layer 1
function	0x101a64a0	CAI_BaseNPC::FUN_101a64a0	CCineNPC#415	dead	layer 1
function	0x101a64c0	CAI_BaseNPC::SetForceFrequentThink	CCineNPC#416	rule	layer 0
function	0x101a64e0	CAI_BaseNPC::GetForceFrequentThink	CCineNPC#417	dead	layer 0
function	0x101a6500	CAI_BaseNPC::FUN_101a6500	CCineNPC#419	rule	layer 0
function	0x101a6520	CAI_BaseNPC::ShouldSavePhysics	CCineNPC#128, CNPCMaker#128, CNPC_VHumanCombatant#128, CNPC_VPedestrian#128, CNPC_VRat#128, CNPC_VVampire#128	dead	layer 0
function	0x101a6540	CAI_BaseNPC::PostNPCInit	CCineNPC#421, CNPCMaker#421, CNPC_VHumanCombatant#421, CNPC_VPedestrian#421, CNPC_VRat#421, CNPC_VVampire#421	dead	layer 0
function	0x101a6560	CAI_BaseNPC::PrescheduleThink	CCineNPC#434, CNPCMaker#434	rule	layer 0
function	0x101a6580	CAI_BaseNPC::FUN_101a6580	CCineNPC#436, CNPCMaker#436, CNPC_VHumanCombatant#436, CNPC_VPedestrian#436, CNPC_VRat#436, CNPC_VVampire#436	dead	layer 0
function	0x101a65a0	CAI_BaseNPC::FUN_101a65a0	CCineNPC#441, CNPCMaker#441, CNPC_VHumanCombatant#441, CNPC_VPedestrian#441, CNPC_VRat#441, CNPC_VVampire#441	dead	layer 25
function	0x101a65e0	CAI_BaseNPC::FUN_101a65e0	CCineNPC#443, CNPCMaker#443, CNPC_VHumanCombatant#443, CNPC_VPedestrian#443, CNPC_VRat#443, CNPC_VVampire#443	dead	layer 23
function	0x101a6620	CAI_BaseNPC::FUN_101a6620	CCineNPC#447, CNPCMaker#447, CNPC_VHumanCombatant#447, CNPC_VPedestrian#447, CNPC_VRat#447, CNPC_VVampire#447	rule	layer 1
function	0x101a6640	CAI_BaseNPC::FUN_101a6640	CCineNPC#450, CNPCMaker#450, CNPC_VHumanCombatant#450, CNPC_VPedestrian#450, CNPC_VRat#450, CNPC_VVampire#450	rule	layer 1
function	0x101a6660	CAI_BaseNPC::GetSchedulingErrorName	CCineNPC#451	dead	layer 0
function	0x101a6680	CAI_BaseNPC::FUN_101a6680	CCineNPC#454, CNPCMaker#454, CNPC_VHumanCombatant#454, CNPC_VPedestrian#454, CNPC_VRat#454, CNPC_VVampire#454	dead	layer 0
function	0x101a66a0	CAI_BaseNPC::FUN_101a66a0	CCineNPC#455, CNPCMaker#455, CNPC_VHumanCombatant#455, CNPC_VPedestrian#455, CNPC_VRat#455, CNPC_VVampire#455	dead	layer 0
function	0x101a66c0	CAI_BaseNPC::FUN_101a66c0	CCineNPC#456, CNPCMaker#456, CNPC_VHumanCombatant#456, CNPC_VPedestrian#456, CNPC_VRat#456, CNPC_VVampire#456	dead	layer 0
function	0x101a66e0	CAI_BaseNPC::FUN_101a66e0	CCineNPC#457, CNPCMaker#457, CNPC_VHumanCombatant#457, CNPC_VPedestrian#457, CNPC_VRat#457, CNPC_VVampire#457	dead	layer 0
function	0x101a6700	CAI_BaseNPC::ShouldGoToIdleState	CCineNPC#462	rule	layer 0
function	0x101a6720	CAI_BaseNPC::GetState	CCineNPC#464, CNPCMaker#464, CNPC_VHumanCombatant#464, CNPC_VPedestrian#464, CNPC_VRat#464, CNPC_VVampire#464	present	layer 0
function	0x101a6740	CAI_BaseNPC::OnChangeActivity	CCineNPC#465	rule	layer 0
function	0x101a6760	CAI_BaseNPC::QueryHearSound	CCineNPC#467	rule	layer 0
function	0x101a6780	CAI_BaseNPC::FUN_101a6780	CCineNPC#468	rule	layer 0
function	0x101a67a0	CAI_BaseNPC::FUN_101a67a0	CCineNPC#472	rule	layer 0
function	0x101a67c0	CAI_BaseNPC::FUN_101a67c0	CCineNPC#476	rule	layer 0
function	0x101a67e0	CAI_BaseNPC::FUN_101a67e0	CCineNPC#167, CNPCMaker#167, CNPC_VHumanCombatant#167, CNPC_VPedestrian#167, CNPC_VRat#167, CNPC_VVampire#167	rule	layer 0
function	0x101a6820	CAI_BaseNPC::FUN_101a6820	CCineNPC#479, CNPCMaker#479, CNPC_VHumanCombatant#479, CNPC_VPedestrian#479, CNPC_VRat#479, CNPC_VVampire#479	rule	layer 0
function	0x101a6840	CAI_BaseNPC::FUN_101a6840	CCineNPC#483, CNPCMaker#483, CNPC_VHumanCombatant#483, CNPC_VPedestrian#483, CNPC_VRat#483, CNPC_VVampire#483	rule	layer 1
function	0x101a6860	CAI_BaseNPC::FUN_101a6860	CCineNPC#136, CNPCMaker#136, CNPC_VHumanCombatant#136, CNPC_VPedestrian#136, CNPC_VRat#136, CNPC_VVampire#136	dead	layer 0
function	0x101a6880	CAI_BaseNPC::FUN_101a6880	CCineNPC#488	rule	layer 0
function	0x101a68a0	CAI_BaseNPC::FUN_101a68a0	CCineNPC#489	rule	layer 0
function	0x101a68c0	CAI_BaseNPC::FUN_101a68c0	CCineNPC#490	rule	layer 0
function	0x101a68e0	CAI_BaseNPC::FUN_101a68e0	CCineNPC#491	rule	layer 0
function	0x101a6900	CAI_BaseNPC::FUN_101a6900	CCineNPC#492	rule	layer 0
function	0x101a6920	CAI_BaseNPC::FUN_101a6920	CCineNPC#493	rule	layer 0
function	0x101a6940	CAI_BaseNPC::FUN_101a6940	CCineNPC#494	rule	layer 0
function	0x101a6960	CAI_BaseNPC::FUN_101a6960	CCineNPC#495	rule	layer 0
function	0x101a6980	CAI_BaseNPC::FUN_101a6980	CCineNPC#496	dead	layer 0
function	0x101a69a0	CAI_BaseNPC::FUN_101a69a0	CCineNPC#497	dead	layer 0
function	0x101a69c0	CAI_BaseNPC::FUN_101a69c0	CCineNPC#498	rule	layer 0
function	0x101a69e0	CAI_BaseNPC::FUN_101a69e0	CCineNPC#499	rule	layer 0
function	0x101a6a00	CAI_BaseNPC::FUN_101a6a00	CCineNPC#500	rule	layer 0
function	0x101a6a20	CAI_BaseNPC::FUN_101a6a20	CCineNPC#501	dead	layer 0
function	0x101a6a40	CAI_BaseNPC::FUN_101a6a40	CCineNPC#502	dead	layer 0
function	0x101a6a60	CAI_BaseNPC::FUN_101a6a60	CCineNPC#503	rule	layer 0
function	0x101a6a80	CAI_BaseNPC::FUN_101a6a80	CCineNPC#504	rule	layer 0
function	0x101a6aa0	CAI_BaseNPC::FUN_101a6aa0	CCineNPC#505	dead	layer 0
function	0x101a6ac0	CAI_BaseNPC::FUN_101a6ac0	CCineNPC#506	dead	layer 0
function	0x101a6ae0	CAI_BaseNPC::FUN_101a6ae0	CCineNPC#507	rule	layer 0
function	0x101a6b00	CAI_BaseNPC::FUN_101a6b00	CCineNPC#508, CNPCMaker#508, CNPC_VHumanCombatant#508, CNPC_VPedestrian#508, CNPC_VRat#508, CNPC_VVampire#508	dead	layer 0
function	0x101a6b20	CAI_BaseNPC::GetExpresser	CCineNPC#512, CNPCMaker#512, CNPC_VHumanCombatant#512, CNPC_VPedestrian#512, CNPC_VRat#512, CNPC_VVampire#512	dead	layer 0
function	0x101a6b40	CAI_BaseNPC::StepHeight	CCineNPC#522, CNPCMaker#522, CNPC_VHumanCombatant#522, CNPC_VPedestrian#522, CNPC_VRat#522, CNPC_VVampire#522	mechanism	layer 0
function	0x101a6b60	CAI_BaseNPC::GetMaxJumpSpeed	CCineNPC#523	mechanism	layer 0
function	0x101a6b80	CAI_BaseNPC::GetJumpGravity	CCineNPC#524, CNPCMaker#524, CNPC_VHumanCombatant#524, CNPC_VPedestrian#524, CNPC_VRat#524, CNPC_VVampire#524	dead	layer 0
function	0x101a6ba0	CAI_BaseNPC::FUN_101a6ba0	CCineNPC#527	rule	layer 0
function	0x101a6bc0	CAI_BaseNPC::FUN_101a6bc0	CCineNPC#536, CNPCMaker#536, CNPC_VHumanCombatant#536, CNPC_VPedestrian#536, CNPC_VRat#536, CNPC_VVampire#536	dead	layer 0
function	0x101a6be0	CAI_BaseNPC::FUN_101a6be0	CCineNPC#535, CNPCMaker#535, CNPC_VHumanCombatant#535, CNPC_VPedestrian#535, CNPC_VRat#535, CNPC_VVampire#535	dead	layer 0
function	0x101a6c00	CAI_BaseNPC::FUN_101a6c00	CCineNPC#546, CNPCMaker#546	dead	layer 3
function	0x101a6c20	CAI_BaseNPC::FUN_101a6c20	CCineNPC#550, CNPCMaker#550, CNPC_VHumanCombatant#550, CNPC_VRat#550, CNPC_VVampire#550	rule	layer 0
function	0x101a6c40	CAI_BaseNPC::FUN_101a6c40	CCineNPC#551, CNPCMaker#551, CNPC_VHumanCombatant#551, CNPC_VPedestrian#551, CNPC_VRat#551, CNPC_VVampire#551	dead	layer 0
function	0x101a6c60	CAI_BaseNPC::FUN_101a6c60	CCineNPC#557, CNPCMaker#557, CNPC_VHumanCombatant#557, CNPC_VPedestrian#557, CNPC_VRat#557, CNPC_VVampire#557	dead	layer 0
function	0x101a6c80	CAI_BaseNPC::FUN_101a6c80	CCineNPC#558, CNPCMaker#558, CNPC_VHumanCombatant#558, CNPC_VPedestrian#558, CNPC_VRat#558, CNPC_VVampire#558	dead	layer 0
function	0x101a6ca0	CAI_BaseNPC::FUN_101a6ca0	CCineNPC#565, CNPCMaker#565, CNPC_VHumanCombatant#565, CNPC_VPedestrian#565, CNPC_VRat#565, CNPC_VVampire#565	dead	layer 0
function	0x101a6cc0	CAI_BaseNPC::FUN_101a6cc0	CCineNPC#578, CNPCMaker#578, CNPC_VHumanCombatant#578, CNPC_VPedestrian#578, CNPC_VRat#578, CNPC_VVampire#578	dead	layer 0
function	0x101a6ce0	CAI_BaseNPC::FUN_101a6ce0	CCineNPC#579, CNPCMaker#579, CNPC_VHumanCombatant#579, CNPC_VPedestrian#579, CNPC_VRat#579, CNPC_VVampire#579	dead	layer 1
function	0x101a6d00	CAI_BaseNPC::FUN_101a6d00	CCineNPC#580	rule	layer 0
species	0x101a6d20	CCineAISchedule::FUN_101a6d20	CCineNPC#117	rule	layer 1
species	0x101a6d40	CCineNPC::HeadDirection2D	CCineNPC#370	rule	layer 4
species	0x101a6d70	CCineNPC::HeadDirection3D	CCineNPC#371	rule	layer 3
species	0x101a6da0	CCineNPC::FInViewCone	CCineNPC#363	rule	layer 0
species	0x101a6dc0	CCineAISchedule::FUN_101a6dc0	CCineNPC#362	rule	layer 0
species	0x101a6de0	CCineAISchedule::FUN_101a6de0	CCineNPC#365	rule	layer 0
species	0x101a6e00	CCineAISchedule::FUN_101a6e00	CCineNPC#364	rule	layer 0
species	0x101a6e20	CCineAISchedule::FUN_101a6e20	CCineNPC#72	rule	layer 0
species	0x101a6e40	CCineNPC::vfunc5	CCineNPC#5	mechanism	layer 7
function	0x101a6ec0	FUN_101a6ec0	-		layer 0
species	0x101a6f10	CCineNPC::Spawn	CCineNPC#103	rule	layer 5
species	0x101a7140	CCineNPC::UpdateOnRemove	CCineNPC#180	rule	layer 20
function	0x101a7170	FUN_101a7170	-		layer 19
species	0x101a7210	CCineNPC::vfunc585	CCineNPC#585	rule	layer 0
function	0x101a7230	FUN_101a7230	-		layer 8
function	0x101a7540	FUN_101a7540	-	rule	layer 0
species	0x101a7580	CCineNPC::Blocked	CCineNPC#178	dead	layer 0
species	0x101a75a0	CCineNPC::Touch	CCineNPC#175	dead	layer 0
function	0x101a77a0	FUN_101a77a0	-		layer 1
species	0x101a7880	CCineNPC::vfunc583	CCineNPC#583	rule	layer 21
function	0x101a8130	FUN_101a8130	-	rule	layer 9
function	0x101a81a0	FUN_101a81a0	-		layer 10
species	0x101a82d0	CCineAISchedule::FUN_101a82d0	CCineNPC#584	rule	layer 22
function	0x101a8460	SequenceDone	-	rule	layer 21
function	0x101a8640	FUN_101a8640	-	rule	layer 20
species	0x101a8840	CCineNPC::vfunc586	CCineNPC#586	rule	layer 1
function	0x101a8890	FUN_101a8890	-	rule	layer 21
function	0x101a8930	FUN_101a8930	-	rule	layer 0
species	0x101a89a0	CCineAISchedule::FUN_101a89a0	CCineNPC#459	rule	layer 2
function	0x101a8ac0	FUN_101a8ac0	-		layer 1
function	0x101a8c30	FUN_101a8c30	-	rule	layer 19
function	0x101a8cf0	DelayStart	-		layer 9
species	0x101a8de0	CCineAISchedule::FUN_101a8de0	CCineNPC#113	rule	layer 15
function	0x101aa5d0	CAI_BaseNPCTroika::FUN_101aa5d0	CNPCMaker#586, CNPC_VHumanCombatant#586, CNPC_VPedestrian#586, CNPC_VRat#586, CNPC_VVampire#586	present	layer 0
function	0x101aa5f0	CAI_BaseNPCTroika::FUN_101aa5f0	CNPCMaker#476, CNPC_VHumanCombatant#476, CNPC_VPedestrian#476, CNPC_VRat#476, CNPC_VVampire#476	present	layer 0
function	0x101aa610	CAI_BaseNPCTroika::GetStealthVisionScalar	CNPCMaker#28, CNPC_VHumanCombatant#28, CNPC_VPedestrian#28, CNPC_VRat#28, CNPC_VVampire#28	present	layer 0
function	0x101aa630	CAI_BaseNPCTroika::GetStealthVisionCone	CNPCMaker#29, CNPC_VHumanCombatant#29, CNPC_VPedestrian#29, CNPC_VRat#29, CNPC_VVampire#29	present	layer 0
function	0x101aa650	CAI_BaseNPCTroika::FUN_101aa650	CNPCMaker#30, CNPC_VHumanCombatant#30, CNPC_VPedestrian#30, CNPC_VRat#30, CNPC_VVampire#30	present	layer 0
function	0x101aa670	CAI_BaseNPCTroika::GetMaxJumpSpeed	CNPCMaker#523, CNPC_VHumanCombatant#523, CNPC_VPedestrian#523, CNPC_VRat#523, CNPC_VVampire#523	mechanism	layer 0
function	0x101aa690	CAI_BaseNPCTroika::FUN_101aa690	CNPCMaker#591, CNPC_VHumanCombatant#591, CNPC_VPedestrian#591, CNPC_VRat#591, CNPC_VVampire#591	rule	layer 0
function	0x101aa6b0	CAI_BaseNPCTroika::ShouldGoToIdleState	CNPCMaker#462, CNPC_VHumanCombatant#462, CNPC_VPedestrian#462, CNPC_VRat#462, CNPC_VVampire#462	present	layer 0
function	0x101aa6d0	CAI_BaseNPCTroika::GetLastUpdateThink	CNPCMaker#412, CNPC_VHumanCombatant#412, CNPC_VPedestrian#412, CNPC_VRat#412, CNPC_VVampire#412	dead	layer 0
function	0x101aa6f0	CAI_BaseNPCTroika::GetLastNormalThink	CNPCMaker#413, CNPC_VHumanCombatant#413, CNPC_VPedestrian#413, CNPC_VRat#413, CNPC_VVampire#413	dead	layer 0
function	0x101aa710	CAI_BaseNPCTroika::GetLastMoveThink	CNPCMaker#414, CNPC_VHumanCombatant#414, CNPC_VPedestrian#414, CNPC_VRat#414, CNPC_VVampire#414	dead	layer 0
function	0x101aa730	CAI_BaseNPCTroika::FUN_101aa730	CNPCMaker#415, CNPC_VHumanCombatant#415, CNPC_VPedestrian#415, CNPC_VRat#415, CNPC_VVampire#415	dead	layer 0
function	0x101aa750	CAI_BaseNPCTroika::SetForceFrequentThink	CNPCMaker#416, CNPC_VHumanCombatant#416, CNPC_VPedestrian#416, CNPC_VRat#416, CNPC_VVampire#416	present	layer 0
function	0x101aa770	CAI_BaseNPCTroika::GetForceFrequentThink	CNPCMaker#417, CNPC_VHumanCombatant#417, CNPC_VPedestrian#417, CNPC_VRat#417, CNPC_VVampire#417	dead	layer 0
function	0x101aa790	CAI_BaseNPCTroika::FUN_101aa790	CNPCMaker#580	rule	layer 0
function	0x101aa7b0	CAI_BaseNPCTroika::GetSchedulingErrorName	CNPCMaker#451	dead	layer 0
function	0x101aeb60	FUN_101aeb60	-		layer 4
function	0x101af070	FUN_101af070	-		layer 0
function	0x101af2d0	FUN_101af2d0	-		layer 0
function	0x101b0c10	FUN_101b0c10	-		layer 11
function	0x101b0dc0	FUN_101b0dc0	-		layer 9
function	0x101b19e0	FUN_101b19e0	-		layer 10
function	0x101b2f60	FUN_101b2f60	-		layer 6
function	0x101b30d0	FUN_101b30d0	-		layer 0
function	0x101b3240	FUN_101b3240	-		layer 2
function	0x101b33f0	FUN_101b33f0	-		layer 8
function	0x101b36f0	FUN_101b36f0	-		layer 0
function	0x101b3730	FUN_101b3730	-		layer 0
function	0x101b3b90	FUN_101b3b90	-		layer 0
function	0x101b4170	FUN_101b4170	-		layer 9
function	0x101b6120	FUN_101b6120	-		layer 0
function	0x101b65e0	FUN_101b65e0	-		layer 0
function	0x101b6b90	FUN_101b6b90	-		layer 0
function	0x101b78f0	FUN_101b78f0	-		layer 0
function	0x101b9840	FUN_101b9840	-		layer 1
function	0x101b9860	FUN_101b9860	-		layer 1
function	0x101b9880	FUN_101b9880	-		layer 0
function	0x101b9920	FUN_101b9920	-		layer 0
function	0x101b99a0	FUN_101b99a0	-		layer 0
function	0x101b99d0	FUN_101b99d0	-		layer 0
function	0x101b9a50	FUN_101b9a50	-		layer 13
function	0x101bab50	FUN_101bab50	-		layer 0
function	0x101babc0	FUN_101babc0	-		layer 14
function	0x101bac90	CSoundEnt::InsertSound	-		layer 14
function	0x101bb0f0	FUN_101bb0f0	-		layer 0
function	0x101bb150	CSoundEnt::SoundPointerForIndex	-		layer 0
function	0x101bb4a0	CAISound::vfunc82	-	mechanism	layer 0
function	0x101bb5b0	CAISound::vfunc5	-	mechanism	layer 1
function	0x101be710	CStealthKillRules::InDeafZone	-		layer 13
function	0x101be930	CStealthKillRules::GetDeafZoneArcDot	-		layer 11
function	0x101bea90	CStealthKillRules::GetDeafZoneArc	-		layer 11
function	0x101beed0	FUN_101beed0	-		layer 0
function	0x101bef50	CStealthKillRules::ComputeMinDepth	-		layer 1
function	0x101bf060	CStealthKillRules::GetDeafZoneMinDepth	-		layer 11
function	0x101bf860	FUN_101bf860	-		layer 6
function	0x101bfd60	FUN_101bfd60	-		layer 2
function	0x101c01c0	FUN_101c01c0	-		layer 0
function	0x101c0240	FUN_101c0240	-		layer 0
function	0x101c02d0	FUN_101c02d0	-		layer 0
function	0x101c03c0	FUN_101c03c0	-		layer 1
function	0x101c05f0	FUN_101c05f0	-		layer 1
function	0x101c0820	CPointEntity::Spawn	-		layer 5
function	0x101c10d0	CAI_BaseNPC::FUN_101c10d0	CCineNPC#135, CNPCMaker#135, CNPC_VHumanCombatant#135, CNPC_VPedestrian#135, CNPC_VRat#135, CNPC_VVampire#135	dead	layer 1
function	0x101c1480	CAI_BaseNPC::FUN_101c1480	CCineNPC#110, CNPCMaker#110, CNPC_VHumanCombatant#110, CNPC_VPedestrian#110, CNPC_VRat#110, CNPC_VVampire#110	rule	layer 10
function	0x101c1720	CAI_BaseNPC::FUN_101c1720	CCineNPC#133, CNPCMaker#133, CNPC_VHumanCombatant#133, CNPC_VPedestrian#133, CNPC_VRat#133, CNPC_VVampire#133	dead	layer 9
function	0x101c1790	FUN_101c1790	-		layer 8
function	0x101c19e0	FUN_101c19e0	-		layer 8
function	0x101c2690	FUN_101c2690	-		layer 2
function	0x101c26d0	FUN_101c26d0	-		layer 2
function	0x101c2890	FUN_101c2890	-		layer 0
function	0x101c2910	FUN_101c2910	-		layer 1
function	0x101c29b0	FUN_101c29b0	-		layer 0
function	0x101c29e0	FUN_101c29e0	-		layer 0
function	0x101c2a10	FUN_101c2a10	-		layer 0
function	0x101c2a30	FUN_101c2a30	-		layer 0
function	0x101c2a50	FUN_101c2a50	-		layer 0
function	0x101c2a70	FUN_101c2a70	-		layer 0
function	0x101c2a90	FUN_101c2a90	-		layer 0
function	0x101c2ab0	FUN_101c2ab0	-		layer 0
function	0x101c2ad0	FUN_101c2ad0	-		layer 0
function	0x101c2af0	FUN_101c2af0	-		layer 0
function	0x101c2b10	FUN_101c2b10	-		layer 0
function	0x101c2b30	FUN_101c2b30	-		layer 0
function	0x101c2bc0	FUN_101c2bc0	-		layer 2
function	0x101c2c30	FUN_101c2c30	-		layer 3
function	0x101c2c60	FUN_101c2c60	-		layer 4
function	0x101c2d20	FUN_101c2d20	-		layer 5
function	0x101c7b80	FUN_101c7b80	-		layer 22
function	0x101cc950	FUN_101cc950	-		layer 0
function	0x101cca80	FUN_101cca80	-		layer 1
function	0x101ccaf0	FUN_101ccaf0	-		layer 1
function	0x101ccb60	FUN_101ccb60	-		layer 0
function	0x101ccc80	FUN_101ccc80	-		layer 1
function	0x101cccf0	FUN_101cccf0	-		layer 2
function	0x101ccd40	FUN_101ccd40	-		layer 0
function	0x101ccd70	FUN_101ccd70	-		layer 0
function	0x101ccec0	FUN_101ccec0	-		layer 1
function	0x101ccf50	FUN_101ccf50	-		layer 1
function	0x101cd070	FUN_101cd070	-		layer 0
function	0x101cd110	FUN_101cd110	-		layer 2
function	0x101cd250	FUN_101cd250	-		layer 3
function	0x101cd8c0	FUN_101cd8c0	-		layer 2
function	0x101cd940	FUN_101cd940	-		layer 3
function	0x101cd970	FUN_101cd970	-		layer 0
function	0x101cd9e0	FUN_101cd9e0	-		layer 0
function	0x101cda50	FUN_101cda50	-		layer 1
function	0x101cdba0	FUN_101cdba0	-		layer 2
function	0x101ce290	FUN_101ce290	-		layer 1
function	0x101ce2e0	FUN_101ce2e0	-		layer 2
function	0x101ce3d0	FUN_101ce3d0	-		layer 3
function	0x101cebc0	FUN_101cebc0	-		layer 2
function	0x101cecf0	FUN_101cecf0	-		layer 2
function	0x101cee20	FUN_101cee20	-		layer 4
function	0x101ceef0	FUN_101ceef0	-		layer 3
function	0x101cf250	FUN_101cf250	-		layer 0
function	0x101cf2f0	FUN_101cf2f0	-		layer 0
function	0x101cf390	FUN_101cf390	-		layer 2
function	0x101cf3c0	FUN_101cf3c0	-		layer 1
function	0x101cf5c0	FUN_101cf5c0	-		layer 1
function	0x101cf600	FUN_101cf600	-		layer 1
function	0x101cf640	FUN_101cf640	-		layer 0
function	0x101cf720	FUN_101cf720	-		layer 0
function	0x101cf9b0	FUN_101cf9b0	-		layer 0
function	0x101cfb30	FUN_101cfb30	-		layer 4
function	0x101cfe10	FUN_101cfe10	-		layer 1
function	0x101cfea0	FUN_101cfea0	-		layer 0
function	0x101cfef0	FUN_101cfef0	-		layer 14
function	0x101d0310	FUN_101d0310	-		layer 6
function	0x101d03e0	FUN_101d03e0	-		layer 7
function	0x101d0570	FUN_101d0570	-		layer 5
function	0x101d0630	FUN_101d0630	-		layer 6
function	0x101d08e0	FUN_101d08e0	-		layer 0
function	0x101d0b70	FUN_101d0b70	-		layer 3
function	0x101d0e90	FUN_101d0e90	-		layer 0
function	0x101d0ec0	FUN_101d0ec0	-		layer 1
function	0x101d0f10	FUN_101d0f10	-		layer 1
function	0x101d1070	FUN_101d1070	-		layer 0
function	0x101d1120	FUN_101d1120	-		layer 1
function	0x101d1240	FUN_101d1240	-		layer 0
function	0x101d1280	DispatchSpawn	-		layer 6
function	0x101d1530	FUN_101d1530	-		layer 1
function	0x101d15f0	FUN_101d15f0	-		layer 1
function	0x101d1800	FUN_101d1800	-		layer 2
function	0x101d1960	FUN_101d1960	-		layer 1
function	0x101d1a90	FUN_101d1a90	-		layer 8
function	0x101d2530	FUN_101d2530	-		layer 0
function	0x101d2560	FUN_101d2560	-		layer 4
function	0x101d26b0	FUN_101d26b0	-		layer 4
function	0x101d2850	FUN_101d2850	-		layer 0
function	0x101d2c70	FUN_101d2c70	-		layer 0
function	0x101d2f40	FUN_101d2f40	-		layer 0
function	0x101d3190	FUN_101d3190	-		layer 0
function	0x101d3730	FUN_101d3730	-		layer 0
function	0x101d3850	FUN_101d3850	-		layer 0
function	0x101d4e70	FUN_101d4e70	-		layer 0
function	0x101d4eb0	FUN_101d4eb0	-		layer 0
function	0x101d4ef0	FUN_101d4ef0	-		layer 0
function	0x101d4f20	FUN_101d4f20	-		layer 0
function	0x101d5bd0	FUN_101d5bd0	-		layer 5
function	0x101d5e80	FUN_101d5e80	-		layer 8
function	0x101d5f10	FUN_101d5f10	-		layer 12
function	0x101d8670	FUN_101d8670	-		layer 10
function	0x101d8720	FUN_101d8720	-		layer 11
function	0x101d8770	FUN_101d8770	-		layer 9
function	0x101d8820	FUN_101d8820	-		layer 13
function	0x101d88b0	FUN_101d88b0	-		layer 8
function	0x101d8a70	FUN_101d8a70	-		layer 12
function	0x101d8b40	FUN_101d8b40	-		layer 11
function	0x101d9190	FUN_101d9190	-		layer 0
function	0x101d9610	FUN_101d9610	-		layer 9
function	0x101d9640	FUN_101d9640	-		layer 9
function	0x101d96a0	FUN_101d96a0	-		layer 9
function	0x101d96d0	FUN_101d96d0	-		layer 9
function	0x101d9840	FUN_101d9840	-		layer 0
function	0x101d9870	FUN_101d9870	-		layer 1
function	0x101da880	FUN_101da880	-		layer 0
function	0x101da980	FUN_101da980	-		layer 0
function	0x101daad0	FUN_101daad0	-		layer 14
function	0x101daf60	FUN_101daf60	-		layer 0
function	0x101db410	FUN_101db410	-		layer 15
function	0x101db430	FUN_101db430	-		layer 16
function	0x101db5f0	FUN_101db5f0	-		layer 0
function	0x101db870	FUN_101db870	-		layer 16
function	0x101db960	FUN_101db960	-		layer 1
function	0x101dbc10	FUN_101dbc10	-		layer 17
function	0x101dbe10	FUN_101dbe10	-		layer 0
function	0x101dbed0	FUN_101dbed0	-		layer 4
function	0x101dc0b0	FUN_101dc0b0	-		layer 1
function	0x101dc120	FUN_101dc120	-		layer 2
function	0x101dc1c0	FUN_101dc1c0	-		layer 0
function	0x101dc790	FUN_101dc790	-		layer 5
function	0x101dc810	FUN_101dc810	-		layer 3
function	0x101dcb20	FUN_101dcb20	-		layer 1
function	0x101dd090	FUN_101dd090	-		layer 10
function	0x101dd3a0	FUN_101dd3a0	-		layer 4
function	0x101dd480	FUN_101dd480	-		layer 2
function	0x101dd4f0	FUN_101dd4f0	-		layer 0
function	0x101dd620	FUN_101dd620	-		layer 10
function	0x101dda30	FUN_101dda30	-		layer 0
function	0x101ddaf0	FUN_101ddaf0	-		layer 0
function	0x101ddbe0	FUN_101ddbe0	-		layer 0
function	0x101ddcd0	FUN_101ddcd0	-		layer 19
function	0x101ddec0	FUN_101ddec0	-		layer 2
function	0x101de2f0	FUN_101de2f0	-		layer 12
function	0x101de660	FUN_101de660	-		layer 19
function	0x101def10	FUN_101def10	-		layer 5
function	0x101df260	FUN_101df260	-		layer 3
function	0x101dfb80	FUN_101dfb80	-		layer 11
function	0x101dfc20	FUN_101dfc20	-		layer 19
function	0x101dfe20	FUN_101dfe20	-		layer 20
function	0x101dfe50	FUN_101dfe50	-		layer 20
function	0x101dfe80	FUN_101dfe80	-		layer 19
function	0x101e0040	FUN_101e0040	-		layer 0
function	0x101e0410	FUN_101e0410	-		layer 8
function	0x101e0520	FUN_101e0520	-		layer 3
function	0x101e11c0	FUN_101e11c0	-		layer 8
function	0x101e1250	FUN_101e1250	-		layer 0
function	0x101e12a0	FUN_101e12a0	-		layer 1
function	0x101e12f0	FUN_101e12f0	-		layer 5
function	0x101e1520	FUN_101e1520	-		layer 0
function	0x101e1590	FUN_101e1590	-		layer 5
function	0x101e1610	FUN_101e1610	-		layer 0
function	0x101e1720	FUN_101e1720	-		layer 2
function	0x101e1770	FUN_101e1770	-		layer 0
function	0x101e1850	FUN_101e1850	-		layer 0
function	0x101e1870	FUN_101e1870	-		layer 0
function	0x101e18c0	FUN_101e18c0	-		layer 0
function	0x101e1a60	FUN_101e1a60	-		layer 13
function	0x101e22b0	FUN_101e22b0	-		layer 0
function	0x101e22d0	FUN_101e22d0	-		layer 0
function	0x101e28e0	FUN_101e28e0	-		layer 1
function	0x101e2990	FUN_101e2990	-		layer 14
function	0x101e2f50	FUN_101e2f50	-		layer 20
function	0x101e3310	FUN_101e3310	-		layer 21
function	0x101e33c0	FUN_101e33c0	-		layer 19
function	0x101e34c0	FUN_101e34c0	-		layer 21
function	0x101e3560	FUN_101e3560	-		layer 15
function	0x101e3730	FUN_101e3730	-		layer 19
function	0x101e3850	FUN_101e3850	-		layer 19
function	0x101e3910	FUN_101e3910	-		layer 21
function	0x101e3a30	InterruptSchedule	-		layer 21
function	0x101e3af0	RemoveEffect	-		layer 19
function	0x101e3be0	FUN_101e3be0	-		layer 20
function	0x101e3c10	FUN_101e3c10	-		layer 21
function	0x101e3c80	FUN_101e3c80	-		layer 20
function	0x101e3cf0	FUN_101e3cf0	-		layer 20
function	0x101e3d70	FUN_101e3d70	-		layer 19
function	0x101e3df0	FUN_101e3df0	-		layer 20
function	0x101e3e70	FUN_101e3e70	-		layer 22
function	0x101e3ee0	FUN_101e3ee0	-		layer 22
function	0x101e3f50	FUN_101e3f50	-		layer 1
function	0x101e3ff0	FUN_101e3ff0	-		layer 20
function	0x101e40b0	FUN_101e40b0	-		layer 19
function	0x101e4220	FUN_101e4220	-		layer 11
function	0x101e44c0	FUN_101e44c0	-		layer 0
function	0x101e45b0	FUN_101e45b0	-		layer 11
function	0x101e48b0	FUN_101e48b0	-		layer 0
function	0x101e48f0	FUN_101e48f0	-		layer 0
function	0x101e49b0	FUN_101e49b0	-		layer 1
function	0x101e4a00	FUN_101e4a00	-		layer 0
function	0x101e4f30	FUN_101e4f30	-		layer 0
function	0x101e56e0	FUN_101e56e0	-		layer 10
function	0x101e5b30	FUN_101e5b30	-		layer 11
function	0x101e5e10	FUN_101e5e10	-		layer 0
function	0x101e8430	FUN_101e8430	-		layer 13
function	0x101e8c30	FUN_101e8c30	-		layer 0
function	0x101e8c50	FUN_101e8c50	-		layer 0
function	0x101e8c70	FUN_101e8c70	-		layer 0
function	0x101e8c90	FUN_101e8c90	-		layer 5
function	0x101e8dc0	FUN_101e8dc0	-		layer 0
function	0x101e8de0	FUN_101e8de0	-		layer 0
function	0x101e8e00	FUN_101e8e00	-		layer 0
function	0x101e8e20	FUN_101e8e20	-		layer 0
function	0x101e8e40	FUN_101e8e40	-		layer 0
function	0x101e8e60	FUN_101e8e60	-		layer 0
function	0x101e8ec0	FUN_101e8ec0	-		layer 0
function	0x101e8ef0	FUN_101e8ef0	-		layer 0
function	0x101e8fe0	FUN_101e8fe0	-		layer 0
function	0x101e9000	FUN_101e9000	-		layer 0
function	0x101e9040	FUN_101e9040	-		layer 0
function	0x101e9060	FUN_101e9060	-		layer 0
function	0x101e90f0	FUN_101e90f0	-		layer 10
function	0x101e9170	FUN_101e9170	-		layer 11
function	0x101e9290	FUN_101e9290	-		layer 11
function	0x101e9470	FUN_101e9470	-		layer 13
function	0x101eb000	FUN_101eb000	-		layer 0
function	0x101eb190	FUN_101eb190	-		layer 0
function	0x101ec450	FUN_101ec450	-		layer 0
function	0x101ec480	FUN_101ec480	-		layer 0
function	0x101ec4b0	FUN_101ec4b0	-		layer 0
function	0x101ecae0	FUN_101ecae0	-		layer 0
function	0x101ecb10	FUN_101ecb10	-		layer 0
function	0x101ef540	FUN_101ef540	-		layer 9
function	0x101ef880	FUN_101ef880	-		layer 0
function	0x101ef900	FUN_101ef900	-		layer 9
function	0x101f0b50	FUN_101f0b50	-		layer 0
function	0x101f18f0	FUN_101f18f0	-		layer 0
function	0x101f1aa0	FUN_101f1aa0	-		layer 8
function	0x101f1be0	FUN_101f1be0	-		layer 5
function	0x101f1c70	FUN_101f1c70	-		layer 5
function	0x101f1d80	FUN_101f1d80	-		layer 0
function	0x101f1da0	FUN_101f1da0	-		layer 11
function	0x101f3b00	FUN_101f3b00	-		layer 1
function	0x101f42d0	FUN_101f42d0	-		layer 2
function	0x101f4530	FUN_101f4530	-		layer 0
function	0x101f4600	FUN_101f4600	-		layer 12
function	0x101f4c80	FUN_101f4c80	-		layer 0
function	0x101f5950	FUN_101f5950	-		layer 13
function	0x101f5b60	FUN_101f5b60	-		layer 13
function	0x101f6010	FUN_101f6010	-		layer 14
function	0x101f6910	FUN_101f6910	-		layer 2
function	0x101f69a0	FUN_101f69a0	-		layer 0
function	0x101f6c50	FUN_101f6c50	-		layer 1
function	0x101f6e70	FUN_101f6e70	-		layer 1
function	0x101f7310	FUN_101f7310	-		layer 0
function	0x101f75a0	FUN_101f75a0	-		layer 2
function	0x101f7690	FUN_101f7690	-		layer 2
function	0x101f82d0	FUN_101f82d0	-		layer 0
function	0x101f8480	FUN_101f8480	-		layer 8
function	0x101f8510	FUN_101f8510	-		layer 11
function	0x101f8620	FUN_101f8620	-		layer 16
function	0x101f8e20	FUN_101f8e20	-		layer 11
function	0x101f8f30	FUN_101f8f30	-		layer 19
function	0x101f96b0	FUN_101f96b0	-		layer 17
function	0x101f9830	FUN_101f9830	-		layer 19
function	0x101f9a00	FUN_101f9a00	-		layer 18
function	0x101f9a40	FUN_101f9a40	-		layer 19
function	0x101f9a80	FUN_101f9a80	-		layer 10
function	0x101f9af0	FUN_101f9af0	-		layer 10
function	0x101f9bf0	FUN_101f9bf0	-		layer 9
function	0x101f9d60	FUN_101f9d60	-		layer 9
function	0x101f9df0	FUN_101f9df0	-		layer 9
function	0x101f9ff0	CVTraitEffectList_t::Effect_ModInfo	-		layer 9
function	0x101fa5b0	CVDmg_t::CVDmg_t	-		layer 2
function	0x101fa680	CVDmg_t::~CVDmg_t	-		layer 0
function	0x101fa700	CVDmg_t::Copy	-		layer 0
function	0x101fa8d0	CVDmg_t::Set	-		layer 0
function	0x101fa960	CVDmg_t::SetSrc	-		layer 11
function	0x101faa70	CVDmg_t::GetDmg	-		layer 0
function	0x101fb200	CVDmg_t::Apply	-		layer 0
function	0x101fb340	CVDmg_t::EvadeCheck	-		layer 0
function	0x101fb3e0	CVDmg_t::AddFlags	-		layer 0
function	0x101fb7a0	CVStatSubCost_t::CVStatSubCost_t	-		layer 6
function	0x101fb830	CVStatSubCost_t::Null	-		layer 5
function	0x101fd430	CVStatActionList_t::CVStatActionList_t	-		layer 0
function	0x101fd940	CVStatActionList_t::Update	-		layer 0
function	0x101fdaf0	FUN_101fdaf0	-		layer 7
function	0x101fdda0	CVStatInfo_t::GetValueName	-		layer 3
function	0x101fdf40	CVStatInfo_t::UsesCustomValueName	-		layer 0
function	0x101ff010	FUN_101ff010	-		layer 10
function	0x101ff060	FUN_101ff060	-		layer 10
function	0x10200370	FUN_10200370	-		layer 8
function	0x10200610	CVStatList_t::CVStatList_t	-		layer 0
function	0x102008b0	FUN_102008b0	-		layer 0
function	0x102008e0	CVStatList_t::SetBase	-		layer 9
function	0x10200a70	CVStatList_t::SetBaseToStatValue	-		layer 11
function	0x10200b10	CVStatList_t::GetMax	-		layer 11
function	0x10200be0	CVStatList_t::Set	-		layer 12
function	0x10200ca0	CVStatList_t::GetBase	-		layer 1
function	0x10200d60	CVStatList_t::IncBase	-		layer 13
function	0x10200ea0	CVStatList_t::DecBase	-		layer 11
function	0x10200fc0	CVStatList_t::AddBase	-		layer 13
function	0x10201100	CVStatList_t::SubBase	-		layer 14
function	0x102012d0	GetValue	-		layer 10
function	0x102013a0	CVStatList_t::GetBaseValueName	-		layer 9
function	0x10201470	CVStatList_t::GetValueName	-		layer 11
function	0x10201540	FUN_10201540	-		layer 11
function	0x102017b0	CVStatList_t::IsEqual	-		layer 11
function	0x10201a40	CVStatList_t::ToDetailedStr	-		layer 12
function	0x10201fa0	CVStatListManager_t::Update	-		layer 12
function	0x10202060	FUN_10202060	-		layer 0
function	0x10202780	FUN_10202780	-		layer 0
function	0x102029c0	FUN_102029c0	-		layer 0
function	0x10202a10	FUN_10202a10	-		layer 1
function	0x10202ac0	FUN_10202ac0	-		layer 0
function	0x102030a0	FUN_102030a0	-		layer 2
function	0x10203190	FUN_10203190	-		layer 8
function	0x10203240	FUN_10203240	-		layer 8
function	0x10203dd0	FUN_10203dd0	-		layer 0
function	0x10203ed0	FUN_10203ed0	-		layer 7
function	0x10204250	FUN_10204250	-		layer 0
function	0x10204270	FUN_10204270	-		layer 0
function	0x102042a0	FUN_102042a0	-		layer 0
function	0x102043a0	FUN_102043a0	-		layer 9
function	0x10204900	FUN_10204900	-		layer 10
function	0x10204ad0	FUN_10204ad0	-		layer 12
function	0x10204c20	FUN_10204c20	-		layer 0
function	0x10204c60	FUN_10204c60	-		layer 9
function	0x10205380	FUN_10205380	-		layer 1
function	0x102053a0	FUN_102053a0	-		layer 1
function	0x10205400	FUN_10205400	-		layer 0
function	0x10205430	FUN_10205430	-		layer 0
function	0x102056d0	FUN_102056d0	-		layer 0
function	0x10205730	FUN_10205730	-		layer 10
function	0x10205840	FUN_10205840	-		layer 9
function	0x10205e60	FUN_10205e60	-		layer 11
function	0x10206140	FUN_10206140	-		layer 12
function	0x10206300	FUN_10206300	-		layer 0
function	0x10206400	FUN_10206400	-		layer 0
function	0x10206aa0	FUN_10206aa0	-		layer 22
function	0x10206c30	FUN_10206c30	-		layer 23
function	0x10206da0	FUN_10206da0	-		layer 19
function	0x10207680	FUN_10207680	-		layer 20
function	0x10207c40	FUN_10207c40	-		layer 12
function	0x10207c70	FUN_10207c70	-		layer 14
function	0x10207dd0	FUN_10207dd0	-		layer 15
function	0x10207df0	FUN_10207df0	-		layer 13
function	0x10207e60	FUN_10207e60	-		layer 13
function	0x1020a0a0	FUN_1020a0a0	-		layer 8
function	0x10217080	FUN_10217080	-		layer 1
function	0x1021e750	FUN_1021e750	-		layer 19
function	0x1021e7e0	FUN_1021e7e0	-		layer 20
function	0x1021fe50	FUN_1021fe50	-		layer 10
function	0x1021fee0	FUN_1021fee0	-		layer 10
function	0x10224100	FUN_10224100	-		layer 0
function	0x102271d0	FUN_102271d0	-		layer 8
function	0x10227a30	FUN_10227a30	-		layer 9
function	0x10228350	FUN_10228350	-		layer 1
function	0x1022dea0	FUN_1022dea0	-		layer 23
function	0x1022f4f0	FUN_1022f4f0	-		layer 14
function	0x10230260	FUN_10230260	-		layer 1
function	0x10230880	FUN_10230880	-		layer 6
function	0x10230ed0	FUN_10230ed0	-		layer 2
function	0x10230f00	FUN_10230f00	-		layer 2
function	0x1023b570	FUN_1023b570	-		layer 1
function	0x1023bd00	FUN_1023bd00	-		layer 0
function	0x1023dcd0	FUN_1023dcd0	-		layer 0
function	0x1023e4b0	FUN_1023e4b0	-		layer 5
function	0x1023f040	FUN_1023f040	-		layer 0
function	0x1023f060	FUN_1023f060	-		layer 0
function	0x1023f0c0	FUN_1023f0c0	-		layer 0
function	0x1023fd00	FUN_1023fd00	-		layer 0
function	0x102454e0	FUN_102454e0	-		layer 0
function	0x102455c0	FUN_102455c0	-		layer 0
function	0x10245660	FUN_10245660	-		layer 5
function	0x102456b0	FUN_102456b0	-		layer 0
function	0x10245700	FUN_10245700	-		layer 0
function	0x102457b0	FUN_102457b0	-		layer 0
function	0x10245a40	FUN_10245a40	-		layer 7
function	0x10245ac0	FUN_10245ac0	-		layer 7
function	0x10245d80	ConVar::vfunc11	-		layer 5
function	0x10245e60	ConVar::vfunc10	-		layer 0
function	0x10245f50	ConVar::vfunc9	-		layer 6
function	0x10245fe0	ConVar::vfunc12	-		layer 6
function	0x10246160	ConVar::vfunc4	-		layer 7
function	0x10246270	FUN_10246270	-		layer 0
function	0x10249940	FUN_10249940	-		layer 0
function	0x10249aa0	FUN_10249aa0	-		layer 6
function	0x10249c70	FUN_10249c70	-		layer 1
function	0x10249fc0	FUN_10249fc0	-		layer 1
function	0x1024a2e0	FUN_1024a2e0	-		layer 0
function	0x1024a900	FUN_1024a900	-		layer 0
function	0x1024b2d0	FUN_1024b2d0	-		layer 0
function	0x1024b400	FUN_1024b400	-		layer 0
function	0x1024b590	FUN_1024b590	-		layer 0
function	0x1024b5e0	FUN_1024b5e0	-		layer 5
function	0x1024b830	FUN_1024b830	-		layer 0
function	0x1024b9e0	FUN_1024b9e0	-		layer 0
function	0x1024bb20	FUN_1024bb20	-		layer 2
function	0x1024bf80	FUN_1024bf80	-		layer 0
function	0x1024c000	FUN_1024c000	-		layer 1
function	0x1024c050	FUN_1024c050	-		layer 0
function	0x1024c0e0	FUN_1024c0e0	-		layer 0
function	0x1024c1d0	FUN_1024c1d0	-		layer 1
function	0x1024c400	FUN_1024c400	-		layer 1
function	0x1024c630	FUN_1024c630	-		layer 0
function	0x1024cef0	FUN_1024cef0	-		layer 0
function	0x1024cf80	FUN_1024cf80	-		layer 0
function	0x1024da80	FUN_1024da80	-		layer 0
function	0x1024ddf0	FUN_1024ddf0	-		layer 0
function	0x1024f7b0	FUN_1024f7b0	-		layer 1
function	0x10251790	FUN_10251790	-		layer 2
function	0x102517b0	FUN_102517b0	-		layer 1
function	0x102517e0	FUN_102517e0	-		layer 8
function	0x102518f0	FUN_102518f0	-	mechanism	layer 0
function	0x102521f0	FUN_102521f0	-		layer 0
function	0x10252240	FUN_10252240	-		layer 0
function	0x10252410	FUN_10252410	-		layer 0
function	0x10252450	FUN_10252450	-		layer 0
function	0x10252470	FUN_10252470	-		layer 0
function	0x102525e0	FUN_102525e0	-		layer 2
function	0x10255cf0	FUN_10255cf0	-		layer 8
function	0x10256200	FUN_10256200	-		layer 0
function	0x10256220	FUN_10256220	-		layer 2
function	0x10256250	FUN_10256250	-		layer 2
function	0x10256280	FUN_10256280	-		layer 2
function	0x102562b0	FUN_102562b0	-		layer 19
function	0x10256300	FUN_10256300	-		layer 20
function	0x102577e0	FUN_102577e0	-		layer 9
function	0x10258230	FUN_10258230	-		layer 12
function	0x10258270	FUN_10258270	-		layer 9
function	0x10258290	FUN_10258290	-		layer 13
function	0x102585c0	FUN_102585c0	-		layer 2
function	0x10258620	FUN_10258620	-		layer 2
function	0x10259de0	FUN_10259de0	-		layer 0
function	0x1025b610	FUN_1025b610	-		layer 0
function	0x1025d730	FUN_1025d730	-		layer 2
function	0x1025d760	FUN_1025d760	-		layer 7
function	0x1025d840	FUN_1025d840	-		layer 0
function	0x1025db50	FUN_1025db50	-		layer 0
function	0x1025db70	FUN_1025db70	-		layer 2
function	0x1025dca0	FUN_1025dca0	-		layer 2
function	0x1025ddd0	FUN_1025ddd0	-		layer 1
function	0x1025de90	FUN_1025de90	-		layer 0
function	0x1025df40	FUN_1025df40	-		layer 1
function	0x1025e120	FUN_1025e120	-		layer 0
function	0x1025e140	FUN_1025e140	-		layer 0
function	0x10260a50	FUN_10260a50	-		layer 5
function	0x102623a0	CAI_Motor::FUN_102623a0	-	rule	layer 0
function	0x102623c0	CAI_Motor::FUN_102623c0	-	rule	layer 3
function	0x102623e0	CAI_Motor::FUN_102623e0	-	unsettled	layer 0
function	0x102652d0	FUN_102652d0	-		layer 0
function	0x102652f0	FUN_102652f0	-		layer 0
function	0x102653f0	FUN_102653f0	-		layer 1
function	0x10265680	SetAIEnabled	-		layer 2
function	0x10265800	IsAIEnabled	-		layer 0
function	0x102658f0	CAI_BaseNPC::FUN_102658f0	CCineNPC#402, CNPCMaker#402, CNPC_VHumanCombatant#402, CNPC_VPedestrian#402, CNPC_VRat#402, CNPC_VVampire#402	rule	layer 15
function	0x10265970	FUN_10265970	-		layer 1
function	0x10265a40	BecomeDead	-		layer 0
function	0x10265a90	FUN_10265a90	-	present	layer 8
function	0x10265ad0	CAI_BaseNPC::Event_Killed	CCineNPC#144	rule	layer 20
function	0x10265e90	CAI_BaseNPC::OnTakeDamage	CCineNPC#142	rule	layer 24
function	0x10265ed0	CAI_BaseNPC::OnTakeDamage_Alive	CCineNPC#390	rule	layer 23
function	0x102664c0	CAI_BaseNPC::OnTakeDamage_Dead	CCineNPC#392, CNPCMaker#392, CNPC_VHumanCombatant#392, CNPC_VPedestrian#392, CNPC_VRat#392, CNPC_VVampire#392	rule	layer 9
function	0x10266630	CAI_BaseNPC::FUN_10266630	CCineNPC#576, CNPCMaker#576, CNPC_VHumanCombatant#576, CNPC_VPedestrian#576, CNPC_VRat#576, CNPC_VVampire#576	rule	layer 0
function	0x10266660	CAI_BaseNPC::FUN_10266660	CCineNPC#577, CNPCMaker#577, CNPC_VHumanCombatant#577, CNPC_VPedestrian#577, CNPC_VRat#577, CNPC_VVampire#577	rule	layer 0
function	0x10266780	CAI_BaseNPC::TraceAttack	CCineNPC#141, CNPCMaker#141, CNPC_VHumanCombatant#141, CNPC_VPedestrian#141, CNPC_VRat#141, CNPC_VVampire#141	rule	layer 8
function	0x10266b10	FUN_10266b10	-		layer 1
function	0x10266ef0	FUN_10266ef0	-		layer 1
function	0x10267260	CAISound::FUN_10267260	CCineNPC#184, CNPCMaker#184, CNPC_VHumanCombatant#184, CNPC_VPedestrian#184, CNPC_VRat#184, CNPC_VVampire#184	mechanism	layer 4
function	0x10267b60	FUN_10267b60	-		layer 15
function	0x10268170	FUN_10268170	-		layer 1
function	0x10268330	RangedDamagePerVictim	-		layer 15
function	0x10268900	CAISound::FUN_10268900	CCineNPC#185, CNPCMaker#185, CNPC_VHumanCombatant#185, CNPC_VPedestrian#185, CNPC_VRat#185, CNPC_VVampire#185	rule	layer 16
function	0x10268ef0	CAISound::FUN_10268ef0	CCineNPC#146, CNPCMaker#146, CNPC_VHumanCombatant#146, CNPC_VPedestrian#146, CNPC_VRat#146, CNPC_VVampire#146	mechanism	layer 4
function	0x102695d0	FUN_102695d0	-		layer 5
function	0x102699e0	FUN_102699e0	-		layer 5
function	0x10269a20	SetCondition	-		layer 1
function	0x10269aa0	HasCondition	-		layer 1
function	0x10269b30	FUN_10269b30	-		layer 2
function	0x10269b50	FUN_10269b50	-		layer 1
function	0x10269bd0	FUN_10269bd0	-		layer 1
function	0x10269c70	ConditionInterruptsCurrentSchedule	-	present	layer 1
function	0x10269d30	HasInterruptCondition	-	present	layer 1
function	0x10269eb0	SetScheduleTestBits	-		layer 1
function	0x10269f30	FUN_10269f30	-		layer 1
function	0x1026a0f0	CAI_BaseNPC::CacheInterruptConditions	-	present	layer 2
function	0x1026a2a0	FUN_1026a2a0	-	rule	layer 0
function	0x1026a2c0	CAI_BaseNPC::OnLooked	CCineNPC#469	rule	layer 14
function	0x1026a5e0	CAI_BaseNPC::OnListened	CCineNPC#470	present	layer 8
function	0x1026a8a0	CAI_BaseNPC::FUN_1026a8a0	CCineNPC#471, CNPCMaker#471, CNPC_VHumanCombatant#471, CNPC_VPedestrian#471, CNPC_VVampire#471	rule	layer 0
function	0x1026a8d0	CAI_BaseNPC::FValidateHintType	CCineNPC#566	rule	layer 0
function	0x1026a8f0	CAI_BaseNPC::FUN_1026a8f0	CCineNPC#567, CNPCMaker#567, CNPC_VHumanCombatant#567, CNPC_VPedestrian#567, CNPC_VRat#567, CNPC_VVampire#567	rule	layer 0
function	0x1026a910	CAI_BaseNPC::FUN_1026a910	CCineNPC#568, CNPCMaker#568, CNPC_VHumanCombatant#568, CNPC_VPedestrian#568, CNPC_VRat#568, CNPC_VVampire#568	dead	layer 0
function	0x1026ab50	FUN_1026ab50	-	mechanism	layer 14
function	0x1026ae90	CAI_BaseNPC::FUN_1026ae90	CCineNPC#473	rule	layer 0
function	0x1026aef0	CAI_BaseNPC::FUN_1026aef0	CCineNPC#474	rule	layer 3
function	0x1026af30	CAI_BaseNPC::FUN_1026af30	CCineNPC#475, CNPCMaker#475, CNPC_VHumanCombatant#475, CNPC_VPedestrian#475, CNPC_VRat#475, CNPC_VVampire#475	rule	layer 3
function	0x1026af70	CAI_BaseNPC::SetHeadDirection	CCineNPC#537, CNPCMaker#537, CNPC_VHumanCombatant#537, CNPC_VPedestrian#537, CNPC_VRat#537, CNPC_VVampire#537	mechanism	layer 3
function	0x1026b210	CAI_BaseNPC::FUN_1026b210	CCineNPC#372, CNPCMaker#372, CNPC_VHumanCombatant#372, CNPC_VPedestrian#372, CNPC_VRat#372, CNPC_VVampire#372	rule	layer 5
function	0x1026b240	CAI_BaseNPC::FUN_1026b240	CCineNPC#373, CNPCMaker#373, CNPC_VHumanCombatant#373, CNPC_VPedestrian#373, CNPC_VRat#373, CNPC_VVampire#373	rule	layer 4
function	0x1026b270	CAI_BaseNPC::FUN_1026b270	CCineNPC#534, CNPCMaker#534, CNPC_VHumanCombatant#534, CNPC_VPedestrian#534, CNPC_VRat#534, CNPC_VVampire#534	dead	layer 4
function	0x1026b480	CAI_BaseNPC::FUN_1026b480	CCineNPC#539, CNPCMaker#539, CNPC_VHumanCombatant#539, CNPC_VPedestrian#539, CNPC_VRat#539, CNPC_VVampire#539	mechanism	layer 2
function	0x1026b4f0	CAI_BaseNPC::FUN_1026b4f0	CCineNPC#538, CNPCMaker#538, CNPC_VHumanCombatant#538, CNPC_VPedestrian#538, CNPC_VRat#538, CNPC_VVampire#538	mechanism	layer 13
function	0x1026b580	FUN_1026b580	-		layer 3
function	0x1026b7a0	FUN_1026b7a0	-		layer 0
function	0x1026b810	CAI_BaseNPC::MaintainEyeDirection	CCineNPC#333	present	layer 4
function	0x1026c120	CAI_BaseNPC::PerformMovement	-	mechanism	layer 0
function	0x1026c3d0	FUN_1026c3d0	-		layer 4
function	0x1026c540	FUN_1026c540	-		layer 6
function	0x1026c7c0	CAI_BaseNPC::PostRun	-	rule	layer 7
function	0x1026ca80	CAI_BaseNPC::NPCThink	CCineNPC#431	rule	layer 25
function	0x1026cdc0	CAI_BaseNPC::EnterGrappleState	CCineNPC#379	rule	layer 21
function	0x1026ce30	CAI_BaseNPC::LeaveGrappleState	CCineNPC#380	rule	layer 12
function	0x1026cec0	CAI_BaseNPC::FUN_1026cec0	CCineNPC#354, CNPCMaker#354, CNPC_VHumanCombatant#354, CNPC_VPedestrian#354, CNPC_VRat#354, CNPC_VVampire#354	rule	layer 21
function	0x1026cf90	CAI_BaseNPC::FUN_1026cf90	CCineNPC#355, CNPCMaker#355, CNPC_VHumanCombatant#355, CNPC_VPedestrian#355, CNPC_VRat#355, CNPC_VVampire#355	present	layer 8
function	0x1026d050	DisconnectFromSquad	-	present	layer 3
function	0x1026d130	FUN_1026d130	-	present	layer 20
function	0x1026d460	FUN_1026d460	-	present	layer 13
function	0x1026d7f0	CAI_BaseNPC::FUN_1026d7f0	CNPCMaker#459, CNPC_VHumanCombatant#459, CNPC_VPedestrian#459, CNPC_VRat#459, CNPC_VVampire#459	rule	layer 0
function	0x1026d890	CAI_BaseNPC::FUN_1026d890	CCineNPC#553, CNPCMaker#553, CNPC_VHumanCombatant#553, CNPC_VPedestrian#553, CNPC_VRat#553, CNPC_VVampire#553	rule	layer 0
function	0x1026d920	CAI_BaseNPC::FUN_1026d920	CCineNPC#554, CNPCMaker#554, CNPC_VHumanCombatant#554, CNPC_VPedestrian#554, CNPC_VRat#554, CNPC_VVampire#554	dead	layer 0
function	0x1026d9a0	CAI_BaseNPC::FUN_1026d9a0	CCineNPC#555, CNPCMaker#555, CNPC_VHumanCombatant#555, CNPC_VPedestrian#555, CNPC_VRat#555, CNPC_VVampire#555	rule	layer 1
function	0x1026da90	CAI_BaseNPC::FUN_1026da90	CCineNPC#556, CNPCMaker#556, CNPC_VHumanCombatant#556, CNPC_VPedestrian#556, CNPC_VRat#556, CNPC_VVampire#556	dead	layer 1
function	0x1026db30	CAI_BaseNPC::CapabilitiesGet	CCineNPC#513, CNPCMaker#513, CNPC_VHumanCombatant#513, CNPC_VPedestrian#513, CNPC_VRat#513, CNPC_VVampire#513	rule	layer 1
function	0x1026dc00	CAI_BaseNPC::CapabilitiesAdd	-	present	layer 0
function	0x1026dc80	CAI_BaseNPC::ClearAttackConditions	CCineNPC#560, CNPCMaker#560, CNPC_VHumanCombatant#560, CNPC_VPedestrian#560, CNPC_VRat#560, CNPC_VVampire#560	rule	layer 2
function	0x1026dd10	CAI_BaseNPC::GatherAttackConditions	CCineNPC#561, CNPCMaker#561, CNPC_VHumanCombatant#561, CNPC_VPedestrian#561, CNPC_VRat#561, CNPC_VVampire#561	present	layer 4
function	0x1026e340	FUN_1026e340	-	rule	layer 19
function	0x1026e3e0	CAI_BaseNPC::OnStateChange	CCineNPC#463	present	layer 0
function	0x1026e4f0	CAI_BaseNPC::PerformSensing	-	present	layer 8
function	0x1026e5c0	CAI_BaseNPC::ClearSenseConditions	CCineNPC#477, CNPCMaker#477, CNPC_VHumanCombatant#477, CNPC_VPedestrian#477, CNPC_VRat#477, CNPC_VVampire#477	rule	layer 2
function	0x1026e5e0	CAI_BaseNPC::CheckOnGround	-	mechanism	layer 5
function	0x1026e940	FUN_1026e940	-		layer 4
function	0x1026ec30	CAI_BaseNPC::GatherConditions	CCineNPC#433	rule	layer 23
function	0x1026f110	CAI_BaseNPC::RunAI	CCineNPC#432	rule	layer 24
function	0x1026f4d0	FUN_1026f4d0	-		layer 0
function	0x1026f590	CAI_BaseNPC::FUN_1026f590	CCineNPC#460	rule	layer 21
function	0x1026f660	CAI_BaseNPC::SelectIdealState	CCineNPC#461	rule	layer 21
function	0x1026fb40	FUN_1026fb40	-		layer 9
function	0x1026fbe0	CAI_BaseNPC::FUN_1026fbe0	CCineNPC#562, CNPCMaker#562, CNPC_VHumanCombatant#562, CNPC_VPedestrian#562, CNPC_VRat#562, CNPC_VVampire#562	rule	layer 15
function	0x1026fcf0	CAI_BaseNPC::FUN_1026fcf0	CCineNPC#573, CNPCMaker#573, CNPC_VHumanCombatant#573, CNPC_VPedestrian#573, CNPC_VRat#573, CNPC_VVampire#573	rule	layer 14
function	0x1026ff00	FUN_1026ff00	-		layer 5
function	0x1026ff80	FUN_1026ff80	-		layer 4
function	0x10270180	FUN_10270180	-	rule	layer 0
function	0x10270290	FUN_10270290	-	present	layer 0
function	0x102702d0	CAI_BaseNPC::FUN_102702d0	CCineNPC#418	unsettled	layer 1
function	0x102703f0	FUN_102703f0	-		layer 4
function	0x102707d0	FUN_102707d0	-		layer 0
function	0x10270820	CAI_BaseNPC::GetUsedHullBits	CCineNPC#337	mechanism	layer 1
function	0x10270840	CAI_BaseNPC::FUN_10270840	CCineNPC#564	rule	layer 2
function	0x10270890	FUN_10270890	-		layer 1
function	0x102709c0	CAI_BaseNPC::FUN_102709c0	CCineNPC#544, CNPCMaker#544, CNPC_VHumanCombatant#544, CNPC_VPedestrian#544, CNPC_VRat#544, CNPC_VVampire#544	rule	layer 10
function	0x10270aa0	FUN_10270aa0	-	present	layer 0
function	0x10270b20	CAI_BaseNPC::GatherEnemyConditions	CCineNPC#481, CNPCMaker#481, CNPC_VHumanCombatant#481, CNPC_VPedestrian#481, CNPC_VRat#481, CNPC_VVampire#481	rule	layer 22
function	0x102718e0	FUN_102718e0	-		layer 0
function	0x10271900	CAI_BaseNPC::UpdateEnemyPos	-	mechanism	layer 21
function	0x10271b10	CAI_BaseNPC::UpdateTargetPos	-	mechanism	layer 21
function	0x10271d10	CAI_BaseNPC::CheckTarget	-	rule	layer 22
function	0x10271f50	CAI_BaseNPC::NPC_EarlyTranslateActivity	CCineNPC#375	present	layer 0
function	0x10271f70	CAI_BaseNPC::NPC_TranslateActivity	CCineNPC#376	present	layer 5
function	0x10271ff0	CAI_BaseNPC::TranslateActivity	-	present	layer 6
function	0x10272130	ResolveActivityToSequence	-	rule	layer 7
function	0x10272400	CAI_BaseNPC::ForcePreTranslatedSequenceAndActivity	CCineNPC#311, CNPCMaker#311, CNPC_VHumanCombatant#311, CNPC_VPedestrian#311, CNPC_VRat#311, CNPC_VVampire#311	rule	layer 6
function	0x10272490	CAI_BaseNPC::SetActivityAndSequence	-	rule	layer 15
function	0x102725d0	CAI_BaseNPC::SetActivity	CCineNPC#310	rule	layer 16
function	0x10272650	CAI_BaseNPC::SetIdealActivity	-	rule	layer 17
function	0x102726a0	AdvanceToIdealActivity	-		layer 16
function	0x10272790	CAI_BaseNPC::FUN_10272790	CCineNPC#466	rule	layer 1
function	0x102727d0	CAI_BaseNPC::MaintainActivity	-	rule	layer 17
function	0x10272900	CAI_BaseNPC::IsActivityFinished	CCineNPC#251, CNPCMaker#251, CNPC_VHumanCombatant#251, CNPC_VPedestrian#251, CNPC_VRat#251, CNPC_VVampire#251	rule	layer 0
function	0x102729d0	FUN_102729d0	-	mechanism	layer 2
function	0x10272f40	FUN_10272f40	-		layer 12
function	0x10273070	FUN_10273070	-	mechanism	layer 13
function	0x10273180	FUN_10273180	-	mechanism	layer 13
function	0x10273200	CAI_BaseNPC::Spawn	-	rule	layer 22
function	0x10273390	CAI_BaseNPC::NPCInit	CCineNPC#420	rule	layer 20
function	0x10273720	CAI_BaseNPC::FUN_10273720	CCineNPC#223, CNPCMaker#223, CNPC_VHumanCombatant#223, CNPC_VPedestrian#223, CNPC_VRat#223, CNPC_VVampire#223	mechanism	layer 13
function	0x10273760	FUN_10273760	-		layer 10
function	0x10273790	InputSetRelationship	-		layer 9
function	0x10273aa0	FUN_10273aa0	-		layer 11
function	0x10273ad0	CAI_BaseNPC::FUN_10273ad0	CCineNPC#422	rule	layer 20
function	0x10273d30	CAI_BaseNPC::InitSquad	CCineNPC#545, CNPCMaker#545, CNPC_VHumanCombatant#545, CNPC_VPedestrian#545, CNPC_VRat#545, CNPC_VVampire#545	rule	layer 8
function	0x10273dd0	CAI_BaseNPC::FUN_10273dd0	CCineNPC#542, CNPCMaker#542, CNPC_VHumanCombatant#542, CNPC_VPedestrian#542, CNPC_VRat#542, CNPC_VVampire#542	rule	layer 5
function	0x10273e10	CAI_BaseNPC::FUN_10273e10	CCineNPC#541, CNPCMaker#541, CNPC_VHumanCombatant#541, CNPC_VPedestrian#541, CNPC_VRat#541, CNPC_VVampire#541	rule	layer 0
function	0x10273e40	CAI_BaseNPC::FUN_10273e40	CCineNPC#543, CNPCMaker#543, CNPC_VHumanCombatant#543, CNPC_VPedestrian#543, CNPC_VRat#543, CNPC_VVampire#543	mechanism	layer 5
function	0x10273e80	TaskComplete	-	present	layer 2
function	0x10273ec0	FUN_10273ec0	-	rule	layer 20
function	0x10273f90	TaskIsRunning	-	present	layer 0
function	0x10273fc0	CAI_BaseNPC::TaskFail	CCineNPC#448	present	layer 2
function	0x10274080	FUN_10274080	-	rule	layer 2
function	0x102741e0	CAI_BaseNPC::IsUnreachable	CCineNPC#530, CNPCMaker#530, CNPC_VHumanCombatant#530, CNPC_VPedestrian#530, CNPC_VRat#530, CNPC_VVampire#530	rule	layer 1
function	0x102743c0	CAI_BaseNPC::BestEnemy	CCineNPC#478, CNPCMaker#478, CNPC_VHumanCombatant#478, CNPC_VPedestrian#478, CNPC_VRat#478, CNPC_VVampire#478	rule	layer 14
function	0x10274820	CAI_BaseNPC::Reload_Base	CCineNPC#570	present	layer 4
function	0x10274aa0	CAI_BaseNPC::Cover_Base	CCineNPC#569	present	layer 1
function	0x10274b30	CAI_BaseNPC::FUN_10274b30	CCineNPC#515, CNPCMaker#515, CNPC_VHumanCombatant#515, CNPC_VPedestrian#515, CNPC_VRat#515, CNPC_VVampire#515	mechanism	layer 1
function	0x10274ca0	FUN_10274ca0	-	rule	layer 1
function	0x10274db0	CAI_BaseNPC::FUN_10274db0	CCineNPC#533	rule	layer 2
function	0x10274e30	CAI_BaseNPC::HandleAnimEvent	CCineNPC#259	rule	layer 24
function	0x10275760	CAI_BaseNPC::DrawDebugGeometryOverlays	CCineNPC#123	dead	layer 8
function	0x102767d0	CAI_BaseNPC::DrawDebugTextOverlays	CCineNPC#124	dead	layer 14
function	0x102775e0	CAI_BaseNPC::DrawDebugStatOverlays	CCineNPC#76	dead	layer 6
function	0x102779a0	CAI_BaseNPC::FUN_102779a0	CCineNPC#581, CNPCMaker#581, CNPC_VHumanCombatant#581, CNPC_VPedestrian#581, CNPC_VRat#581, CNPC_VVampire#581	dead	layer 4
function	0x10277d90	CAI_BaseNPC::FUN_10277d90	CCineNPC#582, CNPCMaker#582, CNPC_VHumanCombatant#582, CNPC_VPedestrian#582, CNPC_VRat#582, CNPC_VVampire#582	dead	layer 12
function	0x10278090	CAI_BaseNPC::FUN_10278090	CCineNPC#482, CNPCMaker#482	rule	layer 2
function	0x102781a0	FUN_102781a0	-	rule	layer 0
function	0x10278220	FUN_10278220	-	rule	layer 21
function	0x102784a0	FUN_102784a0	-		layer 22
function	0x10278650	FUN_10278650	-	rule	layer 11
function	0x10278900	CAI_BaseNPC::FUN_10278900	CCineNPC#574, CNPCMaker#574, CNPC_VHumanCombatant#574, CNPC_VPedestrian#574, CNPC_VRat#574, CNPC_VVampire#574	rule	layer 12
function	0x102789c0	CAI_BaseNPC::FUN_102789c0	CCineNPC#197, CNPCMaker#197, CNPC_VHumanCombatant#197, CNPC_VPedestrian#197, CNPC_VRat#197, CNPC_VVampire#197	rule	layer 9
function	0x10278c60	CAI_BaseNPC::FUN_10278c60	CCineNPC#575	rule	layer 2
function	0x10278c80	FacingIdeal	-	rule	layer 2
function	0x10278cb0	CAI_BaseNPC::FUN_10278cb0	CCineNPC#519, CNPCMaker#519, CNPC_VHumanCombatant#519, CNPC_VPedestrian#519, CNPC_VRat#519, CNPC_VVampire#519	dead	layer 0
function	0x10278d20	CAI_BaseNPC::FUN_10278d20	CCineNPC#518, CNPCMaker#518, CNPC_VHumanCombatant#518, CNPC_VPedestrian#518, CNPC_VRat#518, CNPC_VVampire#518	mechanism	layer 0
function	0x10278d90	CAI_BaseNPC::FUN_10278d90	CCineNPC#517, CNPCMaker#517, CNPC_VHumanCombatant#517, CNPC_VPedestrian#517, CNPC_VRat#517, CNPC_VVampire#517	mechanism	layer 0
function	0x10278e00	CAI_BaseNPC::GetFacingDirection	CCineNPC#520, CNPCMaker#520, CNPC_VHumanCombatant#520, CNPC_VPedestrian#520, CNPC_VRat#520, CNPC_VVampire#520	dead	layer 0
function	0x10278e30	CAI_BaseNPC::FUN_10278e30	CCineNPC#484, CNPCMaker#484, CNPC_VHumanCombatant#484, CNPC_VPedestrian#484, CNPC_VRat#484, CNPC_VVampire#484	rule	layer 5
function	0x10279000	CAI_BaseNPC::FUN_10279000	CCineNPC#485, CNPCMaker#485, CNPC_VHumanCombatant#485, CNPC_VPedestrian#485, CNPC_VRat#485, CNPC_VVampire#485	rule	layer 6
function	0x10279060	CAI_BaseNPC::FUN_10279060	CCineNPC#540, CNPCMaker#540, CNPC_VHumanCombatant#540, CNPC_VPedestrian#540, CNPC_VRat#540, CNPC_VVampire#540	dead	layer 4
function	0x10279090	CAI_BaseNPC::FUN_10279090	CCineNPC#559, CNPCMaker#559, CNPC_VHumanCombatant#559, CNPC_VPedestrian#559, CNPC_VRat#559, CNPC_VVampire#559	rule	layer 9
function	0x10279420	FUN_10279420	-		layer 4
function	0x10279a50	SetEnemy	-	rule	layer 19
function	0x10279b70	FUN_10279b70	-	present	layer 0
function	0x10279bb0	FUN_10279bb0	-		layer 2
function	0x10279cc0	SetTarget	-	present	layer 0
function	0x10279d00	CAI_BaseNPC::ShouldChooseNewEnemy	CCineNPC#480, CNPCMaker#480, CNPC_VHumanCombatant#480, CNPC_VPedestrian#480, CNPC_VRat#480, CNPC_VVampire#480	present	layer 2
function	0x10279dd0	CAI_BaseNPC::ChooseEnemy	-	rule	layer 20
function	0x1027a400	CAI_BaseNPC::FUN_1027a400	CCineNPC#552, CNPCMaker#552, CNPC_VHumanCombatant#552, CNPC_VPedestrian#552, CNPC_VRat#552, CNPC_VVampire#552	rule	layer 0
function	0x1027a420	CAI_BaseNPC::FUN_1027a420	CCineNPC#509	rule	layer 2
function	0x1027a530	CAI_BaseNPC::FUN_1027a530	CCineNPC#510	rule	layer 0
function	0x1027a5c0	CAI_BaseNPC::FUN_1027a5c0	CCineNPC#486	rule	layer 0
function	0x1027a640	CAI_BaseNPC::FUN_1027a640	CCineNPC#487	rule	layer 0
function	0x1027a6c0	FUN_1027a6c0	-	rule	layer 3
function	0x1027a700	CAI_BaseNPC::FUN_1027a700	CCineNPC#435	present	layer 1
function	0x1027bb20	CAI_BaseNPC::PostConstructor	CCineNPC#106, CNPCMaker#106, CNPC_VHumanCombatant#106, CNPC_VPedestrian#106, CNPC_VRat#106, CNPC_VVampire#106	mechanism	layer 15
function	0x1027bb50	CAI_BaseNPC::Precache	CCineNPC#104	mechanism	layer 13
function	0x1027bc60	CAI_BaseNPC::Save	CCineNPC#126	mechanism	layer 15
function	0x1027be60	FUN_1027be60	-		layer 20
function	0x1027bf50	CAI_BaseNPC::OnRestore	CCineNPC#130	rule	layer 21
function	0x1027c160	CAI_BaseNPC::Restore	CCineNPC#127	mechanism	layer 9
function	0x1027c2e0	CAI_BaseNPC::LoadedSchedules	CCineNPC#452	dead	layer 0
function	0x1027c790	CAI_MoveAndShootOverlay::vfunc0	-	mechanism	layer 5
function	0x1027c820	FUN_1027c820	-		layer 6
function	0x1027ca30	CAI_BaseNPC::UpdateOnRemove	-	rule	layer 6
function	0x1027caa0	CAI_BaseNPC::FUN_1027caa0	CCineNPC#511, CNPCMaker#511, CNPC_VHumanCombatant#511, CNPC_VPedestrian#511, CNPC_VRat#511, CNPC_VVampire#511	mechanism	layer 0
function	0x1027cae0	CAI_BaseNPC::FUN_1027cae0	CCineNPC#424, CNPCMaker#424, CNPC_VHumanCombatant#424, CNPC_VPedestrian#424, CNPC_VRat#424, CNPC_VVampire#424	mechanism	layer 7
function	0x1027cc10	CAI_BaseNPC::FUN_1027cc10	CCineNPC#425, CNPCMaker#425, CNPC_VHumanCombatant#425, CNPC_VPedestrian#425, CNPC_VRat#425, CNPC_VVampire#425	mechanism	layer 5
function	0x1027cd50	FUN_1027cd50	-		layer 0
function	0x1027cda0	FUN_1027cda0	-		layer 0
function	0x1027cde0	CAI_Senses::vfunc0	-	mechanism	layer 5
function	0x1027cec0	CAI_BaseNPC::FUN_1027cec0	CCineNPC#427, CNPCMaker#427, CNPC_VHumanCombatant#427, CNPC_VPedestrian#427, CNPC_VRat#427, CNPC_VVampire#427	mechanism	layer 5
function	0x1027cef0	CAI_BaseNPC::FUN_1027cef0	CCineNPC#426, CNPCMaker#426, CNPC_VHumanCombatant#426, CNPC_VPedestrian#426, CNPC_VRat#426, CNPC_VVampire#426	mechanism	layer 5
function	0x1027cf60	CAI_BaseNPC::FUN_1027cf60	CCineNPC#428, CNPCMaker#428, CNPC_VHumanCombatant#428, CNPC_VPedestrian#428, CNPC_VVampire#428	mechanism	layer 5
function	0x1027cf90	CAI_BaseNPC::FUN_1027cf90	CCineNPC#429, CNPCMaker#429, CNPC_VHumanCombatant#429, CNPC_VPedestrian#429, CNPC_VRat#429, CNPC_VVampire#429	mechanism	layer 6
function	0x1027cfc0	CAI_BaseNPC::FUN_1027cfc0	CCineNPC#430, CNPCMaker#430, CNPC_VHumanCombatant#430, CNPC_VPedestrian#430, CNPC_VRat#430, CNPC_VVampire#430	mechanism	layer 5
function	0x1027d000	CAI_Pathfinder::vfunc0	-	mechanism	layer 5
function	0x1027d0a0	FUN_1027d0a0	-	rule	layer 20
function	0x1027d170	CineCleanup	-		layer 19
function	0x1027d990	FUN_1027d990	-	rule	layer 0
function	0x1027d9b0	FUN_1027d9b0	-	rule	layer 1
function	0x1027d9d0	CAI_BaseNPC::FUN_1027d9d0	CCineNPC#514, CNPCMaker#514, CNPC_VHumanCombatant#514, CNPC_VPedestrian#514, CNPC_VRat#514, CNPC_VVampire#514	dead	layer 0
function	0x1027d9f0	CAI_BaseNPC::OverrideMoveFacing	CCineNPC#526, CNPCMaker#526, CNPC_VHumanCombatant#526, CNPC_VPedestrian#526, CNPC_VRat#526, CNPC_VVampire#526	dead	layer 0
function	0x1027da90	CAI_BaseNPC::OverrideMove	CCineNPC#525, CNPCMaker#525, CNPC_VHumanCombatant#525, CNPC_VPedestrian#525, CNPC_VRat#525, CNPC_VVampire#525	mechanism	layer 0
function	0x1027db30	FUN_1027db30	-	rule	layer 0
function	0x1027db80	FUN_1027db80	-		layer 1
function	0x1027dc80	CAI_BaseNPC::FUN_1027dc80	CCineNPC#531	rule	layer 0
function	0x1027de00	FUN_1027de00	-	rule	layer 3
function	0x1027e0f0	CAI_BaseNPC::FUN_1027e0f0	CCineNPC#532	rule	layer 0
function	0x1027e120	CAI_BaseNPC::FUN_1027e120	CCineNPC#423, CNPCMaker#423, CNPC_VHumanCombatant#423, CNPC_VPedestrian#423, CNPC_VRat#423, CNPC_VVampire#423	dead	layer 0
function	0x1027e590	FUN_1027e590	-		layer 11
function	0x1027e660	FUN_1027e660	-		layer 0
function	0x1027e740	CAI_BaseNPC::FUN_1027e740	CCineNPC#406, CNPCMaker#406, CNPC_VHumanCombatant#406, CNPC_VPedestrian#406, CNPC_VRat#406, CNPC_VVampire#406	dead	layer 1
function	0x1027e760	FUN_1027e760	-		layer 0
function	0x1027e7d0	CAI_BaseNPC::FUN_1027e7d0	CCineNPC#407, CNPCMaker#407, CNPC_VHumanCombatant#407, CNPC_VPedestrian#407, CNPC_VRat#407, CNPC_VVampire#407	dead	layer 1
function	0x1027e7f0	FUN_1027e7f0	-		layer 0
function	0x1027ede0	CAI_BaseNPC::GetShortConditionName	CCineNPC#408, CNPCMaker#408, CNPC_VHumanCombatant#408, CNPC_VPedestrian#408, CNPC_VRat#408, CNPC_VVampire#408	dead	layer 1
function	0x1027ee00	CAI_BaseNPC::GetLastSharedCondition	CCineNPC#409, CNPCMaker#409, CNPC_VHumanCombatant#409, CNPC_VPedestrian#409, CNPC_VRat#409, CNPC_VVampire#409	dead	layer 0
function	0x1027ee20	FUN_1027ee20	-		layer 0
function	0x1027ef20	FUN_1027ef20	-	dead	layer 11
function	0x1027efb0	FUN_1027efb0	-	dead	layer 1
function	0x1027f270	FUN_1027f270	-		layer 0
function	0x1027f550	FUN_1027f550	-		layer 1
function	0x1027f5d0	FUN_1027f5d0	-		layer 11
function	0x1027f610	FUN_1027f610	-		layer 0
function	0x1027f8f0	FUN_1027f8f0	-		layer 0
function	0x1027f940	FUN_1027f940	-		layer 0
function	0x1027f990	FUN_1027f990	-		layer 0
function	0x1027fa50	FUN_1027fa50	-		layer 1
function	0x1027faa0	FUN_1027faa0	-		layer 0
function	0x1027fae0	FUN_1027fae0	-		layer 0
function	0x1027fba0	FUN_1027fba0	-		layer 1
function	0x1027fc10	FUN_1027fc10	-		layer 0
function	0x10280300	CAI_BaseNPC::FUN_10280300	CCineNPC#153, CNPCMaker#153, CNPC_VHumanCombatant#153, CNPC_VPedestrian#153, CNPC_VRat#153, CNPC_VVampire#153	mechanism	layer 2
function	0x10280330	CAI_BaseNPC::FUN_10280330	CCineNPC#529, CNPCMaker#529, CNPC_VHumanCombatant#529, CNPC_VPedestrian#529, CNPC_VRat#529, CNPC_VVampire#529	rule	layer 1
function	0x10280360	CAI_BaseNPC::FUN_10280360	CCineNPC#528, CNPCMaker#528, CNPC_VHumanCombatant#528, CNPC_VPedestrian#528, CNPC_VRat#528, CNPC_VVampire#528	rule	layer 6
function	0x10280790	FUN_10280790	-		layer 1
function	0x10280880	CAI_BaseNPC::IsJumpLegal	CCineNPC#521, CNPCMaker#521, CNPC_VHumanCombatant#521, CNPC_VPedestrian#521, CNPC_VRat#521, CNPC_VVampire#521	mechanism	layer 2
function	0x10280a20	FUN_10280a20	-	present	layer 0
function	0x10280a50	CAI_BaseNPC::AutoMovement	-	mechanism	layer 9
function	0x10280bb0	CAI_BaseNPC::MaxYawSpeed	CCineNPC#516	mechanism	layer 0
function	0x10280c80	FUN_10280c80	-		layer 0
function	0x10280d30	ClearSchedule	-	present	layer 0
function	0x10280db0	FUN_10280db0	-	rule	layer 0
function	0x10280de0	FUN_10280de0	-	rule	layer 7
function	0x10280e50	SetSchedule	-	present	layer 6
function	0x10280f40	NextScheduledTask	-	rule	layer 2
function	0x10280fb0	CAI_BaseNPC::BuildScheduleTestBits	CCineNPC#453	present	layer 0
function	0x10280fd0	CAI_BaseNPC::FUN_10280fd0	CCineNPC#411, CNPCMaker#411, CNPC_VHumanCombatant#411, CNPC_VPedestrian#411, CNPC_VRat#411, CNPC_VVampire#411	dead	layer 0
function	0x10280ff0	CAI_BaseNPC::IsScheduleValid	-	present	layer 4
function	0x10281430	FUN_10281430	-		layer 2
function	0x102814d0	FUN_102814d0	-		layer 3
function	0x10281730	GetFailSchedule	-		layer 1
function	0x102817c0	MaintainSchedule	-	present	layer 22
function	0x102827f0	CAI_BaseNPC::StartTask	CCineNPC#442	rule	layer 24
function	0x10288510	FUN_10288510	-		layer 0
function	0x10288540	FUN_10288540	-		layer 0
function	0x10288560	FUN_10288560	-		layer 5
function	0x10288590	FUN_10288590	-		layer 1
function	0x102885d0	FUN_102885d0	-		layer 0
function	0x102885f0	FUN_102885f0	-		layer 0
function	0x10288610	FUN_10288610	-		layer 0
function	0x10288630	FUN_10288630	-	present	layer 0
function	0x10288650	FUN_10288650	-	present	layer 0
function	0x10288670	FUN_10288670	-		layer 1
function	0x102886f0	FUN_102886f0	-		layer 0
function	0x10288710	CAI_BaseNPC::FUN_10288710	CCineNPC#445, CNPCMaker#445, CNPC_VHumanCombatant#445, CNPC_VPedestrian#445, CNPC_VRat#445, CNPC_VVampire#445	rule	layer 10
function	0x10288780	CAI_BaseNPC::RunTask	CCineNPC#444	rule	layer 22
function	0x10289c90	RunTaskOverlay	-		layer 21
function	0x10289ce0	CAI_BaseNPC::FUN_10289ce0	CCineNPC#571, CNPCMaker#571, CNPC_VHumanCombatant#571, CNPC_VPedestrian#571, CNPC_VRat#571, CNPC_VVampire#571	rule	layer 0
function	0x10289d10	CAI_BaseNPC::FUN_10289d10	CCineNPC#572	rule	layer 18
function	0x10289ee0	RestartIdealActivity	-		layer 18
function	0x10289f20	CAI_BaseNPC::TranslateEnemyChasePosition	CCineNPC#563	rule	layer 1
function	0x10289fe0	FUN_10289fe0	-	rule	layer 1
function	0x1028a150	FUN_1028a150	-	present	layer 0
function	0x1028a190	FUN_1028a190	-		layer 1
function	0x1028a260	FUN_1028a260	-		layer 0
function	0x1028a2a0	CAI_BaseNPC::PreSelectSchedule	CCineNPC#437	rule	layer 2
function	0x1028a380	CAI_BaseNPC::SelectSchedule	CCineNPC#438	rule	layer 21
function	0x1028abe0	CAI_BaseNPC::SelectFailSchedule	CCineNPC#439, CNPCMaker#439, CNPC_VHumanCombatant#439, CNPC_VPedestrian#439, CNPC_VRat#439, CNPC_VVampire#439	present	layer 0
function	0x1028ac10	FUN_1028ac10	-		layer 0
function	0x1028ac80	FUN_1028ac80	-		layer 0
function	0x1028acc0	FUN_1028acc0	-		layer 0
function	0x1028ae60	FUN_1028ae60	-	rule	layer 0
function	0x1028af20	CAI_BaseNPC::FUN_1028af20	CCineNPC#548, CNPCMaker#548, CNPC_VHumanCombatant#548, CNPC_VPedestrian#548, CNPC_VRat#548, CNPC_VVampire#548	rule	layer 4
function	0x1028b0b0	CAI_BaseNPC::FUN_1028b0b0	CCineNPC#549, CNPCMaker#549, CNPC_VHumanCombatant#549, CNPC_VPedestrian#549, CNPC_VRat#549, CNPC_VVampire#549	dead	layer 0
function	0x1028b0f0	CAI_BaseNPC::FUN_1028b0f0	CCineNPC#547, CNPCMaker#547, CNPC_VHumanCombatant#547, CNPC_VPedestrian#547, CNPC_VRat#547, CNPC_VVampire#547	dead	layer 0
function	0x1028b160	FUN_1028b160	-		layer 0
function	0x1028b190	FUN_1028b190	-		layer 1
function	0x1028b300	FUN_1028b300	-		layer 1
function	0x1028b420	FUN_1028b420	-		layer 0
function	0x1028b460	FUN_1028b460	-		layer 0
function	0x1028d610	FUN_1028d610	-		layer 16
function	0x1028d6e0	CAI_BaseNPCTroika::UpdateOnRemove	CNPCMaker#180, CNPC_VHumanCombatant#180, CNPC_VPedestrian#180, CNPC_VRat#180, CNPC_VVampire#180	rule	layer 15
function	0x1028d860	CAI_BaseNPCTroika::FUN_1028d860	CNPCMaker#583, CNPC_VHumanCombatant#583, CNPC_VPedestrian#583, CNPC_VRat#583, CNPC_VVampire#583	present	layer 1
function	0x1028d910	CAI_BaseNPCTroika::FUN_1028d910	CNPCMaker#584, CNPC_VHumanCombatant#584, CNPC_VPedestrian#584, CNPC_VRat#584, CNPC_VVampire#584	present	layer 1
function	0x1028d990	FUN_1028d990	-	dead	layer 11
function	0x1028de10	CAI_BaseNPCTroika::FUN_1028de10	CNPCMaker#18, CNPC_VHumanCombatant#18, CNPC_VPedestrian#18, CNPC_VRat#18, CNPC_VVampire#18	dead	layer 12
function	0x1028de90	CAI_BaseNPCTroika::FUN_1028de90	CNPCMaker#17, CNPC_VHumanCombatant#17, CNPC_VPedestrian#17, CNPC_VRat#17, CNPC_VVampire#17	dead	layer 12
function	0x1028df30	CAI_BaseNPCTroika::FUN_1028df30	CNPCMaker#20, CNPC_VHumanCombatant#20, CNPC_VPedestrian#20, CNPC_VRat#20, CNPC_VVampire#20	dead	layer 12
function	0x1028dfb0	CAI_BaseNPCTroika::FUN_1028dfb0	CNPCMaker#19, CNPC_VHumanCombatant#19, CNPC_VPedestrian#19, CNPC_VRat#19, CNPC_VVampire#19	dead	layer 1
function	0x1028e030	FUN_1028e030	-		layer 4
function	0x1028e060	FUN_1028e060	-		layer 4
function	0x1028e090	FUN_1028e090	-		layer 3
function	0x1028e310	CAI_BaseNPCTroika::FUN_1028e310	CNPC_VHumanCombatant#113, CNPC_VPedestrian#113, CNPC_VRat#113, CNPC_VVampire#113	rule	layer 6
function	0x1028e360	FUN_1028e360	-	present	layer 0
function	0x1028e480	FUN_1028e480	-	mechanism	layer 21
function	0x1028e700	FUN_1028e700	-	rule	layer 2
function	0x1028e790	FUN_1028e790	-		layer 3
function	0x1028e830	FUN_1028e830	-		layer 0
function	0x1028e870	FUN_1028e870	-	unsettled	layer 1
function	0x1028e8b0	FUN_1028e8b0	-		layer 1
function	0x1028e940	FUN_1028e940	-	present	layer 0
function	0x1028e980	FUN_1028e980	-	mechanism	layer 21
function	0x1028ea60	FUN_1028ea60	-	rule	layer 1
function	0x1028eb30	FUN_1028eb30	-	rule	layer 0
function	0x1028ebc0	FUN_1028ebc0	-	rule	layer 8
function	0x1028ef20	CAI_BaseNPCTroika::FUN_1028ef20	CNPC_VHumanCombatant#587, CNPC_VPedestrian#587, CNPC_VVampire#587	rule	layer 13
function	0x1028efc0	FUN_1028efc0	-		layer 12
function	0x1028fa50	FUN_1028fa50	-		layer 10
function	0x1028fb70	InitPerceptionDistances	-	present	layer 9
function	0x1028fc90	FUN_1028fc90	-	present	layer 0
function	0x1028fcc0	CAI_BaseNPCTroika::RunAI	CNPCMaker#432	rule	layer 25
function	0x1028fd80	CAI_BaseNPCTroika::RunAlternateAI	-	rule	layer 21
function	0x10290040	FUN_10290040	-	rule	layer 20
function	0x10290200	FUN_10290200	-		layer 18
function	0x102902e0	FUN_102902e0	-		layer 18
function	0x10290350	FUN_10290350	-	rule	layer 18
function	0x10290570	CAI_BaseNPCTroika::FUN_10290570	CNPCMaker#532, CNPC_VHumanCombatant#532, CNPC_VPedestrian#532, CNPC_VRat#532, CNPC_VVampire#532	rule	layer 11
function	0x10290660	IsThinkDue	-		layer 0
function	0x102906a0	FUN_102906a0	-	rule	layer 1
function	0x102906c0	FUN_102906c0	-	rule	layer 1
function	0x102906e0	FUN_102906e0	-		layer 0
function	0x10290700	FUN_10290700	-	rule	layer 1
function	0x10290720	CalcNextUpdateThink	-	present	layer 2
function	0x10290b60	CalcNextNormalThink	-	present	layer 2
function	0x10290fc0	CalcNextMoveThink	-	present	layer 0
function	0x10291230	CalcNextAIThink	-	present	layer 2
function	0x10291610	CAI_BaseNPCTroika::SetPlayerLOS	-	present	layer 9
function	0x10292500	CAI_BaseNPCTroika::NPCThinkDebugPre	-	dead	layer 12
function	0x10292de0	CAI_BaseNPCTroika::NPCThink	CNPCMaker#431, CNPC_VHumanCombatant#431, CNPC_VPedestrian#431, CNPC_VRat#431, CNPC_VVampire#431	rule	layer 26
function	0x10293a80	SetClosestPlayer	-		layer 3
function	0x10293d70	FUN_10293d70	-	present	layer 0
function	0x10293d90	FUN_10293d90	-	present	layer 0
function	0x10293dc0	FUN_10293dc0	-	present	layer 0
function	0x10293df0	FUN_10293df0	-	present	layer 0
function	0x10293e20	FUN_10293e20	-		layer 1
function	0x10293e50	CAI_BaseNPCTroika::FUN_10293e50	CNPCMaker#588, CNPC_VHumanCombatant#588, CNPC_VPedestrian#588, CNPC_VRat#588, CNPC_VVampire#588	rule	layer 19
function	0x10293e80	CAI_BaseNPCTroika::FUN_10293e80	CNPCMaker#527, CNPC_VHumanCombatant#527, CNPC_VPedestrian#527, CNPC_VRat#527, CNPC_VVampire#527	rule	layer 1
function	0x10293ec0	CAI_BaseNPCTroika::FUN_10293ec0	CNPCMaker#488, CNPC_VHumanCombatant#488, CNPC_VPedestrian#488, CNPC_VRat#488, CNPC_VVampire#488	rule	layer 14
function	0x10293f80	CAI_BaseNPCTroika::FUN_10293f80	CNPCMaker#489, CNPC_VHumanCombatant#489, CNPC_VPedestrian#489, CNPC_VRat#489, CNPC_VVampire#489	rule	layer 14
function	0x10294040	CAI_BaseNPCTroika::FUN_10294040	CNPCMaker#509, CNPC_VHumanCombatant#509, CNPC_VPedestrian#509, CNPC_VRat#509, CNPC_VVampire#509	rule	layer 3
function	0x10294070	CAI_BaseNPCTroika::FUN_10294070	CNPCMaker#510, CNPC_VHumanCombatant#510, CNPC_VPedestrian#510, CNPC_VRat#510, CNPC_VVampire#510	rule	layer 9
function	0x10294280	CAI_BaseNPCTroika::FUN_10294280	CNPCMaker#490, CNPC_VHumanCombatant#490, CNPC_VPedestrian#490, CNPC_VRat#490, CNPC_VVampire#490	rule	layer 14
function	0x10294340	CAI_BaseNPCTroika::FUN_10294340	CNPCMaker#491, CNPC_VHumanCombatant#491, CNPC_VPedestrian#491, CNPC_VRat#491, CNPC_VVampire#491	rule	layer 14
function	0x10294400	CAI_BaseNPCTroika::FUN_10294400	CNPCMaker#492, CNPC_VHumanCombatant#492, CNPC_VPedestrian#492, CNPC_VRat#492, CNPC_VVampire#492	rule	layer 14
function	0x102944c0	CAI_BaseNPCTroika::FUN_102944c0	CNPCMaker#493, CNPC_VHumanCombatant#493, CNPC_VPedestrian#493, CNPC_VRat#493, CNPC_VVampire#493	rule	layer 14
function	0x10294590	CAI_BaseNPCTroika::FUN_10294590	CNPCMaker#494, CNPC_VHumanCombatant#494, CNPC_VPedestrian#494, CNPC_VRat#494, CNPC_VVampire#494	rule	layer 14
function	0x10294660	CAI_BaseNPCTroika::FUN_10294660	CNPCMaker#495, CNPC_VHumanCombatant#495, CNPC_VPedestrian#495, CNPC_VRat#495, CNPC_VVampire#495	rule	layer 14
function	0x10294720	CAI_BaseNPCTroika::FUN_10294720	CNPCMaker#496, CNPC_VHumanCombatant#496, CNPC_VPedestrian#496, CNPC_VRat#496, CNPC_VVampire#496	dead	layer 14
function	0x102947e0	CAI_BaseNPCTroika::FUN_102947e0	CNPCMaker#497, CNPC_VHumanCombatant#497, CNPC_VPedestrian#497, CNPC_VRat#497, CNPC_VVampire#497	dead	layer 5
function	0x10294870	CAI_BaseNPCTroika::FUN_10294870	CNPCMaker#498, CNPC_VHumanCombatant#498, CNPC_VPedestrian#498, CNPC_VRat#498, CNPC_VVampire#498	rule	layer 14
function	0x10294930	CAI_BaseNPCTroika::FUN_10294930	CNPCMaker#499, CNPC_VHumanCombatant#499, CNPC_VPedestrian#499, CNPC_VRat#499, CNPC_VVampire#499	rule	layer 14
function	0x102949f0	CAI_BaseNPCTroika::FUN_102949f0	CNPCMaker#500, CNPC_VHumanCombatant#500, CNPC_VPedestrian#500, CNPC_VRat#500, CNPC_VVampire#500	dead	layer 14
function	0x10294ab0	CAI_BaseNPCTroika::FUN_10294ab0	CNPCMaker#501, CNPC_VHumanCombatant#501, CNPC_VPedestrian#501, CNPC_VRat#501, CNPC_VVampire#501	dead	layer 14
function	0x10294b70	CAI_BaseNPCTroika::FUN_10294b70	CNPCMaker#502, CNPC_VHumanCombatant#502, CNPC_VPedestrian#502, CNPC_VRat#502, CNPC_VVampire#502	dead	layer 14
function	0x10294c30	CAI_BaseNPCTroika::FUN_10294c30	CNPCMaker#503, CNPC_VHumanCombatant#503, CNPC_VPedestrian#503, CNPC_VRat#503, CNPC_VVampire#503	rule	layer 14
function	0x10294cf0	CAI_BaseNPCTroika::FUN_10294cf0	CNPCMaker#504, CNPC_VHumanCombatant#504, CNPC_VPedestrian#504, CNPC_VRat#504, CNPC_VVampire#504	rule	layer 14
function	0x10294db0	CAI_BaseNPCTroika::FUN_10294db0	CNPCMaker#505, CNPC_VHumanCombatant#505, CNPC_VPedestrian#505, CNPC_VRat#505, CNPC_VVampire#505	dead	layer 14
function	0x10294e70	CAI_BaseNPCTroika::FUN_10294e70	CNPCMaker#506, CNPC_VHumanCombatant#506, CNPC_VPedestrian#506, CNPC_VRat#506, CNPC_VVampire#506	dead	layer 14
function	0x10294f40	CAI_BaseNPCTroika::FUN_10294f40	CNPCMaker#507, CNPC_VHumanCombatant#507, CNPC_VPedestrian#507, CNPC_VRat#507, CNPC_VVampire#507	rule	layer 14
function	0x10295300	CAI_BaseNPCTroika::TranslateEnemyChasePosition	CNPCMaker#563	rule	layer 1
function	0x102953a0	CAI_BaseNPCTroika::FUN_102953a0	CNPCMaker#564, CNPC_VHumanCombatant#564, CNPC_VPedestrian#564, CNPC_VRat#564, CNPC_VVampire#564	rule	layer 3
function	0x102953e0	CAI_BaseNPCTroika::FUN_102953e0	CNPCMaker#592, CNPC_VHumanCombatant#592, CNPC_VPedestrian#592, CNPC_VRat#592, CNPC_VVampire#592	rule	layer 2
function	0x10295460	FUN_10295460	-		layer 7
function	0x102954b0	CAI_BaseNPCTroika::Reload_Troika	CNPCMaker#570, CNPC_VHumanCombatant#570, CNPC_VPedestrian#570, CNPC_VRat#570, CNPC_VVampire#570	present	layer 8
function	0x10295590	CAI_BaseNPCTroika::NPC_EarlyTranslateActivity	CNPCMaker#375, CNPC_VRat#375	rule	layer 15
function	0x10295710	CAI_BaseNPCTroika::NPC_TranslateActivity	CNPCMaker#376, CNPC_VRat#376	present	layer 0
function	0x10295750	CAI_BaseNPCTroika::SetActivity	CNPCMaker#310, CNPC_VHumanCombatant#310, CNPC_VPedestrian#310, CNPC_VRat#310, CNPC_VVampire#310	rule	layer 17
function	0x10295a60	CAI_BaseNPCTroika::OnChangeActivity	CNPCMaker#465, CNPC_VHumanCombatant#465, CNPC_VPedestrian#465, CNPC_VRat#465, CNPC_VVampire#465	rule	layer 0
function	0x10295a80	FUN_10295a80	-		layer 0
function	0x10295ab0	CAI_BaseNPCTroika::ClearHintNode	-	present	layer 1
function	0x10295c20	CAI_BaseNPCTroika::FValidateHintType	CNPCMaker#566, CNPC_VHumanCombatant#566, CNPC_VPedestrian#566, CNPC_VRat#566, CNPC_VVampire#566	rule	layer 11
function	0x10295ed0	FUN_10295ed0	-	rule	layer 5
function	0x102961a0	FUN_102961a0	-	rule	layer 5
function	0x10296820	FUN_10296820	-		layer 0
function	0x102968f0	FUN_102968f0	-		layer 4
function	0x10296c40	FUN_10296c40	-	rule	layer 5
function	0x10297430	FUN_10297430	-	rule	layer 6
function	0x102974f0	FUN_102974f0	-	rule	layer 6
function	0x10297560	CAI_BaseNPCTroika::Cover_Troika	CNPCMaker#569, CNPC_VHumanCombatant#569, CNPC_VPedestrian#569, CNPC_VRat#569, CNPC_VVampire#569	present	layer 8
function	0x10297640	CAI_BaseNPCTroika::FUN_10297640	CNPCMaker#572, CNPC_VHumanCombatant#572, CNPC_VPedestrian#572, CNPC_VRat#572, CNPC_VVampire#572	rule	layer 18
function	0x10297940	FUN_10297940	-		layer 19
function	0x10297a20	FUN_10297a20	-	rule	layer 18
function	0x10297ce0	CAI_BaseNPCTroika::MaxYawSpeed	CNPCMaker#516, CNPC_VHumanCombatant#516, CNPC_VPedestrian#516, CNPC_VRat#516, CNPC_VVampire#516	mechanism	layer 8
function	0x10298070	CAI_BaseNPCTroika::UpdateCharacter	CNPCMaker#312, CNPC_VHumanCombatant#312, CNPC_VPedestrian#312, CNPC_VRat#312, CNPC_VVampire#312	rule	layer 24
function	0x102984a0	CAI_BaseNPCTroika::FUN_102984a0	CNPCMaker#531, CNPC_VHumanCombatant#531, CNPC_VPedestrian#531, CNPC_VRat#531, CNPC_VVampire#531	rule	layer 20
function	0x10298800	FUN_10298800	-	rule	layer 2
function	0x10298840	FUN_10298840	-		layer 19
function	0x10298910	FUN_10298910	-	rule	layer 5
function	0x102989e0	FUN_102989e0	-	rule	layer 5
function	0x10298ad0	CAI_BaseNPCTroika::Precache	CNPC_VHumanCombatant#104, CNPC_VPedestrian#104, CNPC_VRat#104, CNPC_VVampire#104	mechanism	layer 14
function	0x10298ce0	CAI_BaseNPCTroika::SetModel	CNPCMaker#105, CNPC_VHumanCombatant#105, CNPC_VPedestrian#105, CNPC_VRat#105, CNPC_VVampire#105	mechanism	layer 14
function	0x10298d30	CAI_BaseNPCTroika::Spawn	-	rule	layer 24
function	0x102993c0	CAI_BaseNPCTroika::Save	CNPCMaker#126, CNPC_VHumanCombatant#126, CNPC_VPedestrian#126, CNPC_VRat#126, CNPC_VVampire#126	mechanism	layer 16
function	0x10299700	CAI_BaseNPCTroika::Restore	CNPCMaker#127, CNPC_VHumanCombatant#127, CNPC_VPedestrian#127, CNPC_VRat#127, CNPC_VVampire#127	mechanism	layer 10
function	0x102998c0	CAI_BaseNPCTroika::OnRestore	CNPCMaker#130, CNPC_VHumanCombatant#130, CNPC_VRat#130, CNPC_VVampire#130	mechanism	layer 22
function	0x10299a80	FUN_10299a80	-		layer 1
function	0x10299d80	CAI_BaseNPCTroika::Classify	CNPCMaker#138	rule	layer 0
function	0x10299da0	CAI_BaseNPCTroika::IRelationType	CNPCMaker#404, CNPC_VHumanCombatant#404, CNPC_VRat#404, CNPC_VVampire#404	rule	layer 14
function	0x1029a050	CAI_BaseNPCTroika::GetUsedHullBits	CNPCMaker#337, CNPC_VHumanCombatant#337, CNPC_VPedestrian#337, CNPC_VVampire#337	mechanism	layer 2
function	0x1029a070	CAI_BaseNPCTroika::FUN_1029a070	CNPCMaker#593, CNPC_VHumanCombatant#593, CNPC_VPedestrian#593, CNPC_VRat#593, CNPC_VVampire#593	present	layer 0
function	0x1029a0b0	CAI_BaseNPCTroika::NPCInit	CNPCMaker#420, CNPC_VRat#420, CNPC_VVampire#420	rule	layer 22
function	0x1029a8b0	CAI_BaseNPCTroika::FUN_1029a8b0	CNPCMaker#422, CNPC_VHumanCombatant#422, CNPC_VPedestrian#422, CNPC_VRat#422, CNPC_VVampire#422	rule	layer 21
function	0x1029a930	CAI_BaseNPCTroika::SetSquad	-	rule	layer 8
function	0x1029aa10	CAI_BaseNPCTroika::ProcessTweakParam	CNPCMaker#585, CNPC_VHumanCombatant#585, CNPC_VPedestrian#585, CNPC_VRat#585, CNPC_VVampire#585	rule	layer 10
function	0x1029adb0	CAI_BaseNPCTroika::TaskFail	CNPCMaker#448, CNPC_VHumanCombatant#448, CNPC_VPedestrian#448, CNPC_VRat#448, CNPC_VVampire#448	present	layer 10
function	0x1029afc0	CAI_BaseNPCTroika::ShouldIgnoreCollision	CNPCMaker#68, CNPC_VHumanCombatant#68, CNPC_VPedestrian#68, CNPC_VVampire#68	mechanism	layer 1
function	0x1029b180	CAI_BaseNPCTroika::NavIgnoreCollision	CNPCMaker#69, CNPC_VHumanCombatant#69, CNPC_VPedestrian#69, CNPC_VRat#69, CNPC_VVampire#69	mechanism	layer 1
function	0x1029b290	CAI_BaseNPCTroika::HandleAnimEvent	CNPCMaker#259, CNPC_VHumanCombatant#259, CNPC_VPedestrian#259, CNPC_VRat#259, CNPC_VVampire#259	rule	layer 25
function	0x1029bd40	FUN_1029bd40	-		layer 11
function	0x1029c010	CAI_BaseNPCTroika::DrawDebugStatOverlays	CNPCMaker#76, CNPC_VHumanCombatant#76, CNPC_VPedestrian#76, CNPC_VRat#76, CNPC_VVampire#76	dead	layer 7
function	0x1029c4a0	FUN_1029c4a0	-		layer 8
function	0x1029c970	FUN_1029c970	-	rule	layer 0
function	0x1029c9f0	FUN_1029c9f0	-		layer 0
function	0x1029ca30	FUN_1029ca30	-		layer 0
function	0x1029ca50	CAI_BaseNPCTroika::DrawDebugGeometryOverlays	CNPC_VHumanCombatant#123, CNPC_VPedestrian#123, CNPC_VRat#123, CNPC_VVampire#123	dead	layer 15
function	0x1029d4e0	CAI_BaseNPCTroika::DrawDebugTextOverlays	CNPCMaker#124, CNPC_VHumanCombatant#124, CNPC_VPedestrian#124, CNPC_VRat#124, CNPC_VVampire#124	dead	layer 15
function	0x1029e750	CAI_BaseNPCTroika::FUN_1029e750	CNPCMaker#359, CNPC_VHumanCombatant#359, CNPC_VPedestrian#359, CNPC_VRat#359, CNPC_VVampire#359	rule	layer 15
function	0x1029f2e0	FUN_1029f2e0	-	present	layer 0
function	0x1029f300	FUN_1029f300	-	present	layer 0
function	0x1029f340	FUN_1029f340	-		layer 9
function	0x1029f370	FUN_1029f370	-		layer 11
function	0x1029f460	FUN_1029f460	-	rule	layer 20
function	0x1029f5d0	FUN_1029f5d0	-		layer 1
function	0x1029f610	FUN_1029f610	-	mechanism	layer 1
function	0x1029f650	FUN_1029f650	-	rule	layer 1
function	0x1029f6c0	FUN_1029f6c0	-	mechanism	layer 0
function	0x1029f730	FUN_1029f730	-	rule	layer 1
function	0x1029f780	FUN_1029f780	-	rule	layer 9
function	0x1029f800	CAI_BaseNPCTroika::FUN_1029f800	CNPCMaker#21, CNPC_VHumanCombatant#21, CNPC_VPedestrian#21, CNPC_VRat#21, CNPC_VVampire#21	rule	layer 3
function	0x1029f850	CAI_BaseNPCTroika::FUN_1029f850	CNPCMaker#22, CNPC_VHumanCombatant#22, CNPC_VPedestrian#22, CNPC_VRat#22, CNPC_VVampire#22	rule	layer 3
function	0x1029f890	CAI_BaseNPCTroika::FUN_1029f890	CNPCMaker#23, CNPC_VHumanCombatant#23, CNPC_VPedestrian#23, CNPC_VRat#23, CNPC_VVampire#23	dead	layer 3
function	0x1029f8d0	CAI_BaseNPCTroika::OnVictimHitByMe	CNPCMaker#24, CNPC_VHumanCombatant#24, CNPC_VPedestrian#24, CNPC_VRat#24, CNPC_VVampire#24	rule	layer 1
function	0x1029f8f0	CAI_BaseNPCTroika::FUN_1029f8f0	CNPCMaker#27, CNPC_VHumanCombatant#27, CNPC_VRat#27, CNPC_VVampire#27	rule	layer 4
function	0x1029f940	CAI_BaseNPCTroika::OkToInterruptForMelee	CNPCMaker#590, CNPC_VHumanCombatant#590, CNPC_VPedestrian#590, CNPC_VVampire#590	rule	layer 2
function	0x1029fa50	CAI_BaseNPCTroika::FUN_1029fa50	CNPCMaker#316, CNPC_VHumanCombatant#316, CNPC_VPedestrian#316, CNPC_VVampire#316	rule	layer 20
function	0x1029fb70	CAI_BaseNPCTroika::FUN_1029fb70	CNPCMaker#317, CNPC_VHumanCombatant#317, CNPC_VPedestrian#317, CNPC_VVampire#317	rule	layer 2
function	0x1029fbe0	CAI_BaseNPCTroika::FUN_1029fbe0	CNPCMaker#330, CNPC_VHumanCombatant#330, CNPC_VPedestrian#330, CNPC_VVampire#330	rule	layer 14
function	0x1029fcf0	CAI_BaseNPCTroika::PlayerDefenderBlockReaction	CNPCMaker#318, CNPC_VHumanCombatant#318, CNPC_VPedestrian#318, CNPC_VVampire#318	rule	layer 20
function	0x1029fdb0	CAI_BaseNPCTroika::PlayerAttackerBlockedReaction	CNPCMaker#319, CNPC_VHumanCombatant#319, CNPC_VPedestrian#319, CNPC_VVampire#319	rule	layer 18
function	0x1029fec0	CAI_BaseNPCTroika::FUN_1029fec0	CNPCMaker#326, CNPC_VHumanCombatant#326, CNPC_VPedestrian#326, CNPC_VRat#326, CNPC_VVampire#326	rule	layer 14
function	0x102a01b0	CAI_BaseNPCTroika::PlayerKnockbackReaction	CNPCMaker#320, CNPC_VHumanCombatant#320, CNPC_VPedestrian#320, CNPC_VVampire#320	rule	layer 20
function	0x102a0290	FUN_102a0290	-	rule	layer 12
function	0x102a0490	FUN_102a0490	-		layer 4
function	0x102a0870	FUN_102a0870	-		layer 10
function	0x102a0910	CAI_BaseNPCTroika::FUN_102a0910	CNPCMaker#322, CNPC_VHumanCombatant#322, CNPC_VPedestrian#322, CNPC_VRat#322, CNPC_VVampire#322	rule	layer 4
function	0x102a0940	CAI_BaseNPCTroika::OnScheduleChange	CNPCMaker#435, CNPC_VHumanCombatant#435, CNPC_VPedestrian#435, CNPC_VRat#435, CNPC_VVampire#435	rule	layer 21
function	0x102a0b90	FUN_102a0b90	-	rule	layer 0
function	0x102a0bc0	FUN_102a0bc0	-	rule	layer 2
function	0x102a0d20	CAI_BaseNPCTroika::UpdatePedestrianInfo	-	rule	layer 2
function	0x102a0ed0	CAI_BaseNPCTroika::CanStandAt	-	mechanism	layer 6
function	0x102a0fb0	CAI_BaseNPCTroika::IsAreaClear	-	mechanism	layer 5
function	0x102a11d0	FUN_102a11d0	-		layer 4
function	0x102a13d0	FUN_102a13d0	-	rule	layer 0
function	0x102a1420	FUN_102a1420	-	rule	layer 0
function	0x102a1470	FUN_102a1470	-	rule	layer 0
function	0x102a14c0	FUN_102a14c0	-	rule	layer 0
function	0x102a1510	FUN_102a1510	-	rule	layer 0
function	0x102a1560	FUN_102a1560	-		layer 19
function	0x102a1590	FUN_102a1590	-		layer 19
function	0x102a15c0	FUN_102a15c0	-		layer 19
function	0x102a15f0	FUN_102a15f0	-		layer 19
function	0x102a1620	FUN_102a1620	-		layer 19
function	0x102a1650	FUN_102a1650	-	mechanism	layer 10
function	0x102a18a0	FUN_102a18a0	-	rule	layer 0
function	0x102a1910	CAI_BaseNPCTroika::StartTask	CNPCMaker#442	rule	layer 26
function	0x102a9540	FUN_102a9540	-		layer 0
function	0x102a9570	FUN_102a9570	-		layer 1
function	0x102a95c0	FUN_102a95c0	-		layer 0
function	0x102a95e0	FUN_102a95e0	-		layer 0
function	0x102a9600	FUN_102a9600	-		layer 0
function	0x102a9620	FUN_102a9620	-		layer 0
function	0x102a9640	FUN_102a9640	-		layer 0
function	0x102a9670	FUN_102a9670	-		layer 0
function	0x102a9690	FUN_102a9690	-		layer 0
function	0x102a96b0	FUN_102a96b0	-		layer 0
function	0x102a96f0	FUN_102a96f0	-		layer 0
function	0x102a9710	FUN_102a9710	-		layer 0
function	0x102a9730	FUN_102a9730	-		layer 0
function	0x102a9750	FUN_102a9750	-		layer 0
function	0x102a9770	FUN_102a9770	-		layer 0
function	0x102a97a0	FUN_102a97a0	-		layer 0
function	0x102a97d0	FUN_102a97d0	-		layer 0
function	0x102a9800	FUN_102a9800	-		layer 0
function	0x102a9830	FUN_102a9830	-		layer 0
function	0x102a9860	FUN_102a9860	-		layer 1
function	0x102a9890	FUN_102a9890	-		layer 0
function	0x102a98c0	FUN_102a98c0	-	mechanism	layer 0
function	0x102a98e0	FUN_102a98e0	-	present	layer 0
function	0x102a9910	FUN_102a9910	-	present	layer 0
function	0x102a9940	FUN_102a9940	-	present	layer 0
function	0x102a9960	FUN_102a9960	-	present	layer 0
function	0x102a99a0	FUN_102a99a0	-	present	layer 0
function	0x102a99c0	FUN_102a99c0	-		layer 0
function	0x102a99e0	FUN_102a99e0	-		layer 4
function	0x102a9c40	FUN_102a9c40	-		layer 0
function	0x102a9c60	FUN_102a9c60	-		layer 0
function	0x102a9c80	FUN_102a9c80	-		layer 0
function	0x102a9d20	FUN_102a9d20	-		layer 0
function	0x102a9dc0	FUN_102a9dc0	-		layer 0
function	0x102a9e60	FUN_102a9e60	-		layer 0
function	0x102a9e80	FUN_102a9e80	-		layer 0
function	0x102a9ea0	FUN_102a9ea0	-		layer 0
function	0x102a9ec0	FUN_102a9ec0	-		layer 0
function	0x102a9ee0	FUN_102a9ee0	-		layer 0
function	0x102a9f00	FUN_102a9f00	-		layer 0
function	0x102a9f20	FUN_102a9f20	-		layer 0
function	0x102a9f40	FUN_102a9f40	-	rule	layer 19
function	0x102aa210	FUN_102aa210	-	rule	layer 19
function	0x102aa640	FUN_102aa640	-	rule	layer 21
function	0x102aa860	FUN_102aa860	-	rule	layer 21
function	0x102aa9e0	FUN_102aa9e0	-	rule	layer 3
function	0x102aaa60	FUN_102aaa60	-	rule	layer 19
function	0x102aab70	FUN_102aab70	-		layer 5
function	0x102aacf0	CAI_BaseNPCTroika::RunTask	CNPCMaker#444	rule	layer 23
function	0x102ad0c0	CAI_BaseNPCTroika::CanBeSetOnFire	CNPCMaker#615, CNPC_VHumanCombatant#615, CNPC_VPedestrian#615, CNPC_VVampire#615	rule	layer 2
function	0x102ad110	FUN_102ad110	CNPCMaker#616, CNPC_VHumanCombatant#616, CNPC_VPedestrian#616, CNPC_VRat#616, CNPC_VVampire#616	rule	layer 2
function	0x102ad140	CAI_BaseNPCTroika::BuildScheduleTestBits	CNPCMaker#453, CNPC_VRat#453, CNPC_VVampire#453	present	layer 2
function	0x102ad260	FUN_102ad260	-	rule	layer 2
function	0x102ad2d0	FUN_102ad2d0	-	rule	layer 2
function	0x102ad340	CAI_BaseNPCTroika::FUN_102ad340	CNPCMaker#460, CNPC_VHumanCombatant#460, CNPC_VPedestrian#460, CNPC_VRat#460, CNPC_VVampire#460	rule	layer 15
function	0x102ad660	CAI_BaseNPCTroika::SelectIdealState	CNPCMaker#461	rule	layer 22
function	0x102adfe0	FUN_102adfe0	CNPCMaker#610, CNPC_VHumanCombatant#610, CNPC_VPedestrian#610, CNPC_VRat#610, CNPC_VVampire#610	rule	layer 5
function	0x102ae140	CAI_BaseNPCTroika::OnStateChange	CNPCMaker#463, CNPC_VPedestrian#463, CNPC_VRat#463, CNPC_VVampire#463	rule	layer 8
function	0x102ae310	FUN_102ae310	-		layer 1
function	0x102ae490	ForceScheduleChange	-	rule	layer 19
function	0x102ae750	FUN_102ae750	-		layer 19
function	0x102ae780	FUN_102ae780	-	rule	layer 19
function	0x102ae7f0	FUN_102ae7f0	-	present	layer 0
function	0x102ae920	CAI_BaseNPCTroika::PreSelectSchedule	CNPCMaker#437, CNPC_VHumanCombatant#437, CNPC_VPedestrian#437, CNPC_VRat#437, CNPC_VVampire#437	rule	layer 25
function	0x102af660	CAI_BaseNPCTroika::SelectSchedule	CNPCMaker#438	rule	layer 25
function	0x102b11c0	FUN_102b11c0	-		layer 0
function	0x102b12f0	CAI_BaseNPCTroika::TranslateSchedule	CNPCMaker#440, CNPC_VHumanCombatant#440, CNPC_VPedestrian#440, CNPC_VVampire#440	rule	layer 21
function	0x102b15c0	FUN_102b15c0	-		layer 13
function	0x102b1a20	FUN_102b1a20	-		layer 3
function	0x102b1cd0	FUN_102b1cd0	-		layer 2
function	0x102b2570	FUN_102b2570	-	rule	layer 2
function	0x102b2730	FUN_102b2730	-		layer 2
function	0x102b27f0	CAI_BaseNPCTroika::GatherConditions	CNPCMaker#433, CNPC_VHumanCombatant#433, CNPC_VVampire#433	rule	layer 24
function	0x102b3270	ShouldInvestigate	-	present	layer 1
function	0x102b35b0	CAI_BaseNPCTroika::QueryHearSound	CNPCMaker#467, CNPC_VHumanCombatant#467, CNPC_VPedestrian#467, CNPC_VRat#467, CNPC_VVampire#467	rule	layer 14
function	0x102b38b0	CAI_BaseNPCTroika::QuerySeeEntity	CNPCMaker#468, CNPC_VHumanCombatant#468, CNPC_VPedestrian#468, CNPC_VRat#468, CNPC_VVampire#468	rule	layer 15
function	0x102b39a0	CAI_BaseNPCTroika::OnLooked	CNPCMaker#469, CNPC_VHumanCombatant#469, CNPC_VPedestrian#469, CNPC_VRat#469, CNPC_VVampire#469	present	layer 15
function	0x102b39e0	CAI_BaseNPCTroika::OnListened	CNPCMaker#470, CNPC_VHumanCombatant#470, CNPC_VPedestrian#470, CNPC_VRat#470, CNPC_VVampire#470	rule	layer 9
function	0x102b3d90	FUN_102b3d90	-		layer 0
function	0x102b3e00	CAI_BaseNPCTroika::FUN_102b3e00	CNPCMaker#472, CNPC_VHumanCombatant#472, CNPC_VPedestrian#472, CNPC_VRat#472, CNPC_VVampire#472	rule	layer 13
function	0x102b4070	CAI_BaseNPCTroika::FUN_102b4070	CNPCMaker#473	rule	layer 0
function	0x102b4090	CommitBestSound	-	present	layer 2
function	0x102b4520	CAI_BaseNPCTroika::FUN_102b4520	CNPCMaker#474, CNPC_VHumanCombatant#474, CNPC_VPedestrian#474, CNPC_VRat#474, CNPC_VVampire#474	rule	layer 0
function	0x102b4540	CAI_BaseNPCTroika::FInViewCone	CNPC_VHumanCombatant#363, CNPC_VPedestrian#363, CNPC_VRat#363, CNPC_VVampire#363	present	layer 8
function	0x102b4630	CAI_BaseNPCTroika::FVisible	CNPCMaker#201, CNPC_VHumanCombatant#201, CNPC_VPedestrian#201, CNPC_VRat#201, CNPC_VVampire#201	rule	layer 15
function	0x102b4760	CAI_BaseNPCTroika::FUN_102b4760	CNPCMaker#594, CNPC_VHumanCombatant#594, CNPC_VPedestrian#594, CNPC_VRat#594, CNPC_VVampire#594	rule	layer 14
function	0x102b4ab0	CAI_BaseNPCTroika::FUN_102b4ab0	CNPCMaker#533, CNPC_VHumanCombatant#533, CNPC_VPedestrian#533, CNPC_VRat#533, CNPC_VVampire#533	rule	layer 5
function	0x102b4c10	CAI_BaseNPCTroika::FUN_102b4c10	CNPCMaker#486, CNPC_VHumanCombatant#486, CNPC_VPedestrian#486, CNPC_VRat#486, CNPC_VVampire#486	rule	layer 1
function	0x102b4c40	CAI_BaseNPCTroika::FUN_102b4c40	CNPCMaker#487, CNPC_VHumanCombatant#487, CNPC_VPedestrian#487, CNPC_VRat#487, CNPC_VVampire#487	rule	layer 0
function	0x102b4cc0	CAI_BaseNPCTroika::FUN_102b4cc0	CNPCMaker#595, CNPC_VHumanCombatant#595, CNPC_VPedestrian#595, CNPC_VRat#595, CNPC_VVampire#595	rule	layer 21
function	0x102b4f60	CAI_BaseNPCTroika::FUN_102b4f60	CNPCMaker#596, CNPC_VHumanCombatant#596, CNPC_VPedestrian#596, CNPC_VRat#596, CNPC_VVampire#596	rule	layer 20
function	0x102b4fb0	CAI_BaseNPCTroika::FUN_102b4fb0	CNPCMaker#597, CNPC_VHumanCombatant#597, CNPC_VPedestrian#597, CNPC_VRat#597, CNPC_VVampire#597	rule	layer 7
function	0x102b4fe0	CAI_BaseNPCTroika::FUN_102b4fe0	CNPCMaker#598, CNPC_VHumanCombatant#598, CNPC_VPedestrian#598, CNPC_VRat#598, CNPC_VVampire#598	rule	layer 20
function	0x102b50b0	CAI_BaseNPCTroika::FUN_102b50b0	CNPCMaker#54, CNPC_VHumanCombatant#54, CNPC_VPedestrian#54, CNPC_VRat#54, CNPC_VVampire#54	rule	layer 2
function	0x102b5100	CAI_BaseNPCTroika::FUN_102b5100	CNPCMaker#55, CNPC_VHumanCombatant#55, CNPC_VPedestrian#55, CNPC_VRat#55, CNPC_VVampire#55	dead	layer 0
function	0x102b5120	CAI_BaseNPCTroika::FUN_102b5120	CNPCMaker#56, CNPC_VHumanCombatant#56, CNPC_VPedestrian#56, CNPC_VRat#56, CNPC_VVampire#56	rule	layer 1
function	0x102b51a0	CAI_BaseNPCTroika::FUN_102b51a0	CNPCMaker#57, CNPC_VHumanCombatant#57, CNPC_VPedestrian#57, CNPC_VRat#57, CNPC_VVampire#57	dead	layer 0
function	0x102b51c0	CAI_BaseNPCTroika::FUN_102b51c0	CNPCMaker#58, CNPC_VHumanCombatant#58, CNPC_VPedestrian#58, CNPC_VRat#58, CNPC_VVampire#58	dead	layer 0
function	0x102b51e0	CAI_BaseNPCTroika::FUN_102b51e0	CNPCMaker#59, CNPC_VHumanCombatant#59, CNPC_VPedestrian#59, CNPC_VRat#59, CNPC_VVampire#59	rule	layer 0
function	0x102b5220	CAI_BaseNPCTroika::FUN_102b5220	CNPCMaker#60, CNPC_VHumanCombatant#60, CNPC_VPedestrian#60, CNPC_VRat#60, CNPC_VVampire#60	rule	layer 0
function	0x102b5260	CAI_BaseNPCTroika::FUN_102b5260	CNPCMaker#61, CNPC_VHumanCombatant#61, CNPC_VPedestrian#61, CNPC_VRat#61, CNPC_VVampire#61	rule	layer 0
function	0x102b52a0	FUN_102b52a0	-	rule	layer 19
function	0x102b5360	CAI_BaseNPCTroika::FUN_102b5360	CNPCMaker#168, CNPC_VHumanCombatant#168, CNPC_VPedestrian#168, CNPC_VRat#168, CNPC_VVampire#168	rule	layer 1
function	0x102b53d0	FUN_102b53d0	-		layer 9
function	0x102b5650	CAI_BaseNPCTroika::FUN_102b5650	CNPCMaker#599, CNPC_VRat#599	rule	layer 3
function	0x102b57c0	FUN_102b57c0	CNPCMaker#600, CNPC_VRat#600	rule	layer 3
function	0x102b5880	FUN_102b5880	CNPCMaker#601, CNPC_VRat#601	rule	layer 2
function	0x102b5900	FUN_102b5900	CNPCMaker#602, CNPC_VRat#602	rule	layer 1
function	0x102b59e0	FUN_102b59e0	CNPCMaker#603, CNPC_VHumanCombatant#603, CNPC_VPedestrian#603, CNPC_VRat#603, CNPC_VVampire#603		layer 0
function	0x102b5b20	CAI_BaseNPCTroika::GiveBaseFightingItems	CNPCMaker#304, CNPC_VHumanCombatant#304, CNPC_VPedestrian#304, CNPC_VRat#304, CNPC_VVampire#304	rule	layer 11
function	0x102b5b70	CAI_BaseNPCTroika::RemoveBaseFightingItems	CNPCMaker#305, CNPC_VHumanCombatant#305, CNPC_VPedestrian#305, CNPC_VRat#305, CNPC_VVampire#305	rule	layer 11
function	0x102b5c00	CAI_BaseNPCTroika::EnterGrappleState	CNPCMaker#379, CNPC_VHumanCombatant#379, CNPC_VPedestrian#379, CNPC_VRat#379, CNPC_VVampire#379	rule	layer 22
function	0x102b5d90	CAI_BaseNPCTroika::LeaveGrappleState	CNPCMaker#380, CNPC_VHumanCombatant#380, CNPC_VPedestrian#380, CNPC_VRat#380, CNPC_VVampire#380	present	layer 13
function	0x102b5dc0	FUN_102b5dc0	-	present	layer 0
function	0x102b5de0	FUN_102b5de0	-		layer 4
function	0x102b6120	FUN_102b6120	-	rule	layer 4
function	0x102b62e0	FUN_102b62e0	-		layer 4
function	0x102b6650	FUN_102b6650	-		layer 8
function	0x102b6890	FUN_102b6890	-		layer 1
function	0x102b6b50	FUN_102b6b50	CNPCMaker#609, CNPC_VHumanCombatant#609, CNPC_VPedestrian#609, CNPC_VRat#609, CNPC_VVampire#609	rule	layer 5
function	0x102b6c30	CAI_BaseNPCTroika::SelectScheduleMeleeCombat	CNPCMaker#604, CNPC_VRat#604	rule	layer 4
function	0x102b6fe0	FUN_102b6fe0	-	rule	layer 2
function	0x102b7110	FUN_102b7110	-	rule	layer 5
function	0x102b7370	SelectDoorObstructionSchedule	-		layer 6
function	0x102b7690	FUN_102b7690	-	rule	layer 9
function	0x102b7cf0	FUN_102b7cf0	-	rule	layer 10
function	0x102b7f40	FUN_102b7f40	-		layer 2
function	0x102b7fc0	CAI_BaseNPCTroika::SelectScheduleRangedCombat	CNPCMaker#605, CNPC_VRat#605	rule	layer 15
function	0x102b8320	FUN_102b8320	CNPCMaker#606, CNPC_VHumanCombatant#606, CNPC_VPedestrian#606, CNPC_VRat#606, CNPC_VVampire#606	rule	layer 2
function	0x102b8620	FUN_102b8620	-		layer 14
function	0x102b8980	FUN_102b8980	-	rule	layer 1
function	0x102b8a10	FUN_102b8a10	-	rule	layer 2
function	0x102b8a60	FUN_102b8a60	-		layer 2
function	0x102b8c40	FUN_102b8c40	-	rule	layer 2
function	0x102b8cd0	FUN_102b8cd0	-		layer 0
function	0x102b8d20	FUN_102b8d20	-		layer 2
function	0x102b9060	FUN_102b9060	-		layer 3
function	0x102b93c0	FUN_102b93c0	CNPCMaker#607, CNPC_VHumanCombatant#607, CNPC_VPedestrian#607, CNPC_VRat#607, CNPC_VVampire#607	rule	layer 1
function	0x102b97f0	CAI_BaseNPCTroika::LoadedSchedules	CNPCMaker#452	dead	layer 0
function	0x102bed30	CNPC_VVampire::OnTakeDamage	CNPCMaker#142, CNPC_VHumanCombatant#142, CNPC_VPedestrian#142, CNPC_VRat#142, CNPC_VVampire#142	rule	layer 25
function	0x102beda0	CAI_BaseNPCTroika::OnTakeDamage	CNPCMaker#390, CNPC_VHumanCombatant#390, CNPC_VPedestrian#390, CNPC_VVampire#390	rule	layer 24
function	0x102bf070	CAI_BaseNPCTroika::UpdatePoseParameters	CNPCMaker#314, CNPC_VHumanCombatant#314, CNPC_VPedestrian#314, CNPC_VRat#314, CNPC_VVampire#314	mechanism	layer 12
function	0x102bf310	FUN_102bf310	-		layer 0
function	0x102bf340	CAI_BaseNPCTroika::Event_Killed	CNPCMaker#144, CNPC_VHumanCombatant#144, CNPC_VPedestrian#144, CNPC_VRat#144, CNPC_VVampire#144	rule	layer 21
function	0x102bf4a0	CAI_BaseNPCTroika::FUN_102bf4a0	CNPCMaker#575, CNPC_VHumanCombatant#575, CNPC_VPedestrian#575, CNPC_VRat#575, CNPC_VVampire#575	rule	layer 3
function	0x102bf510	CAI_BaseNPCTroika::FUN_102bf510	CNPCMaker#466, CNPC_VHumanCombatant#466, CNPC_VPedestrian#466, CNPC_VRat#466, CNPC_VVampire#466	rule	layer 2
function	0x102bf560	FUN_102bf560	-	rule	layer 1
function	0x102bf5d0	FUN_102bf5d0	-	rule	layer 2
function	0x102bf6e0	CAI_BaseNPCTroika::FUN_102bf6e0	CNPCMaker#418, CNPC_VHumanCombatant#418, CNPC_VPedestrian#418, CNPC_VRat#418, CNPC_VVampire#418	rule	layer 2
function	0x102bf770	FUN_102bf770	-	rule	layer 18
function	0x102bf7e0	FUN_102bf7e0	-	rule	layer 2
function	0x102bf820	CAI_BaseNPCTroika::ResolveStandingOnHead	-	mechanism	layer 5
function	0x102bfdf0	FUN_102bfdf0	-		layer 0
function	0x102bfe10	FUN_102bfe10	-		layer 6
function	0x102bff20	CAI_BaseNPCTroika::MaintainEyeDirection	CNPCMaker#333, CNPC_VHumanCombatant#333, CNPC_VPedestrian#333, CNPC_VVampire#333	present	layer 5
function	0x102c0010	FUN_102c0010	-	present	layer 1
function	0x102c0220	CAI_BaseNPCTroika::FUN_102c0220	CNPCMaker#35, CNPC_VHumanCombatant#35, CNPC_VPedestrian#35, CNPC_VRat#35, CNPC_VVampire#35	rule	layer 16
function	0x102c0360	FUN_102c0360	-	rule	layer 8
function	0x102c0420	CAI_BaseNPCTroika::FUN_102c0420	CNPC_VHumanCombatant#86, CNPC_VPedestrian#86, CNPC_VRat#86, CNPC_VVampire#86	mechanism	layer 2
function	0x102c0470	FUN_102c0470	-	present	layer 0
function	0x102c04b0	FUN_102c04b0	CNPCMaker#612, CNPC_VHumanCombatant#612, CNPC_VPedestrian#612, CNPC_VRat#612, CNPC_VVampire#612	mechanism	layer 0
function	0x102c0520	FUN_102c0520	-	present	layer 8
function	0x102c0aa0	FUN_102c0aa0	-	rule	layer 0
function	0x102c0b60	FUN_102c0b60	CNPCMaker#613, CNPC_VHumanCombatant#613, CNPC_VPedestrian#613, CNPC_VRat#613, CNPC_VVampire#613		layer 0
function	0x102c0bb0	FUN_102c0bb0	-		layer 14
function	0x102c0ca0	CAI_BaseNPCTroika::FinishTalking	-	rule	layer 14
function	0x102c0f70	SetDisposition	-	present	layer 5
function	0x102c1170	IsInDialog	-	present	layer 0
function	0x102c1230	FUN_102c1230	-	rule	layer 1
function	0x102c12a0	FUN_102c12a0	CNPCMaker#611, CNPC_VHumanCombatant#611, CNPC_VPedestrian#611, CNPC_VRat#611, CNPC_VVampire#611	rule	layer 2
function	0x102c1400	FUN_102c1400	-		layer 15
function	0x102c1680	CAI_BaseNPCTroika::FUN_102c1680	CNPCMaker#286, CNPC_VHumanCombatant#286, CNPC_VPedestrian#286, CNPC_VRat#286, CNPC_VVampire#286	rule	layer 7
function	0x102c1a80	FUN_102c1a80	-		layer 4
function	0x102c1c10	CAI_BaseNPCTroika::GetExpressionEventParams	CNPCMaker#347, CNPC_VHumanCombatant#347, CNPC_VPedestrian#347, CNPC_VRat#347, CNPC_VVampire#347	mechanism	layer 1
function	0x102c1ce0	CAI_BaseNPCTroika::ScriptHide	CNPCMaker#77, CNPC_VHumanCombatant#77, CNPC_VPedestrian#77, CNPC_VRat#77, CNPC_VVampire#77	rule	layer 20
function	0x102c1ec0	CAI_BaseNPCTroika::ScriptUnhide	CNPCMaker#78, CNPC_VHumanCombatant#78, CNPC_VPedestrian#78, CNPC_VRat#78, CNPC_VVampire#78	rule	layer 1
function	0x102c21c0	CAI_BaseNPCTroika::CanTalk	CNPCMaker#295, CNPC_VHumanCombatant#295, CNPC_VPedestrian#295, CNPC_VVampire#295	rule	layer 15
function	0x102c2300	CAI_BaseNPCTroika::IsValidStealthKillTarget	CNPCMaker#294, CNPC_VHumanCombatant#294, CNPC_VPedestrian#294, CNPC_VVampire#294	present	layer 2
function	0x102c23f0	FUN_102c23f0	CNPCMaker#614, CNPC_VHumanCombatant#614, CNPC_VPedestrian#614, CNPC_VRat#614, CNPC_VVampire#614	present	layer 0
function	0x102c2430	ShouldThinkFrequently	-	present	layer 1
function	0x102c2ec0	CAI_BaseNPCTroika::FUN_102c2ec0	CNPCMaker#589, CNPC_VHumanCombatant#589, CNPC_VPedestrian#589, CNPC_VRat#589, CNPC_VVampire#589	rule	layer 15
function	0x102c41b0	FUN_102c41b0	-		layer 6
function	0x102c41d0	FUN_102c41d0	-		layer 5
function	0x102c4430	FUN_102c4430	-	rule	layer 21
function	0x102c4470	FUN_102c4470	-	rule	layer 0
function	0x102c44e0	SetFollowerBoss	-	rule	layer 20
function	0x102c4640	SetFollowerType	-	rule	layer 0
function	0x102c4680	FUN_102c4680	-	rule	layer 6
function	0x102c48b0	FUN_102c48b0	CNPCMaker#608, CNPC_VHumanCombatant#608, CNPC_VPedestrian#608, CNPC_VRat#608, CNPC_VVampire#608	rule	layer 1
function	0x102c4a60	CAI_BaseNPCTroika::CanBeFedUponBy	CNPCMaker#342, CNPC_VHumanCombatant#342, CNPC_VPedestrian#342, CNPC_VRat#342, CNPC_VVampire#342	rule	layer 15
function	0x102c4c50	FUN_102c4c50	-		layer 2
function	0x102c4cc0	FUN_102c4cc0	-		layer 1
function	0x102c4e30	FUN_102c4e30	-		layer 1
function	0x102c4e80	FUN_102c4e80	-		layer 0
function	0x102c4eb0	FUN_102c4eb0	-		layer 4
function	0x102c51a0	DoPossession	-	rule	layer 19
function	0x102c5310	DoFrenzy	-	rule	layer 19
function	0x102c5470	CAI_BaseNPCTroika::GetFollowerBoss	CNPCMaker#293, CNPC_VHumanCombatant#293, CNPC_VPedestrian#293, CNPC_VRat#293, CNPC_VVampire#293	rule	layer 0
function	0x102c54c0	FUN_102c54c0	-	rule	layer 13
function	0x102c5500	CAI_BaseNPCTroika::FUN_102c5500	CNPCMaker#419, CNPC_VHumanCombatant#419, CNPC_VPedestrian#419, CNPC_VRat#419, CNPC_VVampire#419	rule	layer 10
function	0x102c5570	FUN_102c5570	-	rule	layer 2
function	0x102c5730	FUN_102c5730	-		layer 9
function	0x102c5780	FUN_102c5780	-		layer 9
function	0x102c57c0	FUN_102c57c0	-		layer 9
function	0x102c5870	CAI_BaseNPCTroika::FUN_102c5870	CNPCMaker#80, CNPC_VHumanCombatant#80, CNPC_VPedestrian#80, CNPC_VRat#80, CNPC_VVampire#80	mechanism	layer 0
function	0x102c5890	CAI_BaseNPCTroika::FUN_102c5890	CNPCMaker#81, CNPC_VHumanCombatant#81, CNPC_VPedestrian#81, CNPC_VRat#81, CNPC_VVampire#81	dead	layer 0
function	0x102c6370	FUN_102c6370	-		layer 0
function	0x102c63b0	FUN_102c63b0	-		layer 0
function	0x102c6420	FUN_102c6420	-		layer 0
function	0x102c6460	FUN_102c6460	-		layer 0
function	0x102c64d0	FUN_102c64d0	-		layer 0
function	0x102c66b0	FUN_102c66b0	-		layer 0
function	0x102c6b30	FUN_102c6b30	-		layer 0
function	0x102c6bd0	FUN_102c6bd0	-		layer 0
function	0x102c6bf0	FUN_102c6bf0	-		layer 0
function	0x102c6c30	FUN_102c6c30	-		layer 0
function	0x102c6cf0	FUN_102c6cf0	-		layer 1
function	0x102c6d40	FUN_102c6d40	-		layer 0
function	0x102c6db0	_0BIGKA__VCAI_BaseNPC____CAI_Behavior::vfunc10	-		layer 0
function	0x102c6dd0	FUN_102c6dd0	-		layer 0
function	0x102c6df0	FUN_102c6df0	-		layer 0
function	0x102c6e10	_0BIGKA__VCAI_BaseNPC____CAI_Behavior::vfunc13	-		layer 0
function	0x102c6e30	FUN_102c6e30	-		layer 0
function	0x102c6e50	_0BIGKA__VCAI_BaseNPC____CAI_Behavior::vfunc15	-		layer 0
function	0x102c6e70	FUN_102c6e70	-		layer 0
function	0x102c6e90	_0BIGKA__VCAI_BaseNPC____CAI_Behavior::vfunc17	-		layer 0
function	0x102c6eb0	FUN_102c6eb0	-		layer 4
function	0x102c6f70	_0BIGKA__VCAI_BaseNPC____CAI_Behavior::vfunc22	-		layer 0
function	0x102c6f90	FUN_102c6f90	-		layer 0
function	0x102c6fb0	FUN_102c6fb0	-		layer 0
function	0x102c6fd0	_0BIGKA__VCAI_BaseNPC____CAI_Behavior::vfunc25	-		layer 0
function	0x102c6ff0	FUN_102c6ff0	-		layer 20
function	0x102c7230	FUN_102c7230	-		layer 0
function	0x102c7270	FUN_102c7270	-		layer 0
function	0x102c72f0	CAI_StandoffBehavior::vfunc6	-	mechanism	layer 0
function	0x102c7310	CAI_StandoffBehavior::vfunc19	-	dead	layer 0
function	0x102c7330	CAI_StandoffBehavior::vfunc0	-	mechanism	layer 5
function	0x102c7360	FUN_102c7360	-		layer 21
function	0x102c7390	FUN_102c7390	-		layer 0
function	0x102c73b0	FUN_102c73b0	-		layer 0
function	0x102c73f0	CAI_StandoffBehavior::vfunc8	-	dead	layer 0
function	0x102c7410	CAI_StandoffBehavior::vfunc3	-	dead	layer 1
function	0x102c7490	CAI_StandoffBehavior::vfunc4	-	dead	layer 0
function	0x102c7530	CAI_StandoffBehavior::vfunc5	-	dead	layer 1
function	0x102c75c0	CAI_StandoffBehavior::vfunc10	-	dead	layer 20
function	0x102c7600	CAI_StandoffBehavior::vfunc13	-	dead	layer 2
function	0x102c7960	CAI_StandoffBehavior::vfunc20	-	dead	layer 2
function	0x102c79a0	CAI_StandoffBehavior::vfunc21	-	dead	layer 2
function	0x102c79e0	CAI_StandoffBehavior::vfunc22	-	dead	layer 12
function	0x102c7bd0	CAI_StandoffBehavior::vfunc15	-	dead	layer 21
function	0x102c7dd0	CAI_StandoffBehavior::vfunc26	-	dead	layer 0
function	0x102c7e10	FUN_102c7e10	-		layer 0
function	0x102c7ef0	CAI_StandoffBehavior::vfunc28	-	dead	layer 0
function	0x102c8570	CAI_StandoffGoal::vfunc244	-	dead	layer 22
function	0x102c8690	CAI_StandoffGoal::vfunc245	-	dead	layer 22
function	0x102c87a0	CAI_StandoffGoal::vfunc241	-	dead	layer 11
function	0x102c8830	CAI_StandoffGoal::vfunc243	-	dead	layer 11
function	0x102c88c0	CAI_StandoffGoal::vfunc5	-	mechanism	layer 1
function	0x102c8980	CAI_StandoffGoal::vfunc82	-	mechanism	layer 0
function	0x102c8a30	FUN_102c8a30	-		layer 0
function	0x102c9d70	FUN_102c9d70	-		layer 0
function	0x102c9da0	FUN_102c9da0	-		layer 0
function	0x102ca2a0	FUN_102ca2a0	-		layer 1
function	0x102ca460	FUN_102ca460	-		layer 1
function	0x102ca6c0	FUN_102ca6c0	-		layer 0
function	0x102ca780	FUN_102ca780	-		layer 9
function	0x102cabd0	FUN_102cabd0	-		layer 9
function	0x102cadb0	FUN_102cadb0	-		layer 1
function	0x102cc080	CAI_BaseNPC::TranslateSchedule	CCineNPC#440	rule	layer 20
function	0x102cc1f0	FUN_102cc1f0	-		layer 0
function	0x102cc260	CAI_BaseNPC::GetScheduleOfType	CCineNPC#446, CNPCMaker#446, CNPC_VHumanCombatant#446, CNPC_VPedestrian#446, CNPC_VRat#446, CNPC_VVampire#446	present	layer 4
function	0x102cc300	CAI_BaseNPC::FUN_102cc300	CCineNPC#458, CNPCMaker#458, CNPC_VHumanCombatant#458, CNPC_VPedestrian#458, CNPC_VRat#458, CNPC_VVampire#458	dead	layer 3
function	0x102cc350	CAI_BaseNPC::TaskName	CCineNPC#449, CNPCMaker#449, CNPC_VHumanCombatant#449, CNPC_VPedestrian#449, CNPC_VRat#449, CNPC_VVampire#449	dead	layer 3
function	0x102cc560	FUN_102cc560	-		layer 0
function	0x102cc590	FUN_102cc590	-		layer 0
function	0x102cc5d0	FUN_102cc5d0	-		layer 0
function	0x102cc6a0	FUN_102cc6a0	-		layer 0
function	0x102cc6c0	FUN_102cc6c0	-		layer 1
function	0x102cc730	FUN_102cc730	-		layer 1
function	0x102cc760	FUN_102cc760	-		layer 2
function	0x102cc7e0	FUN_102cc7e0	-		layer 0
function	0x102cd2d0	CAI_StandoffGoal::Spawn	-	dead	layer 1
function	0x102cd3b0	FUN_102cd3b0	-		layer 1
function	0x102cd4a0	FUN_102cd4a0	-		layer 9
function	0x102cd650	FUN_102cd650	-		layer 10
function	0x102cd740	CAI_StandoffGoal::vfunc242	-	dead	layer 23
function	0x102cdb70	FUN_102cdb70	-		layer 10
function	0x102cdc50	CAI_StandoffGoal::UpdateOnRemove	-	dead	layer 12
function	0x102cdd10	FUN_102cdd10	-		layer 0
function	0x102ce130	FUN_102ce130	-		layer 0
function	0x102ce150	FUN_102ce150	-		layer 2
function	0x102ce550	FUN_102ce550	-		layer 0
function	0x102ce640	FUN_102ce640	-		layer 0
function	0x102ce7a0	FUN_102ce7a0	-		layer 0
function	0x102ce7f0	FUN_102ce7f0	-		layer 1
function	0x102ce9f0	FUN_102ce9f0	-		layer 0
function	0x102cea20	FUN_102cea20	-		layer 0
function	0x102cea60	FUN_102cea60	-		layer 0
function	0x102ceae0	FUN_102ceae0	-		layer 3
function	0x102cef30	FUN_102cef30	-		layer 0
function	0x102cefc0	FUN_102cefc0	-		layer 0
function	0x102cf0b0	FUN_102cf0b0	-		layer 2
function	0x102cfaf0	FUN_102cfaf0	-		layer 1
function	0x102cfd20	FUN_102cfd20	-		layer 1
function	0x102d0370	CAI_Hint::vfunc82	-	mechanism	layer 0
function	0x102d0860	CAI_Hint::ScriptHide	-	rule	layer 1
function	0x102d0890	CAI_Hint::ScriptUnhide	-	rule	layer 1
function	0x102d08c0	CAI_Hint::Kill	-	rule	layer 2
function	0x102d0910	FUN_102d0910	-		layer 8
function	0x102d09b0	FUN_102d09b0	-		layer 8
function	0x102d0ab0	FUN_102d0ab0	-		layer 0
function	0x102d0b20	FUN_102d0b20	-		layer 0
function	0x102d0b60	CAI_Hint::Spawn	-	rule	layer 9
function	0x102d1180	FUN_102d1180	-		layer 3
function	0x102d11f0	FUN_102d11f0	-		layer 2
function	0x102d12e0	FUN_102d12e0	-		layer 1
function	0x102d1320	CAI_Hint::IsViewable	-	rule	layer 0
function	0x102d1350	FUN_102d1350	-		layer 0
function	0x102d1420	FUN_102d1420	-		layer 0
function	0x102d1450	FUN_102d1450	-		layer 0
function	0x102d14c0	FUN_102d14c0	-		layer 0
function	0x102d1540	FUN_102d1540	-		layer 0
function	0x102d1600	CAI_Hint::DrawDebugTextOverlays	-	dead	layer 4
function	0x102d1760	FUN_102d1760	-		layer 4
function	0x102d1af0	FUN_102d1af0	-		layer 5
function	0x102d2980	FUN_102d2980	-		layer 4
function	0x102d2ee0	CAI_Hint::vfunc117	-	mechanism	layer 1
function	0x102d2f00	CAI_Hint::vfunc5	-	mechanism	layer 4
function	0x102d3040	FUN_102d3040	-		layer 3
function	0x102d3e60	FUN_102d3e60	-		layer 0
function	0x102d3ec0	CAI_Hint::vfunc130	-	mechanism	layer 2
function	0x102d41a0	FUN_102d41a0	-		layer 0
function	0x102d41f0	FUN_102d41f0	-		layer 0
function	0x102d4210	FUN_102d4210	-		layer 0
function	0x102d42d0	FUN_102d42d0	-		layer 1
function	0x102d4320	FUN_102d4320	-		layer 0
function	0x102d4350	FUN_102d4350	-		layer 0
function	0x102d6100	FUN_102d6100	-		layer 0
function	0x102d6120	FUN_102d6120	-		layer 0
function	0x102d6140	FUN_102d6140	-		layer 0
function	0x102d6160	FUN_102d6160	-		layer 0
function	0x102d6180	FUN_102d6180	-		layer 0
function	0x102d61b0	FUN_102d61b0	-		layer 0
function	0x102d61e0	FUN_102d61e0	-		layer 0
function	0x102d6210	FUN_102d6210	-		layer 0
function	0x102d6230	FUN_102d6230	-		layer 0
function	0x102d8a90	FUN_102d8a90	-		layer 0
function	0x102d8b50	FUN_102d8b50	-		layer 0
function	0x102d8bc0	FUN_102d8bc0	-		layer 0
function	0x102d8cf0	FUN_102d8cf0	-		layer 2
function	0x102d8e50	FUN_102d8e50	-		layer 2
function	0x102d8f20	FUN_102d8f20	-		layer 2
function	0x102d9040	FUN_102d9040	-		layer 1
function	0x102d9150	FUN_102d9150	-		layer 0
function	0x102d9170	FUN_102d9170	-		layer 0
function	0x102d9500	CAI_InterestingPlace::vfunc82	-	mechanism	layer 0
function	0x102d9ae0	CAI_InterestingPlace::vfunc5	-	mechanism	layer 6
function	0x102d9b10	FUN_102d9b10	-		layer 5
function	0x102d9c20	CAI_InterestingPlace::Spawn	-	rule	layer 6
function	0x102d9dd0	CAI_InterestingPlace::vfunc130	-	mechanism	layer 6
function	0x102d9eb0	FUN_102d9eb0	-		layer 0
function	0x102d9ed0	FUN_102d9ed0	-		layer 0
function	0x102d9fa0	FUN_102d9fa0	-		layer 0
function	0x102da0d0	PickSpotFor	-		layer 6
function	0x102da600	FUN_102da600	-		layer 8
function	0x102da7c0	ClaimMarker	-		layer 8
function	0x102da860	FUN_102da860	-		layer 1
function	0x102da9a0	FUN_102da9a0	-		layer 0
function	0x102da9e0	FUN_102da9e0	-		layer 0
function	0x102daac0	FUN_102daac0	-		layer 2
function	0x102dad60	FUN_102dad60	-		layer 0
function	0x102dae70	FUN_102dae70	-		layer 2
function	0x102daea0	FUN_102daea0	-		layer 3
function	0x102daef0	FUN_102daef0	-		layer 2
function	0x102daf20	FUN_102daf20	-		layer 2
function	0x102daf50	FUN_102daf50	-		layer 1
function	0x102db3e0	FUN_102db3e0	-		layer 8
function	0x102db470	BuildCandidates	-		layer 1
function	0x102db590	PickRandomInterestingPlace	-		layer 2
function	0x102db5e0	FUN_102db5e0	-		layer 0
function	0x102db740	FUN_102db740	-		layer 0
function	0x102db760	FUN_102db760	-		layer 0
function	0x102db7f0	CAI_InterestingPlaceConverstation::vfunc82	-	mechanism	layer 0
function	0x102dbbc0	CAI_InterestingPlaceConverstation::vfunc5	-	mechanism	layer 3
function	0x102dbc80	CAI_InterestingPlaceConverstation::Spawn	-	mechanism	layer 6
function	0x102dbcb0	CAI_InterestingPlaceConverstation::Precache	-	mechanism	layer 1
function	0x102dbd50	CAI_InterestingPlaceConverstation::Save	-	mechanism	layer 1
function	0x102dbda0	CAI_InterestingPlaceConverstation::vfunc127	-	mechanism	layer 1
function	0x102dbde0	CAI_InterestingPlaceConverstation::vfunc113	-	rule	layer 9
function	0x102dc3e0	FUN_102dc3e0	-		layer 1
function	0x102dcc20	FUN_102dcc20	-		layer 1
function	0x102dcd30	FUN_102dcd30	-		layer 1
function	0x102dce10	FUN_102dce10	-		layer 0
function	0x102dce30	FUN_102dce30	-		layer 1
function	0x102dce80	FUN_102dce80	-		layer 0
function	0x102dcec0	FUN_102dcec0	-		layer 0
function	0x102dd470	FUN_102dd470	-		layer 0
function	0x102dd500	FUN_102dd500	-		layer 1
function	0x102dd530	FUN_102dd530	-		layer 1
function	0x102dd550	FUN_102dd550	-		layer 1
function	0x102dd580	FUN_102dd580	-		layer 1
function	0x102dd5b0	FUN_102dd5b0	-		layer 2
function	0x102dd5e0	FUN_102dd5e0	-		layer 2
function	0x102dd610	FUN_102dd610	-		layer 0
function	0x102dd9c0	FUN_102dd9c0	-		layer 5
function	0x102dda40	FUN_102dda40	-		layer 0
function	0x102ddab0	FUN_102ddab0	-		layer 0
function	0x102ddc00	FUN_102ddc00	-		layer 0
function	0x102ddc40	FUN_102ddc40	-		layer 0
function	0x102df130	FUN_102df130	-		layer 8
function	0x102df1b0	FUN_102df1b0	-		layer 1
function	0x102df320	CAI_Memory::RefreshMemories	-	present	layer 2
function	0x102df700	CAI_Memory::UpdateMemory	-	present	layer 9
function	0x102dfa20	FUN_102dfa20	-		layer 0
function	0x102dfaa0	FUN_102dfaa0	-		layer 2
function	0x102dfc10	FUN_102dfc10	-		layer 2
function	0x102dfd90	FUN_102dfd90	-		layer 1
function	0x102dfed0	FUN_102dfed0	-		layer 1
function	0x102e0150	FUN_102e0150	-		layer 0
function	0x102e0210	IsEluded	-		layer 0
function	0x102e0290	FUN_102e0290	-		layer 1
function	0x102e06f0	FUN_102e06f0	-		layer 1
function	0x102e0730	FUN_102e0730	-		layer 3
function	0x102e0900	FUN_102e0900	-		layer 0
function	0x102e0990	CAI_Motor::vfunc0	-	mechanism	layer 5
function	0x102e09c0	FUN_102e09c0	-		layer 0
function	0x102e0a60	FUN_102e0a60	-		layer 0
function	0x102e0a80	FUN_102e0a80	-		layer 0
function	0x102e0b40	FUN_102e0b40	-		layer 0
function	0x102e0b60	FUN_102e0b60	-		layer 1
function	0x102e0b80	FUN_102e0b80	-		layer 1
function	0x102e0ba0	FUN_102e0ba0	-		layer 0
function	0x102e0bd0	FUN_102e0bd0	-		layer 8
function	0x102e0ea0	CAI_Motor::FUN_102e0ea0	-	dead	layer 5
function	0x102e0f90	CAI_Motor::FUN_102e0f90	-	dead	layer 4
function	0x102e1110	CAI_Motor::FUN_102e1110	-	dead	layer 2
function	0x102e1180	CAI_Motor::FUN_102e1180	-	mechanism	layer 4
function	0x102e11f0	CAI_Motor::FUN_102e11f0	-	mechanism	layer 3
function	0x102e1270	CAI_Motor::FUN_102e1270	-	mechanism	layer 2
function	0x102e12c0	FUN_102e12c0	-		layer 0
function	0x102e12e0	FUN_102e12e0	-		layer 0
function	0x102e1300	CAI_Motor::FUN_102e1300	-	mechanism	layer 1
function	0x102e1420	CAI_Motor::FUN_102e1420	-	dead	layer 0
function	0x102e1440	CAI_Motor::vfunc10	-	mechanism	layer 1
function	0x102e14a0	CAI_Motor::vfunc19	-	mechanism	layer 10
function	0x102e1560	FUN_102e1560	-		layer 9
function	0x102e1760	CAI_Motor::FUN_102e1760	-	mechanism	layer 10
function	0x102e19e0	CAI_Motor::FUN_102e19e0	-	mechanism	layer 4
function	0x102e1c10	FUN_102e1c10	-		layer 3
function	0x102e1cf0	FUN_102e1cf0	-		layer 0
function	0x102e1d10	FUN_102e1d10	-		layer 1
function	0x102e1e20	FUN_102e1e20	-		layer 2
function	0x102e1f90	FUN_102e1f90	-		layer 1
function	0x102e2020	FUN_102e2020	-		layer 1
function	0x102e20b0	FUN_102e20b0	-		layer 4
function	0x102e20f0	CAI_Motor::FUN_102e20f0	-	mechanism	layer 3
function	0x102e2120	CAI_Motor::FUN_102e2120	-	mechanism	layer 3
function	0x102e2150	CAI_Motor::FUN_102e2150	-	mechanism	layer 3
function	0x102e2180	CAI_Motor::FUN_102e2180	-	mechanism	layer 2
function	0x102e23a0	FUN_102e23a0	-		layer 0
function	0x102e2580	CAI_Motor::FUN_102e2580	-	mechanism	layer 2
function	0x102e2610	FUN_102e2610	-		layer 0
function	0x102e2690	FUN_102e2690	-		layer 1
function	0x102e26b0	FUN_102e26b0	-		layer 0
function	0x102e26f0	FUN_102e26f0	-		layer 0
function	0x102e2750	FUN_102e2750	-		layer 0
function	0x102e2790	FUN_102e2790	-		layer 1
function	0x102e27d0	FUN_102e27d0	-		layer 0
function	0x102e2820	FUN_102e2820	-		layer 1
function	0x102e2840	FUN_102e2840	-		layer 0
function	0x102e2b10	FUN_102e2b10	-		layer 1
function	0x102e2d70	FUN_102e2d70	-		layer 0
function	0x102e30d0	FUN_102e30d0	-		layer 1
function	0x102e3290	FUN_102e3290	-		layer 1
function	0x102e3450	FUN_102e3450	-		layer 4
function	0x102e37b0	FUN_102e37b0	-		layer 4
function	0x102e4160	FUN_102e4160	-		layer 6
function	0x102e4f20	FUN_102e4f20	-		layer 0
function	0x102e4f50	FUN_102e4f50	-		layer 7
function	0x102e5d00	FUN_102e5d00	-		layer 1
function	0x102e5d80	FUN_102e5d80	-		layer 8
function	0x102e6090	FUN_102e6090	-		layer 5
function	0x102e6290	FUN_102e6290	-		layer 7
function	0x102e6be0	FUN_102e6be0	-		layer 5
function	0x102e6d70	FUN_102e6d70	-		layer 9
function	0x102e7060	FUN_102e7060	-		layer 1
function	0x102e7270	FUN_102e7270	-		layer 5
function	0x102e7880	FUN_102e7880	-		layer 5
function	0x102e7ba0	FUN_102e7ba0	-		layer 6
function	0x102e7e00	FUN_102e7e00	-		layer 0
function	0x102e7e20	FUN_102e7e20	-		layer 0
function	0x102e7e40	FUN_102e7e40	-		layer 0
function	0x102e7e60	FUN_102e7e60	-		layer 0
function	0x102e8250	FUN_102e8250	-		layer 0
function	0x102e8270	FUN_102e8270	-		layer 9
function	0x102e83e0	FUN_102e83e0	-		layer 2
function	0x102e84a0	FUN_102e84a0	-		layer 1
function	0x102e8560	FUN_102e8560	-		layer 20
function	0x102e8aa0	FUN_102e8aa0	-		layer 1
function	0x102e8ac0	FUN_102e8ac0	-		layer 1
function	0x102ea020	FUN_102ea020	-		layer 2
function	0x102ea050	FUN_102ea050	-		layer 0
function	0x102ea280	FUN_102ea280	-		layer 0
function	0x102ea2d0	FUN_102ea2d0	-		layer 0
function	0x102eca50	FUN_102eca50	-		layer 5
function	0x102ecb20	CAI_Navigator::vfunc0	-	mechanism	layer 6
function	0x102ecb50	CAI_Navigator::FUN_102ecb50	-	mechanism	layer 0
function	0x102ecb90	FUN_102ecb90	-		layer 5
function	0x102ecc00	FUN_102ecc00	-		layer 0
function	0x102ecc40	FUN_102ecc40	-		layer 3
function	0x102eccc0	FUN_102eccc0	-		layer 21
function	0x102ecd00	FUN_102ecd00	-		layer 0
function	0x102ecd20	SetGoal	-		layer 20
function	0x102ed310	FUN_102ed310	-		layer 20
function	0x102ed430	FUN_102ed430	-		layer 16
function	0x102ed540	FUN_102ed540	-		layer 22
function	0x102ed610	FUN_102ed610	-		layer 21
function	0x102ed940	FUN_102ed940	-		layer 17
function	0x102ed9c0	FUN_102ed9c0	-		layer 9
function	0x102edaa0	FUN_102edaa0	-		layer 10
function	0x102edae0	FUN_102edae0	-		layer 17
function	0x102edbb0	FUN_102edbb0	-		layer 16
function	0x102edc80	FUN_102edc80	-		layer 9
function	0x102edd50	FUN_102edd50	-		layer 9
function	0x102ee140	FUN_102ee140	-		layer 1
function	0x102ee160	FUN_102ee160	-		layer 0
function	0x102ee1a0	FUN_102ee1a0	-		layer 0
function	0x102ee1c0	FUN_102ee1c0	-		layer 0
function	0x102ee1e0	FUN_102ee1e0	-		layer 20
function	0x102ee220	FUN_102ee220	-		layer 20
function	0x102ee250	FUN_102ee250	-		layer 0
function	0x102ee270	FUN_102ee270	-		layer 5
function	0x102ee2a0	FUN_102ee2a0	-		layer 1
function	0x102ee2c0	FUN_102ee2c0	-		layer 1
function	0x102ee2e0	FUN_102ee2e0	-		layer 0
function	0x102ee300	FUN_102ee300	-		layer 16
function	0x102ee3f0	FUN_102ee3f0	-		layer 0
function	0x102ee410	FUN_102ee410	-		layer 2
function	0x102ee510	FUN_102ee510	-		layer 2
function	0x102ee530	FUN_102ee530	-		layer 1
function	0x102ee550	FUN_102ee550	-		layer 1
function	0x102ee5e0	FUN_102ee5e0	-		layer 1
function	0x102ee620	FUN_102ee620	-		layer 1
function	0x102ee640	FUN_102ee640	-		layer 1
function	0x102ee660	FUN_102ee660	-		layer 1
function	0x102ee680	FUN_102ee680	-		layer 1
function	0x102ee6a0	FUN_102ee6a0	-		layer 0
function	0x102ee940	FUN_102ee940	-		layer 1
function	0x102ee9c0	FUN_102ee9c0	-		layer 2
function	0x102eea30	CAI_Navigator::FUN_102eea30	-	dead	layer 0
function	0x102eea50	CAI_Navigator::FUN_102eea50	-	dead	layer 0
function	0x102eea70	CAI_Navigator::FUN_102eea70	-	mechanism	layer 2
function	0x102eea90	CAI_Navigator::FUN_102eea90	-	mechanism	layer 22
function	0x102eeac0	CAI_Navigator::FUN_102eeac0	-	mechanism	layer 2
function	0x102eeae0	CAI_Navigator::OnNavFailed	-	rule	layer 18
function	0x102eeb50	CAI_Navigator::FUN_102eeb50	-	rule	layer 19
function	0x102eeb70	FUN_102eeb70	-		layer 1
function	0x102eeba0	FUN_102eeba0	-		layer 0
function	0x102eebc0	CAI_Navigator::FUN_102eebc0	-	dead	layer 20
function	0x102eece0	CAI_Navigator::MoveJump	-	mechanism	layer 23
function	0x102eee40	CAI_Navigator::FUN_102eee40	-	mechanism	layer 4
function	0x102ef510	CAI_Navigator::FUN_102ef510	-	mechanism	layer 23
function	0x102ef870	CAI_Navigator::MoveEnact	-	mechanism	layer 1
function	0x102efaa0	CAI_Navigator::MoveNormal	-	mechanism	layer 18
function	0x102efd50	FUN_102efd50	-		layer 17
function	0x102eff40	CAI_Navigator::Move	-	mechanism	layer 24
function	0x102f0400	FUN_102f0400	-		layer 19
function	0x102f05b0	FUN_102f05b0	-		layer 0
function	0x102f05d0	FUN_102f05d0	-		layer 1
function	0x102f06e0	FUN_102f06e0	-		layer 10
function	0x102f09a0	FUN_102f09a0	-		layer 0
function	0x102f0ab0	FUN_102f0ab0	-		layer 11
function	0x102f0e00	FUN_102f0e00	-		layer 12
function	0x102f0e80	FUN_102f0e80	-		layer 13
function	0x102f0fe0	FUN_102f0fe0	-		layer 15
function	0x102f13a0	FUN_102f13a0	-		layer 13
function	0x102f13d0	FUN_102f13d0	-		layer 16
function	0x102f1860	FUN_102f1860	-		layer 1
function	0x102f1900	FUN_102f1900	-		layer 6
function	0x102f1a20	FUN_102f1a20	-		layer 4
function	0x102f1cf0	FUN_102f1cf0	-		layer 1
function	0x102f1dc0	FUN_102f1dc0	-		layer 19
function	0x102f1fa0	FUN_102f1fa0	-		layer 2
function	0x102f2060	FUN_102f2060	-		layer 17
function	0x102f2330	FUN_102f2330	-		layer 18
function	0x102f28a0	FUN_102f28a0	-		layer 4
function	0x102f28e0	FUN_102f28e0	-		layer 4
function	0x102f2d10	FUN_102f2d10	-		layer 0
function	0x102f2de0	FUN_102f2de0	-		layer 0
function	0x102f2ea0	FUN_102f2ea0	-		layer 2
function	0x102f2fc0	FUN_102f2fc0	-		layer 0
function	0x102f2fe0	FUN_102f2fe0	-		layer 0
function	0x102f3270	FUN_102f3270	-		layer 0
function	0x102f32f0	FUN_102f32f0	-		layer 2
function	0x102f3770	FUN_102f3770	-		layer 0
function	0x102f37d0	FUN_102f37d0	-		layer 0
function	0x102f3900	FUN_102f3900	-		layer 5
function	0x102f39a0	FUN_102f39a0	-		layer 4
function	0x102f3c10	FUN_102f3c10	-		layer 7
function	0x102f41b0	FUN_102f41b0	-		layer 5
function	0x102f4520	FUN_102f4520	-		layer 1
function	0x102f45f0	FUN_102f45f0	-		layer 0
function	0x102f46d0	FUN_102f46d0	-		layer 2
function	0x102f47b0	FUN_102f47b0	-		layer 0
function	0x102f48b0	FUN_102f48b0	-		layer 0
function	0x102f8ef0	FUN_102f8ef0	-		layer 0
function	0x102f8f10	FUN_102f8f10	-		layer 0
function	0x102f8f50	FUN_102f8f50	-		layer 0
function	0x102f8fc0	FUN_102f8fc0	-		layer 0
function	0x102f9000	FUN_102f9000	-		layer 1
function	0x102f9040	FUN_102f9040	-		layer 0
function	0x102f9090	FUN_102f9090	-		layer 0
function	0x102f90e0	FUN_102f90e0	-		layer 1
function	0x102f91b0	FUN_102f91b0	-		layer 0
function	0x102f9400	FUN_102f9400	-		layer 1
function	0x102f96e0	FUN_102f96e0	-		layer 1
function	0x102f9750	FUN_102f9750	-		layer 0
function	0x102f9780	FUN_102f9780	-		layer 0
function	0x102f9920	FUN_102f9920	-		layer 0
function	0x102f9950	FUN_102f9950	-		layer 0
function	0x102f9970	FUN_102f9970	-		layer 0
function	0x102f99d0	FUN_102f99d0	-		layer 4
function	0x102f9c70	FUN_102f9c70	-		layer 5
function	0x102fb0d0	CAI_Node::GetPosition	-		layer 1
function	0x102fc910	FUN_102fc910	-		layer 6
function	0x102fca40	FUN_102fca40	-		layer 0
function	0x102fcab0	FUN_102fcab0	-		layer 1
function	0x102fcbd0	FUN_102fcbd0	-		layer 7
function	0x102fcd00	FUN_102fcd00	-		layer 0
function	0x102fce80	FUN_102fce80	-		layer 13
function	0x102fcfe0	FUN_102fcfe0	-		layer 4
function	0x102fd240	FUN_102fd240	-		layer 15
function	0x102fe9a0	FUN_102fe9a0	-		layer 6
function	0x102fe9f0	FUN_102fe9f0	-		layer 15
function	0x102ff3e0	FUN_102ff3e0	-		layer 15
function	0x102ff960	FUN_102ff960	-		layer 14
function	0x102ffbd0	FUN_102ffbd0	-		layer 7
function	0x10300010	FUN_10300010	-		layer 1
function	0x103000a0	FUN_103000a0	-		layer 0
function	0x10300140	FUN_10300140	-		layer 15
function	0x103005f0	FUN_103005f0	-		layer 15
function	0x10300700	FUN_10300700	-		layer 1
function	0x103007e0	FUN_103007e0	-		layer 15
function	0x103008f0	FUN_103008f0	-		layer 16
function	0x10300b50	FUN_10300b50	-		layer 15
function	0x10300e60	FUN_10300e60	-		layer 0
function	0x10301010	FUN_10301010	-		layer 15
function	0x10301720	FUN_10301720	-		layer 8
function	0x103021b0	FUN_103021b0	-		layer 4
function	0x10302320	FUN_10302320	-		layer 8
function	0x10302e50	FUN_10302e50	-		layer 8
function	0x10303740	FUN_10303740	-		layer 10
function	0x10303850	FUN_10303850	-		layer 12
function	0x10303c90	FUN_10303c90	-		layer 11
function	0x10303cd0	FUN_10303cd0	-		layer 11
function	0x10303d10	FUN_10303d10	-		layer 13
function	0x10303f80	FUN_10303f80	-		layer 13
function	0x10303fd0	FUN_10303fd0	-		layer 0
function	0x10304020	FUN_10304020	-		layer 11
function	0x10304130	FUN_10304130	-		layer 14
function	0x103048d0	FUN_103048d0	-		layer 11
function	0x10304a40	FUN_10304a40	-		layer 12
function	0x10304e00	FUN_10304e00	-		layer 16
function	0x103055b0	FUN_103055b0	-		layer 16
function	0x103058c0	FUN_103058c0	-		layer 0
function	0x103059d0	FUN_103059d0	-		layer 10
function	0x103061e0	FUN_103061e0	-		layer 4
function	0x10306200	FUN_10306200	-		layer 3
function	0x10306520	FUN_10306520	-		layer 0
function	0x10306550	FUN_10306550	-		layer 0
function	0x10306700	FUN_10306700	-		layer 21
function	0x10306f60	FUN_10306f60	-		layer 21
function	0x10307890	FUN_10307890	-		layer 0
function	0x103078d0	FUN_103078d0	-		layer 0
function	0x10307aa0	FUN_10307aa0	-		layer 0
function	0x10307ac0	FUN_10307ac0	-		layer 0
function	0x10307b40	FUN_10307b40	-		layer 0
function	0x10307b60	FUN_10307b60	-		layer 1
function	0x10307b80	NextPoint	-		layer 1
function	0x10307bf0	FUN_10307bf0	-		layer 0
function	0x10307c20	FUN_10307c20	-		layer 0
function	0x10307d30	FUN_10307d30	-		layer 0
function	0x10307db0	FUN_10307db0	-		layer 0
function	0x1030b4d0	FUN_1030b4d0	-		layer 1
function	0x1030b520	FUN_1030b520	-		layer 1
function	0x1030b550	FUN_1030b550	-		layer 1
function	0x1030b5b0	FUN_1030b5b0	-		layer 1
function	0x1030b5e0	FUN_1030b5e0	-		layer 0
function	0x1030b880	FUN_1030b880	-		layer 0
function	0x1030b8a0	FUN_1030b8a0	-		layer 0
function	0x1030b8e0	FUN_1030b8e0	-		layer 1
function	0x1030b900	FUN_1030b900	-		layer 0
function	0x1030b950	FUN_1030b950	-		layer 0
function	0x1030ba30	FUN_1030ba30	-		layer 0
function	0x1030ba50	FUN_1030ba50	-		layer 0
function	0x1030ba90	FUN_1030ba90	-		layer 2
function	0x1030bb30	FUN_1030bb30	-		layer 3
function	0x1030bc00	FUN_1030bc00	-		layer 0
function	0x1030bc40	FUN_1030bc40	-		layer 0
function	0x1030bd50	FUN_1030bd50	-		layer 0
function	0x1030be20	FUN_1030be20	-		layer 0
function	0x1030be80	FUN_1030be80	-		layer 0
function	0x1030bea0	FUN_1030bea0	-		layer 0
function	0x1030bec0	FUN_1030bec0	-		layer 0
function	0x1030bf50	FUN_1030bf50	-		layer 2
function	0x1030f300	FUN_1030f300	-		layer 3
function	0x1030f350	FUN_1030f350	-		layer 5
function	0x1030f7b0	CanHearSound	-		layer 5
function	0x1030f940	CAI_Senses::Listen	-	present	layer 6
function	0x1030fa00	FUN_1030fa00	-		layer 0
function	0x1030faa0	FUN_1030faa0	-		layer 0
function	0x1030fb10	FUN_1030fb10	-		layer 1
function	0x1030fb90	FUN_1030fb90	-		layer 0
function	0x1030fc50	FUN_1030fc50	-		layer 0
function	0x1030fc90	FUN_1030fc90	-		layer 0
function	0x1030fd20	FUN_1030fd20	-		layer 0
function	0x1030fe50	FUN_1030fe50	-		layer 0
function	0x1030fe70	FUN_1030fe70	-		layer 1
function	0x1030ff10	FUN_1030ff10	-		layer 3
function	0x1030ffa0	FUN_1030ffa0	-		layer 1
function	0x1030fff0	LookForPlayers	-		layer 2
function	0x10310130	LookForNPCs	-		layer 2
function	0x10310290	FUN_10310290	-		layer 2
function	0x10310440	FUN_10310440	-		layer 1
function	0x10310480	FUN_10310480	-		layer 1
function	0x103104f0	FUN_103104f0	-		layer 2
function	0x103105d0	CAI_Senses::GetClosestSound	-	present	layer 2
function	0x10310710	CAI_Senses::PerformSensing	-	rule	layer 7
function	0x103109a0	FUN_103109a0	-		layer 0
function	0x10315790	FUN_10315790	-		layer 5
function	0x10315800	FindCreateSquad	-		layer 7
function	0x103158f0	RemoveFromSquad	-		layer 1
function	0x10315ec0	FUN_10315ec0	-		layer 0
function	0x103161a0	SquadNewEnemy	-		layer 20
function	0x103164c0	FUN_103164c0	-		layer 6
function	0x103165f0	FUN_103165f0	-		layer 0
function	0x10316660	SetSquadFocus	-		layer 0
function	0x103166b0	GetSquadFocus	-		layer 0
function	0x10316700	LeaveSquad	-		layer 0
function	0x10316760	FUN_10316760	-		layer 0
function	0x103167f0	FUN_103167f0	-		layer 0
function	0x10316890	FUN_10316890	-		layer 0
function	0x103169a0	FUN_103169a0	-		layer 0
function	0x10316ab0	FUN_10316ab0	-		layer 0
function	0x10316bc0	FUN_10316bc0	-		layer 0
function	0x10316fa0	FUN_10316fa0	-		layer 0
function	0x10319df0	FUN_10319df0	-		layer 0
function	0x10319ee0	FUN_10319ee0	-		layer 2
function	0x10319f30	FUN_10319f30	-		layer 2
function	0x10319fe0	FUN_10319fe0	-		layer 0
function	0x1031a000	FUN_1031a000	-		layer 0
function	0x1031a050	FUN_1031a050	-		layer 1
function	0x1031a0e0	FUN_1031a0e0	-		layer 1
function	0x10321670	CAI_BaseNPC::FUN_10321670	CCineNPC#79, CNPCMaker#79, CNPC_VHumanCombatant#79, CNPC_VPedestrian#79, CNPC_VRat#79, CNPC_VVampire#79	mechanism	layer 0
function	0x10321960	CAI_BaseNPC::FUN_10321960	CCineNPC#80	mechanism	layer 0
function	0x10321980	CAI_BaseNPC::FUN_10321980	CCineNPC#81	dead	layer 0
function	0x103221b0	CBaseCombatCharacter::DebugFeedTrace	-		layer 0
function	0x103222c0	CBaseCombatCharacter::Dump	CCineNPC#31, CNPCMaker#31, CNPC_VHumanCombatant#31, CNPC_VPedestrian#31, CNPC_VRat#31, CNPC_VVampire#31		layer 12
function	0x103229d0	CBaseCombatCharacter::DamageFlinch	CCineNPC#292, CNPCMaker#292, CNPC_VHumanCombatant#292, CNPC_VPedestrian#292, CNPC_VRat#292, CNPC_VVampire#292		layer 7
function	0x10322b40	CBaseCombatCharacter::UpdatePresenceEffect	CCineNPC#313, CNPCMaker#313, CNPC_VHumanCombatant#313, CNPC_VPedestrian#313, CNPC_VRat#313, CNPC_VVampire#313		layer 22
function	0x10323210	CBaseCombatCharacter::GetPresenceBenefit	-		layer 0
function	0x103232b0	CBaseCombatCharacter::GetShakyHandsPenalty	-		layer 1
function	0x10323370	CBaseCombatCharacter::AddToPresenceList	-		layer 1
function	0x103234a0	CBaseCombatCharacter::RemoveFromPresenceList	-		layer 1
function	0x10323630	CBaseCombatCharacter::AddToComfortList	-		layer 1
function	0x10323770	CBaseCombatCharacter::RemoveFromComfortList	-		layer 1
function	0x10323930	FUN_10323930	-		layer 1
function	0x103239a0	CBaseCombatCharacter::AddToTeam	-		layer 7
function	0x10323a70	FUN_10323a70	-		layer 0
function	0x10323a90	CBaseCombatCharacter::Spawn	-		layer 8
function	0x10323b60	CBaseCombatCharacter::FUN_10323b60	-		layer 11
function	0x10323c20	CBaseCombatCharacter::GetMaxInvenSlotsPerSection	CCineNPC#298, CNPCMaker#298, CNPC_VHumanCombatant#298, CNPC_VPedestrian#298, CNPC_VRat#298, CNPC_VVampire#298		layer 0
function	0x10323cc0	CBaseCombatCharacter::SyncVendorInventory	-		layer 11
function	0x10324080	FUN_10324080	-		layer 8
function	0x103246d0	CBaseCombatCharacter::UpdateCharacter	CCineNPC#312		layer 23
function	0x10324ad0	CBaseCombatCharacter::CanVampHeal_HOT	-		layer 13
function	0x10324ba0	CBaseCombatCharacter::BeginVampHeal_HOT	-		layer 15
function	0x10324c80	CBaseCombatCharacter::VampHeal_HOT_Delay	-		layer 14
function	0x10324ea0	CBaseCombatCharacter::UpdateVampHeal_HOT	-		layer 16
function	0x103251c0	CBaseCombatCharacter::SelectWeightedSequenceForStat	CCineNPC#252, CNPCMaker#252, CNPC_VHumanCombatant#252, CNPC_VPedestrian#252, CNPC_VRat#252, CNPC_VVampire#252		layer 11
function	0x10325300	CBaseCombatCharacter::SelectSameSequenceForStat	CCineNPC#254, CNPCMaker#254, CNPC_VHumanCombatant#254, CNPC_VPedestrian#254, CNPC_VRat#254, CNPC_VVampire#254		layer 11
function	0x10325440	CBaseCombatCharacter::SelectHeaviestSequenceForStat	CCineNPC#253, CNPCMaker#253, CNPC_VHumanCombatant#253, CNPC_VPedestrian#253, CNPC_VRat#253, CNPC_VVampire#253		layer 11
function	0x10325580	CBaseCombatCharacter::MaintainEyeDirection	-		layer 0
function	0x10325620	CBaseCombatCharacter::MaintainScriptedEyeDirection	-		layer 4
function	0x10325da0	FUN_10325da0	-		layer 3
function	0x10325f00	CBaseCombatCharacter::HasHumanGibs	CCineNPC#396, CNPCMaker#396, CNPC_VHumanCombatant#396, CNPC_VPedestrian#396, CNPC_VRat#396, CNPC_VVampire#396		layer 0
function	0x10325fa0	CBaseCombatCharacter::HasAlienGibs	CCineNPC#397, CNPCMaker#397, CNPC_VHumanCombatant#397, CNPC_VPedestrian#397, CNPC_VRat#397, CNPC_VVampire#397		layer 1
function	0x10326040	CBaseCombatCharacter::CorpseFade	CCineNPC#395, CNPCMaker#395, CNPC_VHumanCombatant#395, CNPC_VPedestrian#395, CNPC_VRat#395, CNPC_VVampire#395		layer 6
function	0x103261f0	CBaseCombatCharacter::FinViewCone2d	-		layer 6
function	0x103264d0	CBaseCombatCharacter::FinViewCone3dNew	-		layer 5
function	0x10326750	CBaseCombatCharacter::FInViewCone	-		layer 7
function	0x103268e0	FUN_103268e0	-		layer 7
function	0x10326a20	CAI_BaseNPC::FUN_10326a20	CNPC_VHumanCombatant#362, CNPC_VPedestrian#362, CNPC_VRat#362, CNPC_VVampire#362	present	layer 8
function	0x10326ae0	CAI_BaseNPC::FUN_10326ae0	CNPC_VHumanCombatant#365, CNPC_VPedestrian#365, CNPC_VRat#365, CNPC_VVampire#365	rule	layer 0
function	0x10326bd0	CAI_BaseNPC::FUN_10326bd0	CNPC_VHumanCombatant#364, CNPC_VPedestrian#364, CNPC_VRat#364, CNPC_VVampire#364	rule	layer 6
function	0x10326d40	CBaseCombatCharacter::HandleInteraction	CCineNPC#366, CNPCMaker#366		layer 0
function	0x10327790	CBaseCombatCharacter::UpdateOnRemove	-		layer 5
function	0x10327a90	CBaseCombatCharacter::CorpseGib	CCineNPC#394, CNPCMaker#394, CNPC_VHumanCombatant#394, CNPC_VPedestrian#394, CNPC_VRat#394, CNPC_VVampire#394		layer 14
function	0x10327e20	CBaseCombatCharacter::GetDeathActivity	CCineNPC#393, CNPCMaker#393, CNPC_VHumanCombatant#393, CNPC_VPedestrian#393, CNPC_VRat#393, CNPC_VVampire#393		layer 0
function	0x10327ec0	CBaseCombatCharacter::Weapon_TranslateActivity	CCineNPC#381, CNPCMaker#381, CNPC_VHumanCombatant#381, CNPC_VPedestrian#381, CNPC_VRat#381, CNPC_VVampire#381		layer 0
function	0x10328030	CBaseCombatCharacter::NPC_EarlyTranslateActivity	-		layer 14
function	0x10328110	CBaseCombatCharacter::NPC_TranslateActivity	-		layer 0
function	0x103281b0	CBaseCombatCharacter::MoveToBoneOriginAngles	-		layer 2
function	0x103282e0	CBaseCombatCharacter::GetGrappleSize	-		layer 12
function	0x10328380	CBaseCombatCharacter::TranslateBaseGrappleActivity	-		layer 13
function	0x10329560	CBaseCombatCharacter::EndGrapple	-		layer 12
function	0x10329760	CBaseCombatCharacter::EnterGrappleState	-		layer 13
function	0x10329a70	CBaseCombatCharacter::LeaveGrappleState	-		layer 11
function	0x1032a910	CBaseCombatCharacter::Weapon_SetActivity	-		layer 0
function	0x1032aa40	CBaseCombatCharacter::Weapon_FrameUpdate	-		layer 0
function	0x1032af40	CBaseCombatCharacter::Event_Gibbed	-		layer 15
function	0x1032b290	CBaseCombatCharacter::CalcDamageForceVector	-		layer 11
function	0x1032b960	FUN_1032b960	-		layer 8
function	0x1032b9b0	CBaseCombatCharacter::Event_Killed	-		layer 15
function	0x1032bdf0	CBaseCombatCharacter::Event_Dying	CCineNPC#403, CNPCMaker#403, CNPC_VHumanCombatant#403, CNPC_VPedestrian#403, CNPC_VRat#403, CNPC_VVampire#403		layer 0
function	0x1032be80	CBaseCombatCharacter::SpawnStaticCorpse	-		layer 5
function	0x1032c0e0	CBaseCombatCharacter::CreateCorpse	CCineNPC#301, CNPCMaker#301, CNPC_VHumanCombatant#301, CNPC_VRat#301, CNPC_VVampire#301		layer 14
function	0x1032c580	CBaseCombatCharacter::Event_TookLife	CCineNPC#300, CNPCMaker#300, CNPC_VHumanCombatant#300, CNPC_VPedestrian#300, CNPC_VRat#300, CNPC_VVampire#300		layer 5
function	0x1032cbe0	CBaseCombatCharacter::Weapon_Detach	-		layer 9
function	0x1032ce40	CAI_BaseNPC::FUN_1032ce40	CCineNPC#386, CNPCMaker#386, CNPC_VHumanCombatant#386, CNPC_VPedestrian#386, CNPC_VRat#386, CNPC_VVampire#386	rule	layer 10
function	0x1032d0c0	CAI_BaseNPC::FUN_1032d0c0	CCineNPC#385, CNPCMaker#385, CNPC_VHumanCombatant#385, CNPC_VPedestrian#385, CNPC_VRat#385, CNPC_VVampire#385	rule	layer 11
function	0x1032d2e0	CBaseCombatCharacter::Weapon_Drop_All	CCineNPC#387, CNPCMaker#387, CNPC_VHumanCombatant#387, CNPC_VPedestrian#387, CNPC_VRat#387, CNPC_VVampire#387		layer 11
function	0x1032d380	CBaseCombatCharacter::Weapon_Equip	CCineNPC#383, CNPCMaker#383, CNPC_VHumanCombatant#383, CNPC_VPedestrian#383, CNPC_VRat#383, CNPC_VVampire#383		layer 21
function	0x1032d6e0	CBaseCombatCharacter::Weapon_EquipAmmoOnly	CCineNPC#384, CNPCMaker#384, CNPC_VHumanCombatant#384, CNPC_VPedestrian#384, CNPC_VRat#384, CNPC_VVampire#384		layer 5
function	0x1032d890	CBaseCombatCharacter::Weapon_OwnsThisType	-		layer 5
function	0x1032d9b0	CBaseCombatCharacter::Weapon_CanUse	CCineNPC#382, CNPCMaker#382, CNPC_VHumanCombatant#382, CNPC_VPedestrian#382, CNPC_VRat#382, CNPC_VVampire#382		layer 1
function	0x1032db60	CBaseCombatCharacter::Weapon_CanSwitchTo	-		layer 5
function	0x1032dde0	CBaseCombatCharacter::Weapon_Switch	CCineNPC#388, CNPCMaker#388, CNPC_VHumanCombatant#388, CNPC_VPedestrian#388, CNPC_VRat#388, CNPC_VVampire#388	rule	layer 22
function	0x1032e120	CBaseCombatCharacter::Weapon_Create	-		layer 5
function	0x1032e210	CBaseCombatCharacter::Weapon_HandleAnimEvent	-		layer 0
function	0x1032e330	CBaseCombatCharacter::HandleAnimEvent	-		layer 23
function	0x1032e7b0	CBaseCombatCharacter::GetActiveWeapon	-		layer 0
function	0x1032e890	FUN_1032e890	-		layer 0
function	0x1032e8b0	CBaseCombatCharacter::GetWeapon	-		layer 0
function	0x1032e9f0	CBaseCombatCharacter::SetWeapon	-		layer 0
function	0x1032ebc0	CBaseCombatCharacter::TakeHealth	CCineNPC#143, CNPCMaker#143, CNPC_VHumanCombatant#143, CNPC_VPedestrian#143, CNPC_VRat#143, CNPC_VVampire#143		layer 1
function	0x1032ec90	CBaseCombatCharacter::CreatePotenceHitEffect	-		layer 9
function	0x1032ef60	CBaseCombatCharacter::OnTakeDamage	-		layer 23
function	0x1032f550	CBaseCombatCharacter::GetFireParticleForHBox	-		layer 9
function	0x1032f770	CBaseCombatCharacter::BurnHitbox	-		layer 10
function	0x1032fab0	CBaseCombatCharacter::GetStealthModifier	-		layer 0
function	0x1032fb80	CAI_BaseNPC::FUN_1032fb80	CCineNPC#345, CNPCMaker#345, CNPC_VHumanCombatant#345, CNPC_VPedestrian#345, CNPC_VRat#345, CNPC_VVampire#345	mechanism	layer 1
function	0x1032fc50	CAI_BaseNPC::FUN_1032fc50	CCineNPC#346, CNPCMaker#346, CNPC_VHumanCombatant#346, CNPC_VPedestrian#346, CNPC_VRat#346, CNPC_VVampire#346	mechanism	layer 5
function	0x1032fe60	CAI_BaseNPC::FUN_1032fe60	CCineNPC#348, CNPCMaker#348, CNPC_VHumanCombatant#348, CNPC_VPedestrian#348, CNPC_VRat#348, CNPC_VVampire#348	rule	layer 11
function	0x10330020	CAI_BaseNPC::FUN_10330020	CCineNPC#334, CNPCMaker#334, CNPC_VHumanCombatant#334, CNPC_VPedestrian#334, CNPC_VRat#334, CNPC_VVampire#334	rule	layer 9
function	0x103300c0	FUN_103300c0	-		layer 13
function	0x10330220	FUN_10330220	-		layer 13
function	0x103302e0	CBaseCombatCharacter::OnTakeDamage_Alive	-		layer 22
function	0x10330d00	CBaseCombatCharacter::CreateDamageEffects	CCineNPC#299, CNPCMaker#299, CNPC_VHumanCombatant#299, CNPC_VPedestrian#299, CNPC_VRat#299, CNPC_VVampire#299		layer 20
function	0x103315e0	CBaseCombatCharacter::OnTakeDamage_Dying	CCineNPC#391, CNPCMaker#391, CNPC_VHumanCombatant#391, CNPC_VPedestrian#391, CNPC_VRat#391, CNPC_VVampire#391		layer 0
function	0x10331680	CBaseCombatCharacter::OnTakeDamage_Dead	-		layer 1
function	0x10331880	CBaseCombatCharacter::BodyAngles	CCineNPC#367, CNPCMaker#367, CNPC_VHumanCombatant#367, CNPC_VPedestrian#367, CNPC_VRat#367, CNPC_VVampire#367		layer 1
function	0x10331950	CBaseCombatCharacter::BodyDirection2D	CCineNPC#368, CNPCMaker#368, CNPC_VHumanCombatant#368, CNPC_VPedestrian#368, CNPC_VRat#368, CNPC_VVampire#368		layer 3
function	0x10331a40	CBaseCombatCharacter::BodyDirection3D	CCineNPC#369, CNPCMaker#369, CNPC_VHumanCombatant#369, CNPC_VPedestrian#369, CNPC_VRat#369, CNPC_VVampire#369		layer 2
function	0x10331b30	CBaseCombatCharacter::HeadDirection3D	CNPC_VHumanCombatant#371, CNPC_VPedestrian#371, CNPC_VVampire#371		layer 3
function	0x10331cb0	CBaseCombatCharacter::HeadDirection2D	CNPC_VHumanCombatant#370, CNPC_VPedestrian#370, CNPC_VVampire#370		layer 4
function	0x10331da0	CBaseCombatCharacter::CalcLookData	-		layer 2
function	0x10332010	CBaseCombatCharacter::GetCameraViewpointPosition	CCineNPC#50, CNPCMaker#50, CNPC_VHumanCombatant#50, CNPC_VPedestrian#50, CNPC_VRat#50, CNPC_VVampire#50		layer 3
function	0x103320b0	CBaseCombatCharacter::GetCameraTargetPosition	CCineNPC#51, CNPCMaker#51, CNPC_VHumanCombatant#51, CNPC_VPedestrian#51, CNPC_VRat#51, CNPC_VVampire#51		layer 9
function	0x103321a0	CBaseCombatCharacter::GetCameraFadeInTime	CCineNPC#52, CNPCMaker#52, CNPC_VHumanCombatant#52, CNPC_VPedestrian#52, CNPC_VRat#52, CNPC_VVampire#52		layer 0
function	0x10332240	CBaseCombatCharacter::GetCameraFadeOutTime	CCineNPC#53, CNPCMaker#53, CNPC_VHumanCombatant#53, CNPC_VPedestrian#53, CNPC_VRat#53, CNPC_VVampire#53		layer 0
function	0x10332930	CBaseCombatCharacter::ExpandRelationshipTable	-		layer 5
function	0x10332aa0	CBaseCombatCharacter::AddClassRelationship	-		layer 6
function	0x10332ca0	CBaseCombatCharacter::AddEntityRelationship	-		layer 6
function	0x10332ef0	CBaseCombatCharacter::AdjustDialogReaction	CCineNPC#297, CNPCMaker#297, CNPC_VHumanCombatant#297, CNPC_VPedestrian#297, CNPC_VRat#297, CNPC_VVampire#297		layer 15
function	0x10332fc0	CBaseCombatCharacter::GetDialogReactionModifier	-		layer 0
function	0x103330f0	CBaseCombatCharacter::SetDialogReactionModifier	-		layer 14
function	0x10333340	CBaseCombatCharacter::IRelationType	CCineNPC#404		layer 13
function	0x10333700	CBaseCombatCharacter::IRelationPriority	CCineNPC#405, CNPCMaker#405, CNPC_VHumanCombatant#405, CNPC_VPedestrian#405, CNPC_VRat#405, CNPC_VVampire#405		layer 0
function	0x103338c0	CBaseCombatCharacter::Weapon_ShootPosition	CCineNPC#389, CNPCMaker#389, CNPC_VHumanCombatant#389, CNPC_VPedestrian#389, CNPC_VRat#389, CNPC_VVampire#389		layer 1
function	0x10333ad0	CBaseCombatCharacter::Weapon_FindUsable	-		layer 8
function	0x10334180	CAI_BaseNPC::FUN_10334180	CCineNPC#374, CNPCMaker#374, CNPC_VHumanCombatant#374, CNPC_VPedestrian#374, CNPC_VRat#374, CNPC_VVampire#374	rule	layer 4
function	0x103346c0	FUN_103346c0	-		layer 0
function	0x10334a50	CBaseCombatCharacter::VPhysicsShadowCollision	CCineNPC#228, CNPCMaker#228, CNPC_VHumanCombatant#228, CNPC_VPedestrian#228, CNPC_VRat#228, CNPC_VVampire#228		layer 1
function	0x10334b10	CBaseCombatCharacter::Inventory_Destroy	-		layer 4
function	0x10334c20	CBaseCombatCharacter::Inventory_Can_Insert	-		layer 9
function	0x10334e70	CBaseCombatCharacter::Inventory_Insert	-		layer 21
function	0x10335470	CBaseCombatCharacter::Inventory_Remove	-		layer 9
function	0x10335950	CBaseCombatCharacter::Inventory_Find	-		layer 5
function	0x10335de0	CBaseCombatCharacter::Inventory_Wield	-		layer 20
function	0x10335ea0	CBaseCombatCharacter::Inventory_Unwield	-		layer 21
function	0x10335f60	CBaseCombatCharacter::Inventory_ShouldAllow_Autopickup	CCineNPC#302, CNPCMaker#302, CNPC_VHumanCombatant#302, CNPC_VPedestrian#302, CNPC_VRat#302, CNPC_VVampire#302		layer 0
function	0x10336000	CBaseCombatCharacter::Inventory_ShouldAllow_AutopickupAmmo	CCineNPC#303, CNPCMaker#303, CNPC_VHumanCombatant#303, CNPC_VPedestrian#303, CNPC_VRat#303, CNPC_VVampire#303		layer 0
function	0x10336920	CBaseCombatCharacter::IsMale	-		layer 11
function	0x10336a50	CBaseCombatCharacter::HasMeleeWeapon	-		layer 1
function	0x10336cd0	CBaseCombatCharacter::HasUsableMeleeWeapon	CCineNPC#307, CNPCMaker#307, CNPC_VHumanCombatant#307, CNPC_VPedestrian#307, CNPC_VRat#307, CNPC_VVampire#307		layer 2
function	0x10336d70	CBaseCombatCharacter::HasUsableRangedWeapon	CCineNPC#308, CNPCMaker#308, CNPC_VHumanCombatant#308, CNPC_VPedestrian#308, CNPC_VRat#308, CNPC_VVampire#308		layer 1
function	0x10336f20	CBaseCombatCharacter::GetBestMeleeWeapon	-		layer 1
function	0x10337080	CBaseCombatCharacter::GetBestRangedWeapon	CCineNPC#309, CNPCMaker#309, CNPC_VHumanCombatant#309, CNPC_VPedestrian#309, CNPC_VRat#309, CNPC_VVampire#309		layer 1
function	0x10337230	CBaseCombatCharacter::ChooseBestMeleeWeapon	-		layer 23
function	0x10337300	CBaseCombatCharacter::ChooseBestRangedWeapon	-		layer 23
function	0x10337860	CBaseCombatCharacter::GetCharTemplate	-		layer 11
function	0x10337980	CBaseCombatCharacter::SetVHistory	-		layer 21
function	0x10337ca0	CBaseCombatCharacter::MemberSync	CCineNPC#111, CNPCMaker#111, CNPC_VHumanCombatant#111, CNPC_VPedestrian#111, CNPC_VRat#111, CNPC_VVampire#111		layer 13
function	0x10337d80	CBaseCombatCharacter::PostConstructor	-		layer 14
function	0x10337e40	CBaseCombatCharacter::IsKine	-		layer 13
function	0x10337f30	CBaseCombatCharacter::IsKindred	-		layer 12
function	0x10337ff0	CBaseCombatCharacter::IsSupernatural	-		layer 13
function	0x103380d0	CBaseCombatCharacter::IsBossMonster	-		layer 12
function	0x10338cb0	CBaseCombatCharacter::IncBloodPool	-		layer 14
function	0x10338df0	CBaseCombatCharacter::DecBloodPool	-		layer 18
function	0x103392c0	CBaseCombatCharacter::Die	-		layer 16
function	0x103394a0	CBaseCombatCharacter::TorporBegin	-		layer 17
function	0x103395f0	CBaseCombatCharacter::CanFeed	-		layer 13
function	0x10339800	CBaseCombatCharacter::CanBeFedUponBy	CCineNPC#342	rule	layer 14
function	0x10339a90	CBaseCombatCharacter::CanBeFedUpon	-		layer 13
function	0x10339d90	CBaseCombatCharacter::FeedBegin	CCineNPC#351, CNPCMaker#351, CNPC_VHumanCombatant#351, CNPC_VPedestrian#351, CNPC_VRat#351, CNPC_VVampire#351		layer 16
function	0x1033a400	CBaseCombatCharacter::Feed	CCineNPC#352, CNPCMaker#352, CNPC_VHumanCombatant#352, CNPC_VPedestrian#352, CNPC_VRat#352, CNPC_VVampire#352		layer 19
function	0x1033a9e0	CBaseCombatCharacter::FeedInterrupt	CCineNPC#353, CNPCMaker#353, CNPC_VHumanCombatant#353, CNPC_VPedestrian#353, CNPC_VRat#353, CNPC_VVampire#353		layer 20
function	0x1033b100	CBaseCombatCharacter::GrappleSoundCmd	-		layer 15
function	0x1033b500	CBaseCombatCharacter::PrayerBegin	CCineNPC#356, CNPCMaker#356, CNPC_VHumanCombatant#356, CNPC_VPedestrian#356, CNPC_VRat#356, CNPC_VVampire#356		layer 1
function	0x1033b5f0	CAI_BaseNPC::FUN_1033b5f0	CCineNPC#357, CNPCMaker#357, CNPC_VHumanCombatant#357, CNPC_VPedestrian#357, CNPC_VRat#357, CNPC_VVampire#357	rule	layer 14
function	0x1033b7c0	CBaseCombatCharacter::InPrayer	-		layer 0
function	0x1033b890	CBaseCombatCharacter::PrayerEnd	CCineNPC#358, CNPCMaker#358, CNPC_VHumanCombatant#358, CNPC_VPedestrian#358, CNPC_VRat#358, CNPC_VVampire#358		layer 1
function	0x1033c340	CBaseCombatCharacter::HealthHeal	-		layer 15
function	0x1033c6b0	CBaseCombatCharacter::AddMiscFlag	-		layer 0
function	0x1033c770	CBaseCombatCharacter::RemoveMiscFlag	-		layer 0
function	0x1033c830	CBaseCombatCharacter::ToggleMiscFlag	-		layer 0
function	0x1033c900	CBaseCombatCharacter::HasMiscFlag	-		layer 0
function	0x1033c9c0	CBaseCombatCharacter::GetMiscFlags	-		layer 0
function	0x1033cb90	CBaseCombatCharacter::Kill	CCineNPC#119, CNPCMaker#119, CNPC_VHumanCombatant#119, CNPC_VPedestrian#119, CNPC_VRat#119, CNPC_VVampire#119		layer 1
function	0x1033cc30	CBaseCombatCharacter::AddPreDisciplineEffect	CCineNPC#338, CNPCMaker#338, CNPC_VHumanCombatant#338, CNPC_VPedestrian#338, CNPC_VRat#338, CNPC_VVampire#338		layer 0
function	0x1033ccd0	CBaseCombatCharacter::RemovePreDisciplineEffects	CCineNPC#340, CNPCMaker#340, CNPC_VHumanCombatant#340, CNPC_VPedestrian#340, CNPC_VRat#340, CNPC_VVampire#340		layer 0
function	0x1033cd70	CBaseCombatCharacter::AddDisciplineEffect	CCineNPC#339, CNPCMaker#339, CNPC_VHumanCombatant#339, CNPC_VPedestrian#339, CNPC_VRat#339, CNPC_VVampire#339		layer 0
function	0x1033cef0	CBaseCombatCharacter::RemoveDisciplineEffects	CCineNPC#341, CNPCMaker#341, CNPC_VHumanCombatant#341, CNPC_VPedestrian#341, CNPC_VRat#341, CNPC_VVampire#341		layer 20
function	0x1033cfb0	CBaseCombatCharacter::AddDiscFlag	-		layer 3
function	0x1033d190	CBaseCombatCharacter::RemoveDiscFlag	-		layer 1
function	0x1033d2f0	HasStatusEffect	-		layer 0
function	0x1033d330	FUN_1033d330	-		layer 0
function	0x1033d380	FUN_1033d380	-		layer 0
function	0x1033d410	FUN_1033d410	-		layer 0
function	0x1033d460	FUN_1033d460	-		layer 0
function	0x1033d4b0	CBaseCombatCharacter::BloodExplode	-		layer 22
function	0x1033d970	FUN_1033d970	-		layer 1
function	0x1033d990	FUN_1033d990	-		layer 1
function	0x1033dde0	CBaseCombatCharacter::GiveBaseFightingItems	CCineNPC#304		layer 11
function	0x1033deb0	CBaseCombatCharacter::RemoveBaseFightingItems	CCineNPC#305		layer 11
function	0x1033df80	CBaseCombatCharacter::ApplyDisciplineSpawnFlags	-		layer 0
function	0x1033e0a0	CBaseCombatCharacter::AddFakedDisciplineEffect	-		layer 9
function	0x1033e2b0	CBaseCombatCharacter::IsBusyWithDiscipline	-		layer 0
function	0x1033e370	CBaseCombatCharacter::LookAtEntity	CCineNPC#306, CNPCMaker#306, CNPC_VHumanCombatant#306, CNPC_VPedestrian#306, CNPC_VRat#306, CNPC_VVampire#306		layer 5
function	0x1033e4a0	CBaseCombatCharacter::DrawDebugTextOverlays	-		layer 13
function	0x1033e7e0	CBaseCombatCharacter::DrawMuzzleOverlay	CCineNPC#125, CNPCMaker#125, CNPC_VHumanCombatant#125, CNPC_VPedestrian#125, CNPC_VRat#125, CNPC_VVampire#125		layer 4
function	0x1033eb60	CBaseCombatCharacter::FrenzyCheck	-		layer 19
function	0x1033f6d0	FUN_1033f6d0	-		layer 20
function	0x10340360	CBaseCombatCharacter::Precache	-		layer 12
function	0x103404f0	CBaseCombatCharacter::ReceivesImpactDamage	CCineNPC#74, CNPCMaker#74, CNPC_VHumanCombatant#74, CNPC_VPedestrian#74, CNPC_VRat#74, CNPC_VVampire#74		layer 0
function	0x10340590	CBaseCombatCharacter::CausesImpactDamage	CCineNPC#73, CNPCMaker#73, CNPC_VHumanCombatant#73, CNPC_VPedestrian#73, CNPC_VRat#73, CNPC_VVampire#73		layer 1
function	0x10340650	CBaseCombatCharacter::ShouldIgnoreCollision	CCineNPC#68		layer 1
function	0x103407b0	CBaseCombatCharacter::ShouldTransmit	CCineNPC#86		layer 1
function	0x103408e0	CBaseCombatCharacter::GetSkeletonModelName	CCineNPC#244, CNPCMaker#244, CNPC_VHumanCombatant#244, CNPC_VPedestrian#244, CNPC_VRat#244, CNPC_VVampire#244		layer 12
function	0x103409a0	CBaseCombatCharacter::SetModel	CCineNPC#105		layer 10
function	0x103411c0	CBaseCombatCharacter::BarterBegin	-		layer 13
function	0x103412b0	CBaseCombatCharacter::InputBarterBegin	CCineNPC#349, CNPCMaker#349, CNPC_VHumanCombatant#349, CNPC_VPedestrian#349, CNPC_VRat#349, CNPC_VVampire#349		layer 14
function	0x10341370	CBaseCombatCharacter::BarterEnd	-		layer 9
function	0x10341450	CBaseCombatCharacter::InputBarterEnd	CCineNPC#350, CNPCMaker#350, CNPC_VHumanCombatant#350, CNPC_VPedestrian#350, CNPC_VRat#350, CNPC_VVampire#350		layer 10
function	0x10341510	CBaseCombatCharacter::GetActiveArmor	-		layer 0
function	0x103415f0	CBaseCombatCharacter::NotifyChangeSizeSmall	CCineNPC#335, CNPCMaker#335, CNPC_VHumanCombatant#335, CNPC_VPedestrian#335, CNPC_VRat#335, CNPC_VVampire#335		layer 0
function	0x10341680	CBaseCombatCharacter::NotifyChangeSizeNormal	CCineNPC#336, CNPCMaker#336, CNPC_VHumanCombatant#336, CNPC_VPedestrian#336, CNPC_VRat#336, CNPC_VVampire#336		layer 0
function	0x10341710	CBaseCombatCharacter::GetUsedHullBits	-		layer 0
function	0x103417b0	CBaseCombatCharacter::CanTalk	CCineNPC#295		layer 0
function	0x10341850	CBaseCombatCharacter::IsValidStealthKillTarget	CCineNPC#294		layer 0
function	0x10341aa0	CBaseCombatCharacter::IsUnconscious	-		layer 0
function	0x10341c30	CBaseCombatCharacter::FindEntityFOV	-		layer 9
function	0x10342800	CBaseCombatCharacter::GetHighlightMaterial	CCineNPC#34, CNPCMaker#34, CNPC_VHumanCombatant#34, CNPC_VPedestrian#34, CNPC_VRat#34, CNPC_VVampire#34		layer 2
function	0x10343020	CBaseCombatCharacter::MeleeSwingStep	-		layer 15
function	0x103449b0	CBaseCombatCharacter::GetKnockbackActivity	-		layer 9
function	0x10344c80	CBaseCombatCharacter::TranslateFlyingKnockbackActivity	-		layer 0
function	0x10344da0	FUN_10344da0	-		layer 0
function	0x10344dd0	CAI_BaseNPC::FUN_10344dd0	CCineNPC#323, CNPCMaker#323, CNPC_VHumanCombatant#323, CNPC_VPedestrian#323, CNPC_VRat#323, CNPC_VVampire#323	rule	layer 1
function	0x10344f80	FUN_10344f80	-		layer 13
function	0x103451d0	CBaseCombatCharacter::IsMeleeSwingActive	-		layer 1
function	0x10345330	CBaseCombatCharacter::IsMeleeSwingOver	-		layer 1
function	0x10345460	CAI_BaseNPC::FUN_10345460	CCineNPC#327, CNPCMaker#327, CNPC_VHumanCombatant#327, CNPC_VPedestrian#327, CNPC_VRat#327, CNPC_VVampire#327	dead	layer 0
function	0x10345480	FUN_10345480	-		layer 1
function	0x103454c0	FUN_103454c0	-		layer 1
function	0x10345760	CBaseCombatCharacter::IsMeleeSwingInRange	-		layer 1
function	0x10345890	FUN_10345890	-		layer 1
function	0x10345980	CBaseCombatCharacter::GetMeleeDiceRolls	-		layer 0
function	0x10345d00	CBaseCombatCharacter::IsHoldingMeleeWeapon	-		layer 1
function	0x10345f10	CBaseCombatCharacter::GetBlockReactionActivity	-		layer 1
function	0x10346070	CBaseCombatCharacter::GetRawAttackValue	-		layer 11
function	0x10346380	CBaseCombatCharacter::CalcAndStoreMeleeDiceRolls	-		layer 15
function	0x10346760	CBaseCombatCharacter::ForceMeleeReset	-		layer 0
function	0x10346910	CBaseCombatCharacter::MeleeRollAndSendNotice	-		layer 16
function	0x10346ac0	CBaseCombatCharacter::SendIncomingSwingNotice	-		layer 17
function	0x10346cd0	CBaseCombatCharacter::MeleeSwingUpdate	CCineNPC#315, CNPCMaker#315, CNPC_VHumanCombatant#315, CNPC_VPedestrian#315, CNPC_VRat#315, CNPC_VVampire#315		layer 18
function	0x10347180	CBaseCombatCharacter::ChooseMeleeAttackSequence	CCineNPC#331, CNPCMaker#331, CNPC_VHumanCombatant#331, CNPC_VPedestrian#331, CNPC_VRat#331, CNPC_VVampire#331		layer 11
function	0x10348100	FUN_10348100	-		layer 1
function	0x103482e0	CAI_BaseNPC::FUN_103482e0	CCineNPC#326	present	layer 13
function	0x10348890	CBaseCombatCharacter::Restore	-		layer 8
function	0x10348980	CBaseCombatCharacter::Save	-		layer 14
function	0x10348a60	CBaseCombatCharacter::HasExplosiveGibs	CCineNPC#398, CNPCMaker#398, CNPC_VHumanCombatant#398, CNPC_VPedestrian#398, CNPC_VRat#398, CNPC_VVampire#398		layer 0
function	0x10348b00	CBaseCombatCharacter::KnockbackActivity_Default	CCineNPC#401, CNPCMaker#401, CNPC_VHumanCombatant#401, CNPC_VPedestrian#401, CNPC_VRat#401, CNPC_VVampire#401		layer 0
function	0x10348ba0	CAI_BaseNPC::FUN_10348ba0	CCineNPC#296, CNPCMaker#296, CNPC_VHumanCombatant#296, CNPC_VPedestrian#296, CNPC_VRat#296, CNPC_VVampire#296	dead	layer 0
function	0x10348d00	FUN_10348d00	-		layer 4
function	0x10349830	FUN_10349830	-		layer 1
function	0x103498b0	FUN_103498b0	-		layer 1
function	0x10349970	FUN_10349970	-		layer 2
function	0x103499a0	FUN_103499a0	-		layer 2
function	0x10349d50	FUN_10349d50	-		layer 0
function	0x10349e10	FUN_10349e10	-		layer 1
function	0x1034a030	FUN_1034a030	-		layer 0
function	0x1034a100	FUN_1034a100	-		layer 1
function	0x1034a170	FUN_1034a170	-		layer 0
function	0x1034a1a0	FUN_1034a1a0	-		layer 0
species	0x1034ab50	CNPCMaker::vfunc82	CNPCMaker#82	mechanism	layer 0
species	0x1034adf0	CNPCMaker::HeadDirection2D	CNPCMaker#370	mechanism	layer 4
species	0x1034ae20	CNPCMaker::HeadDirection3D	CNPCMaker#371	mechanism	layer 3
species	0x1034ae50	CNPCMaker::FInViewCone	CNPCMaker#363	rule	layer 0
species	0x1034ae70	CNPCMaker::vfunc362	CNPCMaker#362	rule	layer 0
species	0x1034ae90	CNPCMaker::vfunc365	CNPCMaker#365	rule	layer 0
species	0x1034aeb0	CNPCMaker::vfunc364	CNPCMaker#364	rule	layer 0
species	0x1034aed0	CNPCMaker::FUN_1034aed0	CNPCMaker#587	rule	layer 0
species	0x1034aef0	CNPCMaker::FUN_1034aef0	CNPCMaker#72	rule	layer 0
species	0x1034af10	CNPCMaker::FUN_1034af10	CNPCMaker#86	mechanism	layer 0
species	0x1034af30	FUN_1034af30	CNPCMaker#619		layer 0
species	0x1034af50	FUN_1034af50	CNPCMaker#620		layer 0
species	0x1034af70	CNPCMaker::vfunc5	CNPCMaker#5	mechanism	layer 17
species	0x1034afe0	CNPCMaker::Spawn	CNPCMaker#103	rule	layer 15
species	0x1034b140	CNPCMaker::FUN_1034b140	CNPCMaker#113	rule	layer 0
species	0x1034b160	CNPCMaker::Precache	CNPCMaker#104	rule	layer 14
species	0x1034b3c0	CNPCMaker::ParseMapData	CNPCMaker#107	rule	layer 1
function	0x1034b430	FUN_1034b430	-	present	layer 0
species	0x1034b580	FUN_1034b580	CNPCMaker#618	present	layer 9
species	0x1034b7b0	FUN_1034b7b0	CNPCMaker#617	rule	layer 10
species	0x1034bc90	CNPCMaker::FUN_1034bc90	CNPCMaker#139	present	layer 8
species	0x1034bd30	CNPCMaker::DrawDebugGeometryOverlays	CNPCMaker#123	dead	layer 0
species	0x1035ebf0	CNPC_VAnimal::FUN_1035ebf0	CNPC_VRat#587	rule	layer 0
function	0x1035f510	CNPC_VAnimal::Spawn	-	rule	layer 25
species	0x1035f540	CNPC_VAnimal::FUN_1035f540	CNPC_VRat#473	present	layer 0
species	0x1035f5c0	CNPC_VAnimal::TranslateEnemyChasePosition	CNPC_VRat#563	rule	layer 1
function	0x1035f650	CNPC_VAnimal::StartTask	-	rule	layer 27
species	0x1035f940	CNPC_VAnimal::RunTask	CNPC_VRat#444	rule	layer 24
function	0x1035fb50	CNPC_VAnimal::SelectSchedule	-	rule	layer 26
species	0x1035fd40	CNPC_VAnimal::FUN_1035fd40	CNPC_VRat#482	rule	layer 2
species	0x1035fe80	CNPC_VAnimal::FUN_1035fe80	CNPC_VRat#461	rule	layer 23
species	0x10360160	CNPC_VAnimal::FUN_10360160	CNPC_VRat#432	dead	layer 26
species	0x10360180	CNPC_VAnimal::PrescheduleThink	CNPC_VRat#434	rule	layer 0
species	0x103601a0	CNPC_VAnimal::FUN_103601a0	CNPC_VRat#390	rule	layer 25
species	0x103601e0	CNPC_VAnimal::HandleInteraction	CNPC_VRat#366	rule	layer 0
species	0x103750e0	CNPC_VVampire::FUN_103750e0	CNPC_VVampire#580	rule	layer 0
species	0x10375100	CNPC_VVampire::GetSchedulingErrorName	CNPC_VVampire#451	dead	layer 0
function	0x10384690	CNPC_VHuman::Spawn	-	rule	layer 25
species	0x103846e0	CNPC_VAndreiBlood::FUN_103846e0	CNPC_VVampire#473	rule	layer 0
species	0x10384760	CNPC_VHuman::TranslateEnemyChasePosition	CNPC_VHumanCombatant#563, CNPC_VPedestrian#563, CNPC_VVampire#563	rule	layer 1
species	0x103847f0	CNPC_VHuman::StartTask	CNPC_VHumanCombatant#442, CNPC_VPedestrian#442, CNPC_VVampire#442	rule	layer 27
species	0x10384ab0	CNPC_VHuman::RunTask	CNPC_VHumanCombatant#444, CNPC_VPedestrian#444, CNPC_VVampire#444	rule	layer 24
species	0x10384ee0	CNPC_VHuman::SelectSchedule	CNPC_VVampire#438	rule	layer 26
species	0x103850a0	CNPC_VAndreiBlood::FUN_103850a0	CNPC_VHumanCombatant#482, CNPC_VPedestrian#482, CNPC_VVampire#482	rule	layer 2
species	0x103851e0	CNPC_VHuman::SelectIdealState	CNPC_VVampire#461	rule	layer 23
species	0x103854f0	CNPC_VHuman::NPC_EarlyTranslateActivity	CNPC_VHumanCombatant#375, CNPC_VPedestrian#375, CNPC_VVampire#375	rule	layer 16
species	0x103858b0	CNPC_VHuman::NPC_TranslateActivity	CNPC_VHumanCombatant#376, CNPC_VPedestrian#376, CNPC_VVampire#376	present	layer 1
species	0x10385a10	CNPC_VChangBros::FUN_10385a10	CNPC_VVampire#432	dead	layer 26
species	0x10385a30	CNPC_VHuman::PrescheduleThink	CNPC_VHumanCombatant#434, CNPC_VPedestrian#434, CNPC_VVampire#434	rule	layer 0
species	0x10385a70	CNPC_VHuman::HandleInteraction	CNPC_VHumanCombatant#366, CNPC_VPedestrian#366, CNPC_VVampire#366	rule	layer 0
species	0x10385ab0	CNPC_VAndreiBlood::FUN_10385ab0	CNPC_VHumanCombatant#599, CNPC_VPedestrian#599, CNPC_VVampire#599	rule	layer 3
species	0x10385c30	FUN_10385c30	CNPC_VHumanCombatant#600, CNPC_VPedestrian#600, CNPC_VVampire#600	rule	layer 3
species	0x10385cf0	FUN_10385cf0	CNPC_VHumanCombatant#601, CNPC_VPedestrian#601, CNPC_VVampire#601	rule	layer 2
species	0x10385d70	FUN_10385d70	CNPC_VHumanCombatant#602, CNPC_VPedestrian#602, CNPC_VVampire#602	rule	layer 1
species	0x10385e40	CNPC_VHuman::SelectScheduleMeleeCombat	CNPC_VHumanCombatant#604, CNPC_VPedestrian#604, CNPC_VVampire#604	rule	layer 10
species	0x10386560	CNPC_VHuman::SelectScheduleRangedCombat	CNPC_VHumanCombatant#605, CNPC_VPedestrian#605, CNPC_VVampire#605	rule	layer 15
species	0x103869a0	CNPC_VHumanCombatant::FUN_103869a0	CNPC_VHumanCombatant#82	mechanism	layer 0
species	0x10386ae0	CNPC_VHumanCombatant::FUN_10386ae0	CNPC_VHumanCombatant#580	rule	layer 0
species	0x10386b00	CNPC_VHumanCombatant::GetSchedulingErrorName	CNPC_VHumanCombatant#451	dead	layer 0
species	0x10386b20	CNPC_VHumanCombatant::vfunc5	CNPC_VHumanCombatant#5	mechanism	layer 17
species	0x10386c20	CNPC_VHumanCombatant::LoadedSchedules	CNPC_VHumanCombatant#452	dead	layer 0
species	0x10386c80	CNPC_VHumanCombatant::FUN_10386c80	CNPC_VHumanCombatant#546	dead	layer 3
species	0x10387110	CNPC_VHumanCombatant::Spawn	CNPC_VHumanCombatant#103	rule	layer 26
species	0x10387140	CNPC_VHumanCombatant::NPCInit	CNPC_VHumanCombatant#420	rule	layer 23
species	0x10387180	CNPC_VCop::FUN_10387180	CNPC_VHumanCombatant#473	rule	layer 0
species	0x103871a0	CNPC_VHumanCombatant::Classify	CNPC_VHumanCombatant#138	rule	layer 0
species	0x103871c0	CNPC_VHumanCombatant::OnStateChange	CNPC_VHumanCombatant#463	present	layer 9
species	0x103872d0	CNPC_VHumanCombatant::SelectSchedule	CNPC_VHumanCombatant#438	rule	layer 27
species	0x10387380	CNPC_VHumanCombatPatrol::SelectIdealState	CNPC_VHumanCombatant#461	rule	layer 24
species	0x10387500	CNPC_VGhoulCroucher::FUN_10387500	CNPC_VHumanCombatant#432	dead	layer 27
species	0x10387520	CNPC_VHumanCombatant::BuildScheduleTestBits	CNPC_VHumanCombatant#453	rule	layer 3
species	0x103a1c20	CNPC_VPedestrian::vfunc82	CNPC_VPedestrian#82	mechanism	layer 0
species	0x103a1de0	CNPC_VPedestrian::vfunc550	CNPC_VPedestrian#550	rule	layer 0
species	0x103a1e00	CNPC_VPedestrian::vfunc580	CNPC_VPedestrian#580	rule	layer 0
species	0x103a1e20	CNPC_VPedestrian::GetSchedulingErrorName	CNPC_VPedestrian#451	dead	layer 0
species	0x103a1e40	CNPC_VPedestrian::vfunc5	CNPC_VPedestrian#5	mechanism	layer 17
species	0x103a1f40	CNPC_VPedestrian::LoadedSchedules	CNPC_VPedestrian#452	dead	layer 0
species	0x103a1fa0	CNPC_VPedestrian::vfunc546	CNPC_VPedestrian#546	dead	layer 3
species	0x103a2540	CNPC_VPedestrian::Spawn	CNPC_VPedestrian#103	rule	layer 26
species	0x103a2570	CNPC_VPedestrian::NPCInit	CNPC_VPedestrian#420	rule	layer 23
species	0x103a25a0	CNPC_VPedestrian::vfunc130	CNPC_VPedestrian#130	rule	layer 24
species	0x103a28f0	CNPC_VPedestrian::vfunc473	CNPC_VPedestrian#473	present	layer 0
species	0x103a2910	CNPC_VPedestrian::Classify	CNPC_VPedestrian#138	rule	layer 0
species	0x103a2930	CNPC_VPedestrian::IRelationType	CNPC_VPedestrian#404	rule	layer 15
species	0x103a2980	CNPC_VPedestrian::BuildScheduleTestBits	CNPC_VPedestrian#453	rule	layer 3
species	0x103a29f0	CNPC_VPedestrian::SelectSchedule	CNPC_VPedestrian#438	rule	layer 27
species	0x103a2c30	CNPC_VPedestrian::GatherConditions	CNPC_VPedestrian#433	rule	layer 25
species	0x103a2e30	CNPC_VPedestrian::vfunc461	CNPC_VPedestrian#461	rule	layer 24
species	0x103a3670	CNPC_VPedestrian::vfunc432	CNPC_VPedestrian#432	rule	layer 27
species	0x103a3850	CNPC_VPedestrian::vfunc27	CNPC_VPedestrian#27	rule	layer 21
species	0x103a38c0	CNPC_VPedestrian::CreateCorpse	CNPC_VPedestrian#301	rule	layer 15
species	0x103aba70	CNPC_VScurrying::FUN_103aba70	CNPC_VRat#82	mechanism	layer 0
species	0x103abba0	CNPC_VScurrying::FUN_103abba0	CNPC_VRat#580	rule	layer 0
species	0x103abbc0	CNPC_VScurrying::GetSchedulingErrorName	CNPC_VRat#451	dead	layer 0
species	0x103abce0	CNPC_VScurrying::LoadedSchedules	CNPC_VRat#452	dead	layer 0
species	0x103abd40	CNPC_VScurrying::FUN_103abd40	CNPC_VRat#546	dead	layer 3
function	0x103ac430	CNPC_VScurrying::Spawn	-	rule	layer 26
species	0x103ac490	CNPC_VScurrying::TranslateSchedule	CNPC_VRat#440	rule	layer 22
species	0x103ac4e0	CNPC_VScurrying::GetUsedHullBits	CNPC_VRat#337	mechanism	layer 3
species	0x103ac500	CNPC_VScurrying::GatherConditions	CNPC_VRat#433	rule	layer 25
species	0x103ac610	CNPC_VScurrying::SelectSchedule	CNPC_VRat#438	rule	layer 27
species	0x103ac740	CNPC_VScurrying::StartTask	CNPC_VRat#442	rule	layer 28
species	0x103aca60	CNPC_VScurrying::FUN_103aca60	CNPC_VRat#471	rule	layer 0
function	0x103aca80	FUN_103aca80	-		layer 14
function	0x103acac0	FUN_103acac0	-	rule	layer 13
function	0x103acba0	FUN_103acba0	-	rule	layer 18
function	0x103ad0a0	FUN_103ad0a0	-		layer 2
function	0x103ad0f0	FUN_103ad0f0	-		layer 12
function	0x103ad540	FUN_103ad540	-		layer 1
species	0x103ad630	CNPC_VRat::Spawn	CNPC_VRat#103	rule	layer 27
species	0x103ad660	CNPC_VRat::Classify	CNPC_VRat#138	rule	layer 0
species	0x103ad680	CNPC_VRat::IsValidStealthKillTarget	CNPC_VRat#294	rule	layer 0
species	0x103ad6a0	CNPC_VRat::vfunc428	CNPC_VRat#428	mechanism	layer 5
species	0x103ad6d0	CNPC_VRat::ShouldIgnoreCollision	CNPC_VRat#68	mechanism	layer 2
species	0x103ad790	CNPC_VRat::CanBeSetOnFire	CNPC_VRat#615	rule	layer 0
species	0x103ad7b0	CNPC_VRat::CanTalk	CNPC_VRat#295	rule	layer 0
species	0x103ad7d0	CNPC_VRat::MaintainEyeDirection	CNPC_VRat#333	mechanism	layer 0
species	0x103ad7f0	CNPC_VRat::HeadDirection2D	CNPC_VRat#370	rule	layer 4
species	0x103ad820	CNPC_VRat::HeadDirection3D	CNPC_VRat#371	rule	layer 3
species	0x103ad850	CNPC_VRat::vfunc316	CNPC_VRat#316	rule	layer 0
species	0x103ad870	CNPC_VRat::vfunc317	CNPC_VRat#317	rule	layer 0
species	0x103ad890	CNPC_VRat::PlayerDefenderBlockReaction	CNPC_VRat#318	rule	layer 0
species	0x103ad8b0	CNPC_VRat::PlayerAttackerBlockedReaction	CNPC_VRat#319	rule	layer 0
species	0x103ad8d0	CNPC_VRat::PlayerKnockbackReaction	CNPC_VRat#320	rule	layer 0
species	0x103ad8f0	CNPC_VRat::OkToInterruptForMelee	CNPC_VRat#590	rule	layer 0
species	0x103ad910	CNPC_VRat::vfunc330	CNPC_VRat#330	rule	layer 0
species	0x103ad930	CNPC_VRat::vfunc5	CNPC_VRat#5	mechanism	layer 17
species	0x103c47e0	CNPC_VVampire::FUN_103c47e0	CNPC_VVampire#82	mechanism	layer 0
species	0x103c4920	CNPC_VVampire::vfunc5	CNPC_VVampire#5	mechanism	layer 17
species	0x103c4a20	CNPC_VVampire::LoadedSchedules	CNPC_VVampire#452	dead	layer 0
species	0x103c4a80	CNPC_VVampire::FUN_103c4a80	CNPC_VVampire#546	dead	layer 3
species	0x103c4ef0	CNPC_VVampire::Spawn	CNPC_VVampire#103	rule	layer 26
species	0x103c4f20	CNPC_VVampire::Classify	CNPC_VVampire#138	rule	layer 0
function	0x103f9160	FUN_103f9160	-		layer 1
function	0x10407c40	FUN_10407c40	-		layer 4
function	0x10408060	FUN_10408060	-		layer 3
function	0x104081e0	FUN_104081e0	-		layer 4
function	0x10408220	FUN_10408220	-		layer 1
function	0x10408480	FUN_10408480	-		layer 5
function	0x1040b120	FUN_1040b120	-		layer 0
function	0x10411f90	FUN_10411f90	-		layer 2
function	0x10412420	FUN_10412420	-		layer 7
function	0x10412470	FUN_10412470	-		layer 0
function	0x104124b0	FUN_104124b0	-		layer 0
function	0x10412520	FUN_10412520	-		layer 8
function	0x10412550	FUN_10412550	-		layer 2
function	0x104126a0	FUN_104126a0	-		layer 0
function	0x10427620	FUN_10427620	-		layer 1
function	0x104276a0	FUN_104276a0	-		layer 0
function	0x104276d0	FUN_104276d0	-		layer 0
function	0x10427a70	FUN_10427a70	-		layer 9
function	0x10427d90	FUN_10427d90	-		layer 0
function	0x10427dc0	FUN_10427dc0	-		layer 10
function	0x10427df0	FUN_10427df0	-		layer 11
function	0x104280f0	FUN_104280f0	-		layer 0
function	0x10428280	FUN_10428280	-		layer 12
function	0x10428310	FUN_10428310	-		layer 0
function	0x10428360	FUN_10428360	-		layer 11
function	0x10428470	FUN_10428470	-		layer 13
function	0x104284c0	FUN_104284c0	-		layer 5
function	0x104287d0	FUN_104287d0	-		layer 0
function	0x10428850	FUN_10428850	-		layer 0
function	0x10428880	FUN_10428880	-		layer 14
function	0x1042bff0	FUN_1042bff0	-		layer 7
function	0x1042fc90	FUN_1042fc90	-		layer 0
function	0x1042fd40	FUN_1042fd40	-		layer 0
function	0x1042fde0	FUN_1042fde0	-		layer 0
function	0x1042fe90	FUN_1042fe90	-		layer 0
function	0x10430812	CPhysConstraint::FUN_10430812	-		layer 4
function	0x104308b6	__onexit	-		layer 6
function	0x10430923	_atexit	-		layer 7
function	0x10430964	FUN_10430964	-		layer 4
function	0x10430b64	___RTDynamicCast	-		layer 7
function	0x10430c7b	??0bad_cast@@QAE@ABQBD@Z	-		layer 6
function	0x10430ccc	?FindCompleteObject@@YAPAXPAPAX@Z	-		layer 0
function	0x10430ce6	?FindSITargetTypeInstance@@YAPBU_s_RTTIBaseClassDescriptor@@PAXPBU_s_RTTICompleteObjectLocator@@PAUTypeDescriptor@@H2@Z	-		layer 1
function	0x10430d40	?FindMITargetTypeInstance@@YAPBU_s_RTTIBaseClassDescriptor@@PAXPBU_s_RTTICompleteObjectLocator@@PAUTypeDescriptor@@H2@Z	-		layer 1
function	0x10430e39	?FindVITargetTypeInstance@@YAPBU_s_RTTIBaseClassDescriptor@@PAXPBU_s_RTTICompleteObjectLocator@@PAUTypeDescriptor@@H2@Z	-		layer 1
function	0x10430f71	?PMDtoOffset@@YAHPAXABUPMD@@@Z	-		layer 0
function	0x10430fa0	FUN_10430fa0	-		layer 0
function	0x104312d5	operator_new	-		layer 4
function	0x104312f0	__alloca_probe	-		layer 0
function	0x10431320	__ftol	-		layer 0
function	0x10431351	_rand	-		layer 0
function	0x1043136f	_atof	-		layer 5
function	0x104313bc	_atol	-		layer 3
function	0x10431447	_atoi	-		layer 4
function	0x10431510	_strstr	-		layer 0
function	0x10431590	_calloc	-		layer 2
function	0x10431641	_free	-		layer 3
function	0x1043177d	_isspace	-		layer 3
function	0x10431c2f	_sprintf	-		layer 10
function	0x10431f30	FUN_10431f30	-		layer 0
function	0x10432028	_ceil	-		layer 4
function	0x104320f7	_malloc	-		layer 4
function	0x10432109	__nh_malloc	-		layer 3
function	0x10432135	__heap_alloc	-		layer 2
function	0x104321a9	_realloc	-		layer 5
function	0x10432449	_floor	-		layer 4
function	0x10432520	FUN_10432520	-		layer 7
function	0x1043253d	FUN_1043253d	-		layer 6
function	0x104325f0	FUN_104325f0	-		layer 7
function	0x1043260d	FUN_1043260d	-		layer 6
function	0x1043270c	_sscanf	-		layer 10
function	0x10432740	__strnicmp	-		layer 4
function	0x104329c0	_strncpy	-		layer 0
function	0x10432abe	_bsearch	-		layer 0
function	0x10432bab	_iswspace	-		layer 3
function	0x10432c14	_strtok	-		layer 0
function	0x10433464	__strlwr	-		layer 5
function	0x10433510	_strncat	-		layer 0
function	0x1043366f	_toupper	-		layer 3
function	0x1043373b	__vsnprintf	-		layer 10
function	0x104338e0	__amsg_exit	-		layer 3
function	0x10433dd0	_strcmp	-		layer 0
function	0x10433e92	__exit	-		layer 2
function	0x10433ec1	_doexit	-		layer 1
function	0x10433f5a	__initterm	-		layer 0
function	0x10433f74	__msize	-		layer 1
function	0x10434002	??0exception@@QAE@ABQBD@Z	-		layer 5
function	0x1043429c	__CxxThrowException@8	-		layer 0
function	0x104342d6	__fltin	-		layer 4
function	0x10434370	_strlen	-		layer 0
function	0x104343eb	__isctype	-		layer 2
function	0x10434460	__allmul	-		layer 0
function	0x104344a0	_memset	-		layer 0
function	0x1043450e	__callnewh	-		layer 0
function	0x104348bd	___sbh_find_block	-		layer 0
function	0x104348e8	___sbh_free_block	-		layer 1
function	0x10434c11	___sbh_alloc_block	-		layer 1
function	0x10434f1a	___sbh_alloc_new_region	-		layer 0
function	0x10434fcb	___sbh_alloc_new_group	-		layer 0
function	0x104350c6	___sbh_resize_block	-		layer 0
function	0x10435922	___old_sbh_release_region	-		layer 0
function	0x10435978	___old_sbh_decommit_pages	-		layer 1
function	0x10435a3a	___old_sbh_find_block	-		layer 0
function	0x10435a91	___old_sbh_free_block	-		layer 2
function	0x10435ad6	___old_sbh_alloc_block	-		layer 1
function	0x10435cde	___old_sbh_alloc_block_from_page	-		layer 0
function	0x10435e02	___old_sbh_resize_block	-		layer 0
function	0x1043600c	__flsbuf	-		layer 6
function	0x10436121	__output	-		layer 9
function	0x10436862	_write_char	-		layer 7
function	0x10436897	_write_multi_char	-		layer 8
function	0x104368c8	_write_string	-		layer 8
function	0x10436900	_get_int_arg	-		layer 0
function	0x1043690d	_get_int64_arg	-		layer 0
function	0x1043691d	_get_short_arg	-		layer 0
function	0x10436d27	__startOneArgErrorHandling	-		layer 4
function	0x10436d85	__load_CW	-		layer 0
function	0x10436d9c	__convertTOStoQNaN	-		layer 0
function	0x10436df8	__checkTOS_withFB	-		layer 0
function	0x10436e1b	__math_exit	-		layer 5
function	0x104381fb	__handle_qnan1	-		layer 2
function	0x104382ad	__except1	-		layer 3
function	0x104383ea	__raise_exc	-		layer 1
function	0x1043869d	__handle_exc	-		layer 2
function	0x104388b4	__umatherr	-		layer 1
function	0x1043893c	__set_errno	-		layer 0
function	0x10438962	__get_fname	-		layer 0
function	0x10438987	__errcode	-		layer 0
function	0x104389b4	__frnd	-		layer 0
function	0x104389c6	__set_exp	-		layer 0
function	0x10438a53	__sptype	-		layer 0
function	0x10438aad	__decomp	-		layer 1
function	0x10438b6e	__statfp	-		layer 0
function	0x10438b7c	__clrfp	-		layer 0
function	0x10438b8b	__ctrlfp	-		layer 0
function	0x10438bae	__set_statfp	-		layer 0
function	0x10438c10	FUN_10438c10	-		layer 0
function	0x10438f45	__input	-		layer 9
function	0x1043996a	__hextodec	-		layer 3
function	0x104399a1	__inc	-		layer 7
function	0x104399bb	__un_inc	-		layer 7
function	0x104399d2	__whiteout	-		layer 8
function	0x104399fe	_tolower	-		layer 3
function	0x10439ac9	_iswctype	-		layer 2
function	0x10439dc0	FUN_10439dc0	-		layer 0
function	0x10439dd0	_strcat	-		layer 0
function	0x10439f2d	___crtLCMapStringA	-		layer 1
function	0x1043a151	_strncnt	-		layer 0
function	0x1043a782	__FF_MSGBANNER	-		layer 2
function	0x1043a7bb	__NMSG_WRITE	-		layer 1
function	0x1043ab2b	__ZeroTail	-		layer 0
function	0x1043ab74	__IncMan	-		layer 0
function	0x1043abca	__RoundMan	-		layer 1
function	0x1043ac56	__CopyMan	-		layer 0
function	0x1043ac71	__FillZeroMan	-		layer 0
function	0x1043ac7d	__IsZeroMan	-		layer 0
function	0x1043ac98	__ShrMan	-		layer 0
function	0x1043ad25	__ld12cvt	-		layer 2
function	0x1043ae91	FUN_1043ae91	-		layer 3
function	0x1043b150	__fptrap	-		layer 4
function	0x1043b1bd	___strgtold12	-		layer 3
function	0x1043b6ca	___crtGetStringTypeA	-		layer 1
function	0x1043b813	__lseek	-		layer 1
function	0x1043b8ad	__write	-		layer 2
function	0x1043ba5a	__getbuf	-		layer 5
function	0x1043ba9e	__isatty	-		layer 0
function	0x1043bac4	_wctomb	-		layer 0
function	0x1043bb30	__aulldiv	-		layer 0
function	0x1043bba0	__aullrem	-		layer 0
function	0x1043bc15	__87except	-		layer 3
function	0x1043c2f6	FUN_1043c2f6	-		layer 0
function	0x1043c2f9	_mbtowc	-		layer 0
function	0x1043c3d0	__allshl	-		layer 0
function	0x1043c3ef	__filbuf	-		layer 6
function	0x1043c4c8	FID_conflict:_ungetc	-		layer 6
function	0x1043c536	___crtGetStringTypeW	-		layer 1
function	0x1043cb98	___crtMessageBoxA	-		layer 0
function	0x1043cda5	___addl	-		layer 0
function	0x1043cdc6	___add_12	-		layer 1
function	0x1043ce24	___shl_12	-		layer 0
function	0x1043ce52	___shr_12	-		layer 0
function	0x1043ce7f	___mtold12	-		layer 2
function	0x1043d2e5	___ld12mul	-		layer 1
function	0x1043d505	___multtenpow12	-		layer 2
function	0x1043d581	__dosmaperr	-		layer 0
function	0x1043d76e	__get_osfhandle	-		layer 0
function	0x1043dadb	__read	-		layer 2
function	0x1043e327	__strdup	-		layer 5
function	0x1043e780	__strcmpi	-		layer 4
