# Story 5 step 4 move manifest; identity columns re-derived by `kernel_migration --check step4` from the accepted step-3 tree. Draft dispositions are reviewed per packet.
member	kind	declared_in	defined_in	users_owner	retail_owner	final_owner	disposition	packet	note
AbsVelocityUnits	method	ElysiumNpcKernelBosses.inl	ElysiumNpcKernelBosses.cpp	FElysiumNpcManBat	CNPC_VManBat	FElysiumNpcManBat	move	4g	-
Activate	method	ElysiumNpc.h	ElysiumNpc.cpp	-	(base code),CNPC_VAndreiBlood,CNPC_VWerewolf	FElysiumNpc	stay:virtual surface	-	species override it
ActiveRunnerCount	field	ElysiumNpcKernelSpecies.inl	-	-	-	FElysiumNpc	deferred:8	-	CNPCMaker_Fleshpile MakeNPC/DeathNotice read the Andrei word
ActiveWeaponCapabilityWord	method	ElysiumNpcKernelMotor.inl	ElysiumNpcKernelMotor.cpp	-	(base code)	FElysiumNpc	stay:troika body	-	retail (base code)
ActiveWeaponDrawFlags	method	ElysiumNpcKernelAnim10.inl	ElysiumNpcKernelAnim10.cpp	FElysiumNpcHuman	CNPC_VHuman	FElysiumNpcHuman	move	4f	-
ActiveWeaponEntity	method	ElysiumNpcKernelDebug.inl	ElysiumNpcKernelDebug.cpp	-	(base code)	FElysiumNpc	stay:troika body	-	retail (base code)
ActivityNumber	field	ElysiumNpcKernelPositions.inl	-	-	-	FElysiumNpc	stay:troika api	-	used by moving species bodies
AddBlacklistedEntity	method	ElysiumNpcKernelBosses.inl	ElysiumNpcKernelBosses.cpp	FElysiumNpcHengeyokai	CNPC_VHengeyokai	FElysiumNpcHengeyokai	move	4g	-
AddExtraAnimationModels	method	ElysiumNpcKernelSlots.inl	-	-	CNPC_VPlayerController	FElysiumNpc	deferred:7	-	CNPC_VPlayerController body
AddExtraAnimationModelsPlayerController	method	ElysiumNpcKernelAnim.inl	ElysiumNpcKernelAnim.cpp	-	CNPC_VPlayerController	FElysiumNpc	deferred:7	-	CNPC_VPlayerController body
AddHintToStoredJumpPositions	method	ElysiumNpcKernelHints.inl	ElysiumNpcKernelHints.cpp,ElysiumNpcKernelMotor.cpp	FElysiumNpcAsianVampire	CNPC_VAsianVampire	FElysiumNpcAsianVampire	move	4g	-
AlertLevel	field	ElysiumNpc.h	-	-	(base code)	FElysiumNpc	stay:troika body	-	retail (base code)
AlertSound	method	ElysiumNpcKernelSlots.inl	ElysiumNpcKernelSounds10.cpp	-	(base code),CNPC_VCamera	FElysiumNpc	stay:virtual surface	-	species override it
AlternateAi	field	ElysiumNpc.h	-	-	-	FElysiumNpc	stay:troika api	-	used by moving species bodies
AndreiBloodEmitter	field	ElysiumNpcKernelDamage.inl	-	FElysiumNpcAndreiBlood	-	FElysiumNpcAndreiBlood	move	4g	-
AndreiBloodNPCInit	method	ElysiumNpcKernelLifecycle19.inl	ElysiumNpcKernelLifecycle19_2.cpp	FElysiumNpcAndreiBlood	-	FElysiumNpcAndreiBlood	collapse:NPCInit	4g	-
AndreiBloodPrecache	method	ElysiumNpcKernelPrecache10.inl	ElysiumNpcKernelPrecache10.cpp	FElysiumNpcAndreiBlood	CNPC_VAndreiBlood	FElysiumNpcAndreiBlood	collapse:Precache	4g	-
AndreiBloodRestore	method	ElysiumNpcKernelSpeciesLifecycle10.inl	ElysiumNpcKernelSpeciesLifecycle10.cpp	FElysiumNpcAndreiBlood	CNPC_VAndreiBlood	FElysiumNpcAndreiBlood	collapse:Restore	4g	-
AndreiBloodSelectGate	method	ElysiumNpcKernelSchedule.inl	ElysiumNpcKernelSchedule.cpp	FElysiumNpcAndreiBlood	-	FElysiumNpcAndreiBlood	move	4g	-
AndreiBloodSelectIdealStateRetail	method	ElysiumNpcKernelState19.inl	ElysiumNpcKernelState19.cpp	FElysiumNpcAndreiBlood	-	FElysiumNpcAndreiBlood	collapse:SelectIdealStateRetail	4g	-
AndreiBloodSelectSchedule	method	ElysiumNpcKernelSchedule.inl	ElysiumNpcKernelSchedule.cpp	FElysiumNpcAndreiBlood	CNPC_VAndreiBlood	FElysiumNpcAndreiBlood	collapse:SpeciesSelectSchedule	4g	-
AndreiHitMax	field	ElysiumNpcKernelSpecies.inl	-	FElysiumNpcAndreiBlood	-	FElysiumNpcAndreiBlood	move	4g	-
AndreiKillCount	field	ElysiumNpcKernelSpecies.inl	-	-	-	FElysiumNpc	deferred:8	-	CNPCMaker_Fleshpile DeathNotice 0x1034c8e0 writes the Andrei word
AndreiLastTeleportPosition	field	ElysiumNpcKernelPositions.inl	-	FElysiumNpcAndreiBlood	-	FElysiumNpcAndreiBlood	move	4g	-
AndreiSummonEmitter	field	ElysiumNpcKernelDamage.inl	-	FElysiumNpcAndreiBlood	-	FElysiumNpcAndreiBlood	move	4g	-
AnimFormBit	method	ElysiumNpcKernelAnim10.inl	ElysiumNpcKernelAnim10.cpp	-	CNPC_VHengeyokai	FElysiumNpc	stay:virtual surface	-	species override it
AnimalSelectIdealState	method	ElysiumNpcKernelState19.inl	ElysiumNpcKernelState19_2.cpp	-	-	FElysiumNpc	stay:troika api	-	used by moving species bodies
AoeImpactSounds	field	ElysiumNpcKernelDamage.inl	-	FElysiumNpcVampireBoss	-	FElysiumNpcVampireBoss	move	4g	-
AoeTraceAttackResultCode	method	ElysiumNpcKernelDamage.inl	ElysiumNpcKernelDamage.cpp	FElysiumNpcVampireBoss	-	FElysiumNpcVampireBoss	move	4g	-
ApplyFakeHullPush	method	ElysiumNpcKernelGeometry.inl	ElysiumNpcKernelGeometry.cpp	FElysiumNpcWerewolf	-	FElysiumNpcWerewolf	move	4e	-
ApplyStateWeaponVisibility	method	ElysiumNpc.h	ElysiumNpc.cpp	FElysiumNpcHuman	CNPC_VHumanCombatant	FElysiumNpcHuman	move	4f	-
ApplyThrowImpulse	method	ElysiumNpcKernelBosses.inl	ElysiumNpcKernelBosses.cpp	-	-	FElysiumNpc	stay:troika api	-	used by moving species bodies
ArmIgnoreCollisionExpiry	method	ElysiumNpcKernelBosses.inl	ElysiumNpcKernelBosses.cpp	-	(base code)	FElysiumNpc	stay:troika body	-	retail (base code)
ArmThinkAt	method	ElysiumNpc.h	ElysiumNpc.cpp	-	-	FElysiumNpc	stay:troika api	-	used by moving species bodies
AsNpc	method	ElysiumNpc.h	-	-	-	FElysiumNpc	stay:virtual surface	-	species override it
AsianVampireJumpGravity	field	ElysiumNpcKernelLifecycle19.inl	-	FElysiumNpcAsianVampire	-	FElysiumNpcAsianVampire	move	4g	-
AsianVampireNPCInit	method	ElysiumNpcKernelLifecycle19.inl	ElysiumNpcKernelLifecycle19_2.cpp	FElysiumNpcAsianVampire	-	FElysiumNpcAsianVampire	collapse:NPCInit	4g	-
AsianVampirePrecache	method	ElysiumNpcKernelPrecache10.inl	ElysiumNpcKernelPrecache10.cpp	FElysiumNpcAsianVampire	CNPC_VAsianVampire	FElysiumNpcAsianVampire	collapse:Precache	4g	-
AsianVampireSelectScheduleRangedCombat	method	ElysiumNpcKernelCombat10.inl	ElysiumNpcKernelCombat10_2.cpp	FElysiumNpcAsianVampire	CNPC_VAsianVampire	FElysiumNpcAsianVampire	collapse:SelectScheduleRangedCombat	4g	-
AsianVampireSetupJump	method	ElysiumNpcKernelMotor.inl	ElysiumNpcKernelMotor2.cpp	FElysiumNpcAsianVampire	CNPC_VAsianVampire	FElysiumNpcAsianVampire	move	4g	-
AsianVampireTaskFail	method	ElysiumNpcKernelConditions10.inl	ElysiumNpcKernelConditions10.cpp	FElysiumNpcAsianVampire	CNPC_VAsianVampire	FElysiumNpcAsianVampire	collapse:TaskFail	4g	-
AsianVampireTranslateSchedule	method	ElysiumNpcKernelTranslate19.inl	ElysiumNpcKernelTranslate19.cpp	FElysiumNpcAsianVampire	CNPC_VAsianVampire	FElysiumNpcAsianVampire	collapse:TranslateScheduleRetail	4g	-
AtCrosswalkNode	field	ElysiumNpcKernelTroikaHelpers.inl	-	-	-	FElysiumNpc	stay:troika api	-	used by moving species bodies
AttachPickupAnimlink	method	ElysiumNpcKernelBosses.inl	ElysiumNpcKernelBosses.cpp	FElysiumNpcHengeyokai	CNPC_VHengeyokai,CNPC_VManBat	FElysiumNpcHengeyokai	move	4g	-
AttachPickupAnimlinkFor	method	ElysiumNpcKernelBosses.inl	ElysiumNpcKernelBosses.cpp	FElysiumNpcHengeyokai	CNPC_VHengeyokai	FElysiumNpcHengeyokai	move	4g	-
AttackIdleLongerThan	method	ElysiumNpcKernelSpeciesMisc10.inl	ElysiumNpcKernelSpeciesMisc10_2.cpp	FElysiumNpcVampireBoss	CNPC_VVampireBoss	FElysiumNpcVampireBoss	move	4g	-
AuthoredHearing	field	ElysiumNpc.h	-	-	-	FElysiumNpc	stay:troika api	-	used by moving species bodies
AuthoredVision	field	ElysiumNpc.h	-	-	-	FElysiumNpc	stay:troika api	-	used by moving species bodies
BachClearWord	field	ElysiumNpcKernelAnim10.inl	-	FElysiumNpcBach	-	FElysiumNpcBach	move	4g	-
BachFailStamp	field	ElysiumNpcKernelAnim10.inl	-	FElysiumNpcBach	-	FElysiumNpcBach	move	4g	-
BachGatherAttackConditions	method	ElysiumNpcKernelSpeciesMisc10.inl	ElysiumNpcKernelSpeciesMisc10_2.cpp	FElysiumNpcBach	CNPC_VBach	FElysiumNpcBach	collapse:GatherAttackConditions	4g	-
BachLastGrenadeTime	field	ElysiumNpcKernelDamage.inl	-	FElysiumNpcBach	-	FElysiumNpcBach	move	4g	-
BachNPCInit	method	ElysiumNpcKernelLifecycle19.inl	ElysiumNpcKernelLifecycle19_2.cpp	FElysiumNpcBach	-	FElysiumNpcBach	collapse:NPCInit	4g	-
BachNextHolyLightTime	field	ElysiumNpcKernelSpeciesMisc10.inl	-	FElysiumNpcBach	-	FElysiumNpcBach	move	4g	-
BachNextShieldTime	field	ElysiumNpcKernelSpeciesMisc10.inl	-	FElysiumNpcBach	-	FElysiumNpcBach	move	4g	-
BachNextWeaponSwitchTime	field	ElysiumNpcKernelSpeciesMisc10.inl	-	FElysiumNpcBach	-	FElysiumNpcBach	move	4g	-
BachOnStateChange	method	ElysiumNpcKernelState19.inl	ElysiumNpcKernelState19.cpp	FElysiumNpcBach	-	FElysiumNpcBach	collapse:OnStateChange	4g	-
BachPrecache	method	ElysiumNpcKernelPrecache10.inl	ElysiumNpcKernelPrecache10.cpp	FElysiumNpcBach	CNPC_VBach	FElysiumNpcBach	collapse:Precache	4g	-
BachRangeAttack1Conditions	method	ElysiumNpcKernelMisc.inl	ElysiumNpcKernelMisc.cpp	FElysiumNpcBach	CNPC_VBach	FElysiumNpcBach	move	4g	-
BachRangeAttack2Conditions	method	ElysiumNpcKernelMisc.inl	ElysiumNpcKernelMisc.cpp	FElysiumNpcBach	CNPC_VBach	FElysiumNpcBach	move	4g	-
BachRepositionTimer	field	ElysiumNpcKernelCombat10.inl	-	FElysiumNpcBach	-	FElysiumNpcBach	move	4g	-
BachSelectScheduleRangedCombat	method	ElysiumNpcKernelCombat10.inl	ElysiumNpcKernelCombat10_2.cpp	FElysiumNpcBach	CNPC_VBach	FElysiumNpcBach	collapse:SelectScheduleRangedCombat	4g	-
BachShieldTime	field	ElysiumNpcKernelSpeciesMisc10.inl	-	FElysiumNpcBach	-	FElysiumNpcBach	move	4g	-
BachTeleportDistanceUnits	field	ElysiumNpcKernelSpeciesMisc10.inl	-	FElysiumNpcBach	-	FElysiumNpcBach	move	4g	-
BachTeleportState	field	ElysiumNpcKernelSpeciesMisc10.inl	-	FElysiumNpcBach	-	FElysiumNpcBach	move	4g	-
BachTranslateSchedule	method	ElysiumNpcKernelTranslate19.inl	ElysiumNpcKernelTranslate19.cpp	FElysiumNpcBach	CNPC_VBach	FElysiumNpcBach	collapse:TranslateScheduleRetail	4g	-
BaseDrawDebugStatOverlays	method	ElysiumNpcKernelDebug.inl	ElysiumNpcKernelDebug.cpp	-	(base code)	FElysiumNpc	stay:troika body	-	retail (base code)
BaseEntityStartTouch	method	ElysiumNpcKernelSpeciesLifecycle10.inl	ElysiumNpcKernelSpeciesLifecycle10.cpp	-	(base code)	FElysiumNpc	stay:troika body	-	retail (base code)
BaseEntityTouch	method	ElysiumNpcKernelSpeciesLifecycle10.inl	ElysiumNpcKernelSpeciesLifecycle10.cpp	-	(base code)	FElysiumNpc	stay:troika body	-	retail (base code)
BaseInitAnimatingResets	field	ElysiumNpcKernelLifecycle19.inl	-	-	-	FElysiumNpc	stay:troika api	-	used by moving species bodies
BaseInitTailCalls	field	ElysiumNpcKernelLifecycle19.inl	-	-	-	FElysiumNpc	stay:troika api	-	used by moving species bodies
BaseShouldPlayFloatSound	method	ElysiumNpcKernelSounds.inl	ElysiumNpcKernelSounds.cpp	-	(base code)	FElysiumNpc	stay:troika body	-	retail (base code)
BeginHeightenedAlert	method	ElysiumNpcKernelEntityChain.inl	ElysiumNpcKernelEntityChain.cpp	FElysiumNpcCop	(base code)	FElysiumNpc	stay:troika body	-	retail (base code)
BeginSlowEntity	method	ElysiumNpcKernelSpeciesMisc10.inl	ElysiumNpcKernelSpeciesMisc10.cpp	-	CNPC_VManBat	FElysiumNpc	stay:shared helper	-	cross-branch callers; a sibling cannot call a species member
BestEnemy	method	ElysiumNpcKernelSlots.inl	ElysiumNpcKernelSenses10.cpp	-	(base code),CNPC_VFrenzyShadow	FElysiumNpc	stay:virtual surface	-	species override it
BlacklistPickupTarget	method	ElysiumNpcKernelConditions10.inl	ElysiumNpcKernelConditions10.cpp	-	CNPC_VHengeyokai	FElysiumNpc	stay:shared helper	-	cross-branch callers; a sibling cannot call a species member
BlacklistTestAndExpire	method	ElysiumNpcKernelBosses.inl	ElysiumNpcKernelBosses.cpp	FElysiumNpcHengeyokai	CNPC_VHengeyokai	FElysiumNpcHengeyokai	move	4g	-
BlockedByFriend	method	ElysiumNpcKernelMotor.inl	ElysiumNpcKernelMotor.cpp	FElysiumNpcMingXiao	CNPC_VMingXiao	FElysiumNpcMingXiao	move	4e	-
BodyDirection3D	method	ElysiumNpcKernelSlots.inl	-	-	-	FElysiumNpc	stay:virtual surface	-	species override it
BodyEmitterAttachments	field	ElysiumNpcKernelSpeciesMisc10.inl	-	FElysiumNpcVampireBoss	-	FElysiumNpcVampireBoss	move	4g	-
BodyEmitterNames	field	ElysiumNpcKernelDamage.inl	-	FElysiumNpcVampireBoss	-	FElysiumNpcVampireBoss	move	4g	-
BodyGroup	method	ElysiumNpcKernelAnim.inl	ElysiumNpcKernelAnim.cpp	FElysiumNpcMingXiao	CNPC_VMingXiao	FElysiumNpcMingXiao	move	4e	-
BodyGroupCvarIsCommand	method	ElysiumNpcKernelAnim.inl	ElysiumNpcKernelAnim.cpp	FElysiumNpcMingXiao	CNPC_VMingXiao	FElysiumNpcMingXiao	move	4e	-
BodyGroupCvarValue	method	ElysiumNpcKernelAnim.inl	ElysiumNpcKernelAnim.cpp	FElysiumNpcMingXiao	-	FElysiumNpcMingXiao	move	4e	-
BoneWorldPosition	method	ElysiumNpcKernelGeometry.inl	ElysiumNpcKernelGeometry.cpp	-	-	FElysiumNpc	stay:troika api	-	used by moving species bodies
BossBlacklist	field	ElysiumNpcKernelSpecies.inl	-	FElysiumNpcBaseBoss	-	FElysiumNpcBaseBoss	move	4e	-
BossBlacklistHolds	method	ElysiumNpcKernelBosses.inl	ElysiumNpcKernelBosses.cpp	FElysiumNpcBaseBoss	CNPC_VBaseBoss	FElysiumNpcBaseBoss	move	4e	-
BossDrawDebugStatOverlays	method	ElysiumNpcKernelDebug.inl	ElysiumNpcKernelDebug.cpp	FElysiumNpcBaseBoss	CNPC_VBaseBoss	FElysiumNpcBaseBoss	move	4e	-
BossHealthPercentRecord	field	ElysiumNpcKernelSpeciesMisc10.inl	-	FElysiumNpcVampireBoss	-	FElysiumNpcVampireBoss	move	4g	-
BoxesOverlap	method	ElysiumNpcKernelGeometry.inl	ElysiumNpcKernelGeometry.cpp	FElysiumNpcWerewolf	CNPC_VWerewolf	FElysiumNpcWerewolf	move	4e	-
BuildScheduleTestBits	method	ElysiumNpc.h	ElysiumNpc.cpp	-	CNPC_VGuard1	FElysiumNpc	stay:virtual surface	-	species override it
BurnHitboxCalls	field	ElysiumNpcKernelSpeciesMisc10.inl	-	FElysiumNpcGhoulCroucher	-	FElysiumNpcGhoulCroucher	move	4f	-
BurnPlayer	method	ElysiumNpcKernelSpeciesMisc10.inl	ElysiumNpcKernelSpeciesMisc10.cpp	FElysiumNpcGhoulCroucher	CNPC_VGhoulCroucher	FElysiumNpcGhoulCroucher	move	4f	-
BurningParticle	field	ElysiumNpcKernelLifecycle.inl	-	FElysiumNpcGhoulCroucher	-	FElysiumNpcGhoulCroucher	move	4f	-
BypassesKnockbackEligibility	method	ElysiumNpc.h	ElysiumNpc.cpp	-	CNPC_VTzimisceRunner	FElysiumNpc	stay:virtual surface	-	species override it
CNPC_VAndreiBlood_vfunc461	method	ElysiumNpcKernelDamage.inl	ElysiumNpcKernelDamage.cpp	FElysiumNpcAndreiBlood	CNPC_VAndreiBlood	FElysiumNpcAndreiBlood	move	4g	-
CacheFloorHeights	method	ElysiumNpcKernelPositions.inl	ElysiumNpcKernelPositions.cpp	FElysiumNpcSheriffMan	CNPC_VSheriffMan	FElysiumNpcSheriffMan	move	4g	-
CachedNearestNodeZone	method	ElysiumNpcKernelSenses10.inl	ElysiumNpcKernelSenses10_2.cpp	FElysiumNpcWerewolf	CNPC_VWerewolf	FElysiumNpcWerewolf	move	4e	-
CallFormBit	method	ElysiumNpcKernelBosses.inl	ElysiumNpcKernelBosses.cpp	-	CNPC_VHengeyokai	FElysiumNpc	stay:shared helper	-	cross-branch callers; a sibling cannot call a species member
CameraEnemyStoreInterval	field	ElysiumNpcKernelLifecycle19.inl	-	FElysiumNpcCamera	-	FElysiumNpcCamera	move	4d	-
CameraEngineQueries	field	ElysiumNpcKernelLifecycle19.inl	-	FElysiumNpcCamera	-	FElysiumNpcCamera	move	4d	-
CameraHandleAnimEvent	method	ElysiumNpcKernelAnim.inl	ElysiumNpcKernelAnim.cpp	FElysiumNpcCamera	CNPC_VCamera	FElysiumNpcCamera	collapse:HandleAnimEvent	4d	-
CameraInitSquad	method	ElysiumNpcKernelSquad.inl	ElysiumNpcKernelSquad.cpp	FElysiumNpcCamera	CNPC_VCamera	FElysiumNpcCamera	collapse:InitSquad	4d	-
CameraNPCInit	method	ElysiumNpcKernelLifecycle19.inl	ElysiumNpcKernelLifecycle19_2.cpp	FElysiumNpcCamera	CNPC_VCamera	FElysiumNpcCamera	collapse:NPCInit	4d	-
CameraOccludedDelayCover	field	ElysiumNpcKernelLifecycle19.inl	-	FElysiumNpcCamera	-	FElysiumNpcCamera	move	4d	-
CameraOccludedDelayNormal	field	ElysiumNpcKernelLifecycle19.inl	-	FElysiumNpcCamera	-	FElysiumNpcCamera	move	4d	-
CameraPreSelectIdealState	method	ElysiumNpcKernelState19.inl	ElysiumNpcKernelState19.cpp	FElysiumNpcCamera	CNPC_VCamera	FElysiumNpcCamera	collapse:PreSelectIdealStateRetail	4d	-
CameraPreSelectSchedule	method	ElysiumNpcKernelSchedule.inl	ElysiumNpcKernelSchedule.cpp	FElysiumNpcCamera	CNPC_VCamera	FElysiumNpcCamera	collapse:PreSelectSchedule	4d	-
CameraPrecache	method	ElysiumNpcKernelPrecache10.inl	ElysiumNpcKernelPrecache10.cpp	FElysiumNpcCamera	CNPC_VCamera	FElysiumNpcCamera	collapse:Precache	4d	-
CameraPrecacheModel	method	ElysiumNpcKernelLifecycle.inl	ElysiumNpcKernelLifecycle.cpp	FElysiumNpcCamera	CNPC_VCamera	FElysiumNpcCamera	move	4d	-
CameraSecurityFInViewCone	method	ElysiumNpcKernelSenses10.inl	ElysiumNpcKernelSenses10_2.cpp	FElysiumNpcCameraSecurity	CNPC_VCameraSecurity	FElysiumNpcCameraSecurity	move	4d	-
CameraSecurityFVisible	method	ElysiumNpcKernelSenses10.inl	ElysiumNpcKernelSenses10_2.cpp	FElysiumNpcCameraSecurity	CNPC_VCameraSecurity	FElysiumNpcCameraSecurity	collapse:FVisible	4d	-
CameraSecurityQuerySeeEntity	method	ElysiumNpcKernelSenses.inl	ElysiumNpcKernelSenses.cpp	FElysiumNpcCameraSecurity	CNPC_VCameraSecurity	FElysiumNpcCameraSecurity	collapse:QuerySeeEntity	4d	-
CameraSelectSchedule	method	ElysiumNpcKernelSchedule.inl	ElysiumNpcKernelSchedule.cpp	FElysiumNpcCamera	CNPC_VCamera	FElysiumNpcCamera	collapse:SpeciesSelectSchedule	4d	-
CameraSelfRemovals	field	ElysiumNpcKernelLifecycle19.inl	-	FElysiumNpcCamera	-	FElysiumNpcCamera	move	4d	-
CameraStartNPC	method	ElysiumNpcKernelLifecycle19.inl	ElysiumNpcKernelLifecycle19.cpp	FElysiumNpcCamera	CNPC_VCamera	FElysiumNpcCamera	collapse:StartNPC	4d	-
CanBeSetOnFire	method	ElysiumNpcKernelSlots.inl	ElysiumNpcKernelDamage.cpp	-	(base code)	FElysiumNpc	stay:virtual surface	-	species override it
CanBeSetOnFireSpeciesOf	method	ElysiumNpcKernelDamage.inl	ElysiumNpcKernelDamage.cpp	-	-	-	collapse:table	4c	class table: rows become override bodies
CanBeSetOnFireSpeciesRows	method	ElysiumNpcKernelDamage.inl	ElysiumNpcKernelDamage.cpp	-	(base code)	-	collapse:table	4c	class table: rows become override bodies
CanPlaySequence	method	ElysiumNpcKernelSlots.inl	ElysiumNpcKernelAnim.cpp	-	(base code),CNPC_VAnimal	FElysiumNpc	stay:virtual surface	-	species override it
CanPlaySequenceSpecies	method	ElysiumNpcKernelBosses.inl	ElysiumNpcKernelBosses.cpp	-	(base code),CNPC_VHuman,CNPC_VMingXiao	FElysiumNpc	stay:shared helper	-	cross-branch callers; a sibling cannot call a species member
CanPlaySequenceStateArm	method	ElysiumNpcKernelBosses.inl	ElysiumNpcKernelBosses.cpp	-	CNPC_VHuman	FElysiumNpc	stay:shared helper	-	cross-branch callers; a sibling cannot call a species member
CanSeekCover	method	ElysiumNpcKernelSlots.inl	ElysiumNpcKernelMisc.cpp	-	(base code)	FElysiumNpc	stay:virtual surface	-	species override it
CanSeekCoverTimer	field	ElysiumNpc.h	-	-	-	FElysiumNpc	stay:troika api	-	used by moving species bodies
CanStandOn	method	ElysiumNpcKernelSlots.inl	ElysiumNpcKernelEntityChain.cpp,ElysiumNpcKernelMotor.cpp	-	(base code)	FElysiumNpc	stay:virtual surface	-	species override it
CanTalk	method	ElysiumNpcKernelSlots.inl	ElysiumNpcKernelSocial10.cpp	-	(base code)	FElysiumNpc	stay:virtual surface	-	species override it
CandidateIsStandable	method	ElysiumNpcKernelDamage.inl	ElysiumNpcKernelDamage.cpp	FElysiumNpcMingXiao	(base code)	FElysiumNpc	stay:troika body	-	retail (base code)
CapabilitiesGet	method	ElysiumNpcKernelSlots.inl	ElysiumNpcKernelMisc.cpp	-	(base code)	FElysiumNpc	stay:virtual surface	-	species override it
CapabilityNoFloorDrop	field	ElysiumNpcKernelLifecycle19.inl	-	-	-	FElysiumNpc	stay:troika api	-	used by moving species bodies
CapabilityWord	field	ElysiumNpc.h	-	-	(base code)	FElysiumNpc	stay:troika body	-	retail (base code)
CategorizeHeight	method	ElysiumNpcKernelPositions.inl	ElysiumNpcKernelPositions.cpp	FElysiumNpcSheriffMan	CNPC_VSheriffMan	FElysiumNpcSheriffMan	move	4g	-
CategorizeHeights	method	ElysiumNpcKernelPositions.inl	ElysiumNpcKernelPositions.cpp	FElysiumNpcSheriffMan	CNPC_VSheriffMan	FElysiumNpcSheriffMan	move	4g	-
CausePlayerAOEDamage	method	ElysiumNpcKernelDamage.inl	ElysiumNpcKernelDamage2.cpp	FElysiumNpcVampireBoss	CNPC_VVampireBoss	FElysiumNpcVampireBoss	move	4g	-
ChainPlayer	method	ElysiumNpcKernelEntityChain.inl	ElysiumNpcKernelEntityChain.cpp	-	-	FElysiumNpc	stay:troika api	-	used by moving species bodies
ChangArenaCenter	field	ElysiumNpcKernelPositions.inl	-	FElysiumNpcChangBros	-	FElysiumNpcChangBros	move	4g	-
ChangBrosBladeNPCInit	method	ElysiumNpcKernelLifecycle19.inl	ElysiumNpcKernelLifecycle19_2.cpp	FElysiumNpcChangBrosBlade	-	FElysiumNpcChangBrosBlade	collapse:NPCInit	4g	-
ChangBrosClawNPCInit	method	ElysiumNpcKernelLifecycle19.inl	ElysiumNpcKernelLifecycle19_2.cpp	FElysiumNpcChangBrosClaw	-	FElysiumNpcChangBrosClaw	collapse:NPCInit	4g	-
ChangBrosJumpGravity	field	ElysiumNpcKernelSpeciesLifecycle10.inl	-	FElysiumNpcChangBros	-	FElysiumNpcChangBros	move	4g	-
ChangBrosNPCInit	method	ElysiumNpcKernelLifecycle19.inl	ElysiumNpcKernelLifecycle19_2.cpp	FElysiumNpcChangBros	-	FElysiumNpcChangBros	move	4g	-
ChangBrosPrecache	method	ElysiumNpcKernelPrecache10.inl	ElysiumNpcKernelPrecache10.cpp	FElysiumNpcChangBros	CNPC_VChangBros	FElysiumNpcChangBros	collapse:Precache	4g	-
ChangBrosRestore	method	ElysiumNpcKernelSpeciesLifecycle10.inl	ElysiumNpcKernelSpeciesLifecycle10.cpp	FElysiumNpcChangBros	CNPC_VChangBros	FElysiumNpcChangBros	collapse:Restore	4g	-
ChangBrosSector	method	ElysiumNpcKernelMotor.inl	ElysiumNpcKernelMotor.cpp	FElysiumNpcChangBros	-	FElysiumNpcChangBros	move	4g	-
ChangBrosSelectLedgeNode	method	ElysiumNpcKernelSpeciesMisc10.inl	ElysiumNpcKernelSpeciesMisc10.cpp	FElysiumNpcChangBros	CNPC_VChangBros	FElysiumNpcChangBros	move	4g	-
ChangBrosSelectLedgeNodeRule	method	ElysiumNpcKernelSpeciesMisc10.inl	ElysiumNpcKernelSpeciesMisc10.cpp	FElysiumNpcChangBros	-	FElysiumNpcChangBros	move	4g	-
ChangBrosTaskFail	method	ElysiumNpcKernelConditions10.inl	ElysiumNpcKernelConditions10.cpp	FElysiumNpcChangBros	CNPC_VChangBros	FElysiumNpcChangBros	collapse:TaskFail	4g	-
ChangBrosTranslateSchedule	method	ElysiumNpcKernelTranslate19.inl	ElysiumNpcKernelTranslate19.cpp	FElysiumNpcChangBros	CNPC_VChangBros	FElysiumNpcChangBros	collapse:TranslateScheduleRetail	4g	-
ChangCenterEmitter	field	ElysiumNpcKernelDamage.inl	-	FElysiumNpcChangBros	-	FElysiumNpcChangBros	move	4g	-
ChangLastTeleportPosition	field	ElysiumNpcKernelPositions.inl	-	FElysiumNpcChangBros	-	FElysiumNpcChangBros	move	4g	-
ChangLastTeleportTime	field	ElysiumNpcKernelPositions.inl	-	FElysiumNpcChangBros	-	FElysiumNpcChangBros	move	4g	-
ChangLastUnitedAttackTime	field	ElysiumNpcKernelSpeciesMisc10.inl	-	FElysiumNpcChangBros	-	FElysiumNpcChangBros	move	4g	-
ChangPowerupEmitterName	method	ElysiumNpcKernelSpeciesLifecycle10.inl	ElysiumNpcKernelSpeciesLifecycle10.cpp	FElysiumNpcChangBros	-	FElysiumNpcChangBros	move	4g	-
ChangSpineEmitterName	method	ElysiumNpcKernelSpeciesLifecycle10.inl	ElysiumNpcKernelSpeciesLifecycle10.cpp	FElysiumNpcChangBros	-	FElysiumNpcChangBros	move	4g	-
ChangType	field	ElysiumNpcKernelSquad.inl	-	FElysiumNpcChangBros	-	FElysiumNpcChangBros	move	4g	-
ChaseLeadPosition	method	ElysiumNpcKernelPositions.inl	ElysiumNpcKernelPositions2.cpp	-	-	FElysiumNpc	stay:troika api	-	used by moving species bodies
ChaseLeadTolerance	method	ElysiumNpcKernelPositions.inl	ElysiumNpcKernelPositions2.cpp	-	-	FElysiumNpc	stay:troika api	-	used by moving species bodies
CheckForJumpAttack	method	ElysiumNpcKernelMotor.inl	ElysiumNpcKernelMotor2.cpp	FElysiumNpcChangBros	CNPC_VChangBros	FElysiumNpcChangBros	move	4g	-
CheckForJumpCondition	method	ElysiumNpcKernelSpeciesMisc10.inl	ElysiumNpcKernelSpeciesMisc10_2.cpp	FElysiumNpcSabbatLeader	CNPC_VSabbatLeader	FElysiumNpcSabbatLeader	move	4g	-
CheckForTeleport	method	ElysiumNpcKernelSpeciesMisc10.inl	ElysiumNpcKernelSpeciesMisc10.cpp	FElysiumNpcChangBros	CNPC_VChangBros	FElysiumNpcChangBros	move	4g	-
CheckForUnited	method	ElysiumNpcKernelSpeciesMisc10.inl	ElysiumNpcKernelSpeciesMisc10.cpp	FElysiumNpcChangBros	CNPC_VChangBros	FElysiumNpcChangBros	move	4g	-
CheckJumpPathToHintNode	method	ElysiumNpcKernelHints.inl	ElysiumNpcKernelHints.cpp	FElysiumNpcChangBros	CNPC_VChangBros	FElysiumNpcChangBros	move	4g	-
CheckStuck	method	ElysiumNpcKernelMotor.inl	ElysiumNpcKernelMotor2.cpp	FElysiumNpcWerewolf	CNPC_VSabbatLeader	FElysiumNpcWerewolf	move	4e	-
ChooseMeleeAttackSequenceSeam	method	ElysiumNpcKernelBosses.inl	ElysiumNpcKernelBosses2.cpp	FElysiumNpcMingXiao	CNPC_VMingXiao	FElysiumNpcMingXiao	move	4e	-
ClassScheduleIdSpace	method	ElysiumNpcKernelSchedule.inl	ElysiumNpcKernelSchedule.cpp	-	-	FElysiumNpc	stay:troika api	-	used by moving species bodies
ClearBodyEmitterNames	method	ElysiumNpcKernelDamage.inl	ElysiumNpcKernelDamage2.cpp	FElysiumNpcVampireBoss	CNPC_VVampireBoss	FElysiumNpcVampireBoss	move	4g	-
ClearFollowerBossName	method	ElysiumNpcKernelLifecycle19.inl	ElysiumNpcKernelLifecycle19.cpp	FElysiumNpcPedestrian	(base code)	FElysiumNpc	stay:troika body	-	retail (base code)
ClearHasPlayedFlyBySound	method	ElysiumNpcKernelSounds.inl	ElysiumNpcKernelSounds.cpp	FElysiumNpcManBat	CNPC_VManBat	FElysiumNpcManBat	move	4g	-
ClearLinkActivity	method	ElysiumNpcKernelMotor.inl	ElysiumNpcKernelMotor.cpp	FElysiumNpcHengeyokai	CNPC_VHengeyokai	FElysiumNpcHengeyokai	move	4g	-
ClearMoveHint	method	ElysiumNpcKernelHints.inl	ElysiumNpcKernelHints.cpp	FElysiumNpcWerewolf	CNPC_VWerewolf	FElysiumNpcWerewolf	move	4e	-
ClearSchedule	method	ElysiumNpc.h	ElysiumNpc.cpp	-	(base code)	FElysiumNpc	stay:troika body	-	retail (base code)
ClearTeleportHint	method	ElysiumNpcKernelHints.inl	ElysiumNpcKernelHints.cpp	FElysiumNpcWerewolf	CNPC_VWerewolf	FElysiumNpcWerewolf	move	4e	-
Cognition	field	ElysiumNpc.h	-	-	-	FElysiumNpc	stay:troika api	-	used by moving species bodies
CollisionObbExtentsUnits	method	ElysiumNpcKernelDebug.inl	ElysiumNpcKernelDebug2.cpp	-	-	FElysiumNpc	stay:troika api	-	used by moving species bodies
ComfortSound	method	ElysiumNpcKernelSlots.inl	ElysiumNpcKernelSounds10.cpp	-	(base code),CNPC_VCamera	FElysiumNpc	stay:virtual surface	-	species override it
CommitSetupJump	method	ElysiumNpcKernelMotor.inl	ElysiumNpcKernelMotor.cpp	FElysiumNpcVampireBoss	-	FElysiumNpcVampireBoss	move	4g	-
ComponentFactoryRefusals	field	ElysiumNpcKernelMisc.inl	-	-	-	FElysiumNpc	stay:troika api	-	used by moving species bodies
ComponentFactoryRows	method	ElysiumNpcKernelMisc.inl	ElysiumNpcKernelMisc.cpp	-	(base code)	FElysiumNpc	stay:troika body	-	retail (base code)
ComputeHitboxSurroundingBox	method	ElysiumNpcKernelPositions.inl	ElysiumNpcKernelPositions2.cpp	FElysiumNpcWerewolf	-	FElysiumNpcWerewolf	move	4e	-
ConditionName	method	ElysiumNpcKernelSlots.inl	ElysiumNpcKernelDebug.cpp	-	(base code)	FElysiumNpc	stay:virtual surface	-	species override it
ConnectedSquad	method	ElysiumNpc.h	-	-	-	FElysiumNpc	stay:troika api	-	used by moving species bodies
CoordinateTentacleId	field	ElysiumNpcKernelSquad.inl	-	FElysiumNpcMingXiao	-	FElysiumNpcMingXiao	move	4e	-
CoordinateTroops	method	ElysiumNpcKernelSquad.inl	ElysiumNpcKernelSquad.cpp	FElysiumNpcMingXiao	CNPC_VMingXiao	FElysiumNpcMingXiao	move	4e	-
CopAliveCensus	method	ElysiumNpcKernelSaveRestore10.inl	ElysiumNpcKernelSaveRestore10.cpp	FElysiumNpcCop	-	FElysiumNpcCop	move	4f	-
CopHolsterDrawCalls	field	ElysiumNpcKernelState19.inl	-	FElysiumNpcHumanCombatant	-	FElysiumNpcHumanCombatant	move	4f	-
CopHumanCombatantOnStateChange	method	ElysiumNpcKernelState19.inl	ElysiumNpcKernelState19.cpp	FElysiumNpcHumanCombatant	CNPC_VHumanCombatant	FElysiumNpcHumanCombatant	move	4f	-
CopIRelationType	method	ElysiumNpcKernelConditions10.inl	ElysiumNpcKernelConditions10.cpp	FElysiumNpcCop	CNPC_VCop	FElysiumNpcCop	collapse:IRelationType	4f	-
CopNPCInit	method	ElysiumNpcKernelLifecycle19.inl	ElysiumNpcKernelLifecycle19_2.cpp	FElysiumNpcCop	-	FElysiumNpcCop	collapse:NPCInit	4f	-
CopOnSeeEntity	method	ElysiumNpcKernelSenses10.inl	ElysiumNpcKernelSenses10.cpp	FElysiumNpcCop	CNPC_VCop	FElysiumNpcCop	collapse:OnSeeEntity	4f	-
CopOnStateChange	method	ElysiumNpcKernelState19.inl	ElysiumNpcKernelState19.cpp	FElysiumNpcCop	-	FElysiumNpcCop	collapse:OnStateChange	4f	-
CopPursuitHandle	field	ElysiumNpcKernelSpeciesMisc10.inl	-	FElysiumNpcCop	-	FElysiumNpcCop	move	4f	-
CopPursuitPlayer	method	ElysiumNpcKernelDebug10.inl	ElysiumNpcKernelDebug10.cpp	FElysiumNpcCop	CNPC_VCop	FElysiumNpcCop	move	4f	-
CopSecondCensus	method	ElysiumNpcKernelSaveRestore10.inl	ElysiumNpcKernelSaveRestore10.cpp	FElysiumNpcCop	-	FElysiumNpcCop	move	4f	-
CopSelectIdealState	method	ElysiumNpcKernelState19.inl	ElysiumNpcKernelState19_2.cpp	FElysiumNpcCop	CNPC_VCop	FElysiumNpcCop	collapse:SelectIdealStateRetail	4f	-
CopSelectIdealStatePrePass	method	ElysiumNpcKernelState19.inl	ElysiumNpcKernelState19_2.cpp	FElysiumNpcCop	(base code)	FElysiumNpc	stay:troika body	-	retail (base code)
CopSlot597Prologue	method	ElysiumNpcKernelSpeciesMisc10.inl	ElysiumNpcKernelSpeciesMisc10.cpp	FElysiumNpcCop	-	FElysiumNpcCop	collapse:Slot597	4f	-
CopSuspectExpiry	method	ElysiumNpcKernelSenses10.inl	ElysiumNpcKernelSenses10.cpp	FElysiumNpcCop	-	FElysiumNpcCop	move	4f	-
CopSuspectHandle	method	ElysiumNpcKernelSenses10.inl	ElysiumNpcKernelSenses10.cpp	FElysiumNpcCop	-	FElysiumNpcCop	move	4f	-
CopSuspectIs	method	ElysiumNpcKernelDebug10.inl	ElysiumNpcKernelDebug10.cpp	FElysiumNpcCop	CNPC_VCop	FElysiumNpcCop	move	4f	-
CopTranslateSchedule	method	ElysiumNpcKernelTranslate19.inl	ElysiumNpcKernelTranslate19.cpp	FElysiumNpcCop	CNPC_VCop	FElysiumNpcCop	collapse:TranslateScheduleRetail	4f	-
CopUpdateOnRemove	method	ElysiumNpcKernelSaveRestore10.inl	ElysiumNpcKernelSaveRestore10.cpp	FElysiumNpcCop	CNPC_VCop	FElysiumNpcCop	collapse:UpdateOnRemove	4f	-
CowerAnimOffset	field	ElysiumNpc.h	-	-	-	FElysiumNpc	stay:troika api	-	used by moving species bodies
CreateCorpse	method	ElysiumNpcKernelSlots.inl	-	-	CNPC_VZombie	FElysiumNpc	stay:virtual surface	-	species override it
CreateEntityCalls	field	ElysiumNpcKernelDamage.inl	-	FElysiumNpcVampire	-	FElysiumNpcVampire	move	4g	-
CreateNamedEmitter	method	ElysiumNpcKernelDamage.inl	ElysiumNpcKernelDamage.cpp	-	-	FElysiumNpc	stay:troika api	-	used by moving species bodies
CreateNamedEntity	method	ElysiumNpcKernelDamage.inl	ElysiumNpcKernelDamage.cpp	FElysiumNpcVampire	-	FElysiumNpcVampire	move	4g	-
CreatePhysAnimlink	method	ElysiumNpcKernelBosses.inl	ElysiumNpcKernelBosses.cpp	-	-	FElysiumNpc	stay:troika api	-	used by moving species bodies
CreateVPhysics	method	ElysiumNpcKernelSlots.inl	ElysiumNpcKernelSenses10.cpp	-	(base code)	FElysiumNpc	stay:virtual surface	-	species override it
CurrentRetailActivityId	method	ElysiumNpcKernelHints.inl	ElysiumNpcKernelHints.cpp	-	-	FElysiumNpc	stay:troika api	-	used by moving species bodies
CurrentSpotIndex	field	ElysiumNpc.h	-	-	-	FElysiumNpc	stay:troika api	-	used by moving species bodies
DamageFlinchSpeciesOf	method	ElysiumNpcKernelDamage.inl	ElysiumNpcKernelDamage.cpp	FElysiumNpcVampire	-	FElysiumNpcVampire	move	4g	-
DamageFlinchSpeciesRows	method	ElysiumNpcKernelDamage.inl	ElysiumNpcKernelDamage.cpp	FElysiumNpcVampire	CNPC_VGargoyle	FElysiumNpcVampire	move	4g	-
DamageFlinchSuppressed	method	ElysiumNpcKernelDamage.inl	ElysiumNpcKernelDamage.cpp	FElysiumNpcVampire	-	FElysiumNpcVampire	move	4g	-
DeathSound	method	ElysiumNpcKernelSlots.inl	ElysiumNpcKernelSounds.cpp	-	(base code),CNPC_VCamera,CNPC_VTzimisce	FElysiumNpc	stay:virtual surface	-	species override it
DecodeWitnessedLevel	method	ElysiumNpcKernelSenses.inl	ElysiumNpcKernelSenses.cpp	FElysiumNpcPedestrian	CNPC_VPedestrian	FElysiumNpcPedestrian	move	4f	-
DefExpression	field	ElysiumNpcKernelConditions.inl	-	-	-	FElysiumNpc	stay:troika api	-	used by moving species bodies
DestroyAndreiBlood	method	ElysiumNpcKernelSpeciesLifecycle10.inl	ElysiumNpcKernelSpeciesLifecycle10.cpp	FElysiumNpcAndreiBlood	CNPC_VAndreiBlood	FElysiumNpcAndreiBlood	move	4g	-
DestroyWerewolf	method	ElysiumNpcKernelSpeciesLifecycle10.inl	ElysiumNpcKernelSpeciesLifecycle10.cpp	FElysiumNpcWerewolf	CNPC_VWerewolf	FElysiumNpcWerewolf	move	4e	-
DialogPartner	field	ElysiumNpcKernelSpeciesLifecycle10.inl	-	FElysiumNpcPayphone	-	FElysiumNpcPayphone	move	4d	-
DialogRecipient	field	ElysiumNpcKernelDialogue.inl	-	-	-	FElysiumNpc	stay:troika api	-	used by moving species bodies
DialogUpkeepTick	method	ElysiumNpcKernelSpeciesLifecycle10.inl	ElysiumNpcKernelSpeciesLifecycle10.cpp	FElysiumNpcPayphone	-	FElysiumNpcPayphone	move	4d	-
DialogUpkeepTicks	field	ElysiumNpcKernelSpeciesLifecycle10.inl	-	FElysiumNpcPayphone	-	FElysiumNpcPayphone	move	4d	-
Dialogue	field	ElysiumNpc.h	-	-	-	FElysiumNpc	stay:troika api	-	used by moving species bodies
DispatchVictimHitReaction	method	ElysiumNpcKernelMisc.inl	ElysiumNpcKernelMisc.cpp	FElysiumNpcGargoyle	-	FElysiumNpcGargoyle	move	4g	-
DistToHintCenterLine2D	method	ElysiumNpcKernelHints.inl	ElysiumNpcKernelHints.cpp	FElysiumNpcSabbatLeader	CNPC_VSabbatLeader	FElysiumNpcSabbatLeader	move	4g	-
DistToHintCenterLine2DSqr	method	ElysiumNpcKernelMotor.inl	ElysiumNpcKernelMotor.cpp	FElysiumNpcSabbatLeader	-	FElysiumNpcSabbatLeader	move	4g	-
DistToHintCenterLine2D_3	method	ElysiumNpcKernelHints.inl	ElysiumNpcKernelHints.cpp	FElysiumNpcSabbatLeader	CNPC_VSabbatLeader	FElysiumNpcSabbatLeader	move	4g	-
DistToSegment	method	ElysiumNpcKernelHints.inl	ElysiumNpcKernelHints.cpp	FElysiumNpcChangBros	CNPC_VChangBros	FElysiumNpcChangBros	move	4g	-
DistTooFar	field	ElysiumNpc.h	-	-	-	FElysiumNpc	stay:troika api	-	used by moving species bodies
DogCombatShortCircuit	method	ElysiumNpcKernelState19.inl	ElysiumNpcKernelState19.cpp	FElysiumNpcDog	-	FElysiumNpcDog	move	4d	-
DogNpcEarlyTranslateActivity	method	ElysiumNpcKernelAnim10.inl	ElysiumNpcKernelAnim10.cpp	FElysiumNpcDog	CNPC_VDog	FElysiumNpcDog	collapse:NPC_EarlyTranslateActivity	4d	-
DogPreSelectIdealState	method	ElysiumNpcKernelState19.inl	ElysiumNpcKernelState19.cpp	FElysiumNpcDog	-	FElysiumNpcDog	collapse:PreSelectIdealStateRetail	4d	-
DogSelectIdealState	method	ElysiumNpcKernelState19.inl	ElysiumNpcKernelState19_2.cpp	FElysiumNpcDog	-	FElysiumNpcDog	collapse:SelectIdealStateRetail	4d	-
DogSnarlPrevValue	field	ElysiumNpcKernelState19.inl	-	FElysiumNpcDog	-	FElysiumNpcDog	move	4d	-
DogSnarlSourceWord	field	ElysiumNpcKernelState19.inl	-	FElysiumNpcDog	-	FElysiumNpcDog	move	4d	-
DogSnarlTime	field	ElysiumNpcKernelState19.inl	-	FElysiumNpcDog	-	FElysiumNpcDog	move	4d	-
DogTranslateSchedule	method	ElysiumNpcKernelTranslate19.inl	ElysiumNpcKernelTranslate19.cpp	FElysiumNpcDog	CNPC_VDog	FElysiumNpcDog	collapse:TranslateScheduleRetail	4d	-
DrawDebugHullAtPoint	method	ElysiumNpcKernelDebug.inl	ElysiumNpcKernelDebug2.cpp	FElysiumNpcWerewolf	CNPC_VWerewolf	FElysiumNpcWerewolf	move	4e	-
EIdealStateSpecies	type	ElysiumNpcKernelConditions.inl	-	-	-	-	investigate	4c	a row type follows its accessors' collapse or survival
EffectsWord	field	ElysiumNpcKernelPositions.inl	-	-	-	FElysiumNpc	stay:troika api	-	used by moving species bodies
EmitDebugMsg	method	ElysiumNpcKernelDebug.inl	ElysiumNpcKernelDebug.cpp	-	(base code)	FElysiumNpc	stay:troika body	-	retail (base code)
EmitEntityText	method	ElysiumNpcKernelDebug.inl	ElysiumNpcKernelDebug.cpp	-	(base code)	FElysiumNpc	stay:troika body	-	retail (base code)
EmitNamedWav	method	ElysiumNpcKernelSpeciesMisc10.inl	ElysiumNpcKernelSpeciesMisc10_2.cpp	-	CNPC_VTzimisceHeadClaw	FElysiumNpc	stay:shared helper	-	cross-branch callers; a sibling cannot call a species member
EmitOverlayBox	method	ElysiumNpcKernelDebug.inl	ElysiumNpcKernelDebug.cpp	-	-	FElysiumNpc	stay:troika api	-	used by moving species bodies
EmitOverlayEntityBounds	method	ElysiumNpcKernelDebug.inl	ElysiumNpcKernelDebug.cpp	FElysiumNpcWerewolf	-	FElysiumNpcWerewolf	move	4e	-
EmitOverlayLine	method	ElysiumNpcKernelDebug.inl	ElysiumNpcKernelDebug.cpp	-	-	FElysiumNpc	stay:troika api	-	used by moving species bodies
EmitOverlayText	method	ElysiumNpcKernelDebug.inl	ElysiumNpcKernelDebug.cpp	-	-	FElysiumNpc	stay:troika api	-	used by moving species bodies
EmitterCalls	field	ElysiumNpcKernelDamage.inl	-	-	-	FElysiumNpc	stay:troika api	-	used by moving species bodies
EmitterKillCalls	field	ElysiumNpcKernelDamage.inl	-	FElysiumNpcVampireBoss	-	FElysiumNpcVampireBoss	move	4g	-
EndSlowEntity	method	ElysiumNpcKernelSpeciesMisc10.inl	ElysiumNpcKernelSpeciesMisc10.cpp	-	-	FElysiumNpc	stay:troika api	-	used by moving species bodies
EnemyCouldSeeHull	method	ElysiumNpcKernelPositions.inl	ElysiumNpcKernelPositions2.cpp	FElysiumNpcWerewolf	CNPC_VBaseBoss,CNPC_VWerewolf	FElysiumNpcWerewolf	move	4e	-
EnemyCouldSeeHullWerewolf	method	ElysiumNpcKernelPositions.inl	ElysiumNpcKernelPositions2.cpp	FElysiumNpcWerewolf	CNPC_VWerewolf	FElysiumNpcWerewolf	move	4e	-
EnemyInViewCone	method	ElysiumNpcKernelPositions.inl	ElysiumNpcKernelPositions2.cpp	FElysiumNpcWerewolf	-	FElysiumNpcWerewolf	move	4e	-
EnemyMemory	field	ElysiumNpc.h	-	-	-	FElysiumNpc	stay:troika api	-	used by moving species bodies
EnemySightCandidatesOf	method	ElysiumNpcKernelPositions.inl	ElysiumNpcKernelPositions2.cpp	FElysiumNpcBaseBoss	CNPC_VBaseBoss	FElysiumNpcBaseBoss	move	4e	-
EnemySightPredicate	method	ElysiumNpcKernelPositions.inl	ElysiumNpcKernelPositions2.cpp	FElysiumNpcWerewolf	-	FElysiumNpcWerewolf	move	4e	-
EnemySightings	field	ElysiumNpc.h	-	-	-	FElysiumNpc	stay:troika api	-	used by moving species bodies
EnergyBallSpawnPoint	method	ElysiumNpcKernelDamage.inl	ElysiumNpcKernelDamage2.cpp	FElysiumNpcChangBros	(base code)	FElysiumNpc	stay:troika body	-	retail (base code)
EngineFrameNumber	method	ElysiumNpcKernelSpecies.inl	ElysiumNpcKernelSpecies2.cpp	FElysiumNpcWerewolf	-	FElysiumNpcWerewolf	move	4e	-
EnterGrappleState	method	ElysiumNpc.h	ElysiumNpc.cpp	-	(base code),CNPC_VGhoulCroucher,CPayphone	FElysiumNpc	stay:virtual surface	-	species override it
EntityDrawBBoxOverlay	method	ElysiumNpcKernelDebug.inl	ElysiumNpcKernelDebug2.cpp	FElysiumNpcWerewolf	-	FElysiumNpcWerewolf	move	4e	-
EntityVelocityUnits	method	ElysiumNpcKernelBosses.inl	ElysiumNpcKernelBosses.cpp	FElysiumNpcMingXiao	-	FElysiumNpcMingXiao	move	4e	-
Event_Killed	method	ElysiumNpcKernelSlots.inl	-	-	(base code),CNPC_VFrenzyShadow,CNPC_VGargoyle,CNPC_VHengeyokai,CNPC_VManBat,CNPC_VMingXiao,CNPC_VMingXiaoTentacle,CNPC_VTzimisce,CNPC_VTzimisceHeadClaw	FElysiumNpc	stay:virtual surface	-	species override it
Event_KilledSpecies	method	ElysiumNpcKernelDamage.inl	ElysiumNpcKernelDamage2.cpp	-	CNPC_VFrenzyShadow	FElysiumNpc	deferred:7	-	CNPC_VFrenzyShadow body
Event_TookLife	method	ElysiumNpcKernelSlots.inl	-	-	CNPC_VPlayerController	FElysiumNpc	deferred:7	-	CNPC_VPlayerController body
Event_TookLifeSpecies	method	ElysiumNpcKernelDamage.inl	ElysiumNpcKernelDamage2.cpp	-	CNPC_VPlayerController	FElysiumNpc	deferred:7	-	CNPC_VPlayerController body
ExpressionMapResets	field	ElysiumNpcKernelLifecycle19.inl	-	FElysiumNpcTzimisce	-	FElysiumNpcTzimisce	move	4e	-
ExtendedBlockedByFriendTimer	field	ElysiumNpc.h	-	-	-	FElysiumNpc	stay:troika api	-	used by moving species bodies
EyePosition	method	ElysiumNpcKernelGeometry.inl	ElysiumNpcKernelGeometry.cpp	-	(base code)	FElysiumNpc	stay:virtual surface	-	species override it
FCanBeSetOnFireSpecies	type	ElysiumNpcKernelDamage.inl	-	-	-	-	investigate	4c	a row type follows its accessors' collapse or survival
FDamageFlinchSpecies	type	ElysiumNpcKernelDamage.inl	-	-	-	-	investigate	4c	a row type follows its accessors' collapse or survival
FElysiumNpc	method	ElysiumNpc.h	-	-	-	FElysiumNpc	stay:troika api	-	used by moving species bodies
FHandleInteractionSpecies	type	ElysiumNpcKernelDialogue.inl	-	-	-	-	investigate	4c	a row type follows its accessors' collapse or survival
FHintTypeSpecies	type	ElysiumNpcKernelHints.inl	-	-	-	-	investigate	4c	a row type follows its accessors' collapse or survival
FIgnoreCollisionSpecies	type	ElysiumNpcKernelMotor.inl	-	-	-	-	investigate	4c	a row type follows its accessors' collapse or survival
FInViewCone	method	ElysiumNpcKernelSlots.inl	ElysiumNpcKernelClosure.cpp	-	(base code),CNPC_VCameraSecurity	FElysiumNpc	stay:virtual surface	-	species override it
FJumpTunableSpecies	type	ElysiumNpcKernelMotor.inl	-	-	-	-	investigate	4c	a row type follows its accessors' collapse or survival
FMaxYawSpeedSpecies	type	ElysiumNpcKernelMotor.inl	-	-	-	-	investigate	4c	a row type follows its accessors' collapse or survival
FPickupSpecies	type	ElysiumNpcKernelBosses.inl	-	-	-	-	investigate	4c	a row type follows its accessors' collapse or survival
FSetupJumpSpecies	type	ElysiumNpcKernelMotor.inl	-	-	-	-	investigate	4c	a row type follows its accessors' collapse or survival
FShortConditionSpecies	type	ElysiumNpcKernelDebug.inl	-	-	-	-	investigate	4c	a row type follows its accessors' collapse or survival
FSpeciesBlacklistEntry	type	ElysiumNpcKernelConditions10.inl	-	-	-	-	investigate	4c	a row type follows its accessors' collapse or survival
FSpeciesSlotRow	type	ElysiumNpcKernelSpecies.inl	-	-	-	-	investigate	4c	a row type follows its accessors' collapse or survival
FSquadSlotSpecies	type	ElysiumNpcKernelSquad.inl	-	-	-	-	investigate	4c	a row type follows its accessors' collapse or survival
FTookLifeSpecies	type	ElysiumNpcKernelDamage.inl	-	-	-	-	investigate	4c	a row type follows its accessors' collapse or survival
FTraceAttackSpecies	type	ElysiumNpcKernelDamage.inl	-	-	-	-	investigate	4c	a row type follows its accessors' collapse or survival
FUN_102c43b0	method	ElysiumNpcKernelTroikaHelpers.inl	ElysiumNpcKernelTroikaHelpers2.cpp	-	(base code)	FElysiumNpc	stay:troika body	-	retail (base code)
FUN_102e0f90	method	ElysiumNpcKernelTroikaHelpers.inl	ElysiumNpcKernelTroikaHelpers2.cpp	FElysiumNpcTzimisce	(base code)	FElysiumNpc	stay:troika body	-	retail (base code)
FUN_1035e920	method	ElysiumNpcKernelSpecies.inl	ElysiumNpcKernelSpecies2.cpp	FElysiumNpcAndreiBlood	CNPC_VAndreiBlood	FElysiumNpcAndreiBlood	move	4g	-
FUN_1035e950	method	ElysiumNpcKernelSpecies.inl	ElysiumNpcKernelSpecies2.cpp	FElysiumNpcAndreiBlood	CNPC_VAndreiBlood	FElysiumNpcAndreiBlood	move	4g	-
FUN_1035fd40	method	ElysiumNpcKernelSpecies.inl	ElysiumNpcKernelSpecies.cpp	FElysiumNpcAnimal	CNPC_VAnimal	FElysiumNpcAnimal	collapse:CanPlaySequence	4d	-
FUN_10364280	method	ElysiumNpcKernelSpecies.inl	ElysiumNpcKernelSpecies.cpp	FElysiumNpcBach	CNPC_VBach	FElysiumNpcBach	collapse:Slot606	4g	-
FUN_103661f0	method	ElysiumNpcKernelSpecies.inl	ElysiumNpcKernelSpecies.cpp	FElysiumNpcBach	CNPC_VBach	FElysiumNpcBach	collapse:Slot609	4g	-
FUN_103662d0	method	ElysiumNpcKernelSpecies.inl	ElysiumNpcKernelSpecies.cpp	FElysiumNpcBaseBoss	CNPC_VBaseBoss	FElysiumNpcBaseBoss	move	4e	-
FUN_10366400	method	ElysiumNpcKernelSpecies.inl	ElysiumNpcKernelSpecies.cpp	FElysiumNpcBaseBoss	CNPC_VBaseBoss	FElysiumNpcBaseBoss	move	4e	-
FUN_10366490	method	ElysiumNpcKernelSpecies.inl	ElysiumNpcKernelSpecies.cpp	FElysiumNpcBaseBoss	CNPC_VBaseBoss	FElysiumNpcBaseBoss	move	4e	-
FUN_103681d0	method	ElysiumNpcKernelSpecies.inl	ElysiumNpcKernelSpecies2.cpp	FElysiumNpcCamera	CNPC_VCamera	FElysiumNpcCamera	collapse:Slot497	4d	-
FUN_103682f0	method	ElysiumNpcKernelSpecies.inl	ElysiumNpcKernelSpecies2.cpp	FElysiumNpcCamera	CNPC_VCamera	FElysiumNpcCamera	collapse:Slot506	4d	-
FUN_1036c7f0	method	ElysiumNpcKernelSpecies.inl	ElysiumNpcKernelSpecies2.cpp	FElysiumNpcChangBros	CNPC_VChangBros	FElysiumNpcChangBros	move	4g	-
FUN_10376b70	method	ElysiumNpcKernelSpecies.inl	ElysiumNpcKernelSpecies.cpp	-	CNPC_VFrenzyShadow	FElysiumNpc	deferred:7	-	CNPC_VFrenzyShadow body
FUN_10376ba0	method	ElysiumNpcKernelSpecies.inl	ElysiumNpcKernelSpecies.cpp	-	CNPC_VFrenzyShadow	FElysiumNpc	deferred:7	-	CNPC_VFrenzyShadow body
FUN_10379ef0	method	ElysiumNpcKernelSpecies.inl	ElysiumNpcKernelSpecies.cpp	FElysiumNpcGargoyle	CNPC_VGargoyle	FElysiumNpcGargoyle	collapse:Slot599	4g	-
FUN_10379f20	method	ElysiumNpcKernelSpecies.inl	ElysiumNpcKernelSpecies.cpp	FElysiumNpcGargoyle	CNPC_VGargoyle	FElysiumNpcGargoyle	collapse:Slot600	4g	-
FUN_103822a0	method	ElysiumNpcKernelBosses.inl	ElysiumNpcKernelBosses.cpp	FElysiumNpcHengeyokai	CNPC_VHengeyokai	FElysiumNpcHengeyokai	move	4g	-
FUN_10385cf0	method	ElysiumNpcKernelBosses.inl	ElysiumNpcKernelBosses.cpp	FElysiumNpcHuman	CNPC_VHuman	FElysiumNpcHuman	collapse:Slot601	4f	-
FUN_1038b370	method	ElysiumNpcKernelBosses.inl	ElysiumNpcKernelBosses.cpp	FElysiumNpcManBat	CNPC_VManBat	FElysiumNpcManBat	move	4g	-
FUN_1038bec0	method	ElysiumNpcKernelBosses.inl	ElysiumNpcKernelBosses.cpp	FElysiumNpcManBat	CNPC_VManBat	FElysiumNpcManBat	move	4g	-
FUN_10396dc0	method	ElysiumNpcKernelBosses.inl	ElysiumNpcKernelBosses2.cpp	FElysiumNpcMingXiao	CNPC_VMingXiao	FElysiumNpcMingXiao	move	4e	-
FUN_10397a50	method	ElysiumNpcKernelBosses.inl	ElysiumNpcKernelBosses2.cpp	FElysiumNpcMingXiao	CNPC_VMingXiao	FElysiumNpcMingXiao	move	4e	-
FUN_10397f70	method	ElysiumNpcKernelBosses.inl	ElysiumNpcKernelBosses2.cpp	FElysiumNpcMingXiao	CNPC_VMingXiao	FElysiumNpcMingXiao	move	4e	-
FUN_10398030	method	ElysiumNpcKernelBosses.inl	ElysiumNpcKernelBosses2.cpp	FElysiumNpcMingXiao	CNPC_VMingXiao	FElysiumNpcMingXiao	move	4e	-
FUN_103983d0	method	ElysiumNpcKernelBosses.inl	ElysiumNpcKernelBosses2.cpp	FElysiumNpcMingXiao	CNPC_VMingXiao	FElysiumNpcMingXiao	move	4e	-
FUN_103989b0	method	ElysiumNpcKernelBosses.inl	ElysiumNpcKernelBosses2.cpp	FElysiumNpcMingXiao	CNPC_VMingXiao	FElysiumNpcMingXiao	move	4e	-
FUN_10398b20	method	ElysiumNpcKernelBosses.inl	ElysiumNpcKernelBosses2.cpp	FElysiumNpcMingXiao	CNPC_VMingXiao	FElysiumNpcMingXiao	move	4e	-
FUN_103998d0	method	ElysiumNpcKernelGeometry.inl	ElysiumNpcKernelGeometry.cpp	FElysiumNpcMingXiao	CNPC_VMingXiao	FElysiumNpcMingXiao	move	4e	-
FUN_1039e800	method	ElysiumNpcKernelSpecies.inl	ElysiumNpcKernelSpecies2.cpp	FElysiumNpcMingXiaoTentacle	CNPC_VMingXiaoTentacle	FElysiumNpcMingXiaoTentacle	move	4d	-
FUN_1039e830	method	ElysiumNpcKernelSpecies.inl	ElysiumNpcKernelSpecies2.cpp	FElysiumNpcMingXiaoTentacle	CNPC_VMingXiaoTentacle	FElysiumNpcMingXiaoTentacle	collapse:Slot22	4d	-
FUN_1039e860	method	ElysiumNpcKernelSpecies.inl	ElysiumNpcKernelSpecies2.cpp	FElysiumNpcMingXiaoTentacle	CNPC_VMingXiaoTentacle	FElysiumNpcMingXiaoTentacle	collapse:Slot23	4d	-
FUN_1039ef90	method	ElysiumNpcKernelSpecies.inl	ElysiumNpcKernelSpecies2.cpp	-	CAI_BaseNPCTroika	FElysiumNpcMingXiaoTentacle	move	4d	unwired CNPC_VMingXiaoTentacle body (address in the tentacle object)
FUN_103a0d50	method	ElysiumNpcKernelSpecies.inl	ElysiumNpcKernelSpecies2.cpp	FElysiumNpcNewscaster	CNPC_VNewscaster	FElysiumNpcNewscaster	move	4d	-
FUN_103a0ff0	method	ElysiumNpcKernelSpecies.inl	ElysiumNpcKernelSpecies2.cpp	FElysiumNpcNewscaster	CNPC_VNewscaster	FElysiumNpcNewscaster	move	4d	-
FUN_103b9180	method	ElysiumNpcKernelSpecies.inl	ElysiumNpcKernelSpecies.cpp	FElysiumNpcTzimisce	CNPC_VTzimisce	FElysiumNpcTzimisce	collapse:Slot593	4e	-
FUN_103b92a0	method	ElysiumNpcKernelSpecies.inl	ElysiumNpcKernelSpecies2.cpp	FElysiumNpcTzimisce	CNPC_VTzimisce	FElysiumNpcTzimisce	collapse:DeathSound	4e	-
FUN_103bd270	method	ElysiumNpcKernelSpecies.inl	ElysiumNpcKernelSpecies.cpp	FElysiumNpcTzimisce	CNPC_VTzimisce	FElysiumNpcTzimisce	collapse:CanPlaySequence	4e	-
FUN_103be0b0	method	ElysiumNpcKernelSpecies.inl	ElysiumNpcKernelSpecies2.cpp	FElysiumNpcTzimisce	CNPC_VTzimisce	FElysiumNpcTzimisce	move	4e	-
FUN_103be150	method	ElysiumNpcKernelSpecies.inl	ElysiumNpcKernelSpecies2.cpp	FElysiumNpcTzimisce	CNPC_VTzimisce	FElysiumNpcTzimisce	move	4e	-
FUN_103be3d0	method	ElysiumNpcKernelSpecies.inl	ElysiumNpcKernelSpecies2.cpp	FElysiumNpcTzimisce	CNPC_VTzimisce	FElysiumNpcTzimisce	move	4e	-
FUN_103be8e0	method	ElysiumNpcKernelSpecies.inl	ElysiumNpcKernelSpecies2.cpp	FElysiumNpcTzimisce	CNPC_VTzimisce	FElysiumNpcTzimisce	move	4e	-
FUN_103bea90	method	ElysiumNpcKernelSpecies.inl	ElysiumNpcKernelSpecies2.cpp	FElysiumNpcTzimisce	CNPC_VTzimisce	FElysiumNpcTzimisce	move	4e	-
FUN_103bef20	method	ElysiumNpcKernelSpecies.inl	ElysiumNpcKernelSpecies2.cpp	FElysiumNpcTzimisce	CNPC_VTzimisce	FElysiumNpcTzimisce	move	4e	-
FUN_103bf200	method	ElysiumNpcKernelSpecies.inl	ElysiumNpcKernelSpecies.cpp	FElysiumNpcTzimisce	CNPC_VTzimisce	FElysiumNpcTzimisce	move	4e	-
FUN_103bf330	method	ElysiumNpcKernelSpecies.inl	ElysiumNpcKernelSpecies.cpp	FElysiumNpcTzimisce	CNPC_VTzimisce	FElysiumNpcTzimisce	move	4e	-
FUN_103bf3c0	method	ElysiumNpcKernelSpecies.inl	ElysiumNpcKernelSpecies.cpp	FElysiumNpcTzimisce	CNPC_VTzimisce	FElysiumNpcTzimisce	move	4e	-
FUN_103bf560	method	ElysiumNpcKernelSpecies.inl	ElysiumNpcKernelSpecies2.cpp	FElysiumNpcTzimisce	CNPC_VTzimisce	FElysiumNpcTzimisce	move	4e	-
FUN_103c19e0	method	ElysiumNpcKernelSpecies.inl	ElysiumNpcKernelSpecies.cpp	FElysiumNpcTzimisceHeadClaw	CNPC_VTzimisceHeadClaw	FElysiumNpcTzimisceHeadClaw	collapse:Slot599	4e	-
FUN_103c1a60	method	ElysiumNpcKernelSpecies.inl	ElysiumNpcKernelSpecies.cpp	FElysiumNpcTzimisceHeadClaw	CNPC_VTzimisceHeadClaw	FElysiumNpcTzimisceHeadClaw	collapse:Slot600	4e	-
FUN_103c1ad0	method	ElysiumNpcKernelSpecies.inl	ElysiumNpcKernelSpecies.cpp	FElysiumNpcTzimisceHeadClaw	CNPC_VTzimisceHeadClaw	FElysiumNpcTzimisceHeadClaw	collapse:Slot601	4e	-
FUN_103c1b10	method	ElysiumNpcKernelSpecies.inl	ElysiumNpcKernelSpecies.cpp	FElysiumNpcBaseBoss	CNPC_VTzimisceHeadClaw	FElysiumNpcBaseBoss	move	4e	-
FUN_103c24a0	method	ElysiumNpcKernelSpecies.inl	ElysiumNpcKernelSpecies2.cpp	FElysiumNpcTzimisceHeadClaw	CNPC_VTzimisceHeadClaw	FElysiumNpcTzimisceHeadClaw	move	4e	-
FUN_103c3960	method	ElysiumNpcKernelSpecies.inl	ElysiumNpcKernelSpecies.cpp	FElysiumNpcTzimisceRunner	CNPC_VTzimisceRunner	FElysiumNpcTzimisceRunner	collapse:Slot599	4e	-
FUN_103c39e0	method	ElysiumNpcKernelSpecies.inl	ElysiumNpcKernelSpecies.cpp	FElysiumNpcTzimisceRunner	CNPC_VTzimisceRunner	FElysiumNpcTzimisceRunner	collapse:Slot600	4e	-
FUN_103c3a70	method	ElysiumNpcKernelSpecies.inl	ElysiumNpcKernelSpecies.cpp	FElysiumNpcTzimisceRunner	CNPC_VTzimisceRunner	FElysiumNpcTzimisceRunner	collapse:Slot601	4e	-
FUN_103c3ab0	method	ElysiumNpcKernelSpecies.inl	ElysiumNpcKernelSpecies.cpp	FElysiumNpcTzimisceRunner	CNPC_VTzimisceRunner	FElysiumNpcTzimisceRunner	collapse:Slot602	4e	-
FUN_103c3fd0	method	ElysiumNpcKernelSpecies.inl	ElysiumNpcKernelSpecies.cpp	FElysiumNpcTzimisceRunner	CNPC_VTzimisceRunner	FElysiumNpcTzimisceRunner	collapse:Slot588	4e	-
FUN_103d1e50	method	ElysiumNpcKernelSpecies.inl	ElysiumNpcKernelSpecies2.cpp	FElysiumNpcWerewolf	CNPC_VWerewolf	FElysiumNpcWerewolf	move	4e	-
FUN_103d9c90	method	ElysiumNpcKernelSpecies.inl	ElysiumNpcKernelSpecies2.cpp	FElysiumNpcWerewolf	CNPC_VWerewolf	FElysiumNpcWerewolf	move	4e	-
FUN_103dd900	method	ElysiumNpcKernelSpecies.inl	ElysiumNpcKernelSpecies.cpp	FElysiumNpcYukie	CNPC_VYukie	FElysiumNpcYukie	collapse:Slot600	4f	-
FUN_103e0980	method	ElysiumNpcKernelSpecies.inl	ElysiumNpcKernelSpecies2.cpp	-	CNPCMaker_Zombie	FElysiumNpc	deferred:8	-	CNPCMaker_Zombie body
FUN_103e1080	method	ElysiumNpcKernelSpecies.inl	ElysiumNpcKernelSpecies2.cpp	FElysiumNpcZombie	CNPC_VZombie	FElysiumNpcZombie	collapse:ShouldPlayFloatSound	4d	-
FUN_103e12c0	method	ElysiumNpcKernelSpecies.inl	ElysiumNpcKernelSpecies2.cpp	FElysiumNpcZombie	CNPC_VZombie	FElysiumNpcZombie	move	4d	-
FUN_103e12f0	method	ElysiumNpcKernelSpecies.inl	ElysiumNpcKernelSpecies2.cpp	FElysiumNpcZombie	CNPC_VZombie	FElysiumNpcZombie	collapse:Slot26	4d	-
FUsedHullBitsSpecies	type	ElysiumNpcKernelGeometry.inl	-	-	-	-	investigate	4c	a row type follows its accessors' collapse or survival
FValidateHintType	method	ElysiumNpcKernelSlots.inl	ElysiumNpcKernelHints10.cpp	-	(base code),CNPC_VDog,CNPC_VSabbatLeader,CNPC_VTzimisce,CNPC_VWerewolf	FElysiumNpc	stay:virtual surface	-	species override it
FValidateHintTypeSpecies	method	ElysiumNpcKernelHints.inl	ElysiumNpcKernelHints.cpp	-	-	-	collapse:table	4c	class table: rows become override bodies
FVisible	method	ElysiumNpcKernelSlots.inl	ElysiumNpcKernelSenses10.cpp	-	(base code),CNPC_VCameraSecurity,CNPC_VTzimisce,CNPC_VZombie	FElysiumNpc	stay:virtual surface	-	species override it
FacePlayerAdvance	method	ElysiumNpcKernelFacing.inl	ElysiumNpcKernelFacing.cpp	FElysiumNpcAndreiBlood	CNPC_VAndreiBlood	FElysiumNpcAndreiBlood	move	4g	-
FacingTime	field	ElysiumNpcKernelFacing.inl	-	FElysiumNpcChangBros	-	FElysiumNpcChangBros	move	4g	-
FailureType	field	ElysiumNpcKernelSchedule.inl	-	FElysiumNpcSabbatLeader	-	FElysiumNpcSabbatLeader	move	4g	-
FakeHullDebugCvar	method	ElysiumNpcKernelGeometry.inl	ElysiumNpcKernelGeometry.cpp	FElysiumNpcWerewolf	-	FElysiumNpcWerewolf	move	4e	-
FakeHullKnockbackActivity	method	ElysiumNpcKernelGeometry.inl	ElysiumNpcKernelGeometry.cpp	FElysiumNpcWerewolf	-	FElysiumNpcWerewolf	move	4e	-
FakeHullPushTarget	method	ElysiumNpcKernelGeometry.inl	ElysiumNpcKernelGeometry.cpp	FElysiumNpcWerewolf	-	FElysiumNpcWerewolf	move	4e	-
FakeHullSeams	field	ElysiumNpcKernelGeometry.inl	-	FElysiumNpcWerewolf	-	FElysiumNpcWerewolf	move	4e	-
FarSightDistLookUnits	field	ElysiumNpcKernelLifecycle19.inl	-	-	-	FElysiumNpc	stay:troika api	-	used by moving species bodies
FarSightDistTooFar	field	ElysiumNpcKernelLifecycle19.inl	-	-	-	FElysiumNpc	stay:troika api	-	used by moving species bodies
FearSound	method	ElysiumNpcKernelSlots.inl	ElysiumNpcKernelSounds10.cpp	-	(base code),CNPC_VCamera	FElysiumNpc	stay:virtual surface	-	species override it
FieldOfViewDot	field	ElysiumNpcKernelLifecycle19.inl	-	-	-	FElysiumNpc	stay:troika api	-	used by moving species bodies
FindBlacklistedEntity	method	ElysiumNpcKernelBosses.inl	ElysiumNpcKernelBosses.cpp	FElysiumNpcHengeyokai	CNPC_VHengeyokai	FElysiumNpcHengeyokai	move	4g	-
FindHintByName	method	ElysiumNpcKernelHints.inl	ElysiumNpcKernelHints.cpp	FElysiumNpcWerewolf	(base code)	FElysiumNpc	stay:troika body	-	retail (base code)
FindHintEndEntity	method	ElysiumNpcKernelHints.inl	ElysiumNpcKernelHints.cpp	FElysiumNpcWerewolf	CNPC_VWerewolf	FElysiumNpcWerewolf	move	4e	-
FindHintNode	method	ElysiumNpcKernelHints.inl	ElysiumNpcKernelHints.cpp	-	CNPC_VBach,CNPC_VTzimisce	FElysiumNpc	stay:troika api	-	hint search the Troika hint family owns
FindHintOfTypeNear	method	ElysiumNpcKernelHints.inl	ElysiumNpcKernelHints.cpp	FElysiumNpcTzimisce	(base code)	FElysiumNpc	stay:troika body	-	retail (base code)
FindNearestPedestal	method	ElysiumNpcKernelBosses.inl	ElysiumNpcKernelBosses2.cpp	FElysiumNpcMingXiao	CNPC_VMingXiao	FElysiumNpcMingXiao	move	4e	-
FindPickupTargetGrabBone	method	ElysiumNpcKernelBosses.inl	ElysiumNpcKernelBosses.cpp	FElysiumNpcHengeyokai	CNPC_VHengeyokai	FElysiumNpcHengeyokai	move	4g	-
FindShootAtHintNode	method	ElysiumNpcKernelTroikaHelpers.inl	ElysiumNpcKernelTroikaHelpers.cpp	-	(base code)	FElysiumNpc	stay:troika body	-	retail (base code)
FireGlobalActsOutput	method	ElysiumNpcKernelEntityChain.inl	ElysiumNpcKernelEntityChain.cpp	-	-	FElysiumNpc	stay:troika api	-	used by moving species bodies
FireWerewolfZoneTrigger	method	ElysiumNpcKernelMisc.inl	ElysiumNpcKernelMisc.cpp	FElysiumNpcWerewolf	(base code)	FElysiumNpc	stay:troika body	-	retail (base code)
Flag2Removals	field	ElysiumNpcKernelLifecycle19.inl	-	FElysiumNpcTzimisceRunner	-	FElysiumNpcTzimisceRunner	move	4e	-
FlapActivityOf	method	ElysiumNpcKernelBosses.inl	ElysiumNpcKernelBosses.cpp	FElysiumNpcManBat	-	FElysiumNpcManBat	move	4g	-
FlapActivityRows	method	ElysiumNpcKernelBosses.inl	ElysiumNpcKernelBosses.cpp	FElysiumNpcManBat	CNPC_VManBat	FElysiumNpcManBat	move	4g	-
FleeSound	method	ElysiumNpcKernelSlots.inl	ElysiumNpcKernelSounds10.cpp	-	(base code),CNPC_VCamera	FElysiumNpc	stay:virtual surface	-	species override it
FlipFailureType	method	ElysiumNpcKernelSchedule.inl	ElysiumNpcKernelSchedule.cpp	FElysiumNpcSabbatLeader	CNPC_VSabbatLeader	FElysiumNpcSabbatLeader	move	4g	-
FloatSound	method	ElysiumNpcKernelSlots.inl	ElysiumNpcKernelSounds10.cpp	-	(base code),CNPC_VCamera	FElysiumNpc	stay:virtual surface	-	species override it
FloatSoundFrequency	field	ElysiumNpcKernelSounds.inl	-	-	-	FElysiumNpc	stay:troika api	-	used by moving species bodies
FloorDropPerformed	field	ElysiumNpcKernelLifecycle19.inl	-	-	-	FElysiumNpc	stay:troika api	-	used by moving species bodies
FloorDropSkipped	field	ElysiumNpcKernelLifecycle19.inl	-	-	-	FElysiumNpc	stay:troika api	-	used by moving species bodies
FloorDropWarnings	field	ElysiumNpcKernelLifecycle19.inl	-	-	-	FElysiumNpc	stay:troika api	-	used by moving species bodies
FollowerBossName	field	ElysiumNpc.h	-	-	-	FElysiumNpc	stay:troika api	-	used by moving species bodies
FormBit	method	ElysiumNpcKernelMisc.inl	ElysiumNpcKernelMisc.cpp	-	CNPC_VHengeyokai	FElysiumNpc	stay:troika reader	-	read by PreTranslatePredicate's activity predicates (step 11)
FormBitTimerExpired	method	ElysiumNpcKernelMisc.inl	ElysiumNpcKernelMisc.cpp	FElysiumNpcHengeyokai	CNPC_VHengeyokai	FElysiumNpcHengeyokai	move	4g	-
Forward	field	ElysiumNpc.h	-	-	-	FElysiumNpc	stay:troika api	-	used by moving species bodies
FoundEnemySound	method	ElysiumNpcKernelSlots.inl	ElysiumNpcKernelSounds10.cpp	-	(base code),CNPC_VCamera	FElysiumNpc	stay:virtual surface	-	species override it
FrenzyShadowBestEnemy	method	ElysiumNpcKernelSenses10.inl	ElysiumNpcKernelSenses10_2.cpp	-	CNPC_VFrenzyShadow	FElysiumNpc	deferred:7	-	CNPC_VFrenzyShadow body
FrenzyShadowHostileRecount	method	ElysiumNpcKernelLifecycle19.inl	ElysiumNpcKernelLifecycle19.cpp	-	CNPC_VFrenzyShadow	FElysiumNpc	deferred:7	-	CNPC_VFrenzyShadow body
FrenzyShadowNPCInit	method	ElysiumNpcKernelLifecycle19.inl	ElysiumNpcKernelLifecycle19_2.cpp	-	-	FElysiumNpc	stay:troika api	-	used by moving species bodies
FrenzyShadowTranslateSchedule	method	ElysiumNpcKernelTranslate19.inl	ElysiumNpcKernelTranslate19.cpp	-	CNPC_VFrenzyShadow	FElysiumNpc	deferred:7	-	CNPC_VFrenzyShadow body
GargoyleCanKnockback	field	ElysiumNpcKernelLifecycle19.inl	-	FElysiumNpcGargoyle	-	FElysiumNpcGargoyle	move	4g	-
GargoyleDoingGibDeath	field	ElysiumNpcKernelLifecycle19.inl	-	FElysiumNpcGargoyle	-	FElysiumNpcGargoyle	move	4g	-
GargoyleHitsPillar	method	ElysiumNpcKernelMisc.inl	ElysiumNpcKernelMisc.cpp	FElysiumNpcGargoyle	CNPC_VGargoyle	FElysiumNpcGargoyle	move	4g	-
GargoyleIgnoresClassname	method	ElysiumNpcKernelMotor.inl	ElysiumNpcKernelMotor.cpp	FElysiumNpcGargoyle	CNPC_VGargoyle	FElysiumNpcGargoyle	collapse:NavIgnoreCollision	4g	-
GargoyleNPCInit	method	ElysiumNpcKernelLifecycle19.inl	ElysiumNpcKernelLifecycle19_2.cpp	FElysiumNpcGargoyle	-	FElysiumNpcGargoyle	collapse:NPCInit	4g	-
GargoyleOnScheduleChange	method	ElysiumNpcKernelMaintain19.inl	ElysiumNpcKernelMaintain19.cpp	FElysiumNpcGargoyle	CNPC_VGargoyle	FElysiumNpcGargoyle	collapse:OnScheduleChange	4g	-
GargoyleOnVictimHitByMe	method	ElysiumNpcKernelMisc.inl	ElysiumNpcKernelMisc.cpp	FElysiumNpcGargoyle	CNPC_VGargoyle	FElysiumNpcGargoyle	collapse:OnVictimHitByMe	4g	-
GargoylePillarDamageFamily	field	ElysiumNpcKernelSpeciesLifecycle10.inl	-	FElysiumNpcGargoyle	-	FElysiumNpcGargoyle	move	4g	-
GargoylePillarDamageScale	field	ElysiumNpcKernelSpeciesLifecycle10.inl	-	FElysiumNpcGargoyle	-	FElysiumNpcGargoyle	move	4g	-
GargoylePillarDamageTypes	field	ElysiumNpcKernelSpeciesLifecycle10.inl	-	FElysiumNpcGargoyle	-	FElysiumNpcGargoyle	move	4g	-
GargoylePillarDiceAmount	field	ElysiumNpcKernelSpeciesLifecycle10.inl	-	FElysiumNpcGargoyle	-	FElysiumNpcGargoyle	move	4g	-
GargoylePillarHits	field	ElysiumNpcKernelSpeciesLifecycle10.inl	-	FElysiumNpcGargoyle	-	FElysiumNpcGargoyle	move	4g	-
GargoylePillarTarget	field	ElysiumNpcKernelLifecycle19.inl	-	FElysiumNpcGargoyle	-	FElysiumNpcGargoyle	move	4g	-
GargoylePillarToHitSuccesses	field	ElysiumNpcKernelSpeciesLifecycle10.inl	-	FElysiumNpcGargoyle	-	FElysiumNpcGargoyle	move	4g	-
GargoylePrecache	method	ElysiumNpcKernelPrecache10.inl	ElysiumNpcKernelPrecache10.cpp	FElysiumNpcGargoyle	CNPC_VGargoyle	FElysiumNpcGargoyle	collapse:Precache	4g	-
GargoyleTaskFail	method	ElysiumNpcKernelConditions10.inl	ElysiumNpcKernelConditions10.cpp	FElysiumNpcGargoyle	CNPC_VGargoyle	FElysiumNpcGargoyle	collapse:TaskFail	4g	-
GargoyleTouch	method	ElysiumNpcKernelSpeciesLifecycle10.inl	ElysiumNpcKernelSpeciesLifecycle10.cpp	FElysiumNpcGargoyle	CNPC_VGargoyle	FElysiumNpcGargoyle	collapse:TouchSpecies	4g	-
GargoyleTranslateSchedule	method	ElysiumNpcKernelTranslate19.inl	ElysiumNpcKernelTranslate19.cpp	FElysiumNpcGargoyle	CNPC_VGargoyle	FElysiumNpcGargoyle	collapse:TranslateScheduleRetail	4g	-
GatherAttackConditions	method	ElysiumNpcKernelSlots.inl	ElysiumNpcKernelClosure.cpp	-	(base code),CNPC_VBach,CNPC_VWerewolf	FElysiumNpc	stay:virtual surface	-	species override it
GatherConditions	method	ElysiumNpcKernelSlots.inl	-	-	(base code),CNPC_VAndreiBlood,CNPC_VBach,CNPC_VChangBros,CNPC_VDog,CNPC_VFrenzyShadow,CNPC_VGargoyle,CNPC_VGhoulCroucher,CNPC_VHengeyokai,CNPC_VMingXiao,CNPC_VMingXiaoTentacle,CNPC_VPedestrian,CNPC_VSabbatLeader,CNPC_VScurrying,CNPC_VSheriffMan,CNPC_VTzimisce,CNPC_VTzimisceHeadClaw,CNPC_VTzimisceRunner,CNPC_VWerewolf	FElysiumNpc	stay:virtual surface	-	species override it
GatherHintNodes	method	ElysiumNpcKernelPositions.inl	ElysiumNpcKernelPositions.cpp	FElysiumNpcVampireBoss	-	FElysiumNpcVampireBoss	move	4g	-
GetBestSeeUnknown	method	ElysiumNpcKernelSlots.inl	ElysiumNpcKernelClosure.cpp	-	-	FElysiumNpc	stay:virtual surface	-	species override it
GetClassScheduleIdSpace	method	ElysiumNpcKernelSlots.inl	ElysiumNpcKernelEntityChain.cpp	-	CNPC_VBrujah,CNPC_VCamera,CNPC_VChangBros,CNPC_VChangBrosBlade,CNPC_VChangBrosClaw,CNPC_VCop,CNPC_VDog,CNPC_VFrenzyShadow,CNPC_VGargoyle,CNPC_VVampire	FElysiumNpc	stay:virtual surface	-	species override it
GetCurrHealthPercent	method	ElysiumNpcKernelCombat10.inl	ElysiumNpcKernelCombat10.cpp	FElysiumNpcVampireBoss	CNPC_VVampireBoss	FElysiumNpcVampireBoss	move	4g	-
GetEnemy	method	ElysiumNpcKernelSlots.inl	ElysiumNpcKernelSenses.cpp	-	(base code)	FElysiumNpc	stay:virtual surface	-	species override it
GetEnemyEntity	method	ElysiumNpcKernelSpeciesLifecycle10.inl	ElysiumNpcKernelSpeciesLifecycle10.cpp	FElysiumNpcHuman	(base code)	FElysiumNpc	stay:troika body	-	retail (base code)
GetFacingTimeToTeleport	method	ElysiumNpcKernelFacing.inl	ElysiumNpcKernelFacing.cpp	FElysiumNpcChangBros	CNPC_VChangBros	FElysiumNpcChangBros	move	4g	-
GetForceFrequentThink	method	ElysiumNpcKernelSlots.inl	ElysiumNpcKernelClosure.cpp	-	-	FElysiumNpc	stay:virtual surface	-	species override it
GetForwardHintForHint	method	ElysiumNpcKernelHints10.inl	ElysiumNpcKernelHints10.cpp	FElysiumNpcWerewolf	CNPC_VWerewolf	FElysiumNpcWerewolf	move	4e	-
GetForwardYawForHint	method	ElysiumNpcKernelSenses10.inl	ElysiumNpcKernelSenses10_2.cpp	FElysiumNpcWerewolf	CNPC_VWerewolf	FElysiumNpcWerewolf	move	4e	-
GetGroundpoint	method	ElysiumNpcKernelMotor.inl	ElysiumNpcKernelMotor2.cpp	FElysiumNpcWerewolf	CNPC_VWerewolf	FElysiumNpcWerewolf	move	4e	-
GetHintEndEntity	method	ElysiumNpcKernelHints10.inl	ElysiumNpcKernelHints10.cpp	FElysiumNpcWerewolf	CNPC_VWerewolf	FElysiumNpcWerewolf	move	4e	-
GetHintEndpoint	method	ElysiumNpcKernelHints10.inl	ElysiumNpcKernelHints10.cpp	FElysiumNpcWerewolf	CNPC_VWerewolf	FElysiumNpcWerewolf	move	4e	-
GetHintEndpointUnits	method	ElysiumNpcKernelSenses10.inl	ElysiumNpcKernelSenses10_2.cpp	FElysiumNpcWerewolf	CNPC_VWerewolf	FElysiumNpcWerewolf	move	4e	-
GetHintGroundpoint	method	ElysiumNpcKernelHints.inl	ElysiumNpcKernelHints.cpp	FElysiumNpcWerewolf	CNPC_VWerewolf	FElysiumNpcWerewolf	move	4e	-
GetHintTargetGroundpoint	method	ElysiumNpcKernelSenses10.inl	ElysiumNpcKernelSenses10_2.cpp	FElysiumNpcWerewolf	CNPC_VWerewolf	FElysiumNpcWerewolf	move	4e	-
GetHintTeleportPriority	method	ElysiumNpcKernelHints.inl	ElysiumNpcKernelHints.cpp	FElysiumNpcWerewolf	CNPC_VWerewolf	FElysiumNpcWerewolf	move	4e	-
GetJumpSchedule	method	ElysiumNpcKernelMotor.inl	ElysiumNpcKernelMotor2.cpp,ElysiumNpcKernelSchedule.cpp	FElysiumNpcAsianVampire	CNPC_VAsianVampire	FElysiumNpcAsianVampire	move	4g	-
GetLastAIThink	method	ElysiumNpcKernelSlots.inl	ElysiumNpcKernelClosure.cpp	-	-	FElysiumNpc	stay:virtual surface	-	species override it
GetLastMoveThink	method	ElysiumNpcKernelSlots.inl	ElysiumNpcKernelClosure.cpp	-	-	FElysiumNpc	stay:virtual surface	-	species override it
GetLastNormalThink	method	ElysiumNpcKernelSlots.inl	ElysiumNpcKernelClosure.cpp	-	-	FElysiumNpc	stay:virtual surface	-	species override it
GetLastUpdateThink	method	ElysiumNpcKernelSlots.inl	ElysiumNpcKernelClosure.cpp	-	-	FElysiumNpc	stay:virtual surface	-	species override it
GetLocalScheduleId	method	ElysiumNpcKernelSlots.inl	ElysiumNpcKernelEntityChain.cpp	-	(base code)	FElysiumNpc	stay:virtual surface	-	species override it
GetMaxJumpSpeed	method	ElysiumNpcKernelSlots.inl	ElysiumNpcKernelMotor.cpp	-	(base code),CAI_TestHull	FElysiumNpc	stay:virtual surface	-	species override it
GetMoveType	method	ElysiumNpcKernelSlots.inl	-	-	-	FElysiumNpc	stay:virtual surface	-	species override it
GetNearestNodeToPlayer	method	ElysiumNpcKernelPositions.inl	ElysiumNpcKernelPositions.cpp	FElysiumNpcWerewolf	CNPC_VWerewolf	FElysiumNpcWerewolf	move	4e	-
GetOtherBrother	method	ElysiumNpcKernelSquad.inl	ElysiumNpcKernelSquad.cpp	FElysiumNpcChangBros	CNPC_VChangBros	FElysiumNpcChangBros	move	4g	-
GetSchedulingErrorName	method	ElysiumNpcKernelSlots.inl	ElysiumNpcKernelDebug.cpp	-	-	FElysiumNpc	stay:virtual surface	-	species override it
GetSector	method	ElysiumNpcKernelPositions.inl	ElysiumNpcKernelPositions.cpp	FElysiumNpcChangBros	CNPC_VChangBros	FElysiumNpcChangBros	move	4g	-
GetShootEnemyDir	method	ElysiumNpcKernelSlots.inl	ElysiumNpcKernelSenses10.cpp	-	(base code),CNPC_VMingXiao	FElysiumNpc	stay:virtual surface	-	species override it
GetState	method	ElysiumNpcKernelSlots.inl	ElysiumNpcKernelClosure.cpp	-	(base code)	FElysiumNpc	stay:virtual surface	-	species override it
GetStealthHearingDist	method	ElysiumNpcKernelSlots.inl	ElysiumNpcKernelClosure.cpp	-	-	FElysiumNpc	stay:virtual surface	-	species override it
GetStealthVisionCone	method	ElysiumNpcKernelSlots.inl	ElysiumNpcKernelClosure.cpp	-	-	FElysiumNpc	stay:virtual surface	-	species override it
GetStealthVisionScalar	method	ElysiumNpcKernelSlots.inl	ElysiumNpcKernelClosure.cpp	-	-	FElysiumNpc	stay:virtual surface	-	species override it
GetTeleportPosition	method	ElysiumNpcKernelPositions.inl	ElysiumNpcKernelPositions.cpp	FElysiumNpcChangBros	CNPC_VChangBros	FElysiumNpcChangBros	move	4g	-
GetUsedHullBits	method	ElysiumNpcKernelSlots.inl	ElysiumNpcKernelGeometry.cpp	-	(base code),CNPC_VMingXiao,CNPC_VScurrying	FElysiumNpc	stay:virtual surface	-	species override it
GhoulBurningParticleCreates	field	ElysiumNpcKernelLifecycle19.inl	-	FElysiumNpcGhoulCroucher	-	FElysiumNpcGhoulCroucher	move	4f	-
GhoulCroucherCanBeSetOnFire	method	ElysiumNpcKernelDamage.inl	ElysiumNpcKernelDamage.cpp	FElysiumNpcGhoulCroucher	CNPC_VGhoulCroucher	FElysiumNpcGhoulCroucher	collapse:CanBeSetOnFire	4f	-
GhoulCroucherNPCInit	method	ElysiumNpcKernelLifecycle19.inl	ElysiumNpcKernelLifecycle19_2.cpp	FElysiumNpcGhoulCroucher	-	FElysiumNpcGhoulCroucher	collapse:NPCInit	4f	-
GhoulCroucherOnVictimHitByMe	method	ElysiumNpcKernelMisc.inl	ElysiumNpcKernelMisc.cpp	FElysiumNpcGhoulCroucher	CNPC_VGhoulCroucher	FElysiumNpcGhoulCroucher	collapse:OnVictimHitByMe	4f	-
GhoulCroucherPrecache	method	ElysiumNpcKernelPrecache10.inl	ElysiumNpcKernelPrecache10.cpp	FElysiumNpcGhoulCroucher	CNPC_VGhoulCroucher	FElysiumNpcGhoulCroucher	collapse:Precache	4f	-
GhoulCroucherScriptUnhideTail	method	ElysiumNpcKernelLifecycle.inl	ElysiumNpcKernelLifecycle.cpp	FElysiumNpcGhoulCroucher	CNPC_VGhoulCroucher	FElysiumNpcGhoulCroucher	move	4f	-
GhoulCroucherStartTouch	method	ElysiumNpcKernelSpeciesLifecycle10.inl	ElysiumNpcKernelSpeciesLifecycle10.cpp	FElysiumNpcGhoulCroucher	CNPC_VGhoulCroucher	FElysiumNpcGhoulCroucher	collapse:StartTouchSpecies	4f	-
GhoulNextTouchBurnTime	field	ElysiumNpcKernelSpeciesLifecycle10.inl	-	FElysiumNpcGhoulCroucher	-	FElysiumNpcGhoulCroucher	move	4f	-
GhoulTouchBurnDamage	field	ElysiumNpcKernelSpeciesLifecycle10.inl	-	FElysiumNpcGhoulCroucher	-	FElysiumNpcGhoulCroucher	move	4f	-
GhoulTouchBurnIntervalSeconds	field	ElysiumNpcKernelSpeciesLifecycle10.inl	-	FElysiumNpcGhoulCroucher	-	FElysiumNpcGhoulCroucher	move	4f	-
GiveBaseFightingItems	method	ElysiumNpcKernelSlots.inl	ElysiumNpcKernelCombat10.cpp	-	(base code),CNPC_VWerewolf	FElysiumNpc	stay:virtual surface	-	species override it
GiveNamedFightingItem	method	ElysiumNpcKernelCombat10.inl	ElysiumNpcKernelCombat10.cpp	-	(base code)	FElysiumNpc	stay:troika body	-	retail (base code)
GlobalHintList	method	ElysiumNpcKernelHints10.inl	ElysiumNpcKernelHints10.cpp	FElysiumNpcWerewolf	-	FElysiumNpcWerewolf	move	4e	-
Guard1BuildScheduleTestBits	method	ElysiumNpcKernelSchedule.inl	ElysiumNpcKernelSchedule.cpp	FElysiumNpcGuard1	CNPC_VGuard1	FElysiumNpcGuard1	collapse:BuildScheduleTestBits	4f	-
Guard1HatePlayer	method	ElysiumNpcKernelSpeciesMisc10.inl	ElysiumNpcKernelSpeciesMisc10.cpp	-	CNPC_VGuard1	FElysiumNpcGuard1	move	4f	its free-function user State19_2Guard1LawArm moves with Guard1's state-change pre-step
Guard1NPCInit	method	ElysiumNpcKernelLifecycle19.inl	ElysiumNpcKernelLifecycle19_2.cpp	FElysiumNpcGuard1	CNPC_VGuard1	FElysiumNpcGuard1	collapse:NPCInit	4f	-
Guard1SelectIdealState	method	ElysiumNpcKernelState19.inl	ElysiumNpcKernelState19_2.cpp	FElysiumNpcGuard1	CNPC_VGuard1	FElysiumNpcGuard1	collapse:SelectIdealStateRetail	4f	-
Guard1StateChangePreStep	method	ElysiumNpcKernelSpeciesLifecycle10.inl	ElysiumNpcKernelSpeciesLifecycle10.cpp	FElysiumNpcGuard1	CNPC_VGuard1	FElysiumNpcGuard1	collapse:OnStateChange	4f	-
Guard1TranslateSchedule	method	ElysiumNpcKernelTranslate19.inl	ElysiumNpcKernelTranslate19.cpp	FElysiumNpcGuard1	CNPC_VGuard1	FElysiumNpcGuard1	collapse:TranslateScheduleRetail	4f	-
HandleAnimEvent	method	ElysiumNpc.h	ElysiumNpc.cpp	-	(base code),CNPC_VCamera,CNPC_VDog,CNPC_VGargoyle,CNPC_VHengeyokai,CNPC_VManBat,CNPC_VMingXiao,CNPC_VSabbatLeader,CNPC_VTzimisce,CNPC_VTzimisceHeadClaw,CNPC_VTzimisceRunner,CNPC_VWerewolf	FElysiumNpc	stay:virtual surface	-	species override it
HandleInteractionSpeciesOf	method	ElysiumNpcKernelDialogue.inl	ElysiumNpcKernelDialogue.cpp	FElysiumNpcHuman	-	FElysiumNpcHuman	move	4f	-
HandleInteractionSpeciesRows	method	ElysiumNpcKernelDialogue.inl	ElysiumNpcKernelDialogue.cpp	-	-	-	collapse:table	4c	class table: rows become override bodies
HasDialogSuppressFlag	method	ElysiumNpc.h	-	-	CPayphone	FElysiumNpc	stay:troika api	-	FElysiumNpcDialogue reads it for every NPC
HasPathQueries	field	ElysiumNpcKernelSpeciesMisc10.inl	-	FElysiumNpcWerewolf	-	FElysiumNpcWerewolf	move	4e	-
HasUsableRangedWeapon	method	ElysiumNpcKernelSlots.inl	-	-	-	FElysiumNpc	stay:virtual surface	-	species override it
HeadClawHudEmitter	field	ElysiumNpcKernelSpeciesMisc10.inl	-	FElysiumNpcTzimisceHeadClaw	-	FElysiumNpcTzimisceHeadClaw	move	4e	-
HeadClawPlayerEmitter	field	ElysiumNpcKernelSpeciesMisc10.inl	-	FElysiumNpcTzimisceHeadClaw	-	FElysiumNpcTzimisceHeadClaw	move	4e	-
HeadClawSlot332	method	ElysiumNpcKernelSpeciesMisc10.inl	ElysiumNpcKernelSpeciesMisc10_2.cpp	FElysiumNpcTzimisceHeadClaw	-	FElysiumNpcTzimisceHeadClaw	collapse:Slot332	4e	-
HeadClawSlowRunning	method	ElysiumNpcKernelSpeciesMisc10.inl	ElysiumNpcKernelSpeciesMisc10_2.cpp	FElysiumNpcTzimisceHeadClaw	CNPC_VTzimisceHeadClaw	FElysiumNpcTzimisceHeadClaw	move	4e	-
HeadClawSlowedEntity	field	ElysiumNpcKernelSpeciesMisc10.inl	-	FElysiumNpcTzimisceHeadClaw	-	FElysiumNpcTzimisceHeadClaw	move	4e	-
HeadClawSlowedExpire	field	ElysiumNpcKernelSpecies.inl	-	FElysiumNpcTzimisceHeadClaw	-	FElysiumNpcTzimisceHeadClaw	move	4e	-
HeadDirection2D	method	ElysiumNpcKernelSlots.inl	-	-	CCineNPC,CNPCMaker,CNPCMaker_Fleshpile,CNPCMaker_Zombie,CNPC_VRat	FElysiumNpc	stay:virtual surface	-	species override it
HeadDirection3D	method	ElysiumNpcKernelSlots.inl	-	-	CCineNPC,CNPCMaker,CNPCMaker_Fleshpile,CNPCMaker_Zombie,CNPC_VRat	FElysiumNpc	stay:virtual surface	-	species override it
HealthPercentLostSinceRecord	method	ElysiumNpcKernelSpeciesMisc10.inl	ElysiumNpcKernelSpeciesMisc10_2.cpp	FElysiumNpcVampireBoss	CNPC_VVampireBoss	FElysiumNpcVampireBoss	move	4g	-
HealthToPercent	method	ElysiumNpcKernelSlots.inl	ElysiumNpcKernelCombat10.cpp	-	(base code),CNPC_VMingXiao	FElysiumNpc	stay:virtual surface	-	species override it
HearingSensitivity	method	ElysiumNpcKernelSlots.inl	ElysiumNpcKernelClosure.cpp	-	-	FElysiumNpc	stay:virtual surface	-	species override it
HeightenedAlertDurationCvar	method	ElysiumNpcKernelEntityChain.inl	ElysiumNpcKernelEntityChain.cpp	FElysiumNpcCop	-	FElysiumNpcCop	move	4f	-
HengeyokaiBlacklist	field	ElysiumNpcKernelBosses.inl	-	FElysiumNpcHengeyokai	-	FElysiumNpcHengeyokai	move	4g	-
HengeyokaiCarryFormBit	method	ElysiumNpcKernelAnim10.inl	ElysiumNpcKernelAnim10.cpp	FElysiumNpcHengeyokai	-	FElysiumNpcHengeyokai	move	4g	-
HengeyokaiDrawDebugTextOverlays	method	ElysiumNpcKernelDebug10.inl	ElysiumNpcKernelDebug10.cpp	FElysiumNpcHengeyokai	CNPC_VHengeyokai	FElysiumNpcHengeyokai	collapse:DrawDebugTextOverlays	4g	-
HengeyokaiFishTimer	field	ElysiumNpcKernelMisc.inl	-	-	-	FElysiumNpc	stay:troika reader	-	read by PreTranslatePredicate's activity predicates (step 11)
HengeyokaiNPCInit	method	ElysiumNpcKernelLifecycle19.inl	ElysiumNpcKernelLifecycle19_2.cpp	FElysiumNpcHengeyokai	-	FElysiumNpcHengeyokai	collapse:NPCInit	4g	-
HengeyokaiNpcEarlyTranslateActivity	method	ElysiumNpcKernelAnim10.inl	ElysiumNpcKernelAnim10.cpp	FElysiumNpcHengeyokai	CNPC_VHengeyokai	FElysiumNpcHengeyokai	collapse:NPC_EarlyTranslateActivity	4g	-
HengeyokaiOnScheduleChange	method	ElysiumNpcKernelMaintain19.inl	ElysiumNpcKernelMaintain19.cpp	FElysiumNpcHengeyokai	CNPC_VHengeyokai	FElysiumNpcHengeyokai	collapse:OnScheduleChange	4g	-
HengeyokaiPhysicsAnimlink	field	ElysiumNpcKernelBosses.inl	-	FElysiumNpcHengeyokai	-	FElysiumNpcHengeyokai	move	4g	-
HengeyokaiPickupParam	field	ElysiumNpcKernelBosses.inl	-	FElysiumNpcHengeyokai	-	FElysiumNpcHengeyokai	move	4g	-
HengeyokaiPickupTarget	field	ElysiumNpcKernelBosses.inl	-	FElysiumNpcHengeyokai	-	FElysiumNpcHengeyokai	move	4g	-
HengeyokaiPickupTargetGrabBone	field	ElysiumNpcKernelBosses.inl	-	FElysiumNpcHengeyokai	-	FElysiumNpcHengeyokai	move	4g	-
HengeyokaiPickupTargetPos	field	ElysiumNpcKernelBosses.inl	-	FElysiumNpcHengeyokai	-	FElysiumNpcHengeyokai	move	4g	-
HengeyokaiPrecache	method	ElysiumNpcKernelPrecache10.inl	ElysiumNpcKernelPrecache10.cpp	FElysiumNpcHengeyokai	CNPC_VHengeyokai	FElysiumNpcHengeyokai	collapse:Precache	4g	-
HengeyokaiShunnedFishTimer	field	ElysiumNpcKernelLifecycle19.inl	-	FElysiumNpcHengeyokai	-	FElysiumNpcHengeyokai	move	4g	-
HengeyokaiSkin	field	ElysiumNpcKernelTranslate19.inl	-	FElysiumNpcHengeyokai	-	FElysiumNpcHengeyokai	move	4g	-
HengeyokaiSlot9String	method	ElysiumNpcKernelDebug10.inl	ElysiumNpcKernelDebug10.cpp	FElysiumNpcHengeyokai	-	FElysiumNpcHengeyokai	move	4g	-
HengeyokaiTaskFail	method	ElysiumNpcKernelConditions10.inl	ElysiumNpcKernelConditions10.cpp	FElysiumNpcHengeyokai	CNPC_VHengeyokai	FElysiumNpcHengeyokai	collapse:TaskFail	4g	-
HengeyokaiThawCalls	field	ElysiumNpcKernelTranslate19.inl	-	FElysiumNpcHengeyokai	-	FElysiumNpcHengeyokai	move	4g	-
HengeyokaiTranslateSchedule	method	ElysiumNpcKernelTranslate19.inl	ElysiumNpcKernelTranslate19.cpp	FElysiumNpcHengeyokai	CNPC_VHengeyokai	FElysiumNpcHengeyokai	collapse:TranslateScheduleRetail	4g	-
Hide	method	ElysiumNpcKernelSlots.inl	-	-	-	FElysiumNpc	stay:virtual surface	-	species override it
HideActiveWeaponCalls	field	ElysiumNpcKernelLifecycle19.inl	-	FElysiumNpcHuman	-	FElysiumNpcHuman	move	4f	-
HideActiveWeaponIfAny	method	ElysiumNpcKernelLifecycle19.inl	ElysiumNpcKernelLifecycle19.cpp	FElysiumNpcHuman	-	FElysiumNpcHuman	move	4f	-
HideAndUnsolidifyCalls	field	ElysiumNpcKernelDamage.inl	-	FElysiumNpcSheriffMan	-	FElysiumNpcSheriffMan	move	4g	-
HideAndUnsolidifyWeapon	method	ElysiumNpcKernelDamage.inl	ElysiumNpcKernelDamage.cpp	FElysiumNpcSheriffMan	-	FElysiumNpcSheriffMan	move	4g	-
HintActivityForType	method	ElysiumNpcKernelHints.inl	ElysiumNpcKernelHints.cpp	FElysiumNpcWerewolf	CNPC_VWerewolf	FElysiumNpcWerewolf	move	4e	-
HintComparePosition	method	ElysiumNpcKernelHints.inl	ElysiumNpcKernelHints.cpp	-	CNPC_VTzimisce	FElysiumNpc	stay:troika body	-	Troika navigator helpers 0x102e0f90/0x102eee40 call it
HintEndEntityScriptHidden	method	ElysiumNpcKernelHints10.inl	ElysiumNpcKernelHints10.cpp	FElysiumNpcWerewolf	-	FElysiumNpcWerewolf	move	4e	-
HintObfuscationFold	method	ElysiumNpcKernelHints10.inl	ElysiumNpcKernelHints10.cpp	FElysiumNpcManBat	-	FElysiumNpcManBat	move	4g	-
HintTypeSpeciesFallsThroughToBase	method	ElysiumNpcKernelHints.inl	ElysiumNpcKernelHints.cpp	-	-	-	collapse:table	4c	class table: rows become override bodies
HintTypeSpeciesOf	method	ElysiumNpcKernelHints.inl	ElysiumNpcKernelHints.cpp	-	-	-	collapse:table	4c	class table: rows become override bodies
HintTypeSpeciesRows	method	ElysiumNpcKernelHints.inl	ElysiumNpcKernelHints.cpp	-	-	-	collapse:table	4c	class table: rows become override bodies
HintWords	method	ElysiumNpcKernelHints.inl	ElysiumNpcKernelHints.cpp	-	-	FElysiumNpc	stay:troika api	-	used by moving species bodies
HitboxSetCount	method	ElysiumNpcKernelDamage.inl	ElysiumNpcKernelDamage.cpp	-	-	FElysiumNpc	stay:troika api	-	used by moving species bodies
HullCentreHalf	field	ElysiumNpcKernelLifecycle19.inl	-	FElysiumNpcWerewolf	-	FElysiumNpcWerewolf	move	4e	-
HullIndexGargoyle	field	ElysiumNpcKernelLifecycle19.inl	-	FElysiumNpcGargoyle	-	FElysiumNpcGargoyle	move	4g	-
HullIndexHengeyokai	field	ElysiumNpcKernelLifecycle19.inl	-	FElysiumNpcHengeyokai	-	FElysiumNpcHengeyokai	move	4g	-
HullIndexManBat	field	ElysiumNpcKernelLifecycle19.inl	-	FElysiumNpcManBat	-	FElysiumNpcManBat	move	4g	-
HullIndexSheriffMan	field	ElysiumNpcKernelLifecycle19.inl	-	FElysiumNpcSheriffMan	-	FElysiumNpcSheriffMan	move	4g	-
HullKind	field	ElysiumNpcKernelMotor.inl	-	-	-	FElysiumNpc	stay:troika api	-	used by moving species bodies
HullMaxsUnits	method	ElysiumNpcKernelSenses10.inl	ElysiumNpcKernelSenses10.cpp	-	-	FElysiumNpc	stay:troika api	-	used by moving species bodies
HullMinsUnits	method	ElysiumNpcKernelSenses10.inl	ElysiumNpcKernelSenses10.cpp	-	(base code)	FElysiumNpc	stay:troika body	-	retail (base code)
HumanCombatPatrolSelectIdealState	method	ElysiumNpcKernelState19.inl	ElysiumNpcKernelState19_2.cpp	FElysiumNpcHumanCombatant	-	FElysiumNpcHumanCombatant	move	4f	-
HumanCombatantBuildScheduleTestBits	method	ElysiumNpcKernelSchedule.inl	ElysiumNpcKernelSchedule.cpp	FElysiumNpcHumanCombatant	CNPC_VHumanCombatant	FElysiumNpcHumanCombatant	collapse:BuildScheduleTestBits	4f	-
HumanCombatantNPCInit	method	ElysiumNpcKernelLifecycle19.inl	ElysiumNpcKernelLifecycle19_2.cpp	FElysiumNpcHumanCombatant	CNPC_VHumanCombatant	FElysiumNpcHumanCombatant	move	4f	-
HumanHandleInteraction	method	ElysiumNpcKernelDialogue.inl	ElysiumNpcKernelDialogue.cpp	FElysiumNpcHuman	CNPC_VHuman	FElysiumNpcHuman	move	4f	-
HumanNpcEarlyTranslateActivity	method	ElysiumNpcKernelAnim10.inl	ElysiumNpcKernelAnim10.cpp	FElysiumNpcHuman	CNPC_VHuman	FElysiumNpcHuman	move	4f	-
HumanSelectIdealState	method	ElysiumNpcKernelState19.inl	ElysiumNpcKernelState19_2.cpp	-	-	FElysiumNpc	stay:troika api	-	used by moving species bodies
HumanSelectScheduleRangedCombat	method	ElysiumNpcKernelCombat10.inl	ElysiumNpcKernelCombat10_2.cpp	FElysiumNpcHuman	CNPC_VHuman	FElysiumNpcHuman	move	4f	-
HuntConVarIsCommand	field	ElysiumNpcKernelState19.inl	-	-	-	FElysiumNpc	stay:troika api	-	used by moving species bodies
HunterHatePlayer	method	ElysiumNpcKernelSpeciesLifecycle10.inl	ElysiumNpcKernelSpeciesLifecycle10.cpp	FElysiumNpcHunter	CNPC_VHunter	FElysiumNpcHunter	move	4f	-
HunterIRelationType	method	ElysiumNpcKernelConditions10.inl	ElysiumNpcKernelConditions10.cpp	FElysiumNpcHunter	CNPC_VHunter	FElysiumNpcHunter	collapse:IRelationType	4f	-
HunterNPCInit	method	ElysiumNpcKernelLifecycle19.inl	ElysiumNpcKernelLifecycle19_2.cpp	FElysiumNpcHunter	-	FElysiumNpcHunter	collapse:NPCInit	4f	-
HunterOnSeeEntity	method	ElysiumNpcKernelSenses10.inl	ElysiumNpcKernelSenses10.cpp	FElysiumNpcHunter	CNPC_VHunter	FElysiumNpcHunter	collapse:OnSeeEntity	4f	-
HunterPursuitPlayer	field	ElysiumNpcKernelSpeciesLifecycle10.inl	-	FElysiumNpcHunter	-	FElysiumNpcHunter	move	4f	-
HunterPursuitStarts	field	ElysiumNpcKernelSpeciesLifecycle10.inl	-	FElysiumNpcHunter	-	FElysiumNpcHunter	move	4f	-
HunterPursuitStops	field	ElysiumNpcKernelSpeciesLifecycle10.inl	-	FElysiumNpcHunter	-	FElysiumNpcHunter	move	4f	-
HunterStateChangePreStep	method	ElysiumNpcKernelSpeciesLifecycle10.inl	ElysiumNpcKernelSpeciesLifecycle10.cpp	FElysiumNpcHunter	CNPC_VHunter	FElysiumNpcHunter	collapse:OnStateChange	4f	-
HunterSuspectExpiry	method	ElysiumNpcKernelSenses10.inl	ElysiumNpcKernelSenses10.cpp	FElysiumNpcHunter	-	FElysiumNpcHunter	move	4f	-
HunterSuspectHandle	method	ElysiumNpcKernelSenses10.inl	ElysiumNpcKernelSenses10.cpp	FElysiumNpcHunter	-	FElysiumNpcHunter	move	4f	-
HunterTranslateSchedule	method	ElysiumNpcKernelTranslate19.inl	ElysiumNpcKernelTranslate19.cpp	FElysiumNpcHunter	CNPC_VHunter	FElysiumNpcHunter	collapse:TranslateScheduleRetail	4f	-
IRelationType	method	ElysiumNpcKernelSlots.inl	ElysiumNpcKernelConditions10.cpp	-	(base code),CNPC_VCop,CNPC_VHunter,CNPC_VPedestrian,CNPC_VYukie	FElysiumNpc	stay:virtual surface	-	species override it
IRelationTypeOf	method	ElysiumNpcKernelSenses10.inl	ElysiumNpcKernelSenses10.cpp	-	(base code)	FElysiumNpc	stay:troika body	-	retail (base code)
IdSpace	method	ElysiumNpcKernelEntityChain.inl	ElysiumNpcKernelEntityChain.cpp	-	-	FElysiumNpc	stay:troika api	-	used by moving species bodies
IdealActivityNumber	field	ElysiumNpcKernelFacing.inl	-	-	-	FElysiumNpc	stay:troika api	-	used by moving species bodies
IdealStateRetail	method	ElysiumNpcKernelState19.inl	ElysiumNpcKernelState19.cpp	-	-	FElysiumNpc	stay:troika api	-	used by moving species bodies
IdleAgitatedSound	method	ElysiumNpcKernelSlots.inl	ElysiumNpcKernelSounds10.cpp	-	(base code),CNPC_VCamera	FElysiumNpc	stay:virtual surface	-	species override it
IdleSound	method	ElysiumNpcKernelSlots.inl	ElysiumNpcKernelSounds10.cpp	-	(base code),CNPC_VCamera,CNPC_VTzimisce	FElysiumNpc	stay:virtual surface	-	species override it
IgnoreCollisionEntity	field	ElysiumNpcKernelMotor.inl	-	-	-	FElysiumNpc	stay:troika api	-	used by moving species bodies
IgnoreCollisionSpeciesRows	method	ElysiumNpcKernelMotor.inl	ElysiumNpcKernelMotor.cpp	-	-	-	collapse:table	4c	class table: rows become override bodies
InNpcInit	method	ElysiumNpcKernelLifecycle19.inl	ElysiumNpcKernelLifecycle19.cpp	-	-	FElysiumNpc	stay:troika api	-	used by moving species bodies
InitSquad	method	ElysiumNpcKernelSlots.inl	ElysiumNpcKernelSquad.cpp	-	(base code)	FElysiumNpc	stay:virtual surface	-	species override it
InitSquadLine	method	ElysiumNpcKernelSquad.inl	ElysiumNpcKernelSquad.cpp	-	-	FElysiumNpc	stay:troika api	-	used by moving species bodies
InitialAngles	field	ElysiumNpc.h	-	-	-	FElysiumNpc	stay:troika api	-	used by moving species bodies
InitialPosition	field	ElysiumNpc.h	-	-	-	FElysiumNpc	stay:troika api	-	used by moving species bodies
InitializeHintData	method	ElysiumNpcKernelSenses10.inl	ElysiumNpcKernelSenses10_2.cpp	FElysiumNpcWerewolf	CNPC_VWerewolf	FElysiumNpcWerewolf	move	4e	-
InitializeHintDataRow	method	ElysiumNpcKernelSenses10.inl	ElysiumNpcKernelSenses10_2.cpp	FElysiumNpcWerewolf	-	FElysiumNpcWerewolf	move	4e	-
InputSetRelationship	method	ElysiumNpc.h	ElysiumNpc.cpp	-	-	FElysiumNpc	stay:troika api	-	used by moving species bodies
InstallScheduleRetail	method	ElysiumNpcKernelLifecycle19.inl	ElysiumNpcKernelLifecycle19.cpp	-	-	FElysiumNpc	stay:troika api	-	used by moving species bodies
InterestingPlaceGroupMask	field	ElysiumNpc.h	-	-	-	FElysiumNpc	stay:troika api	-	used by moving species bodies
InventoryDestroys	field	ElysiumNpcKernelLifecycle19.inl	-	-	-	FElysiumNpc	stay:troika api	-	used by moving species bodies
InventoryFindByClassname	method	ElysiumNpcKernelCombat10.inl	ElysiumNpcKernelCombat10.cpp	FElysiumNpcWerewolf	-	FElysiumNpcWerewolf	move	4e	-
InvestigateMode	field	ElysiumNpc.h	-	-	-	FElysiumNpc	stay:troika api	-	used by moving species bodies
InvestigateModeCombat	field	ElysiumNpc.h	-	-	-	FElysiumNpc	stay:troika api	-	used by moving species bodies
IsAlive	method	ElysiumNpcKernelSlots.inl	ElysiumNpcKernelLifecycle.cpp	-	(base code)	FElysiumNpc	stay:virtual surface	-	species override it
IsAreaClear	method	ElysiumNpcKernelPositions.inl	ElysiumNpcKernelPositions2.cpp,ElysiumNpcKernelSenses10_2.cpp	FElysiumNpcScurrying	(base code)	FElysiumNpc	stay:troika body	-	retail (base code)
IsBusyWithDiscipline	method	ElysiumNpc.h	-	-	-	FElysiumNpc	stay:virtual surface	-	species override it
IsCarriedBreakable	method	ElysiumNpcKernelBosses.inl	ElysiumNpcKernelBosses.cpp	FElysiumNpcHengeyokai	-	FElysiumNpcHengeyokai	move	4g	-
IsDisturbed	method	ElysiumNpcKernelConditions.inl	ElysiumNpcKernelConditions.cpp	FElysiumNpcGhoulCroucher	CNPC_VGhoulCroucher	FElysiumNpcGhoulCroucher	move	4f	-
IsEntityBlacklisted	method	ElysiumNpcKernelBosses.inl	ElysiumNpcKernelBosses.cpp	FElysiumNpcHengeyokai	CNPC_VHengeyokai	FElysiumNpcHengeyokai	move	4g	-
IsForwardHintExemptType	method	ElysiumNpcKernelHints10.inl	ElysiumNpcKernelHints10.cpp	FElysiumNpcWerewolf	-	FElysiumNpcWerewolf	move	4e	-
IsGroundpointExponentValid	method	ElysiumNpcKernelSenses10.inl	ElysiumNpcKernelSenses10_2.cpp	FElysiumNpcWerewolf	-	FElysiumNpcWerewolf	move	4e	-
IsHintUnusable	method	ElysiumNpcKernelHints.inl	ElysiumNpcKernelHints.cpp	-	(base code)	FElysiumNpc	stay:troika body	-	retail (base code)
IsImperativeTeleportHint	method	ElysiumNpcKernelHints.inl	ElysiumNpcKernelHints.cpp	FElysiumNpcWerewolf	CNPC_VWerewolf	FElysiumNpcWerewolf	move	4e	-
IsInDialog	method	ElysiumNpcKernelSocial10.inl	ElysiumNpcKernelSocial10.cpp	-	(base code)	FElysiumNpc	stay:troika body	-	retail (base code)
IsMingXiaoProxy	method	ElysiumNpcKernelBosses.inl	ElysiumNpcKernelBosses2.cpp	FElysiumNpcMingXiao	CNPC_VMingXiao	FElysiumNpcMingXiao	move	4e	-
IsNosferatuTemplate	method	ElysiumNpcKernelSenses10.inl	ElysiumNpcKernelSenses10_2.cpp	FElysiumNpcScurrying	CNPC_VScurrying	FElysiumNpcScurrying	move	4d	-
IsPosNearStoredJumpPositions	method	ElysiumNpcKernelMotor.inl	ElysiumNpcKernelMotor2.cpp	FElysiumNpcAsianVampire	CNPC_VAsianVampire	FElysiumNpcAsianVampire	move	4g	-
IsRetailClass	method	ElysiumNpc.h	ElysiumNpcKernelClassLookup.cpp	-	-	FElysiumNpc	stay:troika api	-	used by moving species bodies
IsScriptDriven	method	ElysiumNpc.h	-	-	-	FElysiumNpc	stay:troika api	-	used by moving species bodies
IsTalking	method	ElysiumNpc.h	-	-	-	FElysiumNpc	stay:troika api	-	used by moving species bodies
IsTeleportHintExcludedType	method	ElysiumNpcKernelHints10.inl	ElysiumNpcKernelHints10.cpp	FElysiumNpcWerewolf	-	FElysiumNpcWerewolf	move	4e	-
IsTentacleConnected	method	ElysiumNpcKernelBosses.inl	ElysiumNpcKernelBosses2.cpp	FElysiumNpcMingXiao	CNPC_VMingXiao	FElysiumNpcMingXiao	move	4e	-
IsTzimisceHintUsable	method	ElysiumNpcKernelHints.inl	ElysiumNpcKernelHints.cpp	FElysiumNpcTzimisce	CNPC_VTzimisce	FElysiumNpcTzimisce	move	4e	-
IsUnreachable	method	ElysiumNpcKernelSlots.inl	ElysiumNpcKernelPositions2.cpp	-	(base code),CNPC_VChangBros	FElysiumNpc	stay:virtual surface	-	species override it
IsUnreachableChang	method	ElysiumNpcKernelPositions.inl	ElysiumNpcKernelPositions2.cpp	FElysiumNpcChangBros	CNPC_VChangBros	FElysiumNpcChangBros	move	4g	-
IsValidBreakHint	method	ElysiumNpcKernelHints.inl	ElysiumNpcKernelHints.cpp	FElysiumNpcWerewolf	CNPC_VWerewolf	FElysiumNpcWerewolf	move	4e	-
IsValidMoveHint	method	ElysiumNpcKernelSenses10.inl	ElysiumNpcKernelSenses10_2.cpp	FElysiumNpcWerewolf	CNPC_VWerewolf	FElysiumNpcWerewolf	move	4e	-
IsValidRandomMoveHint	method	ElysiumNpcKernelSenses10.inl	ElysiumNpcKernelSenses10_2.cpp	FElysiumNpcWerewolf	CNPC_VWerewolf	FElysiumNpcWerewolf	move	4e	-
IsValidTeleportHint	method	ElysiumNpcKernelHints10.inl	ElysiumNpcKernelHints10.cpp	FElysiumNpcWerewolf	CNPC_VWerewolf	FElysiumNpcWerewolf	move	4e	-
IsVec3Invalid	method	ElysiumNpcKernelHints.inl	ElysiumNpcKernelHints.cpp	FElysiumNpcWerewolf	-	FElysiumNpcWerewolf	move	4e	-
IsViewable	method	ElysiumNpcKernelSlots.inl	-	-	(base code)	FElysiumNpc	stay:virtual surface	-	species override it
JumpGravity	field	ElysiumNpc.h	-	-	-	FElysiumNpc	stay:troika api	-	used by moving species bodies
JumpHeight	field	ElysiumNpc.h	-	-	-	FElysiumNpc	stay:troika api	-	used by moving species bodies
JumpOrigin	field	ElysiumNpc.h	-	-	-	FElysiumNpc	stay:troika api	-	used by moving species bodies
JumpPathSector	method	ElysiumNpcKernelHints.inl	ElysiumNpcKernelHints.cpp	FElysiumNpcChangBros	-	FElysiumNpcChangBros	move	4g	-
JumpTarget	field	ElysiumNpc.h	-	-	-	FElysiumNpc	stay:troika api	-	used by moving species bodies
JumpTunableSpeciesOf	method	ElysiumNpcKernelMotor.inl	ElysiumNpcKernelMotor.cpp	-	-	FElysiumNpc	stay:data-query table	-	read by FElysiumNpc::GetMaxJumpSpeed, FElysiumNpc::IsJumpLegal, FElysiumNpc::StepHeight
JumpTunableSpeciesRows	method	ElysiumNpcKernelMotor.inl	ElysiumNpcKernelMotor.cpp	-	-	-	collapse:table	4c	class table: rows become override bodies
KernelHullTrace	method	ElysiumNpcKernelMotor.inl	ElysiumNpcKernelMotor.cpp	-	-	FElysiumNpc	stay:troika api	-	used by moving species bodies
KillBodyEmitters	method	ElysiumNpcKernelDamage.inl	ElysiumNpcKernelDamage2.cpp	FElysiumNpcVampireBoss	CNPC_VVampireBoss	FElysiumNpcVampireBoss	move	4g	-
KillCenterEmitter	method	ElysiumNpcKernelDamage.inl	ElysiumNpcKernelDamage2.cpp	FElysiumNpcChangBros	CNPC_VChangBros	FElysiumNpcChangBros	move	4g	-
KillNamedEmitter	method	ElysiumNpcKernelDamage.inl	ElysiumNpcKernelDamage.cpp	FElysiumNpcVampireBoss	-	FElysiumNpcVampireBoss	move	4g	-
KillSheriff	method	ElysiumNpcKernelDamage.inl	ElysiumNpcKernelDamage2.cpp	FElysiumNpcSheriffMan	CNPC_VSheriffMan	FElysiumNpcSheriffMan	move	4g	-
KillTeleportBats	method	ElysiumNpcKernelPositions.inl	ElysiumNpcKernelPositions2.cpp	FElysiumNpcSheriffMan	CNPC_VSheriffMan	FElysiumNpcSheriffMan	move	4g	-
LasombraCanSeekCover	method	ElysiumNpcKernelMisc.inl	ElysiumNpcKernelMisc.cpp	FElysiumNpcLasombra	(base code),CNPC_VLasombra	FElysiumNpcLasombra	collapse:CanSeekCover	4g	-
LasombraCoverDisableOverride	field	ElysiumNpcKernelMisc.inl	-	FElysiumNpcLasombra	-	FElysiumNpcLasombra	move	4g	-
LastAttackTime	field	ElysiumNpc.h	-	-	-	FElysiumNpc	stay:troika api	-	used by moving species bodies
LastAttackTimeElapsed	method	ElysiumNpcKernelDamage.inl	ElysiumNpcKernelDamage.cpp	FElysiumNpcVampireBoss	CNPC_VVampireBoss	FElysiumNpcVampireBoss	move	4g	-
LastComponentFactoryBody	field	ElysiumNpcKernelMisc.inl	-	-	-	FElysiumNpc	stay:troika api	-	used by moving species bodies
LastJumpPosition	field	ElysiumNpcKernelMotor.inl	-	FElysiumNpcAsianVampire	-	FElysiumNpcAsianVampire	move	4g	-
LastJumpPositionIdx	field	ElysiumNpcKernelMotor.inl	-	FElysiumNpcAsianVampire	-	FElysiumNpcAsianVampire	move	4g	-
LastJumpTime	field	ElysiumNpcKernelMotor.inl	-	FElysiumNpcChangBros	-	FElysiumNpcChangBros	move	4g	-
LastOnStateChangeNewRetail	field	ElysiumNpcKernelState19.inl	-	-	-	FElysiumNpc	stay:troika api	-	used by moving species bodies
LastOnStateChangeOldRetail	field	ElysiumNpcKernelState19.inl	-	-	-	FElysiumNpc	stay:troika api	-	used by moving species bodies
LastSetSizeMaxsUnits	field	ElysiumNpcKernelMotor10.inl	-	-	-	FElysiumNpc	stay:troika api	-	used by moving species bodies
LastSetSizeMinsUnits	field	ElysiumNpcKernelMotor10.inl	-	-	-	FElysiumNpc	stay:troika api	-	used by moving species bodies
LastSeveredTentacle	field	ElysiumNpcKernelBosses.inl	-	FElysiumNpcMingXiao	-	FElysiumNpcMingXiao	move	4e	-
LastSpotIndex	field	ElysiumNpc.h	-	-	-	FElysiumNpc	stay:troika api	-	used by moving species bodies
LaunchRagdollTowardTarget	method	ElysiumNpcKernelDamage.inl	ElysiumNpcKernelDamage2.cpp	FElysiumNpcMingXiao	CNPC_VMingXiao	FElysiumNpcMingXiao	move	4e	-
LeaveInterestingPlaceOnRemove	method	ElysiumNpcKernelSaveRestore10.inl	ElysiumNpcKernelSaveRestore10.cpp	-	(base code)	FElysiumNpc	stay:troika body	-	retail (base code)
LinkedCamera	field	ElysiumNpcKernelDialogue.inl	-	FElysiumNpcCameraSecurity	-	FElysiumNpcCameraSecurity	move	4d	-
LinkedCameraName	field	ElysiumNpcKernelDialogue.inl	-	FElysiumNpcCameraSecurity	-	FElysiumNpcCameraSecurity	move	4d	-
LoadNewscasterStories	method	ElysiumNpcKernelSpeciesMisc10.inl	ElysiumNpcKernelSpeciesMisc10.cpp	FElysiumNpcNewscaster	CNPC_VNewscaster	FElysiumNpcNewscaster	move	4d	-
LoadedSchedules	method	ElysiumNpcKernelSlots.inl	ElysiumNpcKernelSchedule.cpp	-	(base code)	FElysiumNpc	stay:virtual surface	-	species override it
LookupBoneByName	method	ElysiumNpcKernelBosses.inl	ElysiumNpcKernelBosses.cpp	-	-	FElysiumNpc	stay:troika api	-	used by moving species bodies
LostEnemySound	method	ElysiumNpcKernelSlots.inl	ElysiumNpcKernelSounds10.cpp	-	(base code),CNPC_VCamera	FElysiumNpc	stay:virtual surface	-	species override it
ManBatAccelerationCvar	method	ElysiumNpcKernelBosses.inl	ElysiumNpcKernelBosses.cpp	FElysiumNpcManBat	-	FElysiumNpcManBat	move	4g	-
ManBatBlastEmitter	field	ElysiumNpcKernelSpeciesMisc10.inl	-	FElysiumNpcManBat	-	FElysiumNpcManBat	move	4g	-
ManBatFValidateHintType	method	ElysiumNpcKernelHints10.inl	ElysiumNpcKernelHints10.cpp	FElysiumNpcManBat	CNPC_VManBat	FElysiumNpcManBat	collapse:FValidateHintType	4g	-
ManBatFindMoveGoalHint	method	ElysiumNpcKernelBosses.inl	ElysiumNpcKernelBosses.cpp	FElysiumNpcManBat	CNPC_VManBat	FElysiumNpcManBat	move	4g	-
ManBatFlapDelaySeconds	field	ElysiumNpcKernelLifecycle19.inl	-	FElysiumNpcManBat	-	FElysiumNpcManBat	move	4g	-
ManBatFlapTimer	field	ElysiumNpcKernelBosses.inl	-	FElysiumNpcManBat	-	FElysiumNpcManBat	move	4g	-
ManBatFlyByTarget	field	ElysiumNpcKernelBosses.inl	-	FElysiumNpcManBat	-	FElysiumNpcManBat	move	4g	-
ManBatFlyNode	field	ElysiumNpcKernelBosses.inl	-	FElysiumNpcManBat	-	FElysiumNpcManBat	move	4g	-
ManBatFlyTimer	field	ElysiumNpcKernelLifecycle19.inl	-	FElysiumNpcManBat	-	FElysiumNpcManBat	move	4g	-
ManBatHintIndex	field	ElysiumNpcKernelHints10.inl	-	FElysiumNpcManBat	-	FElysiumNpcManBat	move	4g	-
ManBatHintMode	method	ElysiumNpcKernelHints10.inl	ElysiumNpcKernelHints10.cpp	FElysiumNpcManBat	-	FElysiumNpcManBat	move	4g	-
ManBatHintModeWord	field	ElysiumNpcKernelHints10.inl	-	FElysiumNpcManBat	-	FElysiumNpcManBat	move	4g	-
ManBatHintName	method	ElysiumNpcKernelHints10.inl	ElysiumNpcKernelHints10.cpp	FElysiumNpcManBat	-	FElysiumNpcManBat	move	4g	-
ManBatHudEmitter	field	ElysiumNpcKernelSpeciesMisc10.inl	-	FElysiumNpcManBat	-	FElysiumNpcManBat	move	4g	-
ManBatMoveGoalNodeId	field	ElysiumNpcKernelBosses.inl	-	FElysiumNpcManBat	-	FElysiumNpcManBat	move	4g	-
ManBatMoveGoalNodeMode	field	ElysiumNpcKernelBosses.inl	-	FElysiumNpcManBat	-	FElysiumNpcManBat	move	4g	-
ManBatNPCInit	method	ElysiumNpcKernelLifecycle19.inl	ElysiumNpcKernelLifecycle19_2.cpp	FElysiumNpcManBat	-	FElysiumNpcManBat	collapse:NPCInit	4g	-
ManBatPhysicsAnimlink	field	ElysiumNpcKernelBosses.inl	-	FElysiumNpcHengeyokai	-	FElysiumNpcHengeyokai	move	4g	-
ManBatPickupTarget	field	ElysiumNpcKernelBosses.inl	-	FElysiumNpcHengeyokai	-	FElysiumNpcHengeyokai	move	4g	-
ManBatPlayerEmitter	field	ElysiumNpcKernelSpeciesMisc10.inl	-	FElysiumNpcManBat	-	FElysiumNpcManBat	move	4g	-
ManBatPrecache	method	ElysiumNpcKernelPrecache10.inl	ElysiumNpcKernelPrecache10.cpp	FElysiumNpcManBat	CNPC_VManBat	FElysiumNpcManBat	collapse:Precache	4g	-
ManBatReleaseSlowedEntity	method	ElysiumNpcKernelSpeciesMisc10.inl	ElysiumNpcKernelSpeciesMisc10.cpp	FElysiumNpcManBat	CNPC_VManBat	FElysiumNpcManBat	move	4g	-
ManBatScreechCone	field	ElysiumNpcKernelSpeciesMisc10.inl	-	FElysiumNpcManBat	-	FElysiumNpcManBat	move	4g	-
ManBatSelectSchedule	method	ElysiumNpcKernelSchedule.inl	ElysiumNpcKernelSchedule.cpp	FElysiumNpcManBat	CNPC_VManBat	FElysiumNpcManBat	collapse:SpeciesSelectSchedule	4g	-
ManBatSlowedEntity	field	ElysiumNpcKernelSpeciesMisc10.inl	-	FElysiumNpcManBat	-	FElysiumNpcManBat	move	4g	-
ManBatSlowedExpire	field	ElysiumNpcKernelMisc.inl	-	FElysiumNpcManBat	-	FElysiumNpcManBat	move	4g	-
ManBatStartScreechCone	method	ElysiumNpcKernelSpeciesMisc10.inl	ElysiumNpcKernelSpeciesMisc10.cpp	FElysiumNpcManBat	CNPC_VManBat	FElysiumNpcManBat	move	4g	-
ManBatStationaryWatch	method	ElysiumNpcKernelBosses.inl	ElysiumNpcKernelBosses.cpp	FElysiumNpcManBat	CNPC_VManBat	FElysiumNpcManBat	move	4g	-
ManBatTeleportPositionUnits	field	ElysiumNpcKernelBosses.inl	-	FElysiumNpcManBat	-	FElysiumNpcManBat	move	4g	-
ManBatValidateHintType	method	ElysiumNpcKernelHints10.inl	ElysiumNpcKernelHints10.cpp	FElysiumNpcManBat	-	FElysiumNpcManBat	move	4g	-
MapFirstSecond	field	ElysiumNpcKernelLifecycle19.inl	-	-	-	FElysiumNpc	stay:troika api	-	used by moving species bodies
MatchOriginAnglesCalls	field	ElysiumNpcKernelSpeciesMisc10.inl	-	FElysiumNpcWerewolf	-	FElysiumNpcWerewolf	move	4e	-
MaxYawSpeed	method	ElysiumNpcKernelSlots.inl	ElysiumNpcKernelMotor.cpp	-	(base code),CNPC_VDog,CNPC_VMingXiao,CNPC_VTzimisce	FElysiumNpc	stay:virtual surface	-	species override it
MaxYawSpeedDog	method	ElysiumNpcKernelMotor.inl	ElysiumNpcKernelMotor.cpp	FElysiumNpcDog	CNPC_VDog	FElysiumNpcDog	collapse:MaxYawSpeed	4d	-
MaxYawSpeedMingXiao	method	ElysiumNpcKernelMotor.inl	ElysiumNpcKernelMotor.cpp	FElysiumNpcMingXiao	CNPC_VMingXiao	FElysiumNpcMingXiao	move	4e	-
MaxYawSpeedSpeciesRows	method	ElysiumNpcKernelMotor.inl	ElysiumNpcKernelMotor.cpp	-	-	-	collapse:table	4c	class table: rows become override bodies
MaxYawSpeedTurningArm	method	ElysiumNpcKernelMotor.inl	ElysiumNpcKernelMotor.cpp	-	(base code)	FElysiumNpc	stay:troika body	-	retail (base code)
MaxYawSpeedTzimisce	method	ElysiumNpcKernelMotor.inl	ElysiumNpcKernelMotor.cpp	FElysiumNpcTzimisce	CNPC_VTzimisce	FElysiumNpcTzimisce	collapse:MaxYawSpeed	4e	-
MeleeCanEnterTimer	field	ElysiumNpc.h	-	-	-	FElysiumNpc	stay:troika api	-	used by moving species bodies
MeleeCoordinatorAdmits599	method	ElysiumNpcKernelTroikaHelpers.inl	ElysiumNpcKernelTroikaHelpers.cpp	-	(base code)	FElysiumNpc	stay:troika body	-	retail (base code)
MeleeCoordinatorAdmits600	method	ElysiumNpcKernelTroikaHelpers.inl	ElysiumNpcKernelTroikaHelpers.cpp	-	(base code)	FElysiumNpc	stay:troika body	-	retail (base code)
MeleeCoordinatorHasRoom	method	ElysiumNpcKernelTroikaHelpers.inl	ElysiumNpcKernelTroikaHelpers.cpp	-	(base code)	FElysiumNpc	stay:troika body	-	retail (base code)
MeleeCoordinatorHoldsMe	method	ElysiumNpcKernelTroikaHelpers.inl	ElysiumNpcKernelTroikaHelpers.cpp	-	(base code)	FElysiumNpc	stay:troika body	-	retail (base code)
MeleeCoordinatorReleases	field	ElysiumNpcKernelBosses.inl	-	-	-	FElysiumNpc	stay:troika api	-	used by moving species bodies
MeleeEventFires	field	ElysiumNpcKernelBosses.inl	-	-	-	FElysiumNpc	stay:troika api	-	used by moving species bodies
MeleeMustLeaveTimer	field	ElysiumNpc.h	-	-	-	FElysiumNpc	stay:troika api	-	used by moving species bodies
MeleeRangeUnits	method	ElysiumNpcKernelTroikaHelpers.inl	ElysiumNpcKernelTroikaHelpers.cpp	-	-	FElysiumNpc	stay:troika api	-	used by moving species bodies
MeleeScheduleFailureGate	method	ElysiumNpcKernelSchedule.inl	ElysiumNpcKernelSchedule.cpp	-	(base code)	FElysiumNpc	stay:troika body	-	retail (base code)
Mind	field	ElysiumNpc.h	-	-	-	FElysiumNpc	stay:troika api	-	used by moving species bodies
MingXiaoAttackTimers	field	ElysiumNpcKernelBosses.inl	-	FElysiumNpcMingXiao	-	FElysiumNpcMingXiao	move	4e	-
MingXiaoConnectedTentacleCount	field	ElysiumNpcKernelBosses.inl	-	FElysiumNpcMingXiao	-	FElysiumNpcMingXiao	move	4e	-
MingXiaoDrawDebugGeometryOverlays	method	ElysiumNpcKernelDebug10.inl	ElysiumNpcKernelDebug10_2.cpp	FElysiumNpcMingXiao	CNPC_VMingXiao	FElysiumNpcMingXiao	collapse:DrawDebugGeometryOverlays	4e	-
MingXiaoFindThrowObject	method	ElysiumNpcKernelDamage.inl	ElysiumNpcKernelDamage2.cpp	FElysiumNpcMingXiao	-	FElysiumNpcMingXiao	move	4e	-
MingXiaoGetShootEnemyDir	method	ElysiumNpcKernelSenses10.inl	ElysiumNpcKernelSenses10_2.cpp	FElysiumNpcMingXiao	-	FElysiumNpcMingXiao	collapse:GetShootEnemyDir	4e	-
MingXiaoHealthToPercent	method	ElysiumNpcKernelCombat10.inl	ElysiumNpcKernelCombat10.cpp	FElysiumNpcMingXiao	CNPC_VMingXiao	FElysiumNpcMingXiao	collapse:HealthToPercent	4e	-
MingXiaoLimbPresent	method	ElysiumNpcKernelCombat10.inl	ElysiumNpcKernelCombat10.cpp	FElysiumNpcMingXiao	CNPC_VMingXiao	FElysiumNpcMingXiao	move	4e	-
MingXiaoMaxYawSpeed	method	ElysiumNpcKernelMotor.inl	ElysiumNpcKernelMotor.cpp	FElysiumNpcMingXiao	CNPC_VMingXiao	FElysiumNpcMingXiao	collapse:MaxYawSpeed	4e	-
MingXiaoOnChangeActivity	method	ElysiumNpcKernelFacing.inl	ElysiumNpcKernelFacing.cpp	FElysiumNpcMingXiao	CNPC_VMingXiao	FElysiumNpcMingXiao	collapse:OnChangeActivity	4e	-
MingXiaoPedestalAimPoint	method	ElysiumNpcKernelBosses.inl	ElysiumNpcKernelBosses2.cpp	FElysiumNpcMingXiao	CNPC_VMingXiao	FElysiumNpcMingXiao	move	4e	-
MingXiaoPedestalCvar	method	ElysiumNpcKernelBosses.inl	ElysiumNpcKernelBosses.cpp	FElysiumNpcMingXiao	-	FElysiumNpcMingXiao	move	4e	-
MingXiaoPhysicsAnimlink	field	ElysiumNpcKernelDamage.inl	-	FElysiumNpcMingXiao	-	FElysiumNpcMingXiao	move	4e	-
MingXiaoPickupCooldownA	field	ElysiumNpcKernelDamage.inl	-	FElysiumNpcMingXiao	-	FElysiumNpcMingXiao	move	4e	-
MingXiaoPickupCooldownB	field	ElysiumNpcKernelDamage.inl	-	FElysiumNpcMingXiao	-	FElysiumNpcMingXiao	move	4e	-
MingXiaoPickupSavedForward	field	ElysiumNpcKernelDamage.inl	-	FElysiumNpcMingXiao	-	FElysiumNpcMingXiao	move	4e	-
MingXiaoPickupTargetPos	field	ElysiumNpcKernelDamage.inl	-	FElysiumNpcMingXiao	-	FElysiumNpcMingXiao	move	4e	-
MingXiaoPlaybackScalar	method	ElysiumNpcKernelFacing.inl	ElysiumNpcKernelFacing.cpp	FElysiumNpcMingXiao	CNPC_VMingXiao	FElysiumNpcMingXiao	move	4e	-
MingXiaoPrecache	method	ElysiumNpcKernelPrecache10.inl	ElysiumNpcKernelPrecache10.cpp	FElysiumNpcMingXiao	CNPC_VMingXiao	FElysiumNpcMingXiao	collapse:Precache	4e	-
MingXiaoProxyReadyTimer	field	ElysiumNpcKernelBosses.inl	-	-	-	FElysiumNpc	stay:troika api	-	used by moving species bodies
MingXiaoProxySlots	field	ElysiumNpcKernelLifecycle.inl	-	-	-	FElysiumNpc	stay:troika api	-	used by moving species bodies
MingXiaoRegrowTimerCount	field	ElysiumNpcKernelSaveRestore10.inl	-	-	-	FElysiumNpcMingXiao	move	4e	array bound of MingXiao's own Save/Restore words
MingXiaoRegrowTimers	field	ElysiumNpcKernelSaveRestore10.inl	-	FElysiumNpcMingXiao	-	FElysiumNpcMingXiao	move	4e	-
MingXiaoResolveTaskDistance	method	ElysiumNpcKernelSchedule.inl	ElysiumNpcKernelSchedule.cpp	FElysiumNpcMingXiao	CNPC_VMingXiao	FElysiumNpcMingXiao	collapse:ResolveTaskDistance	4e	-
MingXiaoRestore	method	ElysiumNpcKernelSaveRestore10.inl	ElysiumNpcKernelSaveRestore10.cpp	FElysiumNpcMingXiao	CNPC_VMingXiao	FElysiumNpcMingXiao	collapse:Restore	4e	-
MingXiaoSave	method	ElysiumNpcKernelSaveRestore10.inl	ElysiumNpcKernelSaveRestore10.cpp	FElysiumNpcMingXiao	CNPC_VMingXiao	FElysiumNpcMingXiao	collapse:Save	4e	-
MingXiaoSelectScheduleRangedCombat	method	ElysiumNpcKernelCombat10.inl	ElysiumNpcKernelCombat10_2.cpp	FElysiumNpcMingXiao	CNPC_VMingXiao	FElysiumNpcMingXiao	collapse:SelectScheduleRangedCombat	4e	-
MingXiaoSeveredTentacleMask	field	ElysiumNpcKernelBosses.inl	-	FElysiumNpcMingXiao	-	FElysiumNpcMingXiao	move	4e	-
MingXiaoSpitAttackTimer	field	ElysiumNpcKernelDamage.inl	-	FElysiumNpcMingXiaoTentacle	-	FElysiumNpcMingXiaoTentacle	move	4d	-
MingXiaoTaskFail	method	ElysiumNpcKernelConditions10.inl	ElysiumNpcKernelConditions10.cpp	FElysiumNpcMingXiao	CNPC_VMingXiao	FElysiumNpcMingXiao	collapse:TaskFail	4e	-
MingXiaoTentacleCache	method	ElysiumNpcKernelLifecycle19.inl	ElysiumNpcKernelLifecycle19.cpp	FElysiumNpcMingXiaoTentacle	-	FElysiumNpcMingXiaoTentacle	move	4d	-
MingXiaoTentacleCompanion	method	ElysiumNpcKernelMotor.inl	ElysiumNpcKernelMotor.cpp	FElysiumNpcMingXiaoTentacle	-	FElysiumNpcMingXiaoTentacle	collapse:CanStandOn	4d	-
MingXiaoTentacleHead	method	ElysiumNpcKernelSpecies.inl	ElysiumNpcKernelSpecies2.cpp	FElysiumNpcMingXiaoTentacle	-	FElysiumNpcMingXiaoTentacle	move	4d	-
MingXiaoTentacleId	field	ElysiumNpcKernelBosses.inl	-	FElysiumNpcMingXiao	-	FElysiumNpcMingXiao	move	4e	-
MingXiaoTentacleOnRestore	method	ElysiumNpcKernelLifecycle19.inl	ElysiumNpcKernelLifecycle19.cpp	FElysiumNpcMingXiaoTentacle	-	FElysiumNpcMingXiaoTentacle	collapse:OnRestore	4d	-
MingXiaoTentaclePhaseExpireTimer	field	ElysiumNpcKernelSaveRestore10.inl	-	FElysiumNpcMingXiaoTentacle	-	FElysiumNpcMingXiaoTentacle	move	4d	-
MingXiaoTentaclePreSelectSchedule	method	ElysiumNpcKernelSchedule.inl	ElysiumNpcKernelSchedule.cpp	FElysiumNpcMingXiaoTentacle	CNPC_VMingXiaoTentacle	FElysiumNpcMingXiaoTentacle	collapse:PreSelectSchedule	4d	-
MingXiaoTentaclePrecache	method	ElysiumNpcKernelPrecache10.inl	ElysiumNpcKernelPrecache10.cpp	FElysiumNpcMingXiaoTentacle	CNPC_VMingXiaoTentacle	FElysiumNpcMingXiaoTentacle	collapse:Precache	4d	-
MingXiaoTentacleRestore	method	ElysiumNpcKernelSaveRestore10.inl	ElysiumNpcKernelSaveRestore10.cpp	FElysiumNpcMingXiaoTentacle	CNPC_VMingXiaoTentacle	FElysiumNpcMingXiaoTentacle	collapse:Restore	4d	-
MingXiaoTentacleSave	method	ElysiumNpcKernelSaveRestore10.inl	ElysiumNpcKernelSaveRestore10.cpp	FElysiumNpcMingXiaoTentacle	CNPC_VMingXiaoTentacle	FElysiumNpcMingXiaoTentacle	collapse:Save	4d	-
MingXiaoTentacleSelectSchedule	method	ElysiumNpcKernelSchedule.inl	ElysiumNpcKernelSchedule.cpp	FElysiumNpcMingXiaoTentacle	CNPC_VMingXiaoTentacle	FElysiumNpcMingXiaoTentacle	collapse:SpeciesSelectSchedule	4d	-
MingXiaoTentacleTranslateSchedule	method	ElysiumNpcKernelTranslate19.inl	ElysiumNpcKernelTranslate19.cpp	FElysiumNpcMingXiaoTentacle	CNPC_VMingXiaoTentacle	FElysiumNpcMingXiaoTentacle	collapse:TranslateScheduleRetail	4d	-
MingXiaoThrowAttack	method	ElysiumNpcKernelDamage.inl	ElysiumNpcKernelDamage2.cpp	FElysiumNpcMingXiao	CNPC_VMingXiao	FElysiumNpcMingXiao	move	4e	-
MingXiaoThrowCleanup	method	ElysiumNpcKernelDamage.inl	ElysiumNpcKernelDamage2.cpp	FElysiumNpcMingXiao	CNPC_VMingXiao	FElysiumNpcMingXiao	move	4e	-
MingXiaoThrowCvar	method	ElysiumNpcKernelDamage.inl	ElysiumNpcKernelDamage.cpp	FElysiumNpcMingXiao	CNPC_VMingXiao	FElysiumNpcMingXiao	move	4e	-
MingXiaoThrowObject	field	ElysiumNpcKernelBosses.inl	-	FElysiumNpcMingXiao	-	FElysiumNpcMingXiao	move	4e	-
MingXiaoThrowSpeed	method	ElysiumNpcKernelDamage.inl	ElysiumNpcKernelDamage2.cpp	FElysiumNpcMingXiao	CNPC_VMingXiao	FElysiumNpcMingXiao	move	4e	-
MingXiaoThrowableObjectMode	field	ElysiumNpcKernelBosses.inl	-	FElysiumNpcMingXiao	-	FElysiumNpcMingXiao	move	4e	-
MingXiaoThrowingTentacle	field	ElysiumNpcKernelBosses.inl	-	FElysiumNpcMingXiao	-	FElysiumNpcMingXiao	move	4e	-
MingXiaoTranslateSchedule	method	ElysiumNpcKernelTranslate19.inl	ElysiumNpcKernelTranslate19.cpp	FElysiumNpcMingXiao	CNPC_VMingXiao	FElysiumNpcMingXiao	collapse:TranslateScheduleRetail	4e	-
MingXiaoUpdateOnRemove	method	ElysiumNpcKernelSaveRestore10.inl	ElysiumNpcKernelSaveRestore10.cpp	FElysiumNpcMingXiao	CNPC_VMingXiao	FElysiumNpcMingXiao	collapse:UpdateOnRemove	4e	-
MiscFlagBaseFightingItems	field	ElysiumNpcKernelCombat10.inl	-	-	-	FElysiumNpc	stay:troika api	-	used by moving species bodies
ModeIndexGrub	field	ElysiumNpcKernelPrecache10.inl	-	FElysiumNpcMingXiaoTentacle	-	FElysiumNpcMingXiaoTentacle	move	4d	-
ModeIndexGrubToProxy	field	ElysiumNpcKernelPrecache10.inl	-	FElysiumNpcMingXiaoTentacle	-	FElysiumNpcMingXiaoTentacle	move	4d	-
ModeIndexTentacleToGrub	field	ElysiumNpcKernelPrecache10.inl	-	FElysiumNpcMingXiaoTentacle	-	FElysiumNpcMingXiaoTentacle	move	4d	-
MotionTrail	field	ElysiumNpcKernelFacing.inl	-	-	-	FElysiumNpc	stay:troika api	-	used by moving species bodies
MotorCancelLinkFacing	method	ElysiumNpcKernelMotor.inl	ElysiumNpcKernelMotor.cpp	FElysiumNpcHengeyokai	-	FElysiumNpcHengeyokai	move	4g	-
MotorSeams	field	ElysiumNpcKernelMotor.inl	-	-	-	FElysiumNpc	stay:troika api	-	used by moving species bodies
MotorYawHalfTurn	field	ElysiumNpcKernelLifecycle19.inl	-	-	-	FElysiumNpc	stay:troika api	-	used by moving species bodies
MoveDistance	field	ElysiumNpcKernelSounds10.inl	-	-	-	FElysiumNpc	stay:troika api	-	used by moving species bodies
MoveGoalNodeId	field	ElysiumNpcKernelSchedule.inl	-	FElysiumNpcManBat	-	FElysiumNpcManBat	move	4g	-
MoveHintNode	field	ElysiumNpcKernelHints.inl	-	FElysiumNpcWerewolf	-	FElysiumNpcWerewolf	move	4e	-
MoveProbeFloorDrop	method	ElysiumNpcKernelLifecycle19.inl	ElysiumNpcKernelLifecycle19.cpp	-	(base code)	FElysiumNpc	stay:troika body	-	retail (base code)
MovedPosition	field	ElysiumNpcKernelMotor.inl	-	FElysiumNpcAsianVampire	-	FElysiumNpcAsianVampire	move	4g	-
MovedTimeStamp	field	ElysiumNpcKernelMotor.inl	-	FElysiumNpcAsianVampire	-	FElysiumNpcAsianVampire	move	4g	-
NPCInit	method	ElysiumNpcKernelSlots.inl	ElysiumNpcKernelLifecycle19.cpp	-	(base code),CNPC_VAndreiBlood,CNPC_VAsianVampire,CNPC_VBach,CNPC_VCamera,CNPC_VChangBros,CNPC_VChangBrosBlade,CNPC_VChangBrosClaw,CNPC_VCop,CNPC_VFrenzyShadow,CNPC_VGargoyle,CNPC_VGhoulCroucher,CNPC_VGuard1,CNPC_VHengeyokai,CNPC_VHumanCombatant,CNPC_VManBat,CNPC_VNewscaster,CNPC_VPedestrian,CNPC_VPlaceholder,CNPC_VPlayerController,CNPC_VSabbatLeader,CNPC_VSheriffMan,CNPC_VTaxiDriver,CNPC_VTzimisce,CNPC_VTzimisceHeadClaw,CNPC_VVampireBoss,CNPC_VWerewolf,CNPC_VWolfMorph,CNPC_VYukie,CNPC_VZombie,CPayphone	FElysiumNpc	stay:virtual surface	-	species override it
NPCThink	method	ElysiumNpcKernelSlots.inl	-	-	CNPC_VAndreiBlood,CNPC_VAsianVampire,CNPC_VCamera,CNPC_VChangBros,CNPC_VFrenzyShadow,CNPC_VGhoulCroucher,CNPC_VMingXiao,CNPC_VNewscaster,CNPC_VPlayerController,CNPC_VSheriffMan,CNPC_VTzimisce,CNPC_VVampireBoss,CNPC_VWerewolf,CNPC_VZombie	FElysiumNpc	stay:virtual surface	-	species override it
NPC_EarlyTranslateActivity	method	ElysiumNpcKernelSlots.inl	ElysiumNpcKernelAnim10.cpp	-	(base code),CNPC_VDog,CNPC_VHengeyokai,CNPC_VHuman,CNPC_VTzimisce,CNPC_VTzimisceRunner	FElysiumNpc	stay:virtual surface	-	species override it
NavAllHintNodes	method	ElysiumNpcKernelMotor.inl	ElysiumNpcKernelMotor.cpp	FElysiumNpcVampireBoss	-	FElysiumNpcVampireBoss	move	4g	-
NavHintNodeOrigin	method	ElysiumNpcKernelMotor.inl	ElysiumNpcKernelMotor.cpp	-	-	FElysiumNpc	stay:troika api	-	used by moving species bodies
NavHintNodeType	method	ElysiumNpcKernelMotor.inl	ElysiumNpcKernelMotor.cpp	-	-	FElysiumNpc	stay:troika api	-	used by moving species bodies
NavIgnoreCollision	method	ElysiumNpcKernelSlots.inl	ElysiumNpcKernelMotor.cpp	-	(base code)	FElysiumNpc	stay:virtual surface	-	species override it
NavIsGoalActive	method	ElysiumNpcKernelMotor.inl	ElysiumNpcKernelMotor.cpp	-	(base code)	FElysiumNpc	stay:troika body	-	retail (base code)
NavNearestNodeTo	method	ElysiumNpcKernelPositions.inl	ElysiumNpcKernelPositions.cpp	FElysiumNpcWerewolf	CNPC_VWerewolf	FElysiumNpcWerewolf	move	4e	-
NavOnNavFailed	method	ElysiumNpcKernelMotor.inl	ElysiumNpcKernelMotor.cpp	FElysiumNpcHengeyokai	(base code)	FElysiumNpc	stay:troika body	-	retail (base code)
NavStopMoving	method	ElysiumNpcKernelMotor.inl	ElysiumNpcKernelMotor.cpp	-	-	FElysiumNpc	stay:troika api	-	used by moving species bodies
NavigationGoalClears	field	ElysiumNpcKernelLifecycle19.inl	-	-	-	FElysiumNpc	stay:troika api	-	used by moving species bodies
Navigator	field	ElysiumNpcKernelMotor.inl	-	-	-	FElysiumNpc	stay:troika api	-	used by moving species bodies
NavigatorCanReach	method	ElysiumNpcKernelBosses.inl	ElysiumNpcKernelBosses.cpp	FElysiumNpcManBat	-	FElysiumNpcManBat	move	4g	-
NavigatorGoalType	method	ElysiumNpcKernelSchedule.inl	ElysiumNpcKernelSchedule.cpp	FElysiumNpcManBat	(base code)	FElysiumNpc	stay:troika body	-	retail (base code)
NavigatorUnreachableMarks	field	ElysiumNpcKernelSenses.inl	-	-	-	FElysiumNpc	stay:troika api	-	used by moving species bodies
NearestNavigatorNode	method	ElysiumNpcKernelSenses10.inl	ElysiumNpcKernelSenses10_2.cpp	FElysiumNpcScurrying	(base code)	FElysiumNpc	stay:troika body	-	retail (base code)
NearestNodeToPlayer	field	ElysiumNpcKernelPositions.inl	-	FElysiumNpcWerewolf	-	FElysiumNpcWerewolf	move	4e	-
NearestNodeToPlayerRefreshedAt	field	ElysiumNpcKernelPositions.inl	-	FElysiumNpcWerewolf	-	FElysiumNpcWerewolf	move	4e	-
NearestPointOnEntity	method	ElysiumNpcKernelGeometry.inl	ElysiumNpcKernelGeometry.cpp	FElysiumNpcWerewolf	(base code)	FElysiumNpc	stay:troika body	-	retail (base code)
NeverThinkSentinel	field	ElysiumNpcKernelLifecycle19.inl	-	-	-	FElysiumNpc	stay:troika api	-	used by moving species bodies
NewscasterDrawDebugTextOverlays	method	ElysiumNpcKernelDebug10.inl	ElysiumNpcKernelDebug10.cpp	FElysiumNpcNewscaster	CNPC_VNewscaster	FElysiumNpcNewscaster	collapse:DrawDebugTextOverlays	4d	-
NewscasterMainCursor	field	ElysiumNpcKernelSpecies.inl	-	FElysiumNpcNewscaster	-	FElysiumNpcNewscaster	move	4d	-
NewscasterMainStories	field	ElysiumNpcKernelSpecies.inl	-	FElysiumNpcNewscaster	-	FElysiumNpcNewscaster	move	4d	-
NewscasterNPCInit	method	ElysiumNpcKernelLifecycle19.inl	ElysiumNpcKernelLifecycle19_2.cpp	FElysiumNpcNewscaster	-	FElysiumNpcNewscaster	collapse:NPCInit	4d	-
NewscasterPlayedFiles	field	ElysiumNpcKernelSpeciesMisc10.inl	-	FElysiumNpcNewscaster	-	FElysiumNpcNewscaster	move	4d	-
NewscasterPlayerPresent	method	ElysiumNpcKernelSpeciesMisc10.inl	ElysiumNpcKernelSpeciesMisc10.cpp	FElysiumNpcNewscaster	(base code)	FElysiumNpc	stay:troika body	-	retail (base code)
NewscasterPlayingSide	field	ElysiumNpcKernelSpecies.inl	-	FElysiumNpcNewscaster	-	FElysiumNpcNewscaster	move	4d	-
NewscasterPrecache	method	ElysiumNpcKernelPrecache10.inl	ElysiumNpcKernelPrecache10.cpp	FElysiumNpcNewscaster	CNPC_VNewscaster	FElysiumNpcNewscaster	collapse:Precache	4d	-
NewscasterSideCursor	field	ElysiumNpcKernelSpecies.inl	-	FElysiumNpcNewscaster	-	FElysiumNpcNewscaster	move	4d	-
NewscasterSideStories	field	ElysiumNpcKernelSpecies.inl	-	FElysiumNpcNewscaster	-	FElysiumNpcNewscaster	move	4d	-
NewscasterStoryOverlayLines	method	ElysiumNpcKernelDebug10.inl	ElysiumNpcKernelDebug10.cpp	FElysiumNpcNewscaster	CNPC_VNewscaster	FElysiumNpcNewscaster	move	4d	-
NewscasterUpdateOnRemove	method	ElysiumNpcKernelSaveRestore10.inl	ElysiumNpcKernelSaveRestore10.cpp	FElysiumNpcNewscaster	CNPC_VNewscaster	FElysiumNpcNewscaster	collapse:UpdateOnRemove	4d	-
NextAttackTime	field	ElysiumNpcKernelConditions.inl	-	-	-	FElysiumNpc	stay:troika api	-	used by moving species bodies
NextCrosswalkUpdateTime	field	ElysiumNpc.h	-	-	-	FElysiumNpc	stay:troika api	-	used by moving species bodies
NextPedInteractTime	field	ElysiumNpc.h	-	-	-	FElysiumNpc	stay:troika api	-	used by moving species bodies
NodeGraphHullIndex	method	ElysiumNpcKernelLifecycle19.inl	ElysiumNpcKernelLifecycle19.cpp	FElysiumNpcVampire	-	FElysiumNpcVampire	move	4g	-
NotifyOwnedCopiesOfOwnerMove	method	ElysiumNpcKernelGeometry.inl	ElysiumNpcKernelGeometry.cpp	FElysiumNpcMingXiaoTentacle	CNPC_VMingXiao,CNPC_VMingXiaoTentacle	FElysiumNpcMingXiaoTentacle	move	4d	-
NotifyOwnerOfMyMove	method	ElysiumNpcKernelGeometry.inl	ElysiumNpcKernelGeometry.cpp	FElysiumNpcMingXiaoTentacle	CNPC_VMingXiaoTentacle	FElysiumNpcMingXiaoTentacle	move	4d	-
NotifyScatterCenter	method	ElysiumNpcKernelGeometry.inl	ElysiumNpcKernelGeometry.cpp	-	(base code)	FElysiumNpc	stay:troika body	-	retail (base code)
NpcBody	field	ElysiumNpcKernelAnim.inl	-	-	-	FElysiumNpc	stay:troika api	-	used by moving species bodies
NpcFlags	field	ElysiumNpc.h	-	-	-	FElysiumNpc	stay:troika api	-	used by moving species bodies
NpcInitInlineThinkCalls	field	ElysiumNpcKernelLifecycle19.inl	-	-	-	FElysiumNpc	stay:troika api	-	used by moving species bodies
NpcInitThinkDelay	field	ElysiumNpcKernelLifecycle19.inl	-	-	-	FElysiumNpc	stay:troika api	-	used by moving species bodies
NpcInitThinkFunction	method	ElysiumNpcKernelLifecycle19.inl	ElysiumNpcKernelLifecycle19.cpp	-	-	FElysiumNpc	stay:troika api	-	used by moving species bodies
NpcInitTime	field	ElysiumNpc.h	-	-	-	FElysiumNpc	stay:troika api	-	used by moving species bodies
NpcStateFlags	method	ElysiumNpc.h	ElysiumNpc.cpp	-	(base code)	FElysiumNpc	stay:troika body	-	retail (base code)
NpcStateRetail	method	ElysiumNpcKernelState19.inl	ElysiumNpcKernelState19.cpp	-	-	FElysiumNpc	stay:troika api	-	used by moving species bodies
NthHintOfType	method	ElysiumNpcKernelSquad.inl	ElysiumNpcKernelSquad.cpp	FElysiumNpcChangBros	-	FElysiumNpcChangBros	move	4g	-
OccludedDelay	field	ElysiumNpc.h	-	-	-	FElysiumNpc	stay:troika api	-	used by moving species bodies
OccludedDelayCover	field	ElysiumNpc.h	-	-	-	FElysiumNpc	stay:troika api	-	used by moving species bodies
OccludedDelayNormal	field	ElysiumNpc.h	-	-	-	FElysiumNpc	stay:troika api	-	used by moving species bodies
OccludedReportTimeE	field	ElysiumNpc.h	-	-	-	FElysiumNpc	stay:troika api	-	used by moving species bodies
OccludedReportTimeT	field	ElysiumNpc.h	-	-	-	FElysiumNpc	stay:troika api	-	used by moving species bodies
OccludedReportTimeW	field	ElysiumNpc.h	-	-	-	FElysiumNpc	stay:troika api	-	used by moving species bodies
OkToInterruptForMelee	method	ElysiumNpcKernelSlots.inl	ElysiumNpcKernelMisc.cpp	-	(base code)	FElysiumNpc	stay:virtual surface	-	species override it
OnChangeActivity	method	ElysiumNpcKernelSlots.inl	-	-	-	FElysiumNpc	stay:virtual surface	-	species override it
OnDialogFilePlayed	method	ElysiumNpc.h	ElysiumNpc.cpp	-	(base code)	FElysiumNpc	stay:virtual surface	-	species override it
OnDisturbed	method	ElysiumNpcKernelConditions.inl	ElysiumNpcKernelConditions.cpp	FElysiumNpcGhoulCroucher	CNPC_VGhoulCroucher	FElysiumNpcGhoulCroucher	move	4f	-
OnHunterPursuitStart	method	ElysiumNpcKernelConditions.inl	ElysiumNpcKernelConditions.cpp	FElysiumNpcHunter	(base code)	FElysiumNpc	stay:troika body	-	retail (base code)
OnHunterPursuitStop	method	ElysiumNpcKernelConditions.inl	ElysiumNpcKernelConditions.cpp	FElysiumNpcHunter	(base code)	FElysiumNpc	stay:troika body	-	retail (base code)
OnRestore	method	ElysiumNpcKernelSlots.inl	ElysiumNpcKernelLifecycle19.cpp	-	(base code),CNPCMaker_Fleshpile,CNPC_VMingXiaoTentacle,CNPC_VPedestrian,CNPC_VTzimisceRunner,CNPC_VWerewolf	FElysiumNpc	stay:virtual surface	-	species override it
OnScheduleChange	method	ElysiumNpc.h	ElysiumNpcKernelMaintain19.cpp	-	(base code)	FElysiumNpc	stay:virtual surface	-	species override it
OnSeeEntity	method	ElysiumNpcKernelSlots.inl	ElysiumNpcKernelSenses10.cpp	-	(base code),CNPC_VCop,CNPC_VHunter	FElysiumNpc	stay:virtual surface	-	species override it
OnStateChange	method	ElysiumNpcKernelSlots.inl	ElysiumNpcKernelConditions.cpp	-	(base code),CNPC_VBach,CNPC_VCamera,CNPC_VCop,CNPC_VHumanCombatant,CNPC_VTzimisce	FElysiumNpc	stay:virtual surface	-	species override it
OnStateChangeTroika	method	ElysiumNpcKernelConditions.inl	ElysiumNpcKernelConditions.cpp	-	(base code)	FElysiumNpc	stay:troika body	-	retail (base code)
OnTakeDamage	method	ElysiumNpcKernelSlots.inl	-	-	(base code),CNPC_VFrenzyShadow,CNPC_VWerewolf,CNPC_VZombie	FElysiumNpc	stay:virtual surface	-	species override it
OnTakeDamageSpecies	method	ElysiumNpcKernelDamage.inl	ElysiumNpcKernelDamage2.cpp	-	CNPC_VFrenzyShadow	FElysiumNpc	deferred:7	-	CNPC_VFrenzyShadow body
OnTakeDamage_Alive	method	ElysiumNpcKernelSlots.inl	-	-	(base code),CNPC_VAndreiBlood,CNPC_VAnimal,CNPC_VBach,CNPC_VFrenzyShadow,CNPC_VGargoyle,CNPC_VGhoulCroucher,CNPC_VHengeyokai,CNPC_VManBat,CNPC_VMingXiao,CNPC_VMingXiaoTentacle,CNPC_VSabbatLeader,CNPC_VSheriffMan	FElysiumNpc	stay:virtual surface	-	species override it
OnTakeDamage_AliveSpecies	method	ElysiumNpcKernelDamage.inl	ElysiumNpcKernelDamage2.cpp	-	CNPC_VFrenzyShadow	FElysiumNpc	deferred:7	-	CNPC_VFrenzyShadow body
OnVictimHitByMe	method	ElysiumNpcKernelSlots.inl	ElysiumNpcKernelMisc.cpp	-	(base code)	FElysiumNpc	stay:virtual surface	-	species override it
OutputListDestroys	field	ElysiumNpcKernelSpeciesLifecycle10.inl	-	-	-	FElysiumNpc	stay:troika api	-	used by moving species bodies
OverrideMove	method	ElysiumNpcKernelSlots.inl	ElysiumNpcKernelMotor.cpp	-	(base code),CNPC_VManBat,CNPC_VVampireBoss	FElysiumNpc	stay:virtual surface	-	species override it
PainSound	method	ElysiumNpcKernelSlots.inl	ElysiumNpcKernelSounds10.cpp	-	(base code),CNPC_VCamera,CNPC_VTzimisce	FElysiumNpc	stay:virtual surface	-	species override it
ParticleEmitters	field	ElysiumNpcKernelDamage.inl	-	FElysiumNpcVampireBoss	-	FElysiumNpcVampireBoss	move	4g	-
PassesFindEntityFOVTrace	method	ElysiumNpcKernelSlots.inl	-	-	CNPC_ProneDialog,CPayphone	FElysiumNpc	stay:virtual surface	-	species override it
PathMode	field	ElysiumNpcKernelMotor.inl	-	-	-	FElysiumNpc	stay:troika api	-	used by moving species bodies
PayphoneAddSceneEvent	method	ElysiumNpcKernelEntityChain.inl	ElysiumNpcKernelEntityChain.cpp	FElysiumNpcPayphone	CPayphone	FElysiumNpcPayphone	move	4d	-
PayphoneCanTalk	method	ElysiumNpcKernelDialogue.inl	ElysiumNpcKernelDialogue.cpp	FElysiumNpcPayphone	CPayphone	FElysiumNpcPayphone	collapse:CanTalk	4d	-
PayphoneEyePosition	method	ElysiumNpcKernelGeometry.inl	ElysiumNpcKernelGeometry.cpp	FElysiumNpcPayphone	CPayphone	FElysiumNpcPayphone	collapse:EyePosition	4d	-
PayphoneIdleActivity	field	ElysiumNpcKernelSpeciesLifecycle10.inl	-	FElysiumNpcPayphone	-	FElysiumNpcPayphone	move	4d	-
PayphoneIdlePasses	field	ElysiumNpcKernelSpeciesLifecycle10.inl	-	FElysiumNpcPayphone	-	FElysiumNpcPayphone	move	4d	-
PayphoneIdleThinkSeconds	field	ElysiumNpcKernelSpeciesLifecycle10.inl	-	FElysiumNpcPayphone	-	FElysiumNpcPayphone	move	4d	-
PayphoneMirrorPasses	field	ElysiumNpcKernelSpeciesLifecycle10.inl	-	FElysiumNpcPayphone	-	FElysiumNpcPayphone	move	4d	-
PayphoneMirrorThinkSeconds	field	ElysiumNpcKernelSpeciesLifecycle10.inl	-	FElysiumNpcPayphone	-	FElysiumNpcPayphone	move	4d	-
PayphoneNPCInit	method	ElysiumNpcKernelLifecycle19.inl	ElysiumNpcKernelLifecycle19_2.cpp	FElysiumNpcPayphone	-	FElysiumNpcPayphone	collapse:NPCInit	4d	-
PayphonePassesFindEntityFovTrace	method	ElysiumNpcKernelSenses.inl	ElysiumNpcKernelSenses.cpp	FElysiumNpcPayphone	CPayphone	FElysiumNpcPayphone	move	4d	-
PayphoneSpeechSoundFlags	method	ElysiumNpcKernelEntityChain.inl	ElysiumNpcKernelEntityChain.cpp	FElysiumNpcPayphone	CPayphone	FElysiumNpcPayphone	move	4d	-
PayphoneThink	method	ElysiumNpcKernelSpeciesLifecycle10.inl	ElysiumNpcKernelSpeciesLifecycle10.cpp	FElysiumNpcPayphone	CPayphone	FElysiumNpcPayphone	move	4d	-
PayphoneThinkPass	method	ElysiumNpcKernelSpeciesLifecycle10.inl	ElysiumNpcKernelSpeciesLifecycle10.cpp	FElysiumNpcPayphone	(base code)	FElysiumNpc	stay:troika body	-	retail (base code)
PayphoneUseCaps	method	ElysiumNpcKernelEntityChain.inl	ElysiumNpcKernelEntityChain.cpp	FElysiumNpcPayphone	CPayphone	FElysiumNpcPayphone	move	4d	-
PedestalTaskForSide	method	ElysiumNpcKernelBosses.inl	ElysiumNpcKernelBosses2.cpp	FElysiumNpcMingXiao	CNPC_VMingXiao	FElysiumNpcMingXiao	move	4e	-
PedestrianBuildScheduleTestBits	method	ElysiumNpcKernelSchedule.inl	ElysiumNpcKernelSchedule.cpp	FElysiumNpcPedestrian	CNPC_VPedestrian	FElysiumNpcPedestrian	collapse:BuildScheduleTestBits	4f	-
PedestrianCorpseSolid	field	ElysiumNpcKernelSpeciesMisc10.inl	-	FElysiumNpcPedestrian	-	FElysiumNpcPedestrian	move	4f	-
PedestrianCreateCorpse	method	ElysiumNpcKernelSpeciesMisc10.inl	ElysiumNpcKernelSpeciesMisc10_2.cpp	FElysiumNpcPedestrian	CNPC_VPedestrian	FElysiumNpcPedestrian	move	4f	-
PedestrianCreateCorpseCalls	field	ElysiumNpcKernelSpeciesMisc10.inl	-	FElysiumNpcPedestrian	-	FElysiumNpcPedestrian	move	4f	-
PedestrianIRelationType	method	ElysiumNpcKernelConditions10.inl	ElysiumNpcKernelConditions10.cpp	FElysiumNpcPedestrian	CNPC_VPedestrian	FElysiumNpcPedestrian	collapse:IRelationType	4f	-
PedestrianLevelResetType	field	ElysiumNpcKernelLifecycle19.inl	-	FElysiumNpcPedestrian	-	FElysiumNpcPedestrian	move	4f	-
PedestrianNPCInit	method	ElysiumNpcKernelLifecycle19.inl	ElysiumNpcKernelLifecycle19_2.cpp	FElysiumNpcPedestrian	-	FElysiumNpcPedestrian	collapse:NPCInit	4f	-
PedestrianOnRestore	method	ElysiumNpcKernelLifecycle19.inl	ElysiumNpcKernelLifecycle19.cpp	FElysiumNpcPedestrian	-	FElysiumNpcPedestrian	collapse:OnRestore	4f	-
PedestrianPreDeathMaxsUnits	field	ElysiumNpcKernelSpeciesMisc10.inl	-	FElysiumNpcPedestrian	-	FElysiumNpcPedestrian	move	4f	-
PedestrianPreDeathMinsUnits	field	ElysiumNpcKernelSpeciesMisc10.inl	-	FElysiumNpcPedestrian	-	FElysiumNpcPedestrian	move	4f	-
PedestrianSelectIdealState	method	ElysiumNpcKernelState19.inl	ElysiumNpcKernelState19_2.cpp	FElysiumNpcPedestrian	CNPC_VPedestrian	FElysiumNpcPedestrian	collapse:SelectIdealStateRetail	4f	-
PedestrianWeaponCrimeLevel	field	ElysiumNpcKernelState19.inl	-	-	-	FElysiumNpc	stay:troika api	-	used by moving species bodies
PhysicsTraceEntityCalls	field	ElysiumNpcKernelBosses.inl	-	FElysiumNpcManBat	-	FElysiumNpcManBat	move	4g	-
PhysicsTraceEntityManBat	method	ElysiumNpcKernelBosses.inl	ElysiumNpcKernelBosses.cpp	FElysiumNpcManBat	CNPC_VManBat	FElysiumNpcManBat	move	4g	-
PickupGrabBoneNames	method	ElysiumNpcKernelBosses.inl	ElysiumNpcKernelBosses.cpp	FElysiumNpcHengeyokai	CNPC_VHengeyokai	FElysiumNpcHengeyokai	move	4g	-
PickupSpecies	method	ElysiumNpcKernelBosses.inl	ElysiumNpcKernelBosses.cpp	FElysiumNpcHengeyokai	-	FElysiumNpcHengeyokai	move	4g	-
PickupSpeciesOf	method	ElysiumNpcKernelBosses.inl	ElysiumNpcKernelBosses.cpp	FElysiumNpcHengeyokai	-	FElysiumNpcHengeyokai	move	4g	-
PickupSpeciesRows	method	ElysiumNpcKernelBosses.inl	ElysiumNpcKernelBosses.cpp	FElysiumNpcHengeyokai	CNPC_VHengeyokai	FElysiumNpcHengeyokai	move	4g	-
PickupTarget	field	ElysiumNpcKernelMotor.inl	-	FElysiumNpcTzimisce	-	FElysiumNpcTzimisce	move	4e	-
PickupTargetPos	field	ElysiumNpcKernelMotor.inl	-	FElysiumNpcTzimisce	-	FElysiumNpcTzimisce	move	4e	-
PlCriminalAttack	field	ElysiumNpc.h	-	-	-	FElysiumNpc	stay:troika api	-	used by moving species bodies
PlCriminalFlee	field	ElysiumNpc.h	-	-	-	FElysiumNpc	stay:troika api	-	used by moving species bodies
PlInvestigate	field	ElysiumNpc.h	-	-	-	FElysiumNpc	stay:troika api	-	used by moving species bodies
PlSupernaturalAttack	field	ElysiumNpc.h	-	-	-	FElysiumNpc	stay:troika api	-	used by moving species bodies
PlSupernaturalFlee	field	ElysiumNpc.h	-	-	-	FElysiumNpc	stay:troika api	-	used by moving species bodies
PlaceNamedEmitter	method	ElysiumNpcKernelBosses.inl	ElysiumNpcKernelBosses.cpp	FElysiumNpcManBat	-	FElysiumNpcManBat	move	4g	-
PlaceholderNPCInit	method	ElysiumNpcKernelLifecycle19.inl	ElysiumNpcKernelLifecycle19_2.cpp	FElysiumNpcPlaceholder	-	FElysiumNpcPlaceholder	collapse:NPCInit	4d	-
PlaceholderPreSelectSchedule	method	ElysiumNpcKernelSchedule.inl	ElysiumNpcKernelSchedule.cpp	FElysiumNpcPlaceholder	CNPC_VPlaceholder	FElysiumNpcPlaceholder	collapse:PreSelectSchedule	4d	-
PlaceholderSelectSchedule	method	ElysiumNpcKernelSchedule.inl	ElysiumNpcKernelSchedule.cpp	FElysiumNpcPlaceholder	CNPC_VPlaceholder	FElysiumNpcPlaceholder	collapse:SpeciesSelectSchedule	4d	-
PlayNextNewscasterStory	method	ElysiumNpcKernelSpeciesMisc10.inl	ElysiumNpcKernelSpeciesMisc10.cpp	FElysiumNpcNewscaster	CNPC_VNewscaster	FElysiumNpcNewscaster	move	4d	-
PlayTeleportSound	method	ElysiumNpcKernelPositions.inl	ElysiumNpcKernelPositions2.cpp	FElysiumNpcWerewolf	-	FElysiumNpcWerewolf	move	4e	-
PlayerCopsInPursuitCount	method	ElysiumNpcKernelDebug10.inl	ElysiumNpcKernelDebug10.cpp	FElysiumNpcCop	(base code)	FElysiumNpc	stay:troika body	-	retail (base code)
PlayerDamagedEnoughThisRound	method	ElysiumNpcKernelSpeciesMisc10.inl	ElysiumNpcKernelSpeciesMisc10_2.cpp	FElysiumNpcSabbatLeader	CNPC_VSabbatLeader	FElysiumNpcSabbatLeader	move	4g	-
PlayerHateRelationshipSets	field	ElysiumNpcKernelSpeciesLifecycle10.inl	-	FElysiumNpcHuman	-	FElysiumNpcHuman	move	4f	-
PlayerHateRelationshipSpec	method	ElysiumNpcKernelSpeciesLifecycle10.inl	ElysiumNpcKernelSpeciesLifecycle10.cpp	FElysiumNpcHunter	-	FElysiumNpcHunter	move	4f	-
PlayerHeightenedAlert	method	ElysiumNpcKernelDebug10.inl	ElysiumNpcKernelDebug10.cpp	FElysiumNpcCop	(base code)	FElysiumNpc	stay:troika body	-	retail (base code)
PlayerInNoJumpZone	method	ElysiumNpcKernelMotor.inl	ElysiumNpcKernelMotor2.cpp	FElysiumNpcSabbatLeader	CNPC_VSabbatLeader	FElysiumNpcSabbatLeader	move	4g	-
PlayerInventorySlot0	method	ElysiumNpcKernelSpeciesMisc10.inl	ElysiumNpcKernelSpeciesMisc10.cpp	-	(base code)	FElysiumNpc	stay:troika body	-	retail (base code)
PlayerIsFacingMe	method	ElysiumNpcKernelFacing.inl	ElysiumNpcKernelFacing.cpp	FElysiumNpcSabbatLeader	CNPC_VSabbatLeader	FElysiumNpcSabbatLeader	move	4g	-
PlayerKnockbackReaction	method	ElysiumNpcKernelSlots.inl	-	-	(base code),CNPC_VGargoyle,CNPC_VHengeyokai,CNPC_VTzimisceRunner	FElysiumNpc	stay:virtual surface	-	species override it
PlayerReaction	field	ElysiumNpc.h	-	-	-	FElysiumNpc	stay:troika api	-	used by moving species bodies
PositionAtHint	method	ElysiumNpcKernelHints.inl	ElysiumNpcKernelHints.cpp	FElysiumNpcWerewolf	CNPC_VWerewolf	FElysiumNpcWerewolf	move	4e	-
PositionClearForTeleport	method	ElysiumNpcKernelMotor.inl	ElysiumNpcKernelMotor.cpp	FElysiumNpcAsianVampire	CNPC_VAndreiBlood,CNPC_VAsianVampire,CNPC_VChangBros,CNPC_VSheriffMan	FElysiumNpcAsianVampire	move	4g	-
PositionClearForTeleportAndrei	method	ElysiumNpcKernelPositions.inl	ElysiumNpcKernelPositions.cpp	FElysiumNpcAndreiBlood	CNPC_VAndreiBlood	FElysiumNpcAndreiBlood	move	4g	-
PositionClearForTeleportAsian	method	ElysiumNpcKernelPositions.inl	ElysiumNpcKernelPositions.cpp	FElysiumNpcAsianVampire	CNPC_VAsianVampire	FElysiumNpcAsianVampire	move	4g	-
PositionClearForTeleportChang	method	ElysiumNpcKernelPositions.inl	ElysiumNpcKernelPositions.cpp	FElysiumNpcChangBros	CNPC_VChangBros	FElysiumNpcChangBros	move	4g	-
PositionClearForTeleportSheriff	method	ElysiumNpcKernelPositions.inl	ElysiumNpcKernelPositions.cpp	FElysiumNpcSheriffMan	CNPC_VSheriffMan	FElysiumNpcSheriffMan	move	4g	-
PreSelectIdealState	method	ElysiumNpcKernelSlots.inl	ElysiumNpcKernelCombat10.cpp	-	(base code),CNPC_VCamera,CNPC_VDog	FElysiumNpc	stay:virtual surface	-	species override it
PreSelectIdealStateRetail	method	ElysiumNpcKernelCombat10.inl	ElysiumNpcKernelCombat10.cpp	-	(base code)	FElysiumNpc	stay:virtual surface	-	species override it
PreSelectSchedule	method	ElysiumNpcKernelSlots.inl	-	-	(base code),CNPC_VMingXiao,CNPC_VPlayerController,CNPC_VSabbatLeader	FElysiumNpc	stay:virtual surface	-	species override it
Precache	method	ElysiumNpcKernelSlots.inl	ElysiumNpcKernelPrecache10.cpp	-	(base code),CNPC_VAndreiBlood,CNPC_VAsianVampire,CNPC_VBach,CNPC_VCamera,CNPC_VChangBros,CNPC_VGargoyle,CNPC_VGhoulCroucher,CNPC_VHengeyokai,CNPC_VManBat,CNPC_VMingXiao,CNPC_VMingXiaoTentacle,CNPC_VNewscaster,CNPC_VSabbatLeader,CNPC_VSheriffMan,CNPC_VTzimisce,CNPC_VTzimisceHeadClaw,CNPC_VTzimisceRunner,CNPC_VWerewolf,CNPC_VZombie	FElysiumNpc	stay:virtual surface	-	species override it
PrecacheDirectory	method	ElysiumNpcKernelPrecache10.inl	ElysiumNpcKernelPrecache10.cpp	-	(base code)	FElysiumNpc	stay:troika body	-	retail (base code)
PrecacheLog	field	ElysiumNpcKernelPrecache10.inl	-	-	-	FElysiumNpc	stay:troika api	-	used by moving species bodies
PrescheduleThink	method	ElysiumNpcKernelSlots.inl	-	-	CNPC_VCamera	FElysiumNpc	stay:virtual surface	-	species override it
ProneDialogPassesFindEntityFovTrace	method	ElysiumNpcKernelSenses.inl	ElysiumNpcKernelSenses.cpp	FElysiumNpcProneDialog	CNPC_ProneDialog	FElysiumNpcProneDialog	move	4f	-
ProteanTransformStartTime	field	ElysiumNpcKernelSpeciesMisc10.inl	-	FElysiumNpcVampireBoss	-	FElysiumNpcVampireBoss	move	4g	-
Proxies	field	ElysiumNpcKernelSquad.inl	-	-	-	FElysiumNpc	stay:troika api	-	used by moving species bodies
ProxyReadyTimer	method	ElysiumNpcKernelLifecycle.inl	ElysiumNpcKernelLifecycle.cpp	FElysiumNpcMingXiaoTentacle	CNPC_VMingXiaoTentacle	FElysiumNpcMingXiaoTentacle	move	4d	-
ProxySlotIndexOf	method	ElysiumNpcKernelLifecycle.inl	ElysiumNpcKernelLifecycle.cpp	FElysiumNpcMingXiaoTentacle	-	FElysiumNpcMingXiaoTentacle	move	4d	-
PushEntityCalls	field	ElysiumNpcKernelSpeciesMisc10.inl	-	FElysiumNpcManBat	-	FElysiumNpcManBat	move	4g	-
PushFakeHullDamage	method	ElysiumNpcKernelGeometry.inl	ElysiumNpcKernelGeometry.cpp	FElysiumNpcWerewolf	-	FElysiumNpcWerewolf	move	4e	-
PushedEntityDirectionClass	method	ElysiumNpcKernelGeometry.inl	ElysiumNpcKernelGeometry.cpp	FElysiumNpcWerewolf	(base code)	FElysiumNpc	stay:troika body	-	retail (base code)
PushedEntityKnockback	method	ElysiumNpcKernelGeometry.inl	ElysiumNpcKernelGeometry.cpp	FElysiumNpcWerewolf	-	FElysiumNpcWerewolf	move	4e	-
QuerySeeEntity	method	ElysiumNpcKernelSlots.inl	ElysiumNpcKernelSenses10.cpp	-	(base code),CNPC_VCameraSecurity	FElysiumNpc	stay:virtual surface	-	species override it
RagdollBonePosition	method	ElysiumNpcKernelBosses.inl	ElysiumNpcKernelBosses.cpp	-	CNPC_VHengeyokai	FElysiumNpc	stay:shared helper	-	cross-branch callers; a sibling cannot call a species member
RagdollElementForBone	method	ElysiumNpcKernelBosses.inl	ElysiumNpcKernelBosses.cpp	-	-	FElysiumNpc	stay:troika api	-	used by moving species bodies
RandomMoveHintNodeZone	field	ElysiumNpcKernelSenses10.inl	-	FElysiumNpcWerewolf	-	FElysiumNpcWerewolf	move	4e	-
RangedDisciplineGate	method	ElysiumNpcKernelCombat10.inl	ElysiumNpcKernelCombat10_2.cpp	-	(base code)	FElysiumNpc	stay:troika body	-	retail (base code)
RangedWeaponPrePass	method	ElysiumNpcKernelCombat10.inl	ElysiumNpcKernelCombat10_2.cpp	-	(base code)	FElysiumNpc	stay:troika body	-	retail (base code)
RatCreateLocalNavigator	method	ElysiumNpcKernelMisc.inl	ElysiumNpcKernelMisc.cpp	FElysiumNpcRat	CNPC_VRat	FElysiumNpcRat	collapse:CreateLocalNavigator	4d	-
RatIgnoredGlobalEntity	method	ElysiumNpcKernelMotor.inl	ElysiumNpcKernelMotor.cpp	FElysiumNpcRat	-	FElysiumNpcRat	collapse:ShouldIgnoreCollision	4d	-
ReadyForUnited	method	ElysiumNpcKernelSquad.inl	ElysiumNpcKernelSquad.cpp	FElysiumNpcChangBros	CNPC_VChangBros	FElysiumNpcChangBros	move	4g	-
RecordHealthPercent	method	ElysiumNpcKernelSpeciesMisc10.inl	ElysiumNpcKernelSpeciesMisc10_2.cpp	FElysiumNpcVampireBoss	CNPC_VVampireBoss	FElysiumNpcVampireBoss	move	4g	-
RecordPlayerHealth	method	ElysiumNpcKernelSpeciesMisc10.inl	ElysiumNpcKernelSpeciesMisc10_2.cpp	FElysiumNpcSabbatLeader	CNPC_VSabbatLeader	FElysiumNpcSabbatLeader	move	4g	-
RecordScheduleEvent	method	ElysiumNpc.h	ElysiumNpc.cpp	-	-	FElysiumNpc	stay:virtual surface	-	species override it
Relationships	field	ElysiumNpc.h	-	-	-	FElysiumNpc	stay:troika api	-	used by moving species bodies
ReleaseHintNode	method	ElysiumNpcKernelHints.inl	ElysiumNpcKernelHints.cpp	-	(base code)	FElysiumNpc	stay:troika body	-	retail (base code)
ReleaseMotorHintYaw	method	ElysiumNpcKernelHints.inl	ElysiumNpcKernelHints.cpp	-	(base code)	FElysiumNpc	stay:troika body	-	retail (base code)
ReleasePickupAnimlink	method	ElysiumNpcKernelBosses.inl	ElysiumNpcKernelBosses.cpp	FElysiumNpcHengeyokai	CNPC_VHengeyokai,CNPC_VManBat	FElysiumNpcHengeyokai	move	4g	-
ReleasePickupAnimlinkFor	method	ElysiumNpcKernelBosses.inl	ElysiumNpcKernelBosses.cpp	FElysiumNpcHengeyokai	CNPC_VHengeyokai	FElysiumNpcHengeyokai	move	4g	-
RemoveBaseFightingItems	method	ElysiumNpcKernelSlots.inl	ElysiumNpcKernelCombat10.cpp	-	(base code),CNPC_VWerewolf	FElysiumNpc	stay:virtual surface	-	species override it
RemoveCopInPursuit	method	ElysiumNpcKernelEntityChain.inl	ElysiumNpcKernelEntityChain.cpp	FElysiumNpcCop	(base code)	FElysiumNpc	stay:troika body	-	retail (base code)
RemoveExtraAnimationModels	method	ElysiumNpcKernelSlots.inl	-	-	CNPC_VPlayerController	FElysiumNpc	deferred:7	-	CNPC_VPlayerController body
RemoveExtraAnimationModelsPlayerController	method	ElysiumNpcKernelAnim.inl	ElysiumNpcKernelAnim.cpp	-	CNPC_VPlayerController	FElysiumNpc	deferred:7	-	CNPC_VPlayerController body
RemoveNamedEntity	method	ElysiumNpcKernelDamage.inl	ElysiumNpcKernelDamage.cpp	-	-	FElysiumNpc	stay:troika api	-	used by moving species bodies
RemoveNamedFightingItem	method	ElysiumNpcKernelCombat10.inl	ElysiumNpcKernelCombat10.cpp	-	(base code)	FElysiumNpc	stay:troika body	-	retail (base code)
RemovePhysAnimlink	method	ElysiumNpcKernelBosses.inl	ElysiumNpcKernelBosses.cpp	-	-	FElysiumNpc	stay:troika api	-	used by moving species bodies
RemovedEntities	field	ElysiumNpcKernelDamage.inl	-	-	-	FElysiumNpc	stay:troika api	-	used by moving species bodies
ReplayDeferredScriptedOrder	method	ElysiumNpc.h	ElysiumNpc.cpp	-	-	FElysiumNpc	stay:troika api	-	used by moving species bodies
ReportSearchTimer	method	ElysiumNpcKernelLifecycle.inl	ElysiumNpcKernelLifecycle.cpp	FElysiumNpcWerewolf	CNPC_VWerewolf	FElysiumNpcWerewolf	move	4e	-
ResetSequenceInfo	method	ElysiumNpcKernelAnim.inl	ElysiumNpcKernelAnim.cpp	-	(base code)	FElysiumNpc	stay:troika body	-	retail (base code)
ResetSpeciesSuspectGlobals	method	ElysiumNpcKernelSenses10.inl	ElysiumNpcKernelSenses10.cpp	-	-	-	collapse:table	4c	class table: rows become override bodies
ResolveDialogPartner	method	ElysiumNpcKernelSpeciesLifecycle10.inl	ElysiumNpcKernelSpeciesLifecycle10.cpp	FElysiumNpcPayphone	-	FElysiumNpcPayphone	move	4d	-
ResolveLinkActivity	method	ElysiumNpcKernelMotor.inl	ElysiumNpcKernelMotor.cpp	-	(base code),CNPC_VHengeyokai	FElysiumNpc	stay:troika body	-	Troika navigation callers
ResolveLoadout	method	ElysiumNpc.h	ElysiumNpc.cpp	-	-	FElysiumNpc	stay:troika api	-	used by moving species bodies
ResolveSecCameraLink	method	ElysiumNpcKernelDialogue.inl	ElysiumNpcKernelDialogue.cpp	FElysiumNpcCameraSecurity	CNPC_VCameraSecurity	FElysiumNpcCameraSecurity	move	4d	-
ResolveTaskDistance	method	ElysiumNpcKernelSlots.inl	ElysiumNpcKernelSchedule.cpp	-	(base code),CNPC_VMingXiao	FElysiumNpc	stay:virtual surface	-	species override it
RestartIdealActivityId	method	ElysiumNpcKernelHints.inl	ElysiumNpcKernelHints.cpp	-	(base code)	FElysiumNpc	stay:troika body	-	retail (base code)
Restore	method	ElysiumNpcKernelSlots.inl	ElysiumNpcKernelSaveRestore10.cpp	-	(base code),CNPC_VMingXiao,CNPC_VMingXiaoTentacle,CNPC_VTzimisceHeadClaw,CNPC_VVampireBoss	FElysiumNpc	stay:virtual surface	-	species override it
RestoreRelinkCalls	field	ElysiumNpcKernelLifecycle19.inl	-	FElysiumNpcPedestrian	-	FElysiumNpcPedestrian	move	4f	-
RetailClass	method	ElysiumNpc.h	ElysiumNpcKernelClassLookup.cpp	-	-	FElysiumNpc	stay:troika api	-	used by moving species bodies
RetailCollisionExtents	method	ElysiumNpcKernelMotor.inl	ElysiumNpcKernelMotor.cpp	-	-	FElysiumNpc	stay:troika api	-	used by moving species bodies
RetailDerivedType	method	ElysiumNpcKernelMotor.inl	ElysiumNpcKernelMotor.cpp	-	-	FElysiumNpc	stay:troika api	-	used by moving species bodies
RetailFlags2	method	ElysiumNpcKernelMotor.inl	ElysiumNpcKernelMotor.cpp	FElysiumNpcWerewolf	-	FElysiumNpcWerewolf	move	4e	-
RetailHullExtents	method	ElysiumNpcKernelMotor.inl	ElysiumNpcKernelMotor.cpp	-	-	FElysiumNpc	stay:troika api	-	used by moving species bodies
RetailSolidFlags	field	ElysiumNpcKernelMotor10.inl	-	-	-	FElysiumNpc	stay:troika api	-	used by moving species bodies
RetailSolidSets	field	ElysiumNpcKernelMotor10.inl	-	-	-	FElysiumNpc	stay:troika api	-	used by moving species bodies
RetailSolidType	field	ElysiumNpcKernelMotor10.inl	-	-	-	FElysiumNpc	stay:troika api	-	used by moving species bodies
RetailYawConVarValue	method	ElysiumNpcKernelMotor.inl	ElysiumNpcKernelMotor.cpp	-	-	FElysiumNpc	stay:troika api	-	used by moving species bodies
Right	field	ElysiumNpc.h	-	-	-	FElysiumNpc	stay:troika api	-	used by moving species bodies
RunAI	method	ElysiumNpcKernelSlots.inl	-	-	(base code),CNPC_VAndreiBlood,CNPC_VAsianVampire,CNPC_VBach,CNPC_VDog,CNPC_VGargoyle,CNPC_VHengeyokai,CNPC_VManBat,CNPC_VMingXiaoTentacle,CNPC_VPedestrian,CNPC_VSabbatLeader,CNPC_VSheriffMan,CNPC_VTzimisce,CNPC_VTzimisceHeadClaw,CNPC_VZombie	FElysiumNpc	stay:virtual surface	-	species override it
RunAdmissionBarrier	method	ElysiumNpc.h	ElysiumNpc.cpp	-	-	FElysiumNpc	stay:troika api	-	used by moving species bodies
RunTaskSlot444	method	ElysiumNpcKernelSlots.inl	-	-	(base code),CNPC_VAndreiBlood,CNPC_VAnimal,CNPC_VAsianVampire,CNPC_VBach,CNPC_VChangBros,CNPC_VDog,CNPC_VGargoyle,CNPC_VGhoulCroucher,CNPC_VHengeyokai,CNPC_VHuman,CNPC_VManBat,CNPC_VMingXiao,CNPC_VMingXiaoTentacle,CNPC_VSabbatLeader,CNPC_VSheriffMan,CNPC_VTaxiDriver,CNPC_VTzimisce,CNPC_VTzimisceRunner,CNPC_VVampireBoss,CNPC_VWerewolf,CNPC_VZombie	FElysiumNpc	stay:virtual surface	-	species override it
RunnerAttackExtentX	field	ElysiumNpcKernelLifecycle19.inl	-	FElysiumNpcTzimisceRunner	-	FElysiumNpcTzimisceRunner	move	4e	-
RunnerAttackExtentY	field	ElysiumNpcKernelLifecycle19.inl	-	FElysiumNpcTzimisceRunner	-	FElysiumNpcTzimisceRunner	move	4e	-
RunnerAttackExtentZ	field	ElysiumNpcKernelLifecycle19.inl	-	FElysiumNpcTzimisceRunner	-	FElysiumNpcTzimisceRunner	move	4e	-
RunnerHullEngineToken	method	ElysiumNpcKernelSpeciesMisc10.inl	ElysiumNpcKernelSpeciesMisc10_2.cpp	FElysiumNpcTzimisceRunner	CNPC_VTzimisceRunner	FElysiumNpcTzimisceRunner	move	4e	-
RunnerHullToken	field	ElysiumNpcKernelSpeciesMisc10.inl	-	FElysiumNpcTzimisceRunner	-	FElysiumNpcTzimisceRunner	move	4e	-
RunnerPotentialEnemy	field	ElysiumNpcKernelSpecies.inl	-	FElysiumNpcTzimisceRunner	-	FElysiumNpcTzimisceRunner	move	4e	-
SabbatGunmanMotionTrail	method	ElysiumNpcKernelFacing.inl	ElysiumNpcKernelFacing.cpp	FElysiumNpcSabbatGunman	CNPC_VSabbatGunman	FElysiumNpcSabbatGunman	move	4f	-
SabbatGunmanOnChangeActivity	method	ElysiumNpcKernelFacing.inl	ElysiumNpcKernelFacing.cpp	FElysiumNpcSabbatGunman	CNPC_VSabbatGunman	FElysiumNpcSabbatGunman	collapse:OnChangeActivity	4f	-
SabbatLastPlayerHealth	field	ElysiumNpcKernelSpeciesMisc10.inl	-	FElysiumNpcSabbatLeader	-	FElysiumNpcSabbatLeader	move	4g	-
SabbatLastSplashTime	field	ElysiumNpcKernelSpeciesMisc10.inl	-	FElysiumNpcSabbatLeader	-	FElysiumNpcSabbatLeader	move	4g	-
SabbatLastWaterLevel	field	ElysiumNpcKernelSpeciesMisc10.inl	-	FElysiumNpcSabbatLeader	-	FElysiumNpcSabbatLeader	move	4g	-
SabbatLeaderHandleInteraction	method	ElysiumNpcKernelDialogue.inl	ElysiumNpcKernelDialogue.cpp	FElysiumNpcSabbatLeader	CNPC_VSabbatLeader	FElysiumNpcSabbatLeader	collapse:HandleInteraction	4g	-
SabbatLeaderJumpBloodBalance	field	ElysiumNpcKernelLifecycle19.inl	-	FElysiumNpcSabbatLeader	-	FElysiumNpcSabbatLeader	move	4g	-
SabbatLeaderLastSplashTime	field	ElysiumNpcKernelLifecycle19.inl	-	FElysiumNpcSabbatLeader	-	FElysiumNpcSabbatLeader	move	4g	-
SabbatLeaderNPCInit	method	ElysiumNpcKernelLifecycle19.inl	ElysiumNpcKernelLifecycle19_2.cpp	FElysiumNpcSabbatLeader	-	FElysiumNpcSabbatLeader	collapse:NPCInit	4g	-
SabbatLeaderOkToInterruptForMelee	method	ElysiumNpcKernelMisc.inl	ElysiumNpcKernelMisc.cpp	FElysiumNpcSabbatLeader	CNPC_VSabbatLeader	FElysiumNpcSabbatLeader	collapse:OkToInterruptForMelee	4g	-
SabbatLeaderOnVictimHitByMe	method	ElysiumNpcKernelMisc.inl	ElysiumNpcKernelMisc.cpp	FElysiumNpcSabbatLeader	CNPC_VSabbatLeader	FElysiumNpcSabbatLeader	collapse:OnVictimHitByMe	4g	-
SabbatLeaderPrecache	method	ElysiumNpcKernelPrecache10.inl	ElysiumNpcKernelPrecache10.cpp	FElysiumNpcSabbatLeader	CNPC_VSabbatLeader	FElysiumNpcSabbatLeader	collapse:Precache	4g	-
SabbatLeaderRoarAttackCount	field	ElysiumNpcKernelMisc.inl	-	FElysiumNpcSabbatLeader	-	FElysiumNpcSabbatLeader	move	4g	-
SabbatLeaderRouteFailCount	field	ElysiumNpcKernelLifecycle19.inl	-	FElysiumNpcSabbatLeader	-	FElysiumNpcSabbatLeader	move	4g	-
SabbatLeaderSelectIdealState	method	ElysiumNpcKernelState19.inl	ElysiumNpcKernelState19_2.cpp	FElysiumNpcSabbatLeader	-	FElysiumNpcSabbatLeader	collapse:SelectIdealStateRetail	4g	-
SabbatLeaderTaskFail	method	ElysiumNpcKernelMaintain19.inl	ElysiumNpcKernelMaintain19.cpp	FElysiumNpcSabbatLeader	CNPC_VSabbatLeader	FElysiumNpcSabbatLeader	collapse:TaskFail	4g	-
SabbatLeaderTranslateSchedule	method	ElysiumNpcKernelTranslate19.inl	ElysiumNpcKernelTranslate19.cpp	FElysiumNpcSabbatLeader	CNPC_VSabbatLeader	FElysiumNpcSabbatLeader	collapse:TranslateScheduleRetail	4g	-
SabbatLeaderUpdateBloodSplash	method	ElysiumNpcKernelSpeciesMisc10.inl	ElysiumNpcKernelSpeciesMisc10_2.cpp	FElysiumNpcSabbatLeader	CNPC_VSabbatLeader	FElysiumNpcSabbatLeader	move	4g	-
Save	method	ElysiumNpcKernelSlots.inl	ElysiumNpcKernelSaveRestore10.cpp	-	(base code),CNPC_VMingXiao,CNPC_VMingXiaoTentacle,CNPC_VTzimisceHeadClaw	FElysiumNpc	stay:virtual surface	-	species override it
SavePosition	field	ElysiumNpc.h	-	-	-	FElysiumNpc	stay:troika api	-	used by moving species bodies
SaveStampDecode	method	ElysiumNpcKernelSaveRestore10.inl	ElysiumNpcKernelSaveRestore10.cpp	-	-	FElysiumNpc	stay:troika api	-	used by moving species bodies
SaveStampEncode	method	ElysiumNpcKernelSaveRestore10.inl	ElysiumNpcKernelSaveRestore10.cpp	-	-	FElysiumNpc	stay:troika api	-	used by moving species bodies
ScaleField_0x1ddc	method	ElysiumNpcKernelLifecycle.inl	ElysiumNpcKernelLifecycle.cpp	-	(base code),CNPC_VCamera	FElysiumNpc	stay:troika body	-	Troika bullet-spread helper
ScatterTentacleGate	method	ElysiumNpcKernelGeometry.inl	ElysiumNpcKernelGeometry.cpp	FElysiumNpcMingXiao	-	FElysiumNpcMingXiao	move	4e	-
Schedule	field	ElysiumNpc.h	-	-	-	FElysiumNpc	stay:troika api	-	used by moving species bodies
ScheduleDone	method	ElysiumNpc.h	ElysiumNpc.cpp	-	-	FElysiumNpc	stay:virtual surface	-	species override it
ScheduleHost	field	ElysiumNpc.h	-	-	-	FElysiumNpc	stay:troika api	-	used by moving species bodies
ScheduleMeleeReachGate	method	ElysiumNpcKernelSchedule.inl	ElysiumNpcKernelSchedule.cpp	-	(base code)	FElysiumNpc	stay:troika body	-	retail (base code)
ScreenShakeCalls	field	ElysiumNpcKernelSpeciesMisc10.inl	-	FElysiumNpcManBat	-	FElysiumNpcManBat	move	4g	-
ScriptArrivalActivity	field	ElysiumNpc.h	-	-	-	FElysiumNpc	stay:troika api	-	used by moving species bodies
ScriptArrivalSequence	field	ElysiumNpc.h	-	-	-	FElysiumNpc	stay:troika api	-	used by moving species bodies
ScurryingDetectionDistanceUnits	field	ElysiumNpcKernelSenses10.inl	-	FElysiumNpcScurrying	-	FElysiumNpcScurrying	move	4d	-
ScurryingFindFleeDestination	method	ElysiumNpcKernelSenses10.inl	ElysiumNpcKernelSenses10_2.cpp	FElysiumNpcScurrying	CNPC_VScurrying	FElysiumNpcScurrying	move	4d	-
ScurryingMustDetectAdmits	method	ElysiumNpcKernelSenses10.inl	ElysiumNpcKernelSenses10_2.cpp	FElysiumNpcScurrying	CNPC_VScurrying	FElysiumNpcScurrying	move	4d	-
ScurryingShouldDetect	method	ElysiumNpcKernelSenses10.inl	ElysiumNpcKernelSenses10_2.cpp	FElysiumNpcScurrying	CNPC_VScurrying	FElysiumNpcScurrying	move	4d	-
ScurryingTranslateSchedule	method	ElysiumNpcKernelTranslate19.inl	ElysiumNpcKernelTranslate19.cpp	FElysiumNpcScurrying	CNPC_VScurrying	FElysiumNpcScurrying	collapse:TranslateScheduleRetail	4d	-
SecCameraCanSee	method	ElysiumNpcKernelSenses10.inl	ElysiumNpcKernelSenses10_2.cpp	FElysiumNpcCameraSecurity	(base code)	FElysiumNpc	stay:troika body	-	retail (base code)
SecCameraInViewCone	method	ElysiumNpcKernelSenses10.inl	ElysiumNpcKernelSenses10_2.cpp	FElysiumNpcCameraSecurity	(base code)	FElysiumNpc	stay:troika body	-	retail (base code)
SectorIsInPit	method	ElysiumNpcKernelPositions.inl	ElysiumNpcKernelPositions.cpp	FElysiumNpcChangBros	CNPC_VChangBros	FElysiumNpcChangBros	move	4g	-
SeedCriminalLevelWitnessed	method	ElysiumNpcKernelLifecycle19.inl	ElysiumNpcKernelLifecycle19.cpp	-	-	FElysiumNpc	stay:troika api	-	used by moving species bodies
SelectCenterNode	method	ElysiumNpcKernelPositions.inl	ElysiumNpcKernelPositions.cpp	FElysiumNpcSheriffMan	CNPC_VSheriffMan	FElysiumNpcSheriffMan	move	4g	-
SelectCenterNodeRule	method	ElysiumNpcKernelPositions.inl	ElysiumNpcKernelPositions.cpp	FElysiumNpcSheriffMan	CNPC_VSheriffMan	FElysiumNpcSheriffMan	move	4g	-
SelectCombatReactionSchedule	method	ElysiumNpcKernelCombat10.inl	ElysiumNpcKernelCombat10_2.cpp	-	(base code)	FElysiumNpc	stay:troika body	-	retail (base code)
SelectCoverOrKickSchedule	method	ElysiumNpcKernelSchedule.inl	ElysiumNpcKernelSchedule.cpp	-	(base code)	FElysiumNpc	stay:troika body	-	retail (base code)
SelectDiveInPoint	method	ElysiumNpcKernelPositions.inl	ElysiumNpcKernelPositions.cpp	FElysiumNpcSabbatLeader	CNPC_VSabbatLeader	FElysiumNpcSabbatLeader	move	4g	-
SelectDiveInPointRule	method	ElysiumNpcKernelPositions.inl	ElysiumNpcKernelPositions.cpp	FElysiumNpcSabbatLeader	CNPC_VSabbatLeader	FElysiumNpcSabbatLeader	move	4g	-
SelectDiveOutPoint	method	ElysiumNpcKernelPositions.inl	ElysiumNpcKernelPositions.cpp	FElysiumNpcSabbatLeader	CNPC_VSabbatLeader	FElysiumNpcSabbatLeader	move	4g	-
SelectDiveOutPointRule	method	ElysiumNpcKernelPositions.inl	ElysiumNpcKernelPositions.cpp	FElysiumNpcSabbatLeader	CNPC_VSabbatLeader	FElysiumNpcSabbatLeader	move	4g	-
SelectDoorObstructionSchedule	method	ElysiumNpc.h	ElysiumNpc.cpp	-	-	FElysiumNpc	stay:troika api	-	used by moving species bodies
SelectIdealState	method	ElysiumNpcKernelSlots.inl	ElysiumNpcKernelState19.cpp	-	(base code),CNPC_VAnimal,CNPC_VAsianVampire,CNPC_VCamera,CNPC_VCop,CNPC_VDog,CNPC_VGuard1,CNPC_VHuman,CNPC_VHumanCombatant,CNPC_VMingXiao,CNPC_VMingXiaoTentacle,CNPC_VPedestrian,CNPC_VSabbatLeader,CNPC_VSheriffMan,CNPC_VTzimisce,CNPC_VWerewolf,CNPC_VZombie	FElysiumNpc	stay:virtual surface	-	species override it
SelectIdealStateMapNameOverride	field	ElysiumNpcKernelState19.inl	-	FElysiumNpcHumanCombatant	-	FElysiumNpcHumanCombatant	move	4f	-
SelectIdealStateMotorResets	field	ElysiumNpcKernelState19.inl	-	-	-	FElysiumNpc	stay:troika api	-	used by moving species bodies
SelectIdealStateSelector	field	ElysiumNpcKernelDamage.inl	-	-	-	FElysiumNpc	stay:troika api	-	used by moving species bodies
SelectIdealStateSpecies	method	ElysiumNpcKernelConditions.inl	ElysiumNpcKernelConditions.cpp	-	-	-	collapse:table	4c	class table: rows become override bodies
SelectIdealStateSquadNewEnemyCalls	field	ElysiumNpcKernelState19.inl	-	-	-	FElysiumNpc	stay:troika api	-	used by moving species bodies
SelectJumpbaseNode	method	ElysiumNpcKernelMotor.inl	ElysiumNpcKernelMotor2.cpp	FElysiumNpcAsianVampire	CNPC_VAsianVampire	FElysiumNpcAsianVampire	move	4g	-
SelectLedgeNode	method	ElysiumNpcKernelPositions.inl	ElysiumNpcKernelPositions.cpp	FElysiumNpcSheriffMan	CNPC_VAsianVampire,CNPC_VSheriffMan	FElysiumNpcSheriffMan	move	4g	-
SelectLedgeNodeAsian	method	ElysiumNpcKernelPositions.inl	ElysiumNpcKernelPositions.cpp	FElysiumNpcAsianVampire	-	FElysiumNpcAsianVampire	move	4g	-
SelectLedgeNodeAsianRule	method	ElysiumNpcKernelPositions.inl	ElysiumNpcKernelPositions.cpp	FElysiumNpcAsianVampire	CNPC_VAsianVampire	FElysiumNpcAsianVampire	move	4g	-
SelectLedgeNodeRule	method	ElysiumNpcKernelPositions.inl	ElysiumNpcKernelPositions.cpp	FElysiumNpcSheriffMan	CNPC_VSheriffMan	FElysiumNpcSheriffMan	move	4g	-
SelectSchedule	method	ElysiumNpc.h	ElysiumNpc.cpp	-	(base code),CNPC_VAnimal,CNPC_VAsianVampire,CNPC_VChangBros,CNPC_VCop,CNPC_VDog,CNPC_VFrenzyShadow,CNPC_VGargoyle,CNPC_VGhoulCroucher,CNPC_VGuard1,CNPC_VHengeyokai,CNPC_VHuman,CNPC_VHumanCombatPatrol,CNPC_VHumanCombatant,CNPC_VMingXiao,CNPC_VPedestrian,CNPC_VSabbatLeader,CNPC_VScurrying,CNPC_VSheriffMan,CNPC_VTzimisce,CNPC_VTzimisceHeadClaw,CNPC_VTzimisceRunner,CNPC_VWerewolf,CNPC_VWolfMorph,CNPC_VYukie,CNPC_VZombie	FElysiumNpc	stay:troika body	-	Troika SelectSchedule; species arms are residue (story 8)
SelectScheduleForHint	method	ElysiumNpcKernelHints.inl	ElysiumNpcKernelHints.cpp	FElysiumNpcWerewolf	CNPC_VWerewolf	FElysiumNpcWerewolf	move	4e	-
SelectScheduleMeleeCombat	method	ElysiumNpcKernelSlots.inl	ElysiumNpcKernelSchedule.cpp	-	(base code),CNPC_VBach,CNPC_VHuman,CNPC_VMingXiao	FElysiumNpc	stay:virtual surface	-	species override it
SelectScheduleMeleeCombatAsianVampire	method	ElysiumNpcKernelSchedule.inl	ElysiumNpcKernelSchedule.cpp	FElysiumNpcAsianVampire	CNPC_VAsianVampire	FElysiumNpcAsianVampire	collapse:SelectScheduleMeleeCombat	4g	-
SelectScheduleMeleeCombatBach	method	ElysiumNpcKernelAnim10.inl	ElysiumNpcKernelAnim10_2.cpp	FElysiumNpcBach	CNPC_VBach	FElysiumNpcBach	collapse:SelectScheduleMeleeCombat	4g	-
SelectScheduleMeleeCombatChangLine	method	ElysiumNpcKernelSchedule.inl	ElysiumNpcKernelSchedule.cpp	-	CNPC_VChangBros,CNPC_VTzimisceRunner	FElysiumNpc	stay:shared helper	-	cross-branch callers; a sibling cannot call a species member
SelectScheduleMeleeCombatHuman	method	ElysiumNpcKernelAnim10.inl	ElysiumNpcKernelAnim10_2.cpp	FElysiumNpcHuman	CNPC_VHuman	FElysiumNpcHuman	move	4f	-
SelectScheduleMeleeCombatMingXiao	method	ElysiumNpcKernelAnim10.inl	ElysiumNpcKernelAnim10_2.cpp	FElysiumNpcMingXiao	CNPC_VMingXiao	FElysiumNpcMingXiao	collapse:SelectScheduleMeleeCombat	4e	-
SelectScheduleMeleeCombatSabbatLeader	method	ElysiumNpcKernelSchedule.inl	ElysiumNpcKernelSchedule.cpp	FElysiumNpcSabbatLeader	CNPC_VSabbatLeader	FElysiumNpcSabbatLeader	collapse:SelectScheduleMeleeCombat	4g	-
SelectScheduleMeleeCombatSheriffMan	method	ElysiumNpcKernelSchedule.inl	ElysiumNpcKernelSchedule.cpp	FElysiumNpcSheriffMan	CNPC_VSheriffMan	FElysiumNpcSheriffMan	collapse:SelectScheduleMeleeCombat	4g	-
SelectScheduleRangedCombat	method	ElysiumNpcKernelSlots.inl	ElysiumNpcKernelCombat10_2.cpp	-	(base code),CNPC_VAsianVampire,CNPC_VBach,CNPC_VHuman,CNPC_VMingXiao,CNPC_VSheriffMan	FElysiumNpc	stay:virtual surface	-	species override it
SelectTeleportArchway	method	ElysiumNpcKernelPositions.inl	ElysiumNpcKernelPositions.cpp	FElysiumNpcSabbatLeader	CNPC_VSabbatLeader	FElysiumNpcSabbatLeader	move	4g	-
SelectTeleportArchwayRule	method	ElysiumNpcKernelPositions.inl	ElysiumNpcKernelPositions.cpp	FElysiumNpcSabbatLeader	CNPC_VSabbatLeader	FElysiumNpcSabbatLeader	move	4g	-
SelectTeleportNodeAndrei	method	ElysiumNpcKernelPositions.inl	ElysiumNpcKernelPositions.cpp	FElysiumNpcAndreiBlood	-	FElysiumNpcAndreiBlood	move	4g	-
SelectTeleportNodeAndreiRule	method	ElysiumNpcKernelPositions.inl	ElysiumNpcKernelPositions.cpp	FElysiumNpcAndreiBlood	CNPC_VAndreiBlood	FElysiumNpcAndreiBlood	move	4g	-
SelectTeleportNodeChang	method	ElysiumNpcKernelPositions.inl	ElysiumNpcKernelPositions.cpp	FElysiumNpcChangBros	-	FElysiumNpcChangBros	move	4g	-
SelectTeleportNodeChangRule	method	ElysiumNpcKernelPositions.inl	ElysiumNpcKernelPositions.cpp	FElysiumNpcChangBros	CNPC_VChangBros	FElysiumNpcChangBros	move	4g	-
SelectTeleportNodeSheriff	method	ElysiumNpcKernelPositions.inl	ElysiumNpcKernelPositions.cpp	FElysiumNpcSheriffMan	-	FElysiumNpcSheriffMan	move	4g	-
SelectTeleportNodeSheriffRule	method	ElysiumNpcKernelPositions.inl	ElysiumNpcKernelPositions.cpp	FElysiumNpcSheriffMan	CNPC_VSheriffMan	FElysiumNpcSheriffMan	move	4g	-
SelectTzimisceHintNode	method	ElysiumNpcKernelHints.inl	ElysiumNpcKernelHints.cpp	FElysiumNpcTzimisce	CNPC_VTzimisce	FElysiumNpcTzimisce	move	4e	-
SelectUnitedNode	method	ElysiumNpcKernelSquad.inl	ElysiumNpcKernelSquad.cpp	FElysiumNpcChangBros	CNPC_VChangBros	FElysiumNpcChangBros	move	4g	-
SelectWeightedSequenceForActivity	method	ElysiumNpcKernelFacing.inl	ElysiumNpcKernelFacing.cpp	-	(base code)	FElysiumNpc	stay:troika body	-	retail (base code)
Senses	field	ElysiumNpc.h	-	-	-	FElysiumNpc	stay:troika api	-	used by moving species bodies
SequenceCycle	field	ElysiumNpcKernelAnim.inl	-	-	-	FElysiumNpc	stay:troika api	-	used by moving species bodies
SequenceNumber	field	ElysiumNpcKernelAnim.inl	-	-	-	FElysiumNpc	stay:troika api	-	used by moving species bodies
SetActivity	method	ElysiumNpcKernelSlots.inl	ElysiumNpcKernelAnim10.cpp	-	(base code),CNPC_VTzimisceHeadClaw,CNPC_VTzimisceRunner	FElysiumNpc	stay:virtual surface	-	species override it
SetAttackExtents	method	ElysiumNpc.h	-	-	-	FElysiumNpc	stay:troika api	-	used by moving species bodies
SetBlockedByFriend	method	ElysiumNpcKernelMotor.inl	ElysiumNpcKernelMotor.cpp	FElysiumNpcMingXiao	CNPC_VMingXiao	FElysiumNpcMingXiao	move	4e	-
SetBodyEmitterName	method	ElysiumNpcKernelDamage.inl	ElysiumNpcKernelDamage2.cpp	FElysiumNpcVampireBoss	CNPC_VVampireBoss	FElysiumNpcVampireBoss	move	4g	-
SetCarriedBreakable	method	ElysiumNpcKernelBosses.inl	ElysiumNpcKernelBosses.cpp	FElysiumNpcHengeyokai	-	FElysiumNpcHengeyokai	move	4g	-
SetCarriedRagdollHeld	method	ElysiumNpcKernelBosses.inl	ElysiumNpcKernelBosses.cpp	FElysiumNpcHengeyokai	CNPC_VHengeyokai	FElysiumNpcHengeyokai	move	4g	-
SetDefaultExpression	method	ElysiumNpcKernelConditions.inl	ElysiumNpcKernelConditions.cpp	FElysiumNpcTzimisce	CNPC_VTzimisce	FElysiumNpcTzimisce	collapse:OnStateChange	4e	-
SetDefaultEyeOffset	method	ElysiumNpcKernelBaseHelpers.inl	ElysiumNpcKernelBaseHelpers.cpp	-	(base code)	FElysiumNpc	stay:troika body	-	retail (base code)
SetDistLook	method	ElysiumNpcKernelSenses.inl	ElysiumNpcKernelSenses.cpp	-	(base code)	FElysiumNpc	stay:troika body	-	retail (base code)
SetFlapActivity	method	ElysiumNpcKernelBosses.inl	ElysiumNpcKernelBosses.cpp	FElysiumNpcManBat	(base code),CNPC_VManBat	FElysiumNpcManBat	move	4g	-
SetFollowerBossByAuthoredName	method	ElysiumNpcKernelLifecycle19.inl	ElysiumNpcKernelLifecycle19.cpp	-	(base code)	FElysiumNpc	stay:troika body	-	retail (base code)
SetForceFrequentThink	method	ElysiumNpcKernelSlots.inl	ElysiumNpcKernelClosure.cpp	-	-	FElysiumNpc	stay:virtual surface	-	species override it
SetHintActivity	method	ElysiumNpcKernelHints.inl	ElysiumNpcKernelHints.cpp	FElysiumNpcWerewolf	CNPC_VWerewolf	FElysiumNpcWerewolf	move	4e	-
SetHullSizeNormal	method	ElysiumNpcKernelMotor10.inl	ElysiumNpcKernelMotor10.cpp	-	(base code)	FElysiumNpc	stay:troika body	-	retail (base code)
SetHullSizeSmall	method	ElysiumNpcKernelMotor10.inl	ElysiumNpcKernelMotor10.cpp	FElysiumNpcBaseBoss	(base code)	FElysiumNpc	stay:troika body	-	retail (base code)
SetIdealActivity	method	ElysiumNpcKernelAnim.inl	ElysiumNpcKernelAnim.cpp	-	(base code)	FElysiumNpc	stay:troika body	-	retail (base code)
SetIdealActivityNumber	method	ElysiumNpcKernelFacing.inl	ElysiumNpcKernelFacing.cpp	-	(base code)	FElysiumNpc	stay:troika body	-	retail (base code)
SetIgnoreCollisionExpiry	method	ElysiumNpcKernelConditions10.inl	ElysiumNpcKernelConditions10.cpp	-	(base code)	FElysiumNpc	stay:troika body	-	retail (base code)
SetJumpVelocityTowardPlayer	method	ElysiumNpcKernelMotor.inl	ElysiumNpcKernelMotor2.cpp	FElysiumNpcSabbatLeader	CNPC_VSabbatLeader	FElysiumNpcSabbatLeader	move	4g	-
SetModel	method	ElysiumNpcKernelSlots.inl	ElysiumNpcKernelAnim10.cpp	-	(base code),CNPC_VGhoulCroucher,CNPC_VZombie	FElysiumNpc	stay:virtual surface	-	species override it
SetMoveHint	method	ElysiumNpcKernelHints.inl	ElysiumNpcKernelHints.cpp	FElysiumNpcWerewolf	CNPC_VWerewolf	FElysiumNpcWerewolf	move	4e	-
SetMoveType	method	ElysiumNpcKernelSlots.inl	-	-	-	FElysiumNpc	stay:virtual surface	-	species override it
SetSchedule	method	ElysiumNpcKernelMaintain19.inl	ElysiumNpcKernelMaintain19.cpp	-	(base code)	FElysiumNpc	stay:troika body	-	retail (base code)
SetSizeCalls	field	ElysiumNpcKernelMotor10.inl	-	-	-	FElysiumNpc	stay:troika api	-	used by moving species bodies
SetState	method	ElysiumNpcKernelState19.inl	ElysiumNpcKernelState19.cpp	-	(base code)	FElysiumNpc	stay:troika body	-	retail (base code)
SetTarget	method	ElysiumNpc.h	-	-	-	FElysiumNpc	stay:troika api	-	used by moving species bodies
SetTeleportHint	method	ElysiumNpcKernelHints.inl	ElysiumNpcKernelHints.cpp	FElysiumNpcWerewolf	CNPC_VWerewolf	FElysiumNpcWerewolf	move	4e	-
SetupJumpRise	method	ElysiumNpcKernelMotor.inl	ElysiumNpcKernelMotor2.cpp	FElysiumNpcVampireBoss	CNPC_VAsianVampire	FElysiumNpcVampireBoss	move	4g	-
SetupJumpSpeciesOf	method	ElysiumNpcKernelMotor.inl	ElysiumNpcKernelMotor.cpp	FElysiumNpcSheriffMan	-	FElysiumNpcSheriffMan	move	4g	-
SetupJumpSpeciesRows	method	ElysiumNpcKernelMotor.inl	ElysiumNpcKernelMotor.cpp	-	-	-	collapse:table	4c	class table: rows become override bodies
SetupSuperJump	method	ElysiumNpcKernelMotor.inl	ElysiumNpcKernelMotor2.cpp	FElysiumNpcChangBros	CNPC_VChangBros	FElysiumNpcChangBros	move	4g	-
SeverTentacle	method	ElysiumNpcKernelBosses.inl	ElysiumNpcKernelBosses2.cpp	FElysiumNpcMingXiao	CAI_BaseNPCTroika	FElysiumNpc	stay:troika body	-	retail CAI_BaseNPCTroika
SeveredTentacleMask	field	ElysiumNpcKernelAnim.inl	-	FElysiumNpcMingXiao	-	FElysiumNpcMingXiao	move	4e	-
SeveredTentacles	field	ElysiumNpcKernelSquad.inl	-	-	-	FElysiumNpc	stay:troika api	-	used by moving species bodies
SeveredTentaclesCanStandOn	method	ElysiumNpcKernelDamage.inl	ElysiumNpcKernelDamage2.cpp	FElysiumNpcMingXiao	CNPC_VMingXiao	FElysiumNpcMingXiao	move	4e	-
SheriffCenterFloorZ	field	ElysiumNpcKernelPositions.inl	-	FElysiumNpcSheriffMan	-	FElysiumNpcSheriffMan	move	4g	-
SheriffLastTeleportPosition	field	ElysiumNpcKernelPositions.inl	-	FElysiumNpcSheriffMan	-	FElysiumNpcSheriffMan	move	4g	-
SheriffLastTeleportTime	field	ElysiumNpcKernelPositions.inl	-	FElysiumNpcSheriffMan	-	FElysiumNpcSheriffMan	move	4g	-
SheriffLedgeFloorZ	field	ElysiumNpcKernelPositions.inl	-	FElysiumNpcSheriffMan	-	FElysiumNpcSheriffMan	move	4g	-
SheriffManJumpGravity	field	ElysiumNpcKernelLifecycle19.inl	-	FElysiumNpcSheriffMan	-	FElysiumNpcSheriffMan	move	4g	-
SheriffManNPCInit	method	ElysiumNpcKernelLifecycle19.inl	ElysiumNpcKernelLifecycle19_2.cpp	FElysiumNpcSheriffMan	-	FElysiumNpcSheriffMan	collapse:NPCInit	4g	-
SheriffManPrecache	method	ElysiumNpcKernelPrecache10.inl	ElysiumNpcKernelPrecache10.cpp	FElysiumNpcSheriffMan	CNPC_VSheriffMan	FElysiumNpcSheriffMan	collapse:Precache	4g	-
SheriffManSelectScheduleRangedCombat	method	ElysiumNpcKernelCombat10.inl	ElysiumNpcKernelCombat10_2.cpp	FElysiumNpcSheriffMan	CNPC_VSheriffMan	FElysiumNpcSheriffMan	collapse:SelectScheduleRangedCombat	4g	-
SheriffManSetupJump	method	ElysiumNpcKernelMotor.inl	ElysiumNpcKernelMotor2.cpp	FElysiumNpcSheriffMan	CNPC_VSheriffMan	FElysiumNpcSheriffMan	move	4g	-
SheriffManTaskFail	method	ElysiumNpcKernelConditions10.inl	ElysiumNpcKernelConditions10.cpp	FElysiumNpcSheriffMan	CNPC_VSheriffMan	FElysiumNpcSheriffMan	collapse:TaskFail	4g	-
SheriffManTranslateSchedule	method	ElysiumNpcKernelTranslate19.inl	ElysiumNpcKernelTranslate19.cpp	FElysiumNpcSheriffMan	CNPC_VSheriffMan	FElysiumNpcSheriffMan	collapse:TranslateScheduleRetail	4g	-
SheriffTeleportSwarm	field	ElysiumNpcKernelPositions.inl	-	FElysiumNpcSheriffMan	-	FElysiumNpcSheriffMan	move	4g	-
ShootEnemyAimPoint	method	ElysiumNpcKernelSenses10.inl	ElysiumNpcKernelSenses10.cpp	-	(base code)	FElysiumNpc	stay:troika body	-	retail (base code)
ShootTargetOverride	field	ElysiumNpc.h	-	-	-	FElysiumNpc	stay:troika api	-	used by moving species bodies
ShortConditionSpeciesOf	method	ElysiumNpcKernelDebug.inl	ElysiumNpcKernelDebug.cpp	-	-	-	collapse:table	4c	class table: rows become override bodies
ShortConditionSpeciesRows	method	ElysiumNpcKernelDebug.inl	ElysiumNpcKernelDebug.cpp	-	-	-	collapse:table	4c	class table: rows become override bodies
ShouldDodgeRangedAttack	method	ElysiumNpcKernelCombat10.inl	ElysiumNpcKernelCombat10_2.cpp	-	(base code)	FElysiumNpc	stay:troika body	-	retail (base code)
ShouldGoToIdleState	method	ElysiumNpcKernelSlots.inl	ElysiumNpcKernelClosure.cpp	-	-	FElysiumNpc	stay:virtual surface	-	species override it
ShouldIgnoreCollision	method	ElysiumNpcKernelSlots.inl	ElysiumNpcKernelMotor.cpp	-	(base code)	FElysiumNpc	stay:virtual surface	-	species override it
ShouldPlayFloatSound	method	ElysiumNpcKernelSlots.inl	ElysiumNpcKernelSounds.cpp	-	(base code),CNPC_VZombie	FElysiumNpc	stay:virtual surface	-	species override it
ShouldPlayIdleSound	method	ElysiumNpcKernelSlots.inl	ElysiumNpcKernelSounds.cpp	-	(base code),CNPC_VZombie	FElysiumNpc	stay:virtual surface	-	species override it
ShouldPlayIdleSoundZombie	method	ElysiumNpcKernelAnim10.inl	ElysiumNpcKernelAnim10_2.cpp	FElysiumNpcZombie	CNPC_VZombie	FElysiumNpcZombie	collapse:ShouldPlayIdleSound	4d	-
SizeCm	field	ElysiumNpcKernelGeometry.inl	-	-	-	FElysiumNpc	stay:troika api	-	used by moving species bodies
Slot21	method	ElysiumNpcKernelSlots.inl	ElysiumNpcKernelBaseHelpers.cpp	-	(base code),CNPC_VMingXiaoTentacle	FElysiumNpc	stay:virtual surface	-	species override it
Slot22	method	ElysiumNpcKernelSlots.inl	ElysiumNpcKernelBaseHelpers.cpp	-	(base code),CNPC_VMingXiaoTentacle	FElysiumNpc	stay:virtual surface	-	species override it
Slot25	method	ElysiumNpcKernelSlots.inl	ElysiumNpcKernelBaseHelpers.cpp	-	(base code),CNPC_VZombie	FElysiumNpc	stay:virtual surface	-	species override it
Slot26	method	ElysiumNpcKernelSlots.inl	ElysiumNpcKernelBaseHelpers.cpp	-	(base code),CNPC_VZombie	FElysiumNpc	stay:virtual surface	-	species override it
Slot266	method	ElysiumNpcKernelSlots.inl	ElysiumNpcKernelEntityChain.cpp	-	(base code)	FElysiumNpc	stay:virtual surface	-	species override it
Slot27	method	ElysiumNpcKernelSlots.inl	ElysiumNpcKernelBaseHelpers.cpp	-	(base code),CNPC_VPedestrian	FElysiumNpc	stay:virtual surface	-	species override it
Slot323	method	ElysiumNpcKernelSlots.inl	ElysiumNpcKernelSpecies.cpp	-	(base code)	FElysiumNpc	stay:virtual surface	-	species override it
Slot330	method	ElysiumNpcKernelSlots.inl	ElysiumNpcKernelAnim10.cpp	-	(base code),CNPC_VTzimisceRunner	FElysiumNpc	stay:virtual surface	-	species override it
Slot332	method	ElysiumNpcKernelSlots.inl	ElysiumNpcKernelSpeciesMisc10_2.cpp	-	(base code),CNPC_VTzimisceHeadClaw	FElysiumNpc	stay:virtual surface	-	species override it
Slot35	method	ElysiumNpcKernelSlots.inl	ElysiumNpcKernelConditions10.cpp	-	(base code),CPayphone	FElysiumNpc	stay:virtual surface	-	species override it
Slot497	method	ElysiumNpcKernelSlots.inl	ElysiumNpcKernelBaseHelpers.cpp	-	CNPC_VCamera	FElysiumNpc	stay:virtual surface	-	species override it
Slot506	method	ElysiumNpcKernelSlots.inl	ElysiumNpcKernelSounds.cpp	-	CNPC_VCamera	FElysiumNpc	stay:virtual surface	-	species override it
Slot588	method	ElysiumNpcKernelSlots.inl	ElysiumNpcKernelBaseHelpers.cpp	-	(base code),CNPC_VTzimisceRunner	FElysiumNpc	stay:virtual surface	-	species override it
Slot593	method	ElysiumNpcKernelSlots.inl	ElysiumNpcKernelClosure.cpp	-	(base code),CNPC_VTzimisce	FElysiumNpc	stay:virtual surface	-	species override it
Slot594	method	ElysiumNpcKernelSlots.inl	ElysiumNpcKernelSenses10.cpp	-	(base code)	FElysiumNpc	stay:virtual surface	-	species override it
Slot596	method	ElysiumNpcKernelSlots.inl	-	-	(base code),CNPC_VCop	FElysiumNpc	stay:virtual surface	-	species override it
Slot597	method	ElysiumNpcKernelSlots.inl	ElysiumNpcKernelTroikaHelpers.cpp	-	(base code),CNPC_VCop	FElysiumNpc	stay:virtual surface	-	species override it
Slot598	method	ElysiumNpcKernelSlots.inl	-	-	(base code),CNPC_VCop	FElysiumNpc	stay:virtual surface	-	species override it
Slot599	method	ElysiumNpcKernelSlots.inl	ElysiumNpcKernelTroikaHelpers.cpp	-	(base code),CNPC_VFrenzyShadow,CNPC_VGargoyle,CNPC_VHuman,CNPC_VTzimisceHeadClaw,CNPC_VTzimisceRunner	FElysiumNpc	stay:virtual surface	-	species override it
Slot600	method	ElysiumNpcKernelSlots.inl	ElysiumNpcKernelTroikaHelpers.cpp	-	(base code),CNPC_VFrenzyShadow,CNPC_VGargoyle,CNPC_VHuman,CNPC_VTzimisceHeadClaw,CNPC_VTzimisceRunner	FElysiumNpc	stay:virtual surface	-	species override it
Slot601	method	ElysiumNpcKernelSlots.inl	ElysiumNpcKernelTroikaHelpers.cpp	-	(base code),CNPC_VTzimisceHeadClaw	FElysiumNpc	stay:virtual surface	-	species override it
Slot602	method	ElysiumNpcKernelSlots.inl	ElysiumNpcKernelTroikaHelpers.cpp	-	(base code),CNPC_VHuman,CNPC_VTzimisceHeadClaw	FElysiumNpc	stay:virtual surface	-	species override it
Slot606	method	ElysiumNpcKernelSlots.inl	ElysiumNpcKernelTroikaHelpers.cpp	-	(base code),CNPC_VBach	FElysiumNpc	stay:virtual surface	-	species override it
Slot609	method	ElysiumNpcKernelSlots.inl	ElysiumNpcKernelTroikaHelpers.cpp	-	(base code),CNPC_VBach	FElysiumNpc	stay:virtual surface	-	species override it
SlowedExpire	method	ElysiumNpcKernelMisc.inl	ElysiumNpcKernelMisc.cpp	FElysiumNpcManBat	CNPC_VManBat	FElysiumNpcManBat	move	4g	-
SnapToAnimationPoint	method	ElysiumNpcKernelSpeciesMisc10.inl	ElysiumNpcKernelSpeciesMisc10_2.cpp	FElysiumNpcWerewolf	CNPC_VWerewolf	FElysiumNpcWerewolf	move	4e	-
SolidFlagsWord	field	ElysiumNpcKernelPositions.inl	-	FElysiumNpcWerewolf	-	FElysiumNpcWerewolf	move	4e	-
SolveJumpArc	method	ElysiumNpcKernelMotor.inl	ElysiumNpcKernelMotor.cpp	FElysiumNpcSabbatLeader	-	FElysiumNpcSabbatLeader	move	4g	-
SolveThrowImpulse	method	ElysiumNpcKernelBosses.inl	ElysiumNpcKernelBosses.cpp	FElysiumNpcHengeyokai	(base code)	FElysiumNpc	stay:troika body	-	retail (base code)
Spawn	method	ElysiumNpc.h	ElysiumNpc.cpp	-	(base code),CCineNPC,CNPC_VAndreiBlood,CNPC_VAnimal,CNPC_VAsianVampire,CNPC_VBach,CNPC_VCamera,CNPC_VChangBros,CNPC_VCop,CNPC_VDog,CNPC_VFrenzyShadow,CNPC_VGhoulCroucher,CNPC_VGuard1,CNPC_VHengeyokai,CNPC_VHuman,CNPC_VHumanCombatant,CNPC_VHunter,CNPC_VLasombra,CNPC_VManBat,CNPC_VMingXiao,CNPC_VMingXiaoTentacle,CNPC_VPedestrian,CNPC_VPlayerController,CNPC_VRat,CNPC_VSabbatLeader,CNPC_VScurrying,CNPC_VSheriffMan,CNPC_VTzimisce,CNPC_VTzimisceHeadClaw,CNPC_VTzimisceRunner,CNPC_VVampire,CNPC_VWerewolf,CNPC_VYukie,CNPC_VZombie,CPayphone	FElysiumNpc	stay:virtual surface	-	species override it
SpawnBloodPoolEmitter	method	ElysiumNpcKernelDamage.inl	ElysiumNpcKernelDamage2.cpp	FElysiumNpcSabbatLeader	CNPC_VSabbatLeader	FElysiumNpcSabbatLeader	move	4g	-
SpawnBodyEmitter	method	ElysiumNpcKernelDamage.inl	ElysiumNpcKernelDamage2.cpp	FElysiumNpcVampireBoss	CNPC_VVampireBoss	FElysiumNpcVampireBoss	move	4g	-
SpawnEnergyBall	method	ElysiumNpcKernelDamage.inl	ElysiumNpcKernelDamage2.cpp	FElysiumNpcChangBros	CNPC_VChangBros	FElysiumNpcChangBros	move	4g	-
SpawnEquipLoadout	method	ElysiumNpcKernelLifecycle19.inl	ElysiumNpcKernelLifecycle19.cpp	-	-	FElysiumNpc	stay:troika api	-	used by moving species bodies
SpawnEquipRequests	field	ElysiumNpcKernelLifecycle19.inl	-	-	-	FElysiumNpc	stay:troika api	-	used by moving species bodies
SpawnFlagNoFloorDrop	field	ElysiumNpcKernelLifecycle19.inl	-	-	-	FElysiumNpc	stay:troika api	-	used by moving species bodies
SpawnFlagPreAimed	field	ElysiumNpcKernelLifecycle19.inl	-	-	-	FElysiumNpc	stay:troika api	-	used by moving species bodies
SpeakSoundConcept	method	ElysiumNpcKernelSounds10.inl	ElysiumNpcKernelSounds10.cpp	-	-	FElysiumNpc	stay:troika api	-	used by moving species bodies
SpeciesBlacklistSeconds	field	ElysiumNpcKernelConditions10.inl	-	-	-	FElysiumNpc	stay:shared helper	-	read by the cross-branch BlacklistPickupTarget
SpeciesBlacklistedEntities	field	ElysiumNpcKernelConditions10.inl	-	-	-	FElysiumNpc	stay:data-query table	-	read by FElysiumNpc::BlacklistPickupTarget
SpeciesFValidateHintType	method	ElysiumNpcKernelHints10.inl	ElysiumNpcKernelHints10.cpp	-	CNPC_VTzimisce	-	collapse:FValidateHintType	4c	class table: rows become override bodies
SpeciesFootstepAnimEvent	method	ElysiumNpc.h	ElysiumNpc.cpp	-	-	-	collapse:HandleAnimEvent	4c	class table: rows become override bodies
SpeciesIRelationType	method	ElysiumNpcKernelSquad.inl	ElysiumNpcKernelSquad.cpp	-	CNPC_VPlayerController	FElysiumNpc	deferred:7	-	CNPC_VPlayerController body
SpeciesIdealStateRetail	method	ElysiumNpcKernelConditions.inl	ElysiumNpcKernelConditions.cpp	-	-	-	collapse:SelectIdealStateRetail	4c	class table: rows become override bodies
SpeciesNPCInit	method	ElysiumNpcKernelLifecycle19.inl	ElysiumNpcKernelLifecycle19.cpp	-	-	FElysiumNpc	stay:data-query table	-	read by FElysiumNpc::NPCInit
SpeciesPickupTarget	field	ElysiumNpcKernelConditions10.inl	-	-	-	FElysiumNpc	stay:data-query table	-	read by FElysiumNpc::HengeyokaiTaskFail, FElysiumNpc::TzimisceTaskFail
SpeciesSelectSchedule	method	ElysiumNpcKernelSchedule.inl	ElysiumNpcKernelSchedule.cpp	-	-	FElysiumNpc	stay:data-query table	-	read by <header:ElysiumNpcAndreiBlood.h>, <header:ElysiumNpcCamera.h>, <header:ElysiumNpcManBat.h>
SpeciesShortConditionName	method	ElysiumNpcKernelDebug.inl	ElysiumNpcKernelDebug.cpp	-	CNPC_VMingXiao	-	collapse:GetShortConditionName	4c	class table: rows become override bodies
SpeciesShunWindowSeconds	field	ElysiumNpcKernelLifecycle19.inl	-	-	-	FElysiumNpc	stay:data-query table	-	read by FElysiumNpc::HengeyokaiNPCInit, FElysiumNpc::TzimisceNPCInit
SpeciesShunnedFindCount	field	ElysiumNpcKernelConditions10.inl	-	-	-	-	collapse:split	4c	three retail words (Gargoyle +0x6680, Hengeyokai +0x6678, Tzimisce +0x66b8) share one port field; each class declares its own
SpeciesSlot599	method	ElysiumNpcKernelSpecies.inl	ElysiumNpcKernelSpecies.cpp	-	-	FElysiumNpc	stay:data-query table	-	read by FElysiumNpc::Slot599
SpeciesSlot600	method	ElysiumNpcKernelSpecies.inl	ElysiumNpcKernelSpecies.cpp	-	-	FElysiumNpc	stay:data-query table	-	read by FElysiumNpc::Slot600
SpeciesSlotRow	method	ElysiumNpcKernelSpecies.inl	ElysiumNpcKernelSpecies.cpp	-	-	FElysiumNpc	stay:data-query table	-	read by FElysiumNpc::SpeciesSlot599, FElysiumNpc::SpeciesSlot600
SpeciesSlotRowOf	method	ElysiumNpcKernelSpecies.inl	ElysiumNpcKernelSpecies.cpp	-	-	FElysiumNpc	stay:data-query table	-	read by FElysiumNpc::SpeciesSlotRow
SpeciesSlotRows	method	ElysiumNpcKernelSpecies.inl	ElysiumNpcKernelSpecies.cpp	-	-	FElysiumNpc	stay:data-query table	-	read by FElysiumNpc::SpeciesSlotRowOf
SpeciesSquadSlotName	method	ElysiumNpcKernelSquad.inl	ElysiumNpcKernelSquad.cpp	-	-	-	collapse:SquadSlotName	4c	class table: rows become override bodies
SpeciesStealthSenseGate	method	ElysiumNpcKernelSenses.inl	ElysiumNpcKernelSenses.cpp	-	CNPC_VWerewolf	FElysiumNpc	stay:shared helper	-	cross-branch callers; a sibling cannot call a species member
SpeciesSuppressesDamageFlinch	method	ElysiumNpcKernelDamage.inl	ElysiumNpcKernelDamage.cpp	FElysiumNpcVampire	-	FElysiumNpcVampire	move	4g	-
SpeciesSuspectWindowSeconds	field	ElysiumNpcKernelSenses10.inl	-	FElysiumNpcHumanCombatant	-	FElysiumNpcHumanCombatant	move	4f	-
SpeciesThrowObject	field	ElysiumNpcKernelConditions10.inl	-	FElysiumNpcMingXiao	-	FElysiumNpcMingXiao	move	4e	-
SpeciesThrowableObjectMode	field	ElysiumNpcKernelConditions10.inl	-	FElysiumNpcMingXiao	-	FElysiumNpcMingXiao	move	4e	-
SpeciesUsedHullBits	method	ElysiumNpcKernelGeometry.inl	ElysiumNpcKernelGeometry.cpp	-	(base code)	-	collapse:GetUsedHullBits	4c	class table: rows become override bodies
SpeciesVocalize	method	ElysiumNpcKernelSounds.inl	ElysiumNpcKernelSounds.cpp	-	-	FElysiumNpc	deferred:7	-	the controller-line rows stay until step 7; introduced rows collapse into their hook overrides
SpeciesWorldSpaceCenter	method	ElysiumNpcKernelGeometry.inl	ElysiumNpcKernelGeometry.cpp	FElysiumNpcWerewolf	(base code)	FElysiumNpc	stay:data-query table	-	read by FElysiumNpc::ApplyFakeHullPush
SpitAttackTimer	method	ElysiumNpcKernelDamage.inl	ElysiumNpcKernelDamage2.cpp	FElysiumNpcMingXiaoTentacle	CNPC_VMingXiaoTentacle	FElysiumNpcMingXiaoTentacle	move	4d	-
SquadDisconnected	field	ElysiumNpcKernelSenses10.inl	-	-	-	FElysiumNpc	stay:troika api	-	used by moving species bodies
SquadMember	method	ElysiumNpcKernelSquad.inl	ElysiumNpcKernelSquad.cpp	FElysiumNpcChangBros	(base code)	FElysiumNpc	stay:troika body	-	retail (base code)
SquadMemberCount	method	ElysiumNpcKernelSquad.inl	ElysiumNpcKernelSquad.cpp	FElysiumNpcChangBros	(base code)	FElysiumNpc	stay:troika body	-	retail (base code)
SquadMembers	method	ElysiumNpcKernelPositions.inl	ElysiumNpcKernelPositions.cpp	FElysiumNpcChangBros	-	FElysiumNpcChangBros	move	4g	-
SquadPositionTaken	method	ElysiumNpcKernelPositions.inl	ElysiumNpcKernelPositions.cpp	FElysiumNpcChangBros	-	FElysiumNpcChangBros	move	4g	-
SquadSlotSpeciesOf	method	ElysiumNpcKernelSquad.inl	ElysiumNpcKernelSquad.cpp	-	-	FElysiumNpc	stay:data-query table	-	read by FElysiumNpc::SpeciesSquadSlotName, FElysiumNpc::SquadSlotName
SquadSlotSpeciesRows	method	ElysiumNpcKernelSquad.inl	ElysiumNpcKernelSquad.cpp	-	-	-	collapse:table	4c	class table: rows become override bodies
SquadWord	method	ElysiumNpcKernelSenses10.inl	ElysiumNpcKernelSenses10.cpp	-	(base code)	FElysiumNpc	stay:troika body	-	retail (base code)
StampCopSuspect	method	ElysiumNpcKernelSenses10.inl	ElysiumNpcKernelSenses10.cpp	FElysiumNpcCop	CNPC_VCop	FElysiumNpcCop	move	4f	-
StampHunterSuspect	method	ElysiumNpcKernelSenses10.inl	ElysiumNpcKernelSenses10.cpp	FElysiumNpcHunter	CNPC_VHunter	FElysiumNpcHunter	move	4f	-
StandingOnPlayer	method	ElysiumNpcKernelGeometry.inl	ElysiumNpcKernelGeometry.cpp	FElysiumNpcAsianVampire	CNPC_VAsianVampire	FElysiumNpcAsianVampire	move	4g	-
StandingOnPlayerOverlap	method	ElysiumNpcKernelGeometry.inl	ElysiumNpcKernelGeometry.cpp	FElysiumNpcAsianVampire	CNPC_VAsianVampire	FElysiumNpcAsianVampire	move	4g	-
StartBloodEmitter	method	ElysiumNpcKernelDamage.inl	ElysiumNpcKernelDamage2.cpp	FElysiumNpcAndreiBlood	CNPC_VAndreiBlood	FElysiumNpcAndreiBlood	move	4g	-
StartIgnoringCollision	method	ElysiumNpcKernelBosses.inl	ElysiumNpcKernelBosses.cpp	-	(base code)	FElysiumNpc	stay:troika body	-	retail (base code)
StartNPC	method	ElysiumNpcKernelSlots.inl	ElysiumNpcKernelLifecycle19.cpp	-	(base code),CNPC_VCamera	FElysiumNpc	stay:virtual surface	-	species override it
StartNamedEmitter	method	ElysiumNpcKernelDamage.inl	ElysiumNpcKernelDamage.cpp	-	-	FElysiumNpc	stay:troika api	-	used by moving species bodies
StartNpcAmbushRetailId	field	ElysiumNpcKernelLifecycle19.inl	-	-	-	FElysiumNpc	stay:troika api	-	used by moving species bodies
StartNpcDelayMax	field	ElysiumNpcKernelLifecycle19.inl	-	-	-	FElysiumNpc	stay:troika api	-	used by moving species bodies
StartNpcDelayMin	field	ElysiumNpcKernelLifecycle19.inl	-	-	-	FElysiumNpc	stay:troika api	-	used by moving species bodies
StartNpcGoalEntityRetailId	field	ElysiumNpcKernelLifecycle19.inl	-	-	-	FElysiumNpc	stay:troika api	-	used by moving species bodies
StartNpcThinkFunction	method	ElysiumNpcKernelLifecycle19.inl	ElysiumNpcKernelLifecycle19.cpp	-	-	FElysiumNpc	stay:troika api	-	used by moving species bodies
StartSearchTimer	method	ElysiumNpcKernelLifecycle.inl	ElysiumNpcKernelLifecycle.cpp	FElysiumNpcWerewolf	CNPC_VWerewolf	FElysiumNpcWerewolf	move	4e	-
StartSummonEmitter	method	ElysiumNpcKernelDamage.inl	ElysiumNpcKernelDamage2.cpp	FElysiumNpcAndreiBlood	CNPC_VAndreiBlood	FElysiumNpcAndreiBlood	move	4g	-
StartTaskSlot442	method	ElysiumNpcKernelSlots.inl	-	-	(base code),CNPC_VAndreiBlood,CNPC_VAnimal,CNPC_VAsianVampire,CNPC_VBach,CNPC_VChangBros,CNPC_VCop,CNPC_VDog,CNPC_VFrenzyShadow,CNPC_VGargoyle,CNPC_VGhoulCroucher,CNPC_VHengeyokai,CNPC_VHuman,CNPC_VManBat,CNPC_VMingXiao,CNPC_VMingXiaoTentacle,CNPC_VSabbatGunman,CNPC_VSabbatLeader,CNPC_VScurrying,CNPC_VSheriffMan,CNPC_VTaxiDriver,CNPC_VTzimisce,CNPC_VTzimisceHeadClaw,CNPC_VTzimisceRunner,CNPC_VVampireBoss,CNPC_VWerewolf,CNPC_VZombie	FElysiumNpc	stay:virtual surface	-	species override it
StartTouchSpecies	method	ElysiumNpcKernelSpeciesLifecycle10.inl	ElysiumNpcKernelSpeciesLifecycle10.cpp	-	CNPC_VGhoulCroucher	FElysiumNpc	stay:data-query table	-	read by <header:ElysiumNpcGhoulCroucher.h>, FElysiumNpc::BaseEntityStartTouch, FElysiumNpc::OnTouchStart
StatTemplate	field	ElysiumNpc.h	-	-	-	FElysiumNpc	stay:troika api	-	used by moving species bodies
StateChangeExpressionName	method	ElysiumNpcKernelConditions.inl	ElysiumNpcKernelConditions.cpp	FElysiumNpcTzimisce	CNPC_VTzimisce	FElysiumNpcTzimisce	collapse:OnStateChange	4e	-
StationaryForTooLong	method	ElysiumNpcKernelMotor.inl	ElysiumNpcKernelMotor2.cpp	FElysiumNpcAsianVampire	CNPC_VAsianVampire	FElysiumNpcAsianVampire	move	4g	-
StepHeight	method	ElysiumNpcKernelSlots.inl	ElysiumNpcKernelMotor.cpp	-	(base code),CAI_TestHull	FElysiumNpc	stay:virtual surface	-	species override it
StoreArenaCenter	method	ElysiumNpcKernelMisc.inl	ElysiumNpcKernelMisc.cpp	FElysiumNpcChangBros	CNPC_VChangBros	FElysiumNpcChangBros	move	4g	-
StudioFrameAdvance	method	ElysiumNpcKernelSlots.inl	-	-	-	FElysiumNpc	stay:virtual surface	-	species override it
SummonEmitterBoneName	method	ElysiumNpcKernelDamage.inl	ElysiumNpcKernelDamage.cpp	FElysiumNpcAndreiBlood	-	FElysiumNpcAndreiBlood	move	4g	-
SuppressesDamageFlinch	method	ElysiumNpcKernelDamage.inl	ElysiumNpcKernelDamage.cpp	-	CNPC_VGargoyle	FElysiumNpc	stay:virtual surface	-	species override it
SurprisedSound	method	ElysiumNpcKernelSlots.inl	ElysiumNpcKernelSounds10.cpp	-	(base code),CNPC_VCamera	FElysiumNpc	stay:virtual surface	-	species override it
SwarmDistTooFar	field	ElysiumNpcKernelLifecycle19.inl	-	FElysiumNpcBach	-	FElysiumNpcBach	move	4g	-
TakeDamageMode	field	ElysiumNpcKernelDamage.inl	-	-	-	FElysiumNpc	stay:troika api	-	used by moving species bodies
TargetLeadCurrentWeight	field	ElysiumNpc.h	-	-	-	FElysiumNpc	stay:troika api	-	used by moving species bodies
TargetLeadMax	field	ElysiumNpc.h	-	-	-	FElysiumNpc	stay:troika api	-	used by moving species bodies
TargetLeadMin	field	ElysiumNpc.h	-	-	-	FElysiumNpc	stay:troika api	-	used by moving species bodies
TargetLeadPredictedWeight	field	ElysiumNpc.h	-	-	-	FElysiumNpc	stay:troika api	-	used by moving species bodies
TargetLeadWeightScale	field	ElysiumNpc.h	-	-	-	FElysiumNpc	stay:troika api	-	used by moving species bodies
TaskComplete	method	ElysiumNpcKernelSchedule.inl	ElysiumNpcKernelSchedule.cpp	-	(base code)	FElysiumNpc	stay:troika body	-	retail (base code)
TaskFail	method	ElysiumNpc.h	ElysiumNpc.cpp	-	(base code),CNPC_VAsianVampire,CNPC_VChangBros,CNPC_VGargoyle,CNPC_VHengeyokai,CNPC_VMingXiao,CNPC_VSabbatLeader,CNPC_VSheriffMan,CNPC_VTzimisce	FElysiumNpc	stay:virtual surface	-	species override it
TaskMovementComplete	method	ElysiumNpcKernelMaintain19.inl	ElysiumNpcKernelMaintain19.cpp	FElysiumNpcHengeyokai	(base code)	FElysiumNpc	stay:troika body	-	retail (base code)
TaxiDriverNPCInit	method	ElysiumNpcKernelLifecycle19.inl	ElysiumNpcKernelLifecycle19_2.cpp	FElysiumNpcTaxiDriver	-	FElysiumNpcTaxiDriver	collapse:NPCInit	4f	-
TeleportEmitterPlacements	field	ElysiumNpcKernelBosses.inl	-	FElysiumNpcManBat	-	FElysiumNpcManBat	move	4g	-
TeleportHintNode	field	ElysiumNpcKernelHints.inl	-	FElysiumNpcWerewolf	-	FElysiumNpcWerewolf	move	4e	-
TeleportIn	method	ElysiumNpcKernelPositions.inl	ElysiumNpcKernelPositions2.cpp	FElysiumNpcWerewolf	CNPC_VWerewolf	FElysiumNpcWerewolf	move	4e	-
TeleportOut	method	ElysiumNpcKernelPositions.inl	ElysiumNpcKernelPositions2.cpp	FElysiumNpcWerewolf	CNPC_VWerewolf	FElysiumNpcWerewolf	move	4e	-
TentacleCoordinatePosUnits	field	ElysiumNpcKernelSpecies.inl	-	-	-	FElysiumNpcMingXiaoTentacle	move	4d	CNPC_VMingXiaoTentacle word; its only reader FUN_1039ef90 moves
TentacleHeadForwards	field	ElysiumNpcKernelSpecies.inl	-	FElysiumNpcMingXiaoTentacle	-	FElysiumNpcMingXiaoTentacle	move	4d	-
TentacleMingXiao	field	ElysiumNpcKernelGeometry.inl	-	FElysiumNpcMingXiaoTentacle	-	FElysiumNpcMingXiaoTentacle	move	4d	-
TentaclePhase	field	ElysiumNpcKernelGeometry.inl	-	FElysiumNpcMingXiao	-	FElysiumNpcMingXiao	move	4e	-
TentacleScatterCenterUnits	field	ElysiumNpcKernelGeometry.inl	-	-	-	FElysiumNpc	stay:troika reader	-	written by NotifyScatterCenter, a Troika notification
TestHitboxes	method	ElysiumNpcKernelSlots.inl	-	-	CNPC_VMingXiao	FElysiumNpc	stay:virtual surface	-	species override it
TestHitboxesMingXiao	method	ElysiumNpcKernelDamage.inl	ElysiumNpcKernelDamage2.cpp	FElysiumNpcMingXiao	-	FElysiumNpcMingXiao	move	4e	-
TestOneHitbox	method	ElysiumNpcKernelDamage.inl	ElysiumNpcKernelDamage.cpp	FElysiumNpcMingXiao	-	FElysiumNpcMingXiao	move	4e	-
ThinkFunctionName	field	ElysiumNpcKernelLifecycle19.inl	-	-	-	FElysiumNpc	stay:troika api	-	used by moving species bodies
ThinkSet	method	ElysiumNpcKernelLifecycle19.inl	ElysiumNpcKernelLifecycle19.cpp	-	-	FElysiumNpc	stay:troika api	-	used by moving species bodies
ThrowGrenade	method	ElysiumNpcKernelDamage.inl	ElysiumNpcKernelDamage2.cpp	FElysiumNpcBach	CNPC_VBach	FElysiumNpcBach	move	4g	-
ThrowModel	method	ElysiumNpcKernelDamage.inl	ElysiumNpcKernelDamage2.cpp	FElysiumNpcManBat	CNPC_VManBat	FElysiumNpcManBat	move	4g	-
ThrowableObjectMode	method	ElysiumNpcKernelDamage.inl	ElysiumNpcKernelDamage2.cpp	FElysiumNpcMingXiao	CNPC_VMingXiao	FElysiumNpcMingXiao	move	4e	-
TookLifeSpeciesOf	method	ElysiumNpcKernelDamage.inl	ElysiumNpcKernelDamage2.cpp	-	-	-	collapse:table	4c	class table: rows become override bodies
TookLifeSpeciesRows	method	ElysiumNpcKernelDamage.inl	ElysiumNpcKernelDamage2.cpp	-	CNPC_VPlayerController	FElysiumNpc	deferred:7	-	CNPC_VPlayerController body
TouchSpecies	method	ElysiumNpcKernelSpeciesLifecycle10.inl	ElysiumNpcKernelSpeciesLifecycle10.cpp	-	CNPC_VGargoyle	FElysiumNpc	stay:data-query table	-	read by <header:ElysiumNpcGargoyle.h>, FElysiumNpc::BaseEntityTouch
TraceAttack	method	ElysiumNpcKernelSlots.inl	ElysiumNpcKernelDamage.cpp	-	(base code)	FElysiumNpc	stay:virtual surface	-	species override it
TraceAttackSpeciesOf	method	ElysiumNpcKernelDamage.inl	ElysiumNpcKernelDamage.cpp	-	-	-	collapse:table	4c	class table: rows become override bodies
TraceAttackSpeciesRows	method	ElysiumNpcKernelDamage.inl	ElysiumNpcKernelDamage.cpp	-	(base code)	-	collapse:table	4c	class table: rows become override bodies
TransformPartner	field	ElysiumNpcKernelSpeciesMisc10.inl	-	FElysiumNpcVampireBoss	-	FElysiumNpcVampireBoss	move	4g	-
TranslateEnemyChasePosition	method	ElysiumNpcKernelSlots.inl	ElysiumNpcKernelPositions2.cpp	-	(base code),CNPC_VAnimal,CNPC_VCamera,CNPC_VHuman,CNPC_VMingXiao,CNPC_VTzimisce,CNPC_VWerewolf	FElysiumNpc	stay:virtual surface	-	species override it
TranslateEnemyChasePositionShaped	method	ElysiumNpcKernelPositions.inl	ElysiumNpcKernelPositions2.cpp	-	-	FElysiumNpc	stay:troika api	-	used by moving species bodies
TranslateNavGoalPosition	method	ElysiumNpcKernelSlots.inl	ElysiumNpcKernelEntityChain.cpp	-	(base code),CNPC_VTzimisce	FElysiumNpc	stay:virtual surface	-	species override it
TranslateNavGoalPositionTzimisce	method	ElysiumNpcKernelMotor.inl	ElysiumNpcKernelMotor.cpp	FElysiumNpcTzimisce	CNPC_VTzimisce	FElysiumNpcTzimisce	move	4e	-
TriggerWerewolfZone	method	ElysiumNpcKernelMisc.inl	ElysiumNpcKernelMisc.cpp	FElysiumNpcWerewolf	CNPC_VWerewolf	FElysiumNpcWerewolf	move	4e	-
TroikaDrawDebugGeometryOverlays	method	ElysiumNpcKernelDebug10.inl	ElysiumNpcKernelDebug10_2.cpp	-	(base code)	FElysiumNpc	stay:troika body	-	retail (base code)
TroikaDrawDebugTextOverlays	method	ElysiumNpcKernelDebug10.inl	ElysiumNpcKernelDebug10.cpp	-	(base code)	FElysiumNpc	stay:troika body	-	retail (base code)
TroikaIRelationType	method	ElysiumNpcKernelConditions10.inl	ElysiumNpcKernelConditions10.cpp	-	(base code)	FElysiumNpc	stay:troika body	-	retail (base code)
TroikaInitAlertLevelResets	field	ElysiumNpcKernelLifecycle19.inl	-	-	-	FElysiumNpc	stay:troika api	-	used by moving species bodies
TroikaInitInterestingPlaceReleases	field	ElysiumNpcKernelLifecycle19.inl	-	-	-	FElysiumNpc	stay:troika api	-	used by moving species bodies
TroikaMotor	field	ElysiumNpcKernelTroikaHelpers.inl	-	-	-	FElysiumNpc	stay:troika api	-	used by moving species bodies
TroikaNPCInit	method	ElysiumNpcKernelLifecycle19.inl	ElysiumNpcKernelLifecycle19.cpp	-	(base code)	FElysiumNpc	stay:troika body	-	retail (base code)
TroikaNpcEarlyTranslateActivity	method	ElysiumNpcKernelAnim10.inl	ElysiumNpcKernelAnim10.cpp	-	(base code)	FElysiumNpc	stay:troika body	-	retail (base code)
TroikaOnRestore	method	ElysiumNpcKernelLifecycle19.inl	ElysiumNpcKernelLifecycle19.cpp	-	(base code)	FElysiumNpc	stay:troika body	-	retail (base code)
TroikaPrecache	method	ElysiumNpcKernelPrecache10.inl	ElysiumNpcKernelPrecache10.cpp	-	(base code)	FElysiumNpc	stay:troika body	-	retail (base code)
TroikaRestore	method	ElysiumNpcKernelSaveRestore10.inl	ElysiumNpcKernelSaveRestore10.cpp	-	(base code)	FElysiumNpc	stay:troika body	-	retail (base code)
TroikaSave	method	ElysiumNpcKernelSaveRestore10.inl	ElysiumNpcKernelSaveRestore10.cpp	-	(base code)	FElysiumNpc	stay:troika body	-	retail (base code)
TroikaSetActivity	method	ElysiumNpcKernelAnim10.inl	ElysiumNpcKernelAnim10.cpp	-	(base code)	FElysiumNpc	stay:troika body	-	retail (base code)
TroikaStartNPC	method	ElysiumNpcKernelLifecycle19.inl	ElysiumNpcKernelLifecycle19.cpp	-	-	FElysiumNpc	stay:troika api	-	used by moving species bodies
TroikaTranslateScheduleRetail	method	ElysiumNpcKernelTranslate19.inl	ElysiumNpcKernelTranslate19.cpp	-	(base code)	FElysiumNpc	stay:troika body	-	retail (base code)
TroikaUpdateOnRemove	method	ElysiumNpcKernelSaveRestore10.inl	ElysiumNpcKernelSaveRestore10.cpp	-	(base code)	FElysiumNpc	stay:troika body	-	retail (base code)
TuningZombieGrappleReadyInterval	method	ElysiumNpcKernelLifecycle19.inl	ElysiumNpcKernelLifecycle19.cpp	FElysiumNpcZombie	(base code)	FElysiumNpc	stay:troika body	-	retail (base code)
TurningAnimsEnabled	method	ElysiumNpcKernelFacing.inl	ElysiumNpcKernelFacing.cpp	-	-	FElysiumNpc	stay:troika api	-	used by moving species bodies
TypedStatSet	method	ElysiumNpcKernelCombat10.inl	ElysiumNpcKernelCombat10.cpp	-	-	FElysiumNpc	stay:troika api	-	used by moving species bodies
TypedStatValue	method	ElysiumNpcKernelCombat10.inl	ElysiumNpcKernelCombat10.cpp	-	(base code)	FElysiumNpc	stay:troika body	-	retail (base code)
TypedStatValueOf	method	ElysiumNpcKernelSpeciesMisc10.inl	ElysiumNpcKernelSpeciesMisc10_2.cpp	FElysiumNpcSabbatLeader	-	FElysiumNpcSabbatLeader	move	4g	-
TzimisceAimConVar	method	ElysiumNpcKernelPositions.inl	ElysiumNpcKernelPositions2.cpp	FElysiumNpcTzimisce	CNPC_VTzimisce	FElysiumNpcTzimisce	move	4e	-
TzimisceAimOffset	method	ElysiumNpcKernelPositions.inl	ElysiumNpcKernelPositions2.cpp	FElysiumNpcTzimisce	CNPC_VTzimisce	FElysiumNpcTzimisce	move	4e	-
TzimisceBlacklist	field	ElysiumNpcKernelSpecies.inl	-	FElysiumNpcTzimisce	-	FElysiumNpcTzimisce	move	4e	-
TzimisceBodyTimer	field	ElysiumNpcKernelSpecies.inl	-	FElysiumNpcTzimisce	-	FElysiumNpcTzimisce	move	4e	-
TzimisceCarryFormBit	method	ElysiumNpcKernelAnim10.inl	ElysiumNpcKernelAnim10.cpp	FElysiumNpcTzimisce	-	FElysiumNpcTzimisce	move	4e	-
TzimisceDeathScriptArgument	method	ElysiumNpcKernelSpecies.inl	ElysiumNpcKernelSpecies2.cpp	FElysiumNpcTzimisce	-	FElysiumNpcTzimisce	move	4e	-
TzimisceDrawDebugTextOverlays	method	ElysiumNpcKernelDebug10.inl	ElysiumNpcKernelDebug10.cpp	FElysiumNpcTzimisce	CNPC_VTzimisce	FElysiumNpcTzimisce	collapse:DrawDebugTextOverlays	4e	-
TzimisceEventName	method	ElysiumNpcKernelDebug.inl	ElysiumNpcKernelDebug.cpp	FElysiumNpcTzimisce	CNPC_VTzimisce	FElysiumNpcTzimisce	move	4e	-
TzimisceFVisible	method	ElysiumNpcKernelSenses10.inl	ElysiumNpcKernelSenses10_2.cpp	FElysiumNpcTzimisce	CNPC_VTzimisce	FElysiumNpcTzimisce	collapse:FVisible	4e	-
TzimisceHeadClawBuildScheduleTestBits	method	ElysiumNpcKernelSchedule.inl	ElysiumNpcKernelSchedule.cpp	FElysiumNpcTzimisceHeadClaw	CNPC_VTzimisceHeadClaw	FElysiumNpcTzimisceHeadClaw	collapse:BuildScheduleTestBits	4e	-
TzimisceHeadClawEndSlow	method	ElysiumNpcKernelSpeciesMisc10.inl	ElysiumNpcKernelSpeciesMisc10_2.cpp	FElysiumNpcTzimisceHeadClaw	CNPC_VTzimisceHeadClaw	FElysiumNpcTzimisceHeadClaw	move	4e	-
TzimisceHeadClawNPCInit	method	ElysiumNpcKernelLifecycle19.inl	ElysiumNpcKernelLifecycle19_2.cpp	FElysiumNpcTzimisceHeadClaw	-	FElysiumNpcTzimisceHeadClaw	collapse:NPCInit	4e	-
TzimisceHeadClawPrecache	method	ElysiumNpcKernelPrecache10.inl	ElysiumNpcKernelPrecache10.cpp	FElysiumNpcTzimisceHeadClaw	CNPC_VTzimisceHeadClaw	FElysiumNpcTzimisceHeadClaw	collapse:Precache	4e	-
TzimisceHeadClawRestore	method	ElysiumNpcKernelSaveRestore10.inl	ElysiumNpcKernelSaveRestore10.cpp	FElysiumNpcTzimisceHeadClaw	CNPC_VTzimisceHeadClaw	FElysiumNpcTzimisceHeadClaw	collapse:Restore	4e	-
TzimisceHeadClawSave	method	ElysiumNpcKernelSaveRestore10.inl	ElysiumNpcKernelSaveRestore10.cpp	FElysiumNpcTzimisceHeadClaw	CNPC_VTzimisceHeadClaw	FElysiumNpcTzimisceHeadClaw	collapse:Save	4e	-
TzimisceHeadClawSetActivity	method	ElysiumNpcKernelAnim10.inl	ElysiumNpcKernelAnim10.cpp	FElysiumNpcTzimisceHeadClaw	CNPC_VTzimisceHeadClaw	FElysiumNpcTzimisceHeadClaw	collapse:SetActivity	4e	-
TzimisceHeadClawTranslateSchedule	method	ElysiumNpcKernelTranslate19.inl	ElysiumNpcKernelTranslate19.cpp	FElysiumNpcTzimisceHeadClaw	CNPC_VTzimisceHeadClaw	FElysiumNpcTzimisceHeadClaw	collapse:TranslateScheduleRetail	4e	-
TzimisceIsCarryingBody	method	ElysiumNpcKernelDebug10.inl	ElysiumNpcKernelDebug10.cpp	FElysiumNpcTzimisce	CNPC_VTzimisce	FElysiumNpcTzimisce	move	4e	-
TzimisceJustMadeSound	method	ElysiumNpcKernelSounds.inl	ElysiumNpcKernelSounds.cpp	FElysiumNpcTzimisce	CNPC_VTzimisce	FElysiumNpcTzimisce	collapse:JustMadeSound	4e	-
TzimisceNPCInit	method	ElysiumNpcKernelLifecycle19.inl	ElysiumNpcKernelLifecycle19_2.cpp	FElysiumNpcTzimisce	-	FElysiumNpcTzimisce	collapse:NPCInit	4e	-
TzimisceNpcEarlyTranslateActivity	method	ElysiumNpcKernelAnim10.inl	ElysiumNpcKernelAnim10.cpp	FElysiumNpcTzimisce	CNPC_VTzimisce	FElysiumNpcTzimisce	collapse:NPC_EarlyTranslateActivity	4e	-
TzimisceOnScheduleChange	method	ElysiumNpcKernelMaintain19.inl	ElysiumNpcKernelMaintain19.cpp	FElysiumNpcTzimisce	CNPC_VTzimisce	FElysiumNpcTzimisce	collapse:OnScheduleChange	4e	-
TzimiscePhysicsAnimlink	field	ElysiumNpcKernelDamage.inl	-	FElysiumNpcTzimisce	-	FElysiumNpcTzimisce	move	4e	-
TzimiscePickupGrabBone	field	ElysiumNpcKernelSpecies.inl	-	FElysiumNpcTzimisce	-	FElysiumNpcTzimisce	move	4e	-
TzimiscePounceCheckTimer	field	ElysiumNpcKernelLifecycle19.inl	-	FElysiumNpcTzimisce	-	FElysiumNpcTzimisce	move	4e	-
TzimiscePrecache	method	ElysiumNpcKernelPrecache10.inl	ElysiumNpcKernelPrecache10.cpp	FElysiumNpcTzimisce	CNPC_VTzimisce	FElysiumNpcTzimisce	collapse:Precache	4e	-
TzimisceResolveTaskDistance	method	ElysiumNpcKernelSchedule.inl	ElysiumNpcKernelSchedule.cpp	FElysiumNpcTzimisce	CNPC_VTzimisce	FElysiumNpcTzimisce	collapse:ResolveTaskDistance	4e	-
TzimisceRunnerNotifyChangeSizeNormal	method	ElysiumNpcKernelSpeciesMisc10.inl	ElysiumNpcKernelSpeciesMisc10_2.cpp	FElysiumNpcTzimisceRunner	CNPC_VTzimisceRunner	FElysiumNpcTzimisceRunner	move	4e	-
TzimisceRunnerNotifyChangeSizeSmall	method	ElysiumNpcKernelSpeciesMisc10.inl	ElysiumNpcKernelSpeciesMisc10_2.cpp	FElysiumNpcTzimisceRunner	CNPC_VTzimisceRunner	FElysiumNpcTzimisceRunner	move	4e	-
TzimisceRunnerNpcEarlyTranslateActivity	method	ElysiumNpcKernelAnim10.inl	ElysiumNpcKernelAnim10.cpp	FElysiumNpcTzimisceRunner	CNPC_VTzimisceRunner	FElysiumNpcTzimisceRunner	collapse:NPC_EarlyTranslateActivity	4e	-
TzimisceRunnerOnRestore	method	ElysiumNpcKernelLifecycle19.inl	ElysiumNpcKernelLifecycle19.cpp	FElysiumNpcTzimisceRunner	-	FElysiumNpcTzimisceRunner	collapse:OnRestore	4e	-
TzimisceRunnerPrecache	method	ElysiumNpcKernelPrecache10.inl	ElysiumNpcKernelPrecache10.cpp	FElysiumNpcTzimisceRunner	CNPC_VTzimisceRunner	FElysiumNpcTzimisceRunner	collapse:Precache	4e	-
TzimisceRunnerSetActivity	method	ElysiumNpcKernelAnim10.inl	ElysiumNpcKernelAnim10.cpp	FElysiumNpcTzimisceRunner	CNPC_VTzimisceRunner	FElysiumNpcTzimisceRunner	collapse:SetActivity	4e	-
TzimisceRunnerTranslateSchedule	method	ElysiumNpcKernelTranslate19.inl	ElysiumNpcKernelTranslate19.cpp	FElysiumNpcTzimisceRunner	CNPC_VTzimisceRunner	FElysiumNpcTzimisceRunner	collapse:TranslateScheduleRetail	4e	-
TzimisceSelectIdealState	method	ElysiumNpcKernelState19.inl	ElysiumNpcKernelState19_2.cpp	FElysiumNpcTzimisce	CNPC_VTzimisce	FElysiumNpcTzimisce	collapse:SelectIdealStateRetail	4e	-
TzimisceShunnedBodyTimer	field	ElysiumNpcKernelLifecycle19.inl	-	FElysiumNpcTzimisce	-	FElysiumNpcTzimisce	move	4e	-
TzimisceStartNPC	method	ElysiumNpcKernelLifecycle19.inl	ElysiumNpcKernelLifecycle19.cpp	FElysiumNpcTzimisce	-	FElysiumNpcTzimisce	collapse:StartNPC	4e	-
TzimisceStartNpcRearms	field	ElysiumNpcKernelLifecycle19.inl	-	FElysiumNpcTzimisce	-	FElysiumNpcTzimisce	move	4e	-
TzimisceTaskFail	method	ElysiumNpcKernelConditions10.inl	ElysiumNpcKernelConditions10.cpp	FElysiumNpcTzimisce	CNPC_VTzimisce	FElysiumNpcTzimisce	collapse:TaskFail	4e	-
TzimisceTranslateSchedule	method	ElysiumNpcKernelTranslate19.inl	ElysiumNpcKernelTranslate19.cpp	FElysiumNpcTzimisce	CNPC_VTzimisce	FElysiumNpcTzimisce	collapse:TranslateScheduleRetail	4e	-
UnawareTableA	method	ElysiumNpcKernelLifecycle.inl	ElysiumNpcKernelLifecycle.cpp	FElysiumNpcGhoulCroucher	CNPC_VGhoulCroucher	FElysiumNpcGhoulCroucher	move	4f	-
UnawareTableB	method	ElysiumNpcKernelLifecycle.inl	ElysiumNpcKernelLifecycle.cpp	FElysiumNpcGhoulCroucher	CNPC_VGhoulCroucher	FElysiumNpcGhoulCroucher	move	4f	-
UnawareTableEntry	method	ElysiumNpcKernelLifecycle.inl	ElysiumNpcKernelLifecycle.cpp	FElysiumNpcGhoulCroucher	-	FElysiumNpcGhoulCroucher	move	4f	-
UnawareType	field	ElysiumNpcKernelLifecycle.inl	-	FElysiumNpcGhoulCroucher	-	FElysiumNpcGhoulCroucher	move	4f	-
Unhide	method	ElysiumNpcKernelSlots.inl	-	-	-	FElysiumNpc	stay:virtual surface	-	species override it
Unknown5b58	field	ElysiumNpc.h	-	-	-	FElysiumNpc	stay:troika api	-	used by moving species bodies
UnrecoveredChainCalls	field	ElysiumNpcKernelEntityChain.inl	-	-	-	FElysiumNpc	stay:troika api	-	used by moving species bodies
UpdateConditionCanTeleport	method	ElysiumNpcKernelPositions.inl	ElysiumNpcKernelPositions2.cpp	FElysiumNpcWerewolf	CNPC_VWerewolf	FElysiumNpcWerewolf	move	4e	-
UpdateConditionDeathTriggered	method	ElysiumNpcKernelConditions.inl	ElysiumNpcKernelConditions.cpp	FElysiumNpcWerewolf	CNPC_VWerewolf	FElysiumNpcWerewolf	move	4e	-
UpdateFacingTimer	method	ElysiumNpcKernelFacing.inl	ElysiumNpcKernelFacing.cpp	FElysiumNpcChangBros	CNPC_VChangBros	FElysiumNpcChangBros	move	4g	-
UpdateFakeHull	method	ElysiumNpcKernelGeometry.inl	ElysiumNpcKernelGeometry.cpp	FElysiumNpcWerewolf	CNPC_VWerewolf	FElysiumNpcWerewolf	move	4e	-
UpdateMovedTimeStamp	method	ElysiumNpcKernelMotor.inl	ElysiumNpcKernelMotor2.cpp	FElysiumNpcAsianVampire	CNPC_VAsianVampire	FElysiumNpcAsianVampire	move	4g	-
UpdateOnRemove	method	ElysiumNpcKernelSlots.inl	ElysiumNpcKernelSaveRestore10.cpp	-	(base code),CCineNPC,CNPC_VCop,CNPC_VMingXiao,CNPC_VNewscaster	FElysiumNpc	stay:virtual surface	-	species override it
UpdatePresenceEffect	method	ElysiumNpcKernelSlots.inl	-	-	CNPC_VGargoyle,CNPC_VHengeyokai,CNPC_VSabbatLeader	FElysiumNpc	stay:virtual surface	-	species override it
UpsetSound	method	ElysiumNpcKernelSlots.inl	ElysiumNpcKernelSounds10.cpp	-	(base code),CNPC_VCamera	FElysiumNpc	stay:virtual surface	-	species override it
UsedHullBitsSpeciesOf	method	ElysiumNpcKernelGeometry.inl	ElysiumNpcKernelGeometry.cpp	-	-	-	collapse:table	4c	class table: rows become override bodies
UsedHullBitsSpeciesRows	method	ElysiumNpcKernelGeometry.inl	ElysiumNpcKernelGeometry.cpp	-	(base code)	-	collapse:table	4c	class table: rows become override bodies
VCopDrawDebugGeometryOverlays	method	ElysiumNpcKernelDebug10.inl	ElysiumNpcKernelDebug10_2.cpp	FElysiumNpcCop	CNPC_VCop	FElysiumNpcCop	collapse:DrawDebugGeometryOverlays	4f	-
VGargoyleGibCleanup	method	ElysiumNpcKernelDamage.inl	ElysiumNpcKernelDamage2.cpp	FElysiumNpcTzimisce	CNPC_VTzimisce	FElysiumNpcTzimisce	move	4e	-
VPhysicsHullRebuilds	field	ElysiumNpcKernelMotor10.inl	-	-	-	FElysiumNpc	stay:troika api	-	used by moving species bodies
VSoundGroupName	field	ElysiumNpcKernelPrecache10.inl	-	-	-	FElysiumNpc	stay:troika api	-	used by moving species bodies
VSoundGroupRow	field	ElysiumNpcKernelPrecache10.inl	-	-	-	FElysiumNpc	stay:troika api	-	used by moving species bodies
VSoundGroupRowFor	method	ElysiumNpcKernelPrecache10.inl	ElysiumNpcKernelPrecache10.cpp	-	-	FElysiumNpc	stay:troika api	-	used by moving species bodies
VSoundTableIndex	field	ElysiumNpcKernelPrecache10.inl	-	-	-	FElysiumNpc	stay:troika api	-	used by moving species bodies
ValidateHintTypeForWords	method	ElysiumNpcKernelSenses10.inl	ElysiumNpcKernelSenses10_2.cpp	FElysiumNpcWerewolf	-	FElysiumNpcWerewolf	move	4e	-
VampireBossEmitterAttachment	method	ElysiumNpcKernelSpeciesMisc10.inl	ElysiumNpcKernelSpeciesMisc10_2.cpp	FElysiumNpcVampireBoss	-	FElysiumNpcVampireBoss	move	4g	-
VampireBossMonsterClassname	field	ElysiumNpcKernelSaveRestore10.inl	-	FElysiumNpcVampireBoss	-	FElysiumNpcVampireBoss	move	4g	-
VampireBossMonsterModelName	field	ElysiumNpcKernelSaveRestore10.inl	-	FElysiumNpcVampireBoss	-	FElysiumNpcVampireBoss	move	4g	-
VampireBossNPCInit	method	ElysiumNpcKernelLifecycle19.inl	ElysiumNpcKernelLifecycle19_2.cpp	FElysiumNpcVampireBoss	-	FElysiumNpcVampireBoss	move	4g	-
VampireBossRestore	method	ElysiumNpcKernelSaveRestore10.inl	ElysiumNpcKernelSaveRestore10.cpp	FElysiumNpcVampireBoss	CNPC_VVampireBoss	FElysiumNpcVampireBoss	move	4g	-
VampireBossSpawnBodyEmitters	method	ElysiumNpcKernelSpeciesMisc10.inl	ElysiumNpcKernelSpeciesMisc10_2.cpp	FElysiumNpcVampireBoss	CNPC_VVampireBoss	FElysiumNpcVampireBoss	move	4g	-
VictimHitReactionDispatches	field	ElysiumNpcKernelMisc.inl	-	FElysiumNpcGargoyle	-	FElysiumNpcGargoyle	move	4g	-
WaitForTransformation	method	ElysiumNpcKernelSpeciesMisc10.inl	ElysiumNpcKernelSpeciesMisc10_2.cpp	FElysiumNpcVampireBoss	CNPC_VVampireBoss	FElysiumNpcVampireBoss	move	4g	-
WeaponBlockedByFriendTimer	field	ElysiumNpc.h	-	-	-	FElysiumNpc	stay:troika api	-	used by moving species bodies
WeaponScareTime	field	ElysiumNpc.h	-	-	-	FElysiumNpc	stay:troika api	-	used by moving species bodies
WeaponShootPositionTzimisce	method	ElysiumNpcKernelPositions.inl	ElysiumNpcKernelPositions2.cpp	FElysiumNpcTzimisce	CNPC_VTzimisce	FElysiumNpcTzimisce	move	4e	-
WerewolfBreakHintNode	field	ElysiumNpcKernelSpeciesMisc10.inl	-	FElysiumNpcWerewolf	-	FElysiumNpcWerewolf	move	4e	-
WerewolfChaseFrame	field	ElysiumNpcKernelSpecies.inl	-	FElysiumNpcWerewolf	-	FElysiumNpcWerewolf	move	4e	-
WerewolfChasePosUnits	field	ElysiumNpcKernelSpecies.inl	-	FElysiumNpcWerewolf	-	FElysiumNpcWerewolf	move	4e	-
WerewolfCheckStuck	method	ElysiumNpcKernelSenses10.inl	ElysiumNpcKernelSenses10_2.cpp	FElysiumNpcWerewolf	CNPC_VWerewolf	FElysiumNpcWerewolf	move	4e	-
WerewolfDoorState	field	ElysiumNpcKernelHints.inl	-	FElysiumNpcWerewolf	-	FElysiumNpcWerewolf	move	4e	-
WerewolfDrawBBoxOverlay	method	ElysiumNpcKernelDebug.inl	ElysiumNpcKernelDebug2.cpp	FElysiumNpcWerewolf	CNPC_VWerewolf	FElysiumNpcWerewolf	collapse:DrawBBoxOverlay	4e	-
WerewolfDrawDebugStatOverlays	method	ElysiumNpcKernelSpeciesMisc10.inl	ElysiumNpcKernelSpeciesMisc10_2.cpp	FElysiumNpcWerewolf	-	FElysiumNpcWerewolf	move	4e	-
WerewolfDrawDebugStatOverlaysSlot	method	ElysiumNpcKernelDebug.inl	ElysiumNpcKernelDebug.cpp	FElysiumNpcWerewolf	CNPC_VWerewolf	FElysiumNpcWerewolf	collapse:DrawDebugStatOverlays	4e	-
WerewolfExertHvySound	method	ElysiumNpcKernelSounds10.inl	ElysiumNpcKernelSounds10.cpp	FElysiumNpcWerewolf	CNPC_VWerewolf	FElysiumNpcWerewolf	collapse:ExertHvySound	4e	-
WerewolfFVisible	method	ElysiumNpcKernelSenses.inl	ElysiumNpcKernelSenses.cpp	FElysiumNpcWerewolf	CNPC_VWerewolf	FElysiumNpcWerewolf	collapse:FVisible	4e	-
WerewolfFakeHullPosUnits	field	ElysiumNpcKernelGeometry.inl	-	FElysiumNpcWerewolf	-	FElysiumNpcWerewolf	move	4e	-
WerewolfFakeHullPushTime	field	ElysiumNpcKernelGeometry.inl	-	FElysiumNpcWerewolf	-	FElysiumNpcWerewolf	move	4e	-
WerewolfFieldOfViewRadians	field	ElysiumNpcKernelLifecycle19.inl	-	FElysiumNpcWerewolf	-	FElysiumNpcWerewolf	move	4e	-
WerewolfGiveBaseFightingItems	method	ElysiumNpcKernelCombat10.inl	ElysiumNpcKernelCombat10.cpp	FElysiumNpcWerewolf	CNPC_VWerewolf	FElysiumNpcWerewolf	collapse:GiveBaseFightingItems	4e	-
WerewolfHasPath	method	ElysiumNpcKernelSpeciesMisc10.inl	ElysiumNpcKernelSpeciesMisc10_2.cpp	FElysiumNpcWerewolf	CNPC_VWerewolf	FElysiumNpcWerewolf	move	4e	-
WerewolfHearingScalarBase	field	ElysiumNpcKernelLifecycle19.inl	-	FElysiumNpcWerewolf	-	FElysiumNpcWerewolf	move	4e	-
WerewolfHintFlags	field	ElysiumNpcKernelHints.inl	-	-	-	FElysiumNpc	stay:troika api	-	used by moving species bodies
WerewolfHintGroundpoints	field	ElysiumNpcKernelHints.inl	-	FElysiumNpcWerewolf	-	FElysiumNpcWerewolf	move	4e	-
WerewolfHintNodeCacheA	field	ElysiumNpcKernelSpeciesMisc10.inl	-	FElysiumNpcWerewolf	-	FElysiumNpcWerewolf	move	4e	-
WerewolfHintTeardownOrder	field	ElysiumNpcKernelSpeciesLifecycle10.inl	-	FElysiumNpcWerewolf	-	FElysiumNpcWerewolf	move	4e	-
WerewolfHintTrace	method	ElysiumNpcKernelHints.inl	ElysiumNpcKernelHints.cpp	FElysiumNpcWerewolf	-	FElysiumNpcWerewolf	move	4e	-
WerewolfLastSeenTime	field	ElysiumNpcKernelPositions.inl	-	FElysiumNpcWerewolf	-	FElysiumNpcWerewolf	move	4e	-
WerewolfLastUsedMoveHint	field	ElysiumNpcKernelSpeciesMisc10.inl	-	FElysiumNpcWerewolf	-	FElysiumNpcWerewolf	move	4e	-
WerewolfLastUsedTeleportHint	field	ElysiumNpcKernelSpeciesMisc10.inl	-	FElysiumNpcWerewolf	-	FElysiumNpcWerewolf	move	4e	-
WerewolfMorphTimerA	field	ElysiumNpcKernelLifecycle.inl	-	FElysiumNpcWerewolf	-	FElysiumNpcWerewolf	move	4e	-
WerewolfMorphTimerB	field	ElysiumNpcKernelLifecycle.inl	-	FElysiumNpcWerewolf	-	FElysiumNpcWerewolf	move	4e	-
WerewolfMorphTimerC	field	ElysiumNpcKernelLifecycle.inl	-	FElysiumNpcWerewolf	-	FElysiumNpcWerewolf	move	4e	-
WerewolfMoveHintSearchStart	field	ElysiumNpcKernelLifecycle19.inl	-	FElysiumNpcWerewolf	-	FElysiumNpcWerewolf	move	4e	-
WerewolfNPCInit	method	ElysiumNpcKernelLifecycle19.inl	ElysiumNpcKernelLifecycle19_2.cpp	FElysiumNpcWerewolf	-	FElysiumNpcWerewolf	collapse:NPCInit	4e	-
WerewolfOnChangeActivity	method	ElysiumNpcKernelFacing.inl	ElysiumNpcKernelFacing.cpp	FElysiumNpcWerewolf	CNPC_VWerewolf	FElysiumNpcWerewolf	collapse:OnChangeActivity	4e	-
WerewolfOnRestore	method	ElysiumNpcKernelLifecycle19.inl	ElysiumNpcKernelLifecycle19.cpp	FElysiumNpcWerewolf	-	FElysiumNpcWerewolf	collapse:OnRestore	4e	-
WerewolfOnScheduleChange	method	ElysiumNpcKernelMaintain19.inl	ElysiumNpcKernelMaintain19.cpp	FElysiumNpcWerewolf	CNPC_VWerewolf	FElysiumNpcWerewolf	collapse:OnScheduleChange	4e	-
WerewolfPainSound	method	ElysiumNpcKernelSounds10.inl	ElysiumNpcKernelSounds10.cpp	FElysiumNpcWerewolf	CNPC_VWerewolf	FElysiumNpcWerewolf	collapse:PainSound	4e	-
WerewolfPrecache	method	ElysiumNpcKernelPrecache10.inl	ElysiumNpcKernelPrecache10.cpp	FElysiumNpcWerewolf	CNPC_VWerewolf	FElysiumNpcWerewolf	collapse:Precache	4e	-
WerewolfPursueElapsedLimitSeconds	method	ElysiumNpcKernelSenses.inl	ElysiumNpcKernelSenses.cpp	FElysiumNpcWerewolf	CNPC_VWerewolf	FElysiumNpcWerewolf	move	4e	-
WerewolfPursuePlayerDistLimitUnits	method	ElysiumNpcKernelSenses.inl	ElysiumNpcKernelSenses.cpp	FElysiumNpcWerewolf	-	FElysiumNpcWerewolf	move	4e	-
WerewolfRearm	method	ElysiumNpcKernelLifecycle19.inl	ElysiumNpcKernelLifecycle19.cpp	FElysiumNpcWerewolf	CNPC_VWerewolf	FElysiumNpcWerewolf	move	4e	-
WerewolfRemoveBaseFightingItems	method	ElysiumNpcKernelCombat10.inl	ElysiumNpcKernelCombat10.cpp	FElysiumNpcWerewolf	CNPC_VWerewolf	FElysiumNpcWerewolf	collapse:RemoveBaseFightingItems	4e	-
WerewolfRotDoor1	field	ElysiumNpcKernelMisc.inl	-	FElysiumNpcWerewolf	-	FElysiumNpcWerewolf	move	4e	-
WerewolfRotDoor2	field	ElysiumNpcKernelMisc.inl	-	FElysiumNpcWerewolf	-	FElysiumNpcWerewolf	move	4e	-
WerewolfScheduleStack	field	ElysiumNpcKernelSpeciesMisc10.inl	-	FElysiumNpcWerewolf	-	FElysiumNpcWerewolf	move	4e	-
WerewolfScriptUnhideTail	method	ElysiumNpcKernelLifecycle.inl	ElysiumNpcKernelLifecycle.cpp	FElysiumNpcWerewolf	CNPC_VWerewolf	FElysiumNpcWerewolf	move	4e	-
WerewolfSeekDistBaseUnits	field	ElysiumNpcKernelLifecycle19.inl	-	FElysiumNpcWerewolf	-	FElysiumNpcWerewolf	move	4e	-
WerewolfSelectIdealState	method	ElysiumNpcKernelState19.inl	ElysiumNpcKernelState19_2.cpp	FElysiumNpcWerewolf	-	FElysiumNpcWerewolf	collapse:SelectIdealStateRetail	4e	-
WerewolfShouldPursueEnemy	method	ElysiumNpcKernelSenses.inl	ElysiumNpcKernelSenses.cpp	FElysiumNpcWerewolf	CNPC_VWerewolf	FElysiumNpcWerewolf	move	4e	-
WerewolfShowDebug	method	ElysiumNpcKernelSpeciesLifecycle10.inl	ElysiumNpcKernelSpeciesLifecycle10.cpp	-	-	FElysiumNpc	stay:troika api	-	used by moving species bodies
WerewolfSightConVar	method	ElysiumNpcKernelPositions.inl	ElysiumNpcKernelPositions2.cpp	FElysiumNpcWerewolf	-	FElysiumNpcWerewolf	move	4e	-
WerewolfSnapWordA	field	ElysiumNpcKernelSpeciesMisc10.inl	-	FElysiumNpcWerewolf	-	FElysiumNpcWerewolf	move	4e	-
WerewolfTaskFail	method	ElysiumNpcKernelSpeciesMisc10.inl	ElysiumNpcKernelSpeciesMisc10_2.cpp	FElysiumNpcWerewolf	CNPC_VWerewolf	FElysiumNpcWerewolf	collapse:TaskFail	4e	-
WerewolfTeleportDelayConVar	method	ElysiumNpcKernelPositions.inl	ElysiumNpcKernelPositions2.cpp	FElysiumNpcWerewolf	CNPC_VWerewolf	FElysiumNpcWerewolf	move	4e	-
WerewolfTeleportDistanceA	field	ElysiumNpcKernelPositions.inl	-	FElysiumNpcWerewolf	-	FElysiumNpcWerewolf	move	4e	-
WerewolfTeleportDistanceB	field	ElysiumNpcKernelPositions.inl	-	FElysiumNpcWerewolf	-	FElysiumNpcWerewolf	move	4e	-
WerewolfTeleportFloorSquare	field	ElysiumNpcKernelLifecycle19.inl	-	FElysiumNpcWerewolf	-	FElysiumNpcWerewolf	move	4e	-
WerewolfTeleportOutCalls	field	ElysiumNpcKernelSenses10.inl	-	FElysiumNpcWerewolf	-	FElysiumNpcWerewolf	move	4e	-
WerewolfTeleportSoundConVar	method	ElysiumNpcKernelPositions.inl	ElysiumNpcKernelPositions2.cpp	FElysiumNpcWerewolf	-	FElysiumNpcWerewolf	move	4e	-
WerewolfTimeTeleportedOut	field	ElysiumNpcKernelPositions.inl	-	FElysiumNpcWerewolf	-	FElysiumNpcWerewolf	move	4e	-
WerewolfTraceAttack	method	ElysiumNpcKernelDamage.inl	ElysiumNpcKernelDamage.cpp	FElysiumNpcWerewolf	CNPC_VWerewolf	FElysiumNpcWerewolf	collapse:TraceAttack	4e	-
WerewolfTranslateSchedule	method	ElysiumNpcKernelTranslate19.inl	ElysiumNpcKernelTranslate19.cpp	FElysiumNpcWerewolf	CNPC_VWerewolf	FElysiumNpcWerewolf	collapse:TranslateScheduleRetail	4e	-
WerewolfUnhideStamp	field	ElysiumNpcKernelLifecycle.inl	-	FElysiumNpcWerewolf	-	FElysiumNpcWerewolf	move	4e	-
WerewolfWord66ac	field	ElysiumNpcKernelPositions.inl	-	FElysiumNpcWerewolf	-	FElysiumNpcWerewolf	move	4e	-
WerewolfWord66f8	field	ElysiumNpcKernelLifecycle19.inl	-	FElysiumNpcWerewolf	-	FElysiumNpcWerewolf	move	4e	-
WerewolfWord66fc	field	ElysiumNpcKernelLifecycle19.inl	-	FElysiumNpcWerewolf	-	FElysiumNpcWerewolf	move	4e	-
WerewolfZoneTriggerFires	field	ElysiumNpcKernelMisc.inl	-	FElysiumNpcWerewolf	-	FElysiumNpcWerewolf	move	4e	-
WirePhysAnimlink	method	ElysiumNpcKernelBosses.inl	ElysiumNpcKernelBosses.cpp	-	-	FElysiumNpc	stay:troika api	-	used by moving species bodies
WithinPickupFacingCone	method	ElysiumNpcKernelBosses.inl	ElysiumNpcKernelBosses.cpp	FElysiumNpcHengeyokai	CNPC_VHengeyokai	FElysiumNpcHengeyokai	move	4g	-
Witness	field	ElysiumNpc.h	-	-	-	FElysiumNpc	stay:troika api	-	used by moving species bodies
WorldSpaceCenter	method	ElysiumNpcKernelSlots.inl	ElysiumNpcKernelClosure.cpp	-	(base code)	FElysiumNpc	stay:virtual surface	-	species override it
WriteIdealStateRetail	method	ElysiumNpcKernelState19.inl	ElysiumNpcKernelState19.cpp	-	-	FElysiumNpc	stay:troika api	-	used by moving species bodies
YukieEnterMelee	method	ElysiumNpcKernelMisc.inl	ElysiumNpcKernelMisc.cpp	FElysiumNpcYukie	CNPC_VYukie	FElysiumNpcYukie	collapse:Slot599	4f	-
YukieFInViewCone	method	ElysiumNpcKernelSenses.inl	ElysiumNpcKernelSenses.cpp	FElysiumNpcYukie	CNPC_VYukie	FElysiumNpcYukie	move	4f	-
YukieFVisible	method	ElysiumNpcKernelSenses.inl	ElysiumNpcKernelSenses.cpp	FElysiumNpcYukie	CNPC_VYukie	FElysiumNpcYukie	collapse:FVisible	4f	-
YukieIRelationType	method	ElysiumNpcKernelConditions10.inl	ElysiumNpcKernelConditions10.cpp	FElysiumNpcYukie	CNPC_VYukie	FElysiumNpcYukie	collapse:IRelationType	4f	-
YukieLeaveMelee	method	ElysiumNpcKernelMisc.inl	ElysiumNpcKernelMisc.cpp	FElysiumNpcYukie	CNPC_VYukie	FElysiumNpcYukie	collapse:Slot601	4f	-
YukieNPCInit	method	ElysiumNpcKernelLifecycle19.inl	ElysiumNpcKernelLifecycle19_2.cpp	FElysiumNpcYukie	-	FElysiumNpcYukie	collapse:NPCInit	4f	-
YukieShouldLeaveMelee	method	ElysiumNpcKernelSenses.inl	ElysiumNpcKernelSenses.cpp	FElysiumNpcYukie	CNPC_VYukie	FElysiumNpcYukie	collapse:Slot602	4f	-
ZombieAiType	field	ElysiumNpcKernelSpecies.inl	-	-	-	FElysiumNpc	deferred:8	-	the zombie maker reads it (ElysiumNpcMaker.h)
ZombieConditionBit	method	ElysiumNpcKernelDebug10.inl	ElysiumNpcKernelDebug10.cpp	FElysiumNpcZombie	-	FElysiumNpcZombie	move	4d	-
ZombieCrawlScheduleRetailId	field	ElysiumNpcKernelLifecycle19.inl	-	FElysiumNpcZombie	-	FElysiumNpcZombie	move	4d	-
ZombieDrawDebugTextOverlays	method	ElysiumNpcKernelDebug10.inl	ElysiumNpcKernelDebug10.cpp	FElysiumNpcZombie	CNPC_VZombie	FElysiumNpcZombie	collapse:DrawDebugTextOverlays	4d	-
ZombieFVisible	method	ElysiumNpcKernelSenses10.inl	ElysiumNpcKernelSenses10_2.cpp	FElysiumNpcZombie	-	FElysiumNpcZombie	collapse:FVisible	4d	-
ZombieGibAmmoTypeCvar	method	ElysiumNpcKernelDamage.inl	ElysiumNpcKernelDamage.cpp	FElysiumNpcZombie	-	FElysiumNpcZombie	move	4d	-
ZombieGrappleReadyTimer	field	ElysiumNpcKernelLifecycle19.inl	-	FElysiumNpcZombie	-	FElysiumNpcZombie	move	4d	-
ZombieLineSetModel	method	ElysiumNpcKernelAnim10.inl	ElysiumNpcKernelAnim10.cpp	-	CNPC_VGhoulCroucher	FElysiumNpc	stay:shared helper	-	cross-branch callers; a sibling cannot call a species member
ZombieNPCInit	method	ElysiumNpcKernelLifecycle19.inl	ElysiumNpcKernelLifecycle19_2.cpp	FElysiumNpcZombie	-	FElysiumNpcZombie	collapse:NPCInit	4d	-
ZombieOnVictimHitByMe	method	ElysiumNpcKernelMisc.inl	ElysiumNpcKernelMisc.cpp	FElysiumNpcZombie	CNPC_VZombie	FElysiumNpcZombie	collapse:OnVictimHitByMe	4d	-
ZombiePrecache	method	ElysiumNpcKernelPrecache10.inl	ElysiumNpcKernelPrecache10.cpp	FElysiumNpcZombie	CNPC_VZombie	FElysiumNpcZombie	collapse:Precache	4d	-
ZombieSelectIdealState	method	ElysiumNpcKernelState19.inl	ElysiumNpcKernelState19_2.cpp	FElysiumNpcZombie	-	FElysiumNpcZombie	collapse:SelectIdealStateRetail	4d	-
ZombieTraceAttack	method	ElysiumNpcKernelDamage.inl	ElysiumNpcKernelDamage.cpp	FElysiumNpcZombie	CNPC_VZombie	FElysiumNpcZombie	collapse:TraceAttack	4d	-
ZombieTraceAttackPrologue	method	ElysiumNpcKernelDamage.inl	ElysiumNpcKernelDamage.cpp	FElysiumNpcZombie	CNPC_VZombie	FElysiumNpcZombie	move	4d	-
ZombieTranslateSchedule	method	ElysiumNpcKernelTranslate19.inl	ElysiumNpcKernelTranslate19.cpp	FElysiumNpcZombie	CNPC_VZombie	FElysiumNpcZombie	collapse:TranslateScheduleRetail	4d	-
bAggressiveAnims	field	ElysiumNpc.h	-	-	-	FElysiumNpc	stay:troika api	-	used by moving species bodies
bAndreiActivated	field	ElysiumNpcKernelDamage.inl	-	FElysiumNpcAndreiBlood	-	FElysiumNpcAndreiBlood	move	4g	-
bAsianVampirePathBlocked	field	ElysiumNpcKernelLifecycle19.inl	-	FElysiumNpcAsianVampire	-	FElysiumNpcAsianVampire	move	4g	-
bAsianVampireSuppressRanged	field	ElysiumNpcKernelLifecycle19.inl	-	FElysiumNpcAsianVampire	-	FElysiumNpcAsianVampire	move	4g	-
bBachCamperFlag	field	ElysiumNpcKernelDamage.inl	-	FElysiumNpcBach	-	FElysiumNpcBach	move	4g	-
bBachFireOccluded	field	ElysiumNpcKernelSpecies.inl	-	FElysiumNpcBach	-	FElysiumNpcBach	move	4g	-
bBachMovementSpot	field	ElysiumNpcKernelTranslate19.inl	-	FElysiumNpcBach	-	FElysiumNpcBach	move	4g	-
bBachShieldActive	field	ElysiumNpcKernelSpeciesMisc10.inl	-	FElysiumNpcBach	-	FElysiumNpcBach	move	4g	-
bBachShieldFlagB	field	ElysiumNpcKernelSpeciesMisc10.inl	-	FElysiumNpcBach	-	FElysiumNpcBach	move	4g	-
bBlockedByFriend	field	ElysiumNpcKernelMotor.inl	-	FElysiumNpcMingXiao	-	FElysiumNpcMingXiao	move	4e	-
bCameFromSpawner	field	ElysiumNpc.h	-	-	-	FElysiumNpc	stay:troika api	-	used by moving species bodies
bCameraEngineQueryAnswer	field	ElysiumNpcKernelLifecycle19.inl	-	FElysiumNpcCamera	-	FElysiumNpcCamera	move	4d	-
bCanFightYet	field	ElysiumNpcKernelState19.inl	-	FElysiumNpcBach	-	FElysiumNpcBach	move	4g	-
bChangCenterStored	field	ElysiumNpcKernelPositions.inl	-	FElysiumNpcChangBros	-	FElysiumNpcChangBros	move	4g	-
bCopCountedAlive	field	ElysiumNpcKernelSaveRestore10.inl	-	FElysiumNpcCop	-	FElysiumNpcCop	move	4f	-
bCopCountedSecond	field	ElysiumNpcKernelSaveRestore10.inl	-	FElysiumNpcCop	-	FElysiumNpcCop	move	4f	-
bForceNpcCheck	field	ElysiumNpc.h	-	-	-	FElysiumNpc	stay:troika api	-	used by moving species bodies
bGhoulSpawnBurning	field	ElysiumNpcKernelDamage.inl	-	FElysiumNpcGhoulCroucher	-	FElysiumNpcGhoulCroucher	move	4f	-
bGhoulSpawnDisturbed	field	ElysiumNpcKernelLifecycle19.inl	-	FElysiumNpcGhoulCroucher	-	FElysiumNpcGhoulCroucher	move	4f	-
bGoToIdleState	field	ElysiumNpc.h	-	-	-	FElysiumNpc	stay:troika api	-	used by moving species bodies
bGuard1HatesPlayer	field	ElysiumNpcKernelSpeciesMisc10.inl	-	-	-	FElysiumNpc	stay:troika api	-	used by moving species bodies
bHasPlayedFlyBySound	field	ElysiumNpcKernelSounds.inl	-	FElysiumNpcManBat	-	FElysiumNpcManBat	move	4g	-
bHasVPhysicsObject	field	ElysiumNpcKernelMotor10.inl	-	-	-	FElysiumNpc	stay:troika api	-	used by moving species bodies
bHeavyBodyTarget	field	ElysiumNpcKernelAnim10.inl	-	-	-	FElysiumNpc	stay:troika reader	-	read by PreTranslatePredicate's activity predicates (step 11)
bHengeyokaiDidFakeThrow	field	ElysiumNpcKernelMisc.inl	-	-	-	FElysiumNpc	stay:troika reader	-	read by FormBit's activity predicate (step 11)
bHengeyokaiInSharkForm	field	ElysiumNpcKernelLifecycle19.inl	-	FElysiumNpcHengeyokai	-	FElysiumNpcHengeyokai	move	4g	-
bHengeyokaiJustFoundFish	field	ElysiumNpcKernelLifecycle19.inl	-	FElysiumNpcHengeyokai	-	FElysiumNpcHengeyokai	move	4g	-
bIgnoreCollisionSpecies	field	ElysiumNpcKernelMotor.inl	-	FElysiumNpcMingXiaoTentacle	-	FElysiumNpcMingXiaoTentacle	move	4d	-
bInMelee	field	ElysiumNpc.h	-	-	CNPC_VHengeyokai,CNPC_VMingXiao,CNPC_VMingXiaoTentacle,CNPC_VWerewolf	FElysiumNpc	stay:troika api	-	Troika word
bInvincible	field	ElysiumNpc.h	-	-	-	FElysiumNpc	stay:troika api	-	used by moving species bodies
bIsBccTargetable	field	ElysiumNpcKernelLifecycle19.inl	-	-	-	FElysiumNpc	stay:troika api	-	used by moving species bodies
bIsUsingSmallHull	field	ElysiumNpc.h	-	-	-	FElysiumNpc	stay:troika api	-	used by moving species bodies
bJumping	field	ElysiumNpc.h	-	-	(base code)	FElysiumNpc	stay:troika body	-	retail (base code)
bKeepSound	field	ElysiumNpcKernelAnim10.inl	-	-	-	FElysiumNpc	stay:troika api	-	used by moving species bodies
bLeaningLeft	field	ElysiumNpc.h	-	-	-	FElysiumNpc	stay:troika api	-	used by moving species bodies
bLinkedCameraBound	field	ElysiumNpcKernelDialogue.inl	-	FElysiumNpcCameraSecurity	-	FElysiumNpcCameraSecurity	move	4d	-
bManBatHasScaredMinions	field	ElysiumNpcKernelLifecycle19.inl	-	FElysiumNpcManBat	-	FElysiumNpcManBat	move	4g	-
bManBatPickupTargetBreakable	field	ElysiumNpcKernelBosses.inl	-	FElysiumNpcHengeyokai	-	FElysiumNpcHengeyokai	move	4g	-
bManBatReachedMoveGoal	field	ElysiumNpcKernelBosses.inl	-	FElysiumNpcManBat	-	FElysiumNpcManBat	move	4g	-
bManBatTeleportRequested	field	ElysiumNpcKernelBosses.inl	-	FElysiumNpcManBat	-	FElysiumNpcManBat	move	4g	-
bMingXiaoHasTransformed	field	ElysiumNpcKernelDamage.inl	-	FElysiumNpcMingXiao	-	FElysiumNpcMingXiao	move	4e	-
bMoveIssued	field	ElysiumNpc.h	-	-	-	FElysiumNpc	stay:troika api	-	used by moving species bodies
bNewscasterStoryActive	field	ElysiumNpcKernelSpecies.inl	-	FElysiumNpcNewscaster	-	FElysiumNpcNewscaster	move	4d	-
bNoAlertState	field	ElysiumNpc.h	-	-	-	FElysiumNpc	stay:troika api	-	used by moving species bodies
bNpcIsAlive	field	ElysiumNpcKernelLifecycle19.inl	-	-	-	FElysiumNpc	stay:troika api	-	used by moving species bodies
bPedestrianCorpseThinkStopped	field	ElysiumNpcKernelSpeciesMisc10.inl	-	FElysiumNpcPedestrian	-	FElysiumNpcPedestrian	move	4f	-
bPedestrianFirstThink	field	ElysiumNpcKernelLifecycle19.inl	-	FElysiumNpcPedestrian	-	FElysiumNpcPedestrian	move	4f	-
bPlayerAttackedMe	field	ElysiumNpcKernelLifecycle19.inl	-	-	-	FElysiumNpcAnimal	move	4d	CNPC_VAnimal datamap word (+0x6660); nothing in the port reads it yet
bPlayerScreechConeBit	field	ElysiumNpcKernelSpeciesMisc10.inl	-	FElysiumNpcManBat	-	FElysiumNpcManBat	move	4g	-
bProxyRegistered	field	ElysiumNpcKernelLifecycle.inl	-	FElysiumNpcMingXiaoTentacle	-	FElysiumNpcMingXiaoTentacle	move	4d	-
bRandomHint	field	ElysiumNpcKernelHints.inl	-	FElysiumNpcWerewolf	-	FElysiumNpcWerewolf	move	4e	-
bSabbatDiving	field	ElysiumNpcKernelSpeciesMisc10.inl	-	FElysiumNpcSabbatLeader	-	FElysiumNpcSabbatLeader	move	4g	-
bSabbatLeaderActivated	field	ElysiumNpcKernelState19.inl	-	FElysiumNpcSabbatLeader	-	FElysiumNpcSabbatLeader	move	4g	-
bSabbatLeaderDiving	field	ElysiumNpcKernelLifecycle19.inl	-	FElysiumNpcSabbatLeader	-	FElysiumNpcSabbatLeader	move	4g	-
bSabbatLeaderLargeSplash	field	ElysiumNpcKernelLifecycle19.inl	-	FElysiumNpcSabbatLeader	-	FElysiumNpcSabbatLeader	move	4g	-
bSabbatLeaderLastAttackWasNova	field	ElysiumNpcKernelLifecycle19.inl	-	FElysiumNpcSabbatLeader	-	FElysiumNpcSabbatLeader	move	4g	-
bSabbatLeaderParticleSpawned	field	ElysiumNpcKernelLifecycle19.inl	-	FElysiumNpcSabbatLeader	-	FElysiumNpcSabbatLeader	move	4g	-
bSabbatLeaderTrackPlayer	field	ElysiumNpcKernelLifecycle19.inl	-	FElysiumNpcSabbatLeader	-	FElysiumNpcSabbatLeader	move	4g	-
bScurryingIgnoreNosferatu	field	ElysiumNpcKernelSenses10.inl	-	FElysiumNpcScurrying	-	FElysiumNpcScurrying	move	4d	-
bScurryingMustDetect	field	ElysiumNpcKernelSenses10.inl	-	FElysiumNpcScurrying	-	FElysiumNpcScurrying	move	4d	-
bSheriffActivated	field	ElysiumNpcKernelLifecycle19.inl	-	FElysiumNpcSheriffMan	-	FElysiumNpcSheriffMan	move	4g	-
bSheriffDead	field	ElysiumNpcKernelLifecycle19.inl	-	FElysiumNpcSheriffMan	-	FElysiumNpcSheriffMan	move	4g	-
bSheriffLedgeHeightStored	field	ElysiumNpcKernelPositions.inl	-	FElysiumNpcSheriffMan	-	FElysiumNpcSheriffMan	move	4g	-
bSheriffTeleporting	field	ElysiumNpcKernelLifecycle19.inl	-	FElysiumNpcSheriffMan	-	FElysiumNpcSheriffMan	move	4g	-
bSpeciesPathBlocked	field	ElysiumNpcKernelConditions10.inl	-	FElysiumNpcAsianVampire	-	FElysiumNpcAsianVampire	move	4g	-
bSuppressRanged	field	ElysiumNpcKernelSchedule.inl	-	FElysiumNpcAsianVampire	-	FElysiumNpcAsianVampire	move	4g	-
bTaxiFirstThink	field	ElysiumNpcKernelLifecycle19.inl	-	FElysiumNpcTaxiDriver	-	FElysiumNpcTaxiDriver	move	4f	-
bTzimisceDidFakeThrow	field	ElysiumNpcKernelSpecies.inl	-	FElysiumNpcTzimisce	-	FElysiumNpcTzimisce	move	4e	-
bTzimisceFirstEnemy	field	ElysiumNpcKernelLifecycle19.inl	-	FElysiumNpcTzimisce	-	FElysiumNpcTzimisce	move	4e	-
bTzimisceJustFoundBody	field	ElysiumNpcKernelLifecycle19.inl	-	FElysiumNpcTzimisce	-	FElysiumNpcTzimisce	move	4e	-
bTzimisceRunnerForm	field	ElysiumNpcKernelAnim10.inl	-	-	-	FElysiumNpc	stay:troika reader	-	read by PreTranslatePredicate's activity predicates (step 11)
bUnawareExited	field	ElysiumNpcKernelConditions.inl	-	FElysiumNpcGhoulCroucher	-	FElysiumNpcGhoulCroucher	move	4f	-
bWantsLargeHull	field	ElysiumNpc.h	-	-	-	FElysiumNpc	stay:troika api	-	used by moving species bodies
bWasDisturbed	field	ElysiumNpcKernelConditions.inl	-	FElysiumNpcGhoulCroucher	-	FElysiumNpcGhoulCroucher	move	4f	-
bWasEverInCombat	field	ElysiumNpcKernelState19.inl	-	FElysiumNpcCop	-	FElysiumNpcCop	move	4f	-
bWerewolfPlayFrustration	field	ElysiumNpcKernelLifecycle19.inl	-	FElysiumNpcWerewolf	-	FElysiumNpcWerewolf	move	4e	-
bWerewolfTaskFailed	field	ElysiumNpcKernelSpeciesMisc10.inl	-	FElysiumNpcWerewolf	-	FElysiumNpcWerewolf	move	4e	-
bZombieNeedsCrawlOutOfGround	field	ElysiumNpcKernelLifecycle19.inl	-	FElysiumNpcZombie	-	FElysiumNpcZombie	move	4d	-
bZombieShouldGib	field	ElysiumNpcKernelDamage.inl	-	FElysiumNpcZombie	-	FElysiumNpcZombie	move	4d	-
