# Story 5 step 5 move manifest: every FElysiumNpc member and mixed-component word, its retail layer and its final owner (packet 5a)
member	kind	declared_in	defined_in	addresses	anchor	final_owner	disposition	packet	note
AcceptScriptedScheduleOrder	method	ElysiumNpcKernelSchedule.inl	ElysiumNpcKernelSchedule.cpp	102ae840	troika	FElysiumNpc	stay:troika body	-	
AcceptsAmbientGroup	method	ElysiumNpc.h	ElysiumNpc.cpp	102dad60	-	FElysiumNpc	stay:troika	-	port-only; no base member reaches it
AcquireProgramBody	method	ElysiumNpc.h	ElysiumNpc.cpp	-	-	FElysiumNpc	stay:troika	-	port-only; no base member reaches it
AcquireScheduleBody	method	ElysiumNpc.h	ElysiumNpc.cpp	-	-	FElysiumNpc	stay:troika	-	port-only; no base member reaches it
AcquireScriptedScheduleBody	method	ElysiumNpc.h	ElysiumNpc.cpp	-	-	FElysiumNpc	stay:troika	-	port-only; no base member reaches it
AcquireSequenceBody	method	ElysiumNpc.h	ElysiumNpc.cpp	-	-	FElysiumNpc	stay:transitional	-	port-only arbiter claim; retail: the cine takes the NPC (+0x5d70/+0x5d74)
ActCvarCriminal	field	ElysiumNpcKernelEntityChain.inl	-	-	-	FElysiumNpc	stay:troika	-	port-only; no base member reaches it
ActCvarInvestigate	field	ElysiumNpcKernelEntityChain.inl	-	-	-	FElysiumNpc	stay:troika	-	port-only; no base member reaches it
ActCvarSupernatural	field	ElysiumNpcKernelEntityChain.inl	-	-	-	FElysiumNpc	stay:troika	-	port-only; no base member reaches it
ActLevelOverrideCvar	method	ElysiumNpcKernelEntityChain.inl	ElysiumNpcKernelEntityChain.cpp	-	-	FElysiumNpc	stay:troika	-	port-only; no base member reaches it
Activate	method	ElysiumNpc.h	ElysiumNpc.cpp	1028e310,102dbde0	mixed	FElysiumNpc	stay:troika body	-	
ActivatorControllerBusy	method	ElysiumNpcKernelSocial10.inl	ElysiumNpcKernelSocial10.cpp	10175180	-	FElysiumNpc	stay:troika	-	port-only; no base member reaches it
ActiveRunnerCount	field	ElysiumNpcKernelSpecies.inl	-	-	-	FElysiumNpc	stay:troika	-	port-only; no base member reaches it
ActiveWeaponBurstPauseWords	method	ElysiumNpcKernelConditions10.inl	ElysiumNpcKernelConditions10.cpp	102c5780	troika	FElysiumNpc	stay:troika body	-	
ActiveWeaponCapabilityWord	method	ElysiumNpcKernelMotor.inl	ElysiumNpcKernelMotor.cpp	1014f930	base	FElysiumNpcBase	base	5e	anchor
ActiveWeaponEntity	method	ElysiumNpcKernelDebug.inl	ElysiumNpcKernelDebug.cpp	1032d0c0	base	FElysiumNpcBase	base	5e	anchor
ActiveWeaponFirstAmmoEntry	method	ElysiumNpcKernelCombat10.inl	ElysiumNpcKernelCombat10_2.cpp	-	-	FElysiumNpc	stay:troika	-	port-only; no base member reaches it
ActiveWeaponMaxRangeUnits	method	ElysiumNpcKernelBaseHelpers.inl	ElysiumNpcKernelBaseHelpers.cpp	-	-	FElysiumNpc	stay:troika	-	port-only; no base member reaches it
ActiveWeaponRangeRingsUnits	method	ElysiumNpcKernelDebug10.inl	ElysiumNpcKernelDebug10.cpp	-	-	FElysiumNpc	stay:troika	-	port-only; no base member reaches it
ActiveWeaponReserveAmmo	method	ElysiumNpcKernelCombat10.inl	ElysiumNpcKernelCombat10_2.cpp	-	-	FElysiumNpc	stay:troika	-	port-only; no base member reaches it
ActiveWeaponTextWords	method	ElysiumNpcKernelDebug10.inl	ElysiumNpcKernelDebug10.cpp	-	-	FElysiumNpcBase	base	5e	reached by base BaseDrawDebugTextOverlays
ActiveWeaponWantsReload	method	ElysiumNpcKernelCombat10.inl	ElysiumNpcKernelCombat10_2.cpp	-	-	FElysiumNpc	stay:troika	-	port-only; no base member reaches it
ActivityChangeNotices	field	ElysiumNpcKernelAnim10.inl	-	-	-	FElysiumNpcBase	base	5d	reached by base SetActivityAndSequence
ActivityIdForName	method	ElysiumNpcKernelHints.inl	ElysiumNpcKernelHints.cpp	10412520	-	FElysiumNpcBase	base	5e	reached by base GetScriptCustomMoveActivity
ActivityNameForNumber	method	ElysiumNpcKernelDebug.inl	ElysiumNpcKernelDebug.cpp	-	-	FElysiumNpcBase	base	5e	reached by base BaseDrawDebugTextOverlays
ActivityNumber	field	ElysiumNpcKernelPositions.inl	-	-	-	FElysiumNpcBase	base	5d	reached by base BaseSetActivity
AddDoorBlockFlags	method	ElysiumNpcKernelMotor10.inl	ElysiumNpcKernelMotor10.cpp	100f0e90	-	FElysiumNpc	stay:troika	-	port-only; no base member reaches it
AddExtraAnimationModelsPlayerController	method	ElysiumNpcKernelAnim.inl	ElysiumNpcKernelAnim.cpp	-	-	FElysiumNpc	stay:troika	-	port-only; no base member reaches it
AddListenerEntity	method	ElysiumNpcKernelEntityChain.inl	ElysiumNpcKernelEntityChain.cpp	100f6d80	-	FElysiumNpc	stay:troika	-	port-only; no base member reaches it
AddMultiDamage	method	ElysiumNpcKernelDamage.inl	ElysiumNpcKernelDamage.cpp	-	-	FElysiumNpc	stay:troika	-	port-only; no base member reaches it
AddSceneEventBase	method	ElysiumNpcKernelAnim.inl	ElysiumNpcKernelAnim.cpp	100b5e60	base	FElysiumNpcBase	base	5e	anchor
AddScriptedExpression	method	ElysiumNpcKernelAnim.inl	ElysiumNpcKernelAnim.cpp	-	-	FElysiumNpc	stay:troika	-	port-only; no base member reaches it
AddSelfToSquadMemory	method	ElysiumNpcKernelSquad.inl	ElysiumNpcKernelSquad.cpp	10316720	-	FElysiumNpcBase	base	5e	reached by base ReconnectToSquad
AdditionalEquipment	field	ElysiumNpc.h	-	-	base	FElysiumNpcBase	base	5d	anchor
AdvanceAiStepDebugIndex	method	ElysiumNpcKernelMaintain19.inl	ElysiumNpcKernelMaintain19.cpp	-	-	FElysiumNpc	stay:troika	-	port-only; no base member reaches it
AdvanceAlertLevelGrade	method	ElysiumNpcKernelTroikaHelpers.inl	ElysiumNpcKernelTroikaHelpers2.cpp	102b8980	troika	FElysiumNpc	stay:troika body	-	
AdvanceToIdealActivity	method	ElysiumNpcKernelAnim10.inl	ElysiumNpcKernelAnim10.cpp	102726a0	base	FElysiumNpcBase	base	5e	anchor
AimConeAdmits	method	ElysiumNpcKernelSenses.inl	ElysiumNpcKernelSenses.cpp	10326bd0	base	FElysiumNpcBase	base	5e	anchor
AimPointFor	method	ElysiumNpcKernelAnim10.inl	ElysiumNpcKernelAnim10.cpp	-	-	FElysiumNpc	stay:troika	-	port-only; no base member reaches it
AlertLevel	field	ElysiumNpc.h	-	102b5dc0	troika	FElysiumNpc	stay:troika word	-	
AlertNearbyAlly	method	ElysiumNpcKernelSquad.inl	ElysiumNpcKernelSquad.cpp	102bf5d0	troika	FElysiumNpc	stay:troika body	-	
AllocateGestureLayer	method	ElysiumNpcKernelAnim.inl	ElysiumNpcKernelAnim.cpp	10099470	base	FElysiumNpcBase	base	5e	anchor
AlternateAi	field	ElysiumNpc.h	-	-	troika	FElysiumNpc	stay:troika word	-	
AlternateAiDoorSweepHit	method	ElysiumNpcKernelSaveRestore10.inl	ElysiumNpcKernelSaveRestore10.cpp	-	-	FElysiumNpc	stay:troika	-	port-only; no base member reaches it
AlternateAiDoorSweeps	field	ElysiumNpcKernelSaveRestore10.inl	-	-	-	FElysiumNpc	stay:troika	-	port-only; no base member reaches it
AlternateAiExpireTime	field	ElysiumNpc.h	-	-	troika	FElysiumNpc	stay:troika word	-	
AlternateEquipment	field	ElysiumNpc.h	-	-	base	FElysiumNpcBase	base	5d	anchor
AmbientActivityCycle	field	ElysiumNpc.h	-	-	-	FElysiumNpc	stay:troika	-	port-only; no base member reaches it
AmbientLeaveAt	field	ElysiumNpc.h	-	-	-	FElysiumNpc	stay:troika	-	port-only; no base member reaches it
AmbientNextActivityAt	field	ElysiumNpc.h	-	-	troika	FElysiumNpc	stay:troika word	-	
AmbientOwner	field	ElysiumNpc.h	-	-	-	FElysiumNpc	stay:troika	-	port-only; no base member reaches it
AmbientPhase	field	ElysiumNpc.h	-	-	troika	FElysiumNpc	stay:troika word	-	
AmbientType	method	ElysiumNpc.h	ElysiumNpc.cpp	-	-	FElysiumNpc	stay:troika	-	port-only; no base member reaches it
AmmoDefFlags	method	ElysiumNpcKernelSounds10.inl	ElysiumNpcKernelSounds10.cpp	104276a0	-	FElysiumNpc	stay:troika	-	port-only; no base member reaches it
AmmoMaxCarry	method	ElysiumNpcKernelDamage.inl	ElysiumNpcKernelDamage.cpp	-	-	FElysiumNpc	stay:troika	-	port-only; no base member reaches it
AmmoTypeNameForIndex	method	ElysiumNpcKernelDamage.inl	ElysiumNpcKernelDamage.cpp	-	-	FElysiumNpc	stay:troika	-	port-only; no base member reaches it
AndreiKillCount	field	ElysiumNpcKernelSpecies.inl	-	-	-	FElysiumNpc	stay:troika	-	port-only; no base member reaches it
AngleVectorsForward	method	ElysiumNpcKernelMotor10.inl	ElysiumNpcKernelMotor10.cpp	10139610	-	FElysiumNpcBase	base	5e	reached by base GetShootTarget
AnimFormBit	method	ElysiumNpcKernelAnim10.inl	ElysiumNpcKernelAnim10.cpp	-	-	FElysiumNpc	stay:troika	-	port-only; no base member reaches it
AnimIntervalMovement	method	ElysiumNpcKernelMotor.inl	ElysiumNpcKernelMotor.cpp	-	-	FElysiumNpcBase	base	5e	reached by base AutoMovement
AnimOverlay	field	ElysiumNpcKernelAnim.inl	-	-	-	FElysiumNpcBase	base	5d	reached by base SetOverlayLayer
AnimTime	field	ElysiumNpcKernelAnim.inl	-	-	-	FElysiumNpcBase	base	5d	reached by base AddSceneEventBase
AnimalSelectIdealState	method	ElysiumNpcKernelState19.inl	ElysiumNpcKernelState19_2.cpp	-	-	FElysiumNpc	stay:troika	-	port-only; no base member reaches it
AnnounceAttack	method	ElysiumNpc.h	ElysiumNpc.cpp	-	-	FElysiumNpc	stay:troika	-	port-only; no base member reaches it
AppendDebugLogLine	method	ElysiumNpcKernelDebug10.inl	ElysiumNpcKernelDebug10.cpp	1027ef20	base	FElysiumNpcBase	base	5e	anchor
AppendGlobalDebugLogLine	method	ElysiumNpcKernelDebug10.inl	ElysiumNpcKernelDebug10.cpp	1027ee20	base	FElysiumNpcBase	base	5e	anchor
ApplyDefaultDispositionOnActivate	method	ElysiumNpcKernelLifecycle.inl	ElysiumNpcKernelLifecycle.cpp	1028e310	troika	FElysiumNpc	stay:troika body	-	
ApplyHintLeanOffset	method	ElysiumNpcKernelTroikaHelpers.inl	ElysiumNpcKernelTroikaHelpers2.cpp	102b6120	troika	FElysiumNpc	stay:troika body	-	
ApplyResolvedTemplate	method	ElysiumNpc.h	ElysiumNpc.cpp	-	-	FElysiumNpc	stay:troika	-	port-only; no base member reaches it
ApplyRetailHulls	method	ElysiumNpcKernelDebug10.inl	ElysiumNpcKernelClassLookup.cpp	-	-	FElysiumNpc	stay:troika	-	port-only; no base member reaches it
ApplyThrowImpulse	method	ElysiumNpcKernelBosses.inl	ElysiumNpcKernelBosses.cpp	-	-	FElysiumNpc	stay:troika	-	port-only; no base member reaches it
ArmIgnoreCollisionExpiry	method	ElysiumNpcKernelBosses.inl	ElysiumNpcKernelBosses.cpp	102c43b0	troika	FElysiumNpc	stay:troika body	-	
ArmMoveAndShootOverlay	method	ElysiumNpcKernelSenses10.inl	ElysiumNpcKernelSenses10.cpp	102e8270	-	FElysiumNpc	stay:troika	-	port-only; no base member reaches it
ArmThinkAt	method	ElysiumNpc.h	ElysiumNpc.cpp	-	-	FElysiumNpcBase	base	5e	reached by base BaseStartNPC
ArmThinkNow	method	ElysiumNpc.h	ElysiumNpc.cpp	-	-	FElysiumNpc	stay:troika	-	port-only; no base member reaches it
AsNpc	method	ElysiumNpc.h	-	-	-	FElysiumNpc	stay:troika	-	port-only; no base member reaches it
AsSpecies	method	ElysiumNpc.h	-	-	-	FElysiumNpcBase	base	5c	the retail-class identity API stands on the base: the script directors and the test hull (folds 9-10) answer their own census rows (story-5-execution-plan.md step 5, 5c)
AtCrosswalkNode	field	ElysiumNpcKernelTroikaHelpers.inl	-	-	-	FElysiumNpc	stay:troika	-	port-only; no base member reaches it
AttackBounds	method	ElysiumNpc.h	-	-	-	FElysiumNpc	stay:troika	-	port-only; no base member reaches it
AttackCoordinator	field	ElysiumNpc.h	-	-	troika	FElysiumNpc	stay:troika word	-	
AttackCoordinatorIndices	method	ElysiumNpcKernelTroikaHelpers.inl	ElysiumNpcKernelTroikaHelpers.cpp	-	-	FElysiumNpc	stay:troika	-	port-only; no base member reaches it
AttackCoordinatorName	field	ElysiumNpc.h	-	-	troika	FElysiumNpc	stay:troika word	-	
AttackCoordinatorNameOf	method	ElysiumNpcKernelTroikaHelpers.inl	ElysiumNpcKernelTroikaHelpers.cpp	-	-	FElysiumNpc	stay:troika	-	port-only; no base member reaches it
AttackHintRejectReason	method	ElysiumNpcKernelBaseHelpers.inl	ElysiumNpcKernelBaseHelpers.cpp	10296c40	troika	FElysiumNpc	stay:troika body	-	
AuthoredHearing	field	ElysiumNpc.h	-	-	troika	FElysiumNpc	stay:troika word	-	
AuthoredPerception	field	ElysiumNpc.h	-	-	troika	FElysiumNpc	stay:troika word	-	
AuthoredVision	field	ElysiumNpc.h	-	-	troika	FElysiumNpc	stay:troika word	-	
AutoAim	field	ElysiumNpcKernelEntityChain.inl	-	-	-	FElysiumNpc	stay:troika	-	port-only; no base member reaches it
AutoMovement	method	ElysiumNpcKernelMotor.inl	ElysiumNpcKernelMotor.cpp	10280a50	base	FElysiumNpcBase	base	5e	anchor
AutoaimBlendWeights	method	ElysiumNpcKernelEntityChain.inl	ElysiumNpcKernelEntityChain2.cpp	-	-	FElysiumNpc	stay:troika	-	port-only; no base member reaches it
AutoaimDeflection	method	ElysiumNpcKernelEntityChain.inl	ElysiumNpcKernelEntityChain2.cpp	10176930	-	FElysiumNpc	stay:troika	-	port-only; no base member reaches it
AutoaimDelta	method	ElysiumNpcKernelEntityChain.inl	ElysiumNpcKernelEntityChain2.cpp	-	-	FElysiumNpc	stay:troika	-	port-only; no base member reaches it
AutoaimWaterLevelBlocks	method	ElysiumNpcKernelEntityChain.inl	ElysiumNpcKernelEntityChain2.cpp	-	-	FElysiumNpc	stay:troika	-	port-only; no base member reaches it
BaseCanBeFedUponBy	method	ElysiumNpcKernelConditions10.inl	ElysiumNpcKernelConditions10.cpp	10339800	base	FElysiumNpcBase	rename:CanBeFedUponBy	5e	the base's own body of the slot virtual; the Troika body calls it qualified
BaseClassScheduleIdSpace	method	ElysiumNpcKernelEntityChain.inl	ElysiumNpcKernelEntityChain.cpp	101a6d00	base	FElysiumNpcBase	rename:ClassScheduleIdSpace	5e	the base's own body of the slot virtual; the Troika body calls it qualified
BaseCombatCharacterHullBits	field	ElysiumNpcKernelGeometry.inl	-	-	-	FElysiumNpc	stay:troika	-	port-only; no base member reaches it
BaseCombatCharacterIRelationType	method	ElysiumNpcKernelConditions10.inl	ElysiumNpcKernelConditions10.cpp	10299fb1	troika	FElysiumNpc	stay:troika body	-	
BaseCombatCharacterNpcEarlyTranslateActivity	method	ElysiumNpcKernelAnim10.inl	ElysiumNpcKernelAnim10.cpp	-	-	FElysiumNpc	stay:troika	-	port-only; no base member reaches it
BaseDrawDebugGeometryOverlays	method	ElysiumNpcKernelDebug.inl	ElysiumNpcKernelDebug2.cpp	1028ae60	base	FElysiumNpcBase	rename:DrawDebugGeometryOverlays	5e	the base's own body of the slot virtual; the Troika body calls it qualified
BaseDrawDebugStatOverlays	method	ElysiumNpcKernelDebug.inl	ElysiumNpcKernelDebug.cpp	102775e0	base	FElysiumNpcBase	rename:DrawDebugStatOverlays	5e	the base's own body of the slot virtual; the Troika body calls it qualified
BaseDrawDebugTextOverlays	method	ElysiumNpcKernelDebug10.inl	ElysiumNpcKernelDebug10.cpp	102767d0	base	FElysiumNpcBase	rename:DrawDebugTextOverlays	5e	the base's own body of the slot virtual; the Troika body calls it qualified
BaseEntityFVisible	method	ElysiumNpcKernelSenses10.inl	ElysiumNpcKernelSenses10.cpp	-	-	FElysiumNpc	stay:troika	-	port-only; no base member reaches it
BaseEntityIsMoving	method	ElysiumNpcKernelMotor.inl	ElysiumNpcKernelMotor.cpp	10026e70	base	FElysiumNpcBase	base	5e	anchor
BaseEntityKeyValue	method	ElysiumNpcKernelSounds10.inl	ElysiumNpcKernelSounds10.cpp	1009e430	base	FElysiumNpcBase	base	5e	anchor
BaseEntityStartTouch	method	ElysiumNpcKernelSpeciesLifecycle10.inl	ElysiumNpcKernelSpeciesLifecycle10.cpp	100a49d0	base	FElysiumNpcBase	base	5e	anchor
BaseEntityTouch	method	ElysiumNpcKernelSpeciesLifecycle10.inl	ElysiumNpcKernelSpeciesLifecycle10.cpp	100a4af0	base	FElysiumNpcBase	base	5e	anchor
BaseEyeOffset	method	ElysiumNpcKernelGeometry.inl	ElysiumNpcKernelGeometry.cpp	-	-	FElysiumNpc	stay:troika	-	port-only; no base member reaches it
BaseFOkToMakeSound	method	ElysiumNpcKernelSounds.inl	ElysiumNpcKernelSounds.cpp	1027a5c0	base	FElysiumNpcBase	rename:FOkToMakeSound	5e	the base's own body of the slot virtual; the Troika body calls it qualified
BaseGetBestSound	method	ElysiumNpcKernelSounds.inl	ElysiumNpcKernelSounds.cpp	1026aef0	base	FElysiumNpcBase	rename:GetBestSound	5e	the base's own body of the slot virtual; the Troika body calls it qualified
BaseHearingSensitivity	method	ElysiumNpcKernelEntityChain.inl	ElysiumNpcKernelEntityChain.cpp	101a67c0	base	FElysiumNpcBase	rename:HearingSensitivity	5e	the base's own body of the slot virtual; the Troika body calls it qualified
BaseInitAnimatingResets	field	ElysiumNpcKernelLifecycle19.inl	-	-	-	FElysiumNpcBase	base	5d	reached by base BaseNPCInit
BaseInitChoreoClears	field	ElysiumNpcKernelLifecycle19.inl	-	-	-	FElysiumNpcBase	base	5d	reached by base BaseNPCInit
BaseInitDistLookUnits	field	ElysiumNpcKernelLifecycle19.inl	-	-	-	FElysiumNpcBase	base	5d	reached by base BaseNPCInit
BaseInitDistTooFar	field	ElysiumNpcKernelLifecycle19.inl	-	-	-	FElysiumNpcBase	base	5d	reached by base BaseNPCInit
BaseInitTailCalls	field	ElysiumNpcKernelLifecycle19.inl	-	-	-	FElysiumNpcBase	base	5d	reached by base BaseNPCInit
BaseJustMadeSound	method	ElysiumNpcKernelSounds.inl	ElysiumNpcKernelSounds.cpp	1027a640	base	FElysiumNpcBase	rename:JustMadeSound	5e	the base's own body of the slot virtual; the Troika body calls it qualified
BaseKnockbackAllowed	method	ElysiumNpcKernelAnim10.inl	ElysiumNpcKernelAnim10.cpp	-	-	FElysiumNpc	stay:troika	-	port-only; no base member reaches it
BaseLeaveGrappleState	method	ElysiumNpcKernelSpeciesMisc10.inl	ElysiumNpcKernelSpeciesMisc10.cpp	1026ce30	base	FElysiumNpcBase	rename:LeaveGrappleState	5e	the base's own body of the slot virtual; the Troika body calls it qualified
BaseMaintainActivity	method	ElysiumNpcKernelAnim10.inl	ElysiumNpcKernelAnim10.cpp	102727d0	base	FElysiumNpcBase	base	5e	anchor
BaseNPCInit	method	ElysiumNpcKernelLifecycle19.inl	ElysiumNpcKernelLifecycle19.cpp	10273390	base	FElysiumNpcBase	rename:NPCInit	5e	the base's own body of the slot virtual; the Troika body calls it qualified
BaseNpcUpdateOnRemove	method	ElysiumNpcKernelLifecycle.inl	ElysiumNpcKernelLifecycle.cpp	1027ca30	base	FElysiumNpcBase	base	5e	anchor
BaseOnLooked	method	ElysiumNpcKernelSenses10.inl	ElysiumNpcKernelSenses10.cpp	1026a2c0	base	FElysiumNpcBase	base	5e	anchor
BaseOnRestore	method	ElysiumNpcKernelLifecycle19.inl	ElysiumNpcKernelLifecycle19.cpp	1027bf50	base	FElysiumNpcBase	rename:OnRestore	5e	the base's own body of the slot virtual; the Troika body calls it qualified
BasePreSelectIdealState	method	ElysiumNpcKernelState19.inl	ElysiumNpcKernelState19.cpp	1026f590	base	FElysiumNpcBase	rename:PreSelectIdealState	5e	the base's own body of the slot virtual; the Troika body calls it qualified
BasePreSelectSchedule	method	ElysiumNpcKernelSchedule.inl	ElysiumNpcKernelSchedule.cpp	1028a2a0	base	FElysiumNpcBase	rename:PreSelectSchedule	5e	the base's own body of the slot virtual; the Troika body calls it qualified
BasePrecache	method	ElysiumNpcKernelPrecache10.inl	ElysiumNpcKernelPrecache10.cpp	1027bb50	base	FElysiumNpcBase	rename:Precache	5e	the base's own body of the slot virtual; the Troika body calls it qualified
BaseSave	method	ElysiumNpcKernelSaveRestore10.inl	ElysiumNpcKernelSaveRestore10.cpp	1027bc60	base	FElysiumNpcBase	rename:Save	5e	the base's own body of the slot virtual; the Troika body calls it qualified
BaseSchedulingErrorName	method	ElysiumNpcKernelDebug.inl	ElysiumNpcKernelDebug.cpp	101a6660	base	FElysiumNpcBase	base	5e	anchor
BaseSelectIdealState	method	ElysiumNpcKernelState19.inl	ElysiumNpcKernelState19.cpp	1026f660	base	FElysiumNpcBase	rename:SelectIdealState	5e	the base's own body of the slot virtual; the Troika body calls it qualified
BaseSetActivity	method	ElysiumNpcKernelAnim10.inl	ElysiumNpcKernelAnim10.cpp	102725d0	base	FElysiumNpcBase	rename:SetActivity	5e	the base's own body of the slot virtual; the Troika body calls it qualified
BaseShouldPlayFloatSound	method	ElysiumNpcKernelSounds.inl	ElysiumNpcKernelSounds.cpp	1027a530	base	FElysiumNpcBase	rename:ShouldPlayFloatSound	5e	the base's own body of the slot virtual; the Troika body calls it qualified
BaseShouldPlayIdleSound	method	ElysiumNpcKernelSounds.inl	ElysiumNpcKernelSounds.cpp	1027a420	base	FElysiumNpcBase	rename:ShouldPlayIdleSound	5e	the base's own body of the slot virtual; the Troika body calls it qualified
BaseSlot532	method	ElysiumNpcKernelConditions10.inl	ElysiumNpcKernelConditions10.cpp	1027e0f0	base	FElysiumNpcBase	rename:Slot532	5e	the base's own body of the slot virtual; the Troika body calls it qualified
BaseStartNPC	method	ElysiumNpcKernelLifecycle19.inl	ElysiumNpcKernelLifecycle19.cpp	10273ad0	base	FElysiumNpcBase	rename:StartNPC	5e	the base's own body of the slot virtual; the Troika body calls it qualified
BaseTranslateSchedule	method	ElysiumNpcKernelTranslate19.inl	ElysiumNpcKernelTranslate19.cpp	102cc080	base	FElysiumNpcBase	rename:TranslateSchedule	5e	the base's own body of the slot virtual; the Troika body calls it qualified
BaseUpdatePoseParameterCalls	field	ElysiumNpcKernelAnim10.inl	-	-	-	FElysiumNpc	stay:troika	-	port-only; no base member reaches it
BeginAmbientLeave	method	ElysiumNpc.h	ElysiumNpc.cpp	-	-	FElysiumNpc	stay:troika	-	port-only; no base member reaches it
BeginAmbientUse	method	ElysiumNpc.h	ElysiumNpc.cpp	-	-	FElysiumNpc	stay:troika	-	port-only; no base member reaches it
BeginDebugCapture	method	ElysiumNpcKernelDebug.inl	ElysiumNpcKernelDebug.cpp	-	-	FElysiumNpc	stay:troika	-	port-only; no base member reaches it
BeginDialog	method	ElysiumNpc.h	-	-	-	FElysiumNpc	stay:troika	-	port-only; no base member reaches it
BeginDialogueBodySession	method	ElysiumNpc.h	ElysiumNpc.cpp	-	-	FElysiumNpc	stay:troika	-	port-only; no base member reaches it
BeginDying	method	ElysiumNpc.h	ElysiumNpc.cpp	102ee270	base	FElysiumNpcBase	base	5e	anchor
BeginHeightenedAlert	method	ElysiumNpcKernelEntityChain.inl	ElysiumNpcKernelEntityChain.cpp	1017f9c0	-	FElysiumNpc	stay:troika	-	port-only; no base member reaches it
BeginPlayerUse	method	ElysiumNpc.h	-	-	-	FElysiumNpc	stay:troika	-	port-only; no base member reaches it
BeginScriptedSchedule	method	ElysiumNpc.h	ElysiumNpc.cpp	-	-	FElysiumNpc	stay:troika	-	port-only; no base member reaches it
BeginSlowEntity	method	ElysiumNpcKernelSpeciesMisc10.inl	ElysiumNpcKernelSpeciesMisc10.cpp	-	-	FElysiumNpc	stay:troika	-	port-only; no base member reaches it
BeginStopMovingTask	method	ElysiumNpc.h	ElysiumNpc.cpp	10282d71	base	FElysiumNpcBase	base	5e	anchor
BestEnemyCandidateVisible	method	ElysiumNpcKernelSenses10.inl	ElysiumNpcKernelSenses10.cpp	10274585	base	FElysiumNpcBase	base	5e	anchor
BestEnemyDistanceKey	method	ElysiumNpcKernelSenses10.inl	ElysiumNpcKernelSenses10.cpp	1027452b	base	FElysiumNpcBase	base	5e	anchor
BindPreTranslateState	method	ElysiumNpcKernelAnim10.inl	ElysiumNpcKernelAnim10.cpp	-	-	FElysiumNpc	stay:troika	-	port-only; no base member reaches it
BlacklistPickupTarget	method	ElysiumNpcKernelConditions10.inl	ElysiumNpcKernelConditions10.cpp	-	-	FElysiumNpc	stay:troika	-	port-only; no base member reaches it
BlendFacingQueue	method	ElysiumNpcKernelTroikaHelpers.inl	ElysiumNpcKernelTroikaHelpers2.cpp	102e2180	base	FElysiumNpcBase	base	5e	anchor
BlendTargetLeadPoint	method	ElysiumNpcKernelTroikaHelpers.inl	ElysiumNpcKernelTroikaHelpers2.cpp	-	-	FElysiumNpc	stay:troika	-	port-only; no base member reaches it
BlockedDoor	field	ElysiumNpc.h	-	-	base	FElysiumNpcBase	base	5d	anchor
BlockedDoorExpiresAt	field	ElysiumNpc.h	-	-	-	FElysiumNpc	stay:troika	-	port-only; no base member reaches it
BlockedIsNoOp	method	ElysiumNpcKernelMotor.inl	ElysiumNpcKernelMotor.cpp	-	-	FElysiumNpc	stay:troika	-	port-only; no base member reaches it
BlockedReactionActivityCalls	field	ElysiumNpcKernelDamage.inl	-	-	-	FElysiumNpc	stay:troika	-	port-only; no base member reaches it
BodyTargetAnchor	method	ElysiumNpcKernelGeometry.inl	ElysiumNpcKernelGeometry.cpp	102789c0	base	FElysiumNpcBase	base	5e	anchor
BodyTargetBlend	method	ElysiumNpcKernelGeometry.inl	ElysiumNpcKernelGeometry.cpp	10278a84	base	FElysiumNpcBase	base	5e	anchor
BoneWorldPosition	method	ElysiumNpcKernelGeometry.inl	ElysiumNpcKernelGeometry.cpp	-	-	FElysiumNpc	stay:troika	-	port-only; no base member reaches it
BoneWorldPositionCalls	field	ElysiumNpcKernelGeometry.inl	-	-	-	FElysiumNpc	stay:troika	-	port-only; no base member reaches it
BrightRoutePenalty	field	ElysiumNpc.h	-	-	troika	FElysiumNpc	stay:troika word	-	
BuildConditionDebugString	method	ElysiumNpcKernelConditions10.inl	ElysiumNpcKernelConditions10.cpp	1028d990	troika	FElysiumNpc	stay:troika body	-	
BuildExtendedSaveHeader	method	ElysiumNpcKernelSaveRestore10.inl	ElysiumNpcKernelSaveRestore10.cpp	1027bc60	base	FElysiumNpcBase	base	5e	anchor
BuildLocalRouteThroughDoor	method	ElysiumNpcKernelMotor10.inl	ElysiumNpcKernelMotor10.cpp	10304130	-	FElysiumNpc	stay:troika	-	port-only; no base member reaches it
BuildLocalRouteWaypoints	field	ElysiumNpcKernelMotor10.inl	-	-	-	FElysiumNpc	stay:troika	-	port-only; no base member reaches it
BuildScheduleTestBits	method	ElysiumNpc.h	ElysiumNpc.cpp	-	-	FElysiumNpc	stay:troika	-	port-only; no base member reaches it
BuildVPhysicsShadow	method	ElysiumNpcKernelSenses10.inl	ElysiumNpcKernelSenses10.cpp	10272f40	base	FElysiumNpcBase	base	5e	anchor
BulletSpreadOffset	method	ElysiumNpcKernelSounds10.inl	ElysiumNpcKernelSounds10.cpp	10268170	base	FElysiumNpcBase	base	5e	anchor
BulletTracerCalls	field	ElysiumNpcKernelSounds10.inl	-	-	-	FElysiumNpc	stay:troika	-	port-only; no base member reaches it
BurstFireCount	field	ElysiumNpc.h	-	-	troika	FElysiumNpc	stay:troika word	-	
BurstShootPauseMax	field	ElysiumNpc.h	-	-	base	FElysiumNpcBase	base	5d	anchor
BurstShootPauseMin	field	ElysiumNpc.h	-	-	base	FElysiumNpcBase	base	5d	anchor
BypassesKnockbackEligibility	method	ElysiumNpc.h	ElysiumNpc.cpp	-	-	FElysiumNpc	stay:troika	-	port-only; no base member reaches it
CacheDamagePosition	method	ElysiumNpcKernelDamage.inl	ElysiumNpcKernelDamage.cpp	102b8c40	troika	FElysiumNpc	stay:troika body	-	
CacheInterruptConditionsForMaintenance	method	ElysiumNpcKernelMaintain19.inl	ElysiumNpcKernelMaintain19.cpp	-	-	FElysiumNpc	stay:troika	-	port-only; no base member reaches it
CallFormBit	method	ElysiumNpcKernelBosses.inl	ElysiumNpcKernelBosses.cpp	-	-	FElysiumNpc	stay:troika	-	port-only; no base member reaches it
CallPendingDialogEventScript	method	ElysiumNpcKernelEntityChain.inl	ElysiumNpcKernelEntityChain.cpp	100e4ef0	base	FElysiumNpc	stay:troika body	-	
CallPythonDialogFunction	method	ElysiumNpcKernelAnim.inl	ElysiumNpcKernelAnim.cpp	-	-	FElysiumNpc	stay:troika	-	port-only; no base member reaches it
CameraOverrideFadeDuration	field	ElysiumNpcKernelEntityChain.inl	-	-	-	FElysiumNpc	stay:troika	-	port-only; no base member reaches it
CameraOverrideFadeFraction	method	ElysiumNpcKernelEntityChain.inl	ElysiumNpcKernelEntityChain2.cpp	1017d900	-	FElysiumNpc	stay:troika	-	port-only; no base member reaches it
CameraOverrideFadeMarkTime	field	ElysiumNpcKernelEntityChain.inl	-	-	-	FElysiumNpc	stay:troika	-	port-only; no base member reaches it
CameraTargetEntity	field	ElysiumNpcKernelEntityChain.inl	-	-	-	FElysiumNpc	stay:troika	-	port-only; no base member reaches it
CameraViewEntity	field	ElysiumNpcKernelEntityChain.inl	-	-	-	FElysiumNpc	stay:troika	-	port-only; no base member reaches it
CanBeFedUponTemplate	method	ElysiumNpcKernelConditions10.inl	ElysiumNpcKernelConditions10.cpp	10339a90	base	FElysiumNpcBase	base	5e	anchor
CanOpenDoorNow	method	ElysiumNpcKernelMotor10.inl	ElysiumNpcKernelMotor10.cpp	-	-	FElysiumNpc	stay:troika	-	port-only; no base member reaches it
CanPlaySequenceSpecies	method	ElysiumNpcKernelBosses.inl	ElysiumNpcKernelBosses.cpp	-	-	FElysiumNpc	stay:troika	-	port-only; no base member reaches it
CanPlaySequenceStateArm	method	ElysiumNpcKernelBosses.inl	ElysiumNpcKernelBosses.cpp	-	-	FElysiumNpc	stay:troika	-	port-only; no base member reaches it
CanPlayerFocus	method	ElysiumNpc.h	-	-	-	FElysiumNpc	stay:troika	-	port-only; no base member reaches it
CanSeekCoverTimer	field	ElysiumNpc.h	-	-	troika	FElysiumNpc	stay:troika word	-	
CanStandAt	method	ElysiumNpcKernelMotor.inl	ElysiumNpcKernelMotor.cpp	102a0ed0	troika	FElysiumNpc	stay:troika body	-	
CanTalkObserverPredicate	method	ElysiumNpcKernelSocial10.inl	ElysiumNpcKernelSocial10.cpp	10146b20	-	FElysiumNpc	stay:troika	-	port-only; no base member reaches it
CandidateIsStandable	method	ElysiumNpcKernelDamage.inl	ElysiumNpcKernelDamage.cpp	100b50a0	base	FElysiumNpcBase	base	5e	anchor
CapabilityNoFloorDrop	field	ElysiumNpcKernelLifecycle19.inl	-	-	-	FElysiumNpcBase	base	5d	reached by base BaseStartNPC
CapabilitySpawnEquip	field	ElysiumNpcKernelLifecycle19.inl	-	-	-	FElysiumNpc	stay:troika	-	port-only; no base member reaches it
CapabilityWord	field	ElysiumNpc.h	-	1026dc00,1026dc30	base	FElysiumNpcBase	base	5d	anchor
ChainAngleForward	method	ElysiumNpcKernelEntityChain.inl	ElysiumNpcKernelEntityChain2.cpp	-	-	FElysiumNpc	stay:troika	-	port-only; no base member reaches it
ChainEntityFlags	method	ElysiumNpcKernelEntityChain.inl	ElysiumNpcKernelEntityChain2.cpp	-	-	FElysiumNpc	stay:troika	-	port-only; no base member reaches it
ChainEntityList	method	ElysiumNpcKernelEntityChain.inl	ElysiumNpcKernelEntityChain.cpp	10176930	-	FElysiumNpc	stay:troika	-	port-only; no base member reaches it
ChainPlayer	method	ElysiumNpcKernelEntityChain.inl	ElysiumNpcKernelEntityChain.cpp	-	-	FElysiumNpc	stay:troika	-	port-only; no base member reaches it
ChainTakesDamage	method	ElysiumNpcKernelEntityChain.inl	ElysiumNpcKernelEntityChain2.cpp	-	-	FElysiumNpc	stay:troika	-	port-only; no base member reaches it
ChainWrapDegrees	method	ElysiumNpcKernelEntityChain.inl	ElysiumNpcKernelEntityChain2.cpp	-	-	FElysiumNpc	stay:troika	-	port-only; no base member reaches it
ChangeSchedule	method	ElysiumNpcKernelSchedule.inl	ElysiumNpcKernelSchedule.cpp	10280de0	base	FElysiumNpcBase	base	5e	anchor
ChangeStanceForReaction	method	ElysiumNpcKernelAnim.inl	ElysiumNpcKernelAnim.cpp	102c1230	troika	FElysiumNpc	stay:troika body	-	
CharTemplateFakeReloadRange	method	ElysiumNpcKernelConditions10.inl	ElysiumNpcKernelConditions10.cpp	10207c40	-	FElysiumNpc	stay:troika	-	port-only; no base member reaches it
CharTemplateModelName	method	ElysiumNpcKernelPrecache10.inl	ElysiumNpcKernelPrecache10.cpp	10207c40	-	FElysiumNpc	stay:troika	-	port-only; no base member reaches it
ChaseLeadPosition	method	ElysiumNpcKernelPositions.inl	ElysiumNpcKernelPositions2.cpp	-	-	FElysiumNpc	stay:troika	-	port-only; no base member reaches it
ChaseLeadTolerance	method	ElysiumNpcKernelPositions.inl	ElysiumNpcKernelPositions2.cpp	-	-	FElysiumNpc	stay:troika	-	port-only; no base member reaches it
CheckOnGround	method	ElysiumNpcKernelMotor.inl	ElysiumNpcKernelMotor.cpp	1026e5e0	base	FElysiumNpcBase	base	5e	anchor
CheckOnGroundTime	field	ElysiumNpc.h	-	-	base	FElysiumNpcBase	base	5d	anchor
CineAllowsDynamicInteraction	method	ElysiumNpcKernelAnim.inl	ElysiumNpcKernelAnim.cpp	-	-	FElysiumNpc	stay:troika	-	port-only; no base member reaches it
CineCanInterrupt	method	ElysiumNpcKernelEntityChain.inl	ElysiumNpcKernelEntityChain.cpp	101a8930	-	FElysiumNpcBase	base	5e	anchor
CineDelayState	method	ElysiumNpcKernelEntityChain.inl	ElysiumNpcKernelEntityChain.cpp	-	-	FElysiumNpc	stay:troika	-	port-only; no base member reaches it
CineIgnoredConditionsPartner	method	ElysiumNpcKernelConditions.inl	ElysiumNpcKernelConditions.cpp	101a8930	-	FElysiumNpc	stay:troika	-	port-only; no base member reaches it
CineIsInterruptable	method	ElysiumNpcKernelEntityChain.inl	ElysiumNpcKernelEntityChain.cpp	-	-	FElysiumNpcBase	base	5e	reached by base CineCanInterrupt
CineIsTimeToStart	method	ElysiumNpcKernelEntityChain.inl	ElysiumNpcKernelEntityChain.cpp	-	-	FElysiumNpc	stay:troika	-	port-only; no base member reaches it
CineSpawn	method	ElysiumNpcKernelLifecycle.inl	ElysiumNpcKernelLifecycle.cpp	-	-	FElysiumNpc	stay:troika	-	port-only; no base member reaches it
CineTouch	method	ElysiumNpcKernelLifecycle.inl	ElysiumNpcKernelLifecycle.cpp	-	-	FElysiumNpc	stay:troika	-	port-only; no base member reaches it
ClaimAmbientSpot	method	ElysiumNpc.h	ElysiumNpc.cpp	-	-	FElysiumNpc	stay:troika	-	port-only; no base member reaches it
ClaimHintNode	method	ElysiumNpcKernelTroikaHelpers.inl	ElysiumNpcKernelTroikaHelpers2.cpp	-	-	FElysiumNpc	stay:troika	-	port-only; no base member reaches it
ClaimInterestingPlace	method	ElysiumNpcKernelHints.inl	ElysiumNpcKernelHints.cpp	102a9f40	troika	FElysiumNpc	stay:troika body	-	
ClaimScriptBody	method	ElysiumNpc.h	ElysiumNpc.cpp	-	-	FElysiumNpc	stay:troika	-	port-only; no base member reaches it
ClaimScriptMove	method	ElysiumNpc.h	ElysiumNpc.cpp	-	-	FElysiumNpc	stay:troika	-	port-only; no base member reaches it
ClampTargetLeadRatio	method	ElysiumNpcKernelTroikaHelpers.inl	ElysiumNpcKernelTroikaHelpers2.cpp	102c36d0	troika	FElysiumNpc	stay:troika body	-	
ClassScheduleIdSpace	method	ElysiumNpcKernelSchedule.inl	ElysiumNpcKernelSchedule.cpp	101aa790	troika	FElysiumNpc	pair:ClassScheduleIdSpace	5e	slot 580: base 0x101a6d00 (BaseClassScheduleIdSpace), Troika 0x101aa790
ClassifyIsNonZero	method	ElysiumNpcKernelLifecycle.inl	ElysiumNpcKernelLifecycle.cpp	-	-	FElysiumNpc	stay:troika	-	port-only; no base member reaches it
ClassifyKeyValue	method	ElysiumNpcKernelLifecycle.inl	ElysiumNpcKernelLifecycle.cpp	1009e430	base	FElysiumNpcBase	base	5e	anchor
ClearCineIgnoredConditions	method	ElysiumNpcKernelConditions.inl	ElysiumNpcKernelConditions.cpp	-	-	FElysiumNpc	stay:troika	-	port-only; no base member reaches it
ClearConditions	method	ElysiumNpc.h	ElysiumNpc.cpp	-	-	FElysiumNpc	stay:troika	-	port-only; no base member reaches it
ClearDebugRingDumpRequest	method	ElysiumNpcKernelDebug10.inl	ElysiumNpcKernelDebug10_2.cpp	10292500	troika	FElysiumNpc	stay:troika body	-	
ClearDoorBlockFlags	method	ElysiumNpcKernelMotor10.inl	ElysiumNpcKernelMotor10.cpp	100f0e70	-	FElysiumNpc	stay:troika	-	port-only; no base member reaches it
ClearFacingTarget	method	ElysiumNpcKernelFacing.inl	ElysiumNpcKernelFacing.cpp	102e11f0	base	FElysiumNpcBase	base	5e	anchor
ClearFollowerBossName	method	ElysiumNpcKernelLifecycle19.inl	ElysiumNpcKernelLifecycle19.cpp	102c4430	troika	FElysiumNpc	stay:troika body	-	
ClearForcedNpcState	method	ElysiumNpcKernelCombat10.inl	ElysiumNpcKernelCombat10.cpp	-	-	FElysiumNpc	stay:troika	-	port-only; no base member reaches it
ClearMeleeMoveRecords	method	ElysiumNpcKernelMisc.inl	ElysiumNpcKernelMisc.cpp	1028b160	-	FElysiumNpc	stay:troika	-	port-only; no base member reaches it
ClearOwnedActivityCopyProps	method	ElysiumNpc.h	ElysiumNpc.cpp	1018e910	-	FElysiumNpc	stay:troika	-	port-only; no base member reaches it
ClearPreservePath	method	ElysiumNpc.h	ElysiumNpc.cpp	-	-	FElysiumNpc	stay:troika	-	port-only; no base member reaches it
ClearSchedule	method	ElysiumNpc.h	ElysiumNpc.cpp	10280d30	base	FElysiumNpcBase	base	5e	anchor
ClearScheduleHint	method	ElysiumNpc.h	ElysiumNpc.cpp	10295ab0	troika	FElysiumNpc	stay:troika body	-	
ClearSquadSlotOccupied	method	ElysiumNpcKernelSquad.inl	ElysiumNpcKernelSquad.cpp	-	-	FElysiumNpcBase	base	5e	reached by base VacateSquadSlot
ClearUseEntity	method	ElysiumNpcKernelEntityChain.inl	ElysiumNpcKernelEntityChain2.cpp	1017c6d0	-	FElysiumNpc	stay:troika	-	port-only; no base member reaches it
ClosestNpcCandidateBitSet	method	ElysiumNpcKernelEntityChain.inl	ElysiumNpcKernelEntityChain2.cpp	-	-	FElysiumNpc	stay:troika	-	port-only; no base member reaches it
ClosestNpcCandidateRefused	method	ElysiumNpcKernelEntityChain.inl	ElysiumNpcKernelEntityChain.cpp	-	-	FElysiumNpc	stay:troika	-	port-only; no base member reaches it
ClosestNpcPerception	method	ElysiumNpcKernelEntityChain.inl	ElysiumNpcKernelEntityChain.cpp	-	-	FElysiumNpc	stay:troika	-	port-only; no base member reaches it
ClosestNpcSense	method	ElysiumNpcKernelEntityChain.inl	ElysiumNpcKernelEntityChain2.cpp	10182a90	-	FElysiumNpc	stay:troika	-	port-only; no base member reaches it
ClosestNpcSenseScalar	method	ElysiumNpcKernelEntityChain.inl	ElysiumNpcKernelEntityChain.cpp	10739d08	-	FElysiumNpc	stay:troika	-	port-only; no base member reaches it
ClosureRefusals	field	ElysiumNpcKernelClosure.inl	-	-	-	FElysiumNpc	stay:troika	-	port-only; no base member reaches it
Cognition	field	ElysiumNpc.h	-	-	-	FElysiumNpcBase	base	5d	reached by base BaseSelectIdealState
CollisionGroup	field	ElysiumNpcKernelLifecycle.inl	-	-	-	FElysiumNpc	stay:troika	-	port-only; no base member reaches it
CollisionMask	field	ElysiumNpc.h	-	-	base	FElysiumNpcBase	base	5d	anchor
CollisionObbExtentsUnits	method	ElysiumNpcKernelDebug.inl	ElysiumNpcKernelDebug2.cpp	-	-	FElysiumNpcBase	base	5e	reached by base BaseDrawDebugGeometryOverlays
CombatCharacterExpressionEventParams	method	ElysiumNpcKernelMisc.inl	ElysiumNpcKernelMisc.cpp	10014ba0	-	FElysiumNpc	stay:troika	-	port-only; no base member reaches it
CombatStartActivity	field	ElysiumNpc.h	-	-	troika	FElysiumNpc	stay:troika word	-	
CombatStartActivityId	field	ElysiumNpc.h	-	-	troika	FElysiumNpc	stay:troika word	-	
CommitDeath	method	ElysiumNpc.h	ElysiumNpc.cpp	103392c0	base	FElysiumNpcBase	base	5e	anchor
CommitForcedSequence	method	ElysiumNpcKernelAnim.inl	ElysiumNpcKernelAnim.cpp	10260a50	-	FElysiumNpcBase	base	5e	reached by base SetActivityAndSequence
CommitIdealStateForSchedule	method	ElysiumNpcKernelMaintain19.inl	ElysiumNpcKernelMaintain19.cpp	-	-	FElysiumNpc	stay:troika	-	port-only; no base member reaches it
CompleteDeathHandoff	method	ElysiumNpc.h	ElysiumNpc.cpp	-	-	FElysiumNpcBase	base	5e	reached by base CommitDeath
ComponentFactoryRefusals	field	ElysiumNpcKernelMisc.inl	-	-	-	FElysiumNpc	stay:troika	-	port-only; no base member reaches it
ComponentFactoryRows	method	ElysiumNpcKernelMisc.inl	ElysiumNpcKernelMisc.cpp	10312cd0	-	FElysiumNpc	stay:troika	-	port-only; no base member reaches it
ComputeHitboxSurroundingBox	method	ElysiumNpcKernelPositions.inl	ElysiumNpcKernelPositions2.cpp	-	-	FElysiumNpc	stay:troika	-	port-only; no base member reaches it
ComputeKnockbackVelocity	method	ElysiumNpcKernelCombat10.inl	ElysiumNpcKernelCombat10.cpp	102a0290,102a0296	troika	FElysiumNpc	stay:troika body	-	
ComputeTargetLeadPoint	method	ElysiumNpcKernelTroikaHelpers.inl	ElysiumNpcKernelTroikaHelpers2.cpp	102c36d0	troika	FElysiumNpc	stay:troika body	-	
CondHitByDoor	field	ElysiumNpc.h	-	-	base	FElysiumNpcBase	base	5d	anchor
ConditionDebugList	method	ElysiumNpcKernelConditions10.inl	ElysiumNpcKernelConditions10.cpp	1028da19	troika	FElysiumNpc	stay:troika body	-	
ConditionIdSpace	method	ElysiumNpc.h	-	-	-	FElysiumNpc	stay:troika	-	port-only; no base member reaches it
ConditionIdSpaceRows	method	ElysiumNpcKernelDebug.inl	ElysiumNpcKernelDebug.cpp	102ea090	-	FElysiumNpc	stay:troika	-	port-only; no base member reaches it
ConnectedSquad	method	ElysiumNpc.h	-	-	-	FElysiumNpcBase	base	5e	reached by base ReconnectToSquad
ConsumeBlockedDoorForSchedule	method	ElysiumNpcKernelMaintain19.inl	ElysiumNpcKernelMaintain19.cpp	-	-	FElysiumNpc	stay:troika	-	port-only; no base member reaches it
ConsumeChooseNewSchedule	method	ElysiumNpcKernelMaintain19.inl	ElysiumNpcKernelMaintain19.cpp	-	-	FElysiumNpc	stay:troika	-	port-only; no base member reaches it
ControllerAiEvents	field	ElysiumNpcKernelDamage.inl	-	-	-	FElysiumNpc	stay:troika	-	port-only; no base member reaches it
ControllerNpc	field	ElysiumNpcKernelEntityChain.inl	-	-	-	FElysiumNpc	stay:troika	-	port-only; no base member reaches it
ControllerNpcBusy	method	ElysiumNpcKernelDialogue.inl	ElysiumNpcKernelDialogue.cpp	10175180	-	FElysiumNpc	stay:troika	-	port-only; no base member reaches it
ControllerReleaseThinkDelay	method	ElysiumNpcKernelEntityChain.inl	ElysiumNpcKernelEntityChain2.cpp	-	-	FElysiumNpc	stay:troika	-	port-only; no base member reaches it
ConversationPlaceActivate	method	ElysiumNpcKernelLifecycle.inl	ElysiumNpcKernelLifecycle.cpp	102dbde0	base	FElysiumNpc	stay:troika body	-	
ConversationPlacePrecache	method	ElysiumNpcKernelLifecycle.inl	ElysiumNpcKernelLifecycle.cpp	102dbcb0	base	FElysiumNpc	stay:troika body	-	
ConversationPlaceSpawnPrecachesLast	method	ElysiumNpcKernelLifecycle.inl	ElysiumNpcKernelLifecycle.cpp	102dbc80	base	FElysiumNpc	stay:troika body	-	
CopCensusCount	method	ElysiumNpcKernelState19.inl	ElysiumNpcKernelState19.cpp	-	-	FElysiumNpc	stay:troika	-	port-only; no base member reaches it
CopSelectIdealStatePrePass	method	ElysiumNpcKernelState19.inl	ElysiumNpcKernelState19_2.cpp	10269aa0	-	FElysiumNpc	stay:troika	-	port-only; no base member reaches it
CorpseConditionTime	field	ElysiumNpc.h	-	-	troika	FElysiumNpc	stay:troika word	-	
CoverHintRejectReason	method	ElysiumNpcKernelBaseHelpers.inl	ElysiumNpcKernelBaseHelpers.cpp	102961a0	troika	FElysiumNpc	stay:troika body	-	
CoverHintStillValid	method	ElysiumNpcKernelBaseHelpers.inl	ElysiumNpcKernelBaseHelpers.cpp	10295ed0	troika	FElysiumNpc	stay:troika body	-	
CowerAnimOffset	field	ElysiumNpc.h	-	-	troika	FElysiumNpc	stay:troika word	-	
CreateControllerNpcEntity	method	ElysiumNpcKernelDialogue.inl	ElysiumNpcKernelDialogue.cpp	10161b4c	-	FElysiumNpc	stay:troika	-	port-only; no base member reaches it
CreateEntityCalls	field	ElysiumNpcKernelDamage.inl	-	-	-	FElysiumNpc	stay:troika	-	port-only; no base member reaches it
CreateNamedEmitter	method	ElysiumNpcKernelDamage.inl	ElysiumNpcKernelDamage.cpp	-	-	FElysiumNpc	stay:troika	-	port-only; no base member reaches it
CreateNamedEntity	method	ElysiumNpcKernelDamage.inl	ElysiumNpcKernelDamage.cpp	-	-	FElysiumNpc	stay:troika	-	port-only; no base member reaches it
CreatePhysAnimlink	method	ElysiumNpcKernelBosses.inl	ElysiumNpcKernelBosses.cpp	-	-	FElysiumNpc	stay:troika	-	port-only; no base member reaches it
CreateSecondaryDiscParticles	method	ElysiumNpcKernelSenses10.inl	ElysiumNpcKernelSenses10.cpp	102658f0	base	FElysiumNpcBase	base	5e	anchor
CriminalActCount	method	ElysiumNpcKernelEntityChain.inl	ElysiumNpcKernelEntityChain.cpp	1017e720	-	FElysiumNpc	stay:troika	-	port-only; no base member reaches it
CriminalWitnessByte6360	field	ElysiumNpcKernelSenses.inl	-	-	-	FElysiumNpc	stay:troika	-	port-only; no base member reaches it
CriminalWitnessByte6361	field	ElysiumNpcKernelSenses.inl	-	-	-	FElysiumNpc	stay:troika	-	port-only; no base member reaches it
CrosswalkLinkSignalFlags	field	ElysiumNpcKernelDialogue.inl	-	-	-	FElysiumNpc	stay:troika	-	port-only; no base member reaches it
CrosswalkNodeQueries	field	ElysiumNpcKernelDialogue.inl	-	-	-	FElysiumNpc	stay:troika	-	port-only; no base member reaches it
CrosswalkPhaseMask	method	ElysiumNpcKernelDialogue.inl	ElysiumNpcKernelDialogue.cpp	102a0bc0	troika	FElysiumNpc	stay:troika body	-	
CurFrenzyCount	field	ElysiumNpcKernelTroikaHelpers.inl	-	-	-	FElysiumNpc	stay:troika	-	port-only; no base member reaches it
CurrentAmbientSpot	method	ElysiumNpc.h	ElysiumNpc.cpp	-	-	FElysiumNpc	stay:troika	-	port-only; no base member reaches it
CurrentHintPointer	method	ElysiumNpcKernelAnim10.inl	ElysiumNpcKernelAnim10.cpp	-	-	FElysiumNpc	stay:troika	-	port-only; no base member reaches it
CurrentRetailActivityId	method	ElysiumNpcKernelHints.inl	ElysiumNpcKernelHints.cpp	-	-	FElysiumNpc	stay:troika	-	port-only; no base member reaches it
CurrentRetailTaskNumber	method	ElysiumNpcKernelBaseHelpers.inl	ElysiumNpcKernelBaseHelpers.cpp	1028a150	base	FElysiumNpcBase	base	5e	anchor
CurrentSpotIndex	field	ElysiumNpc.h	-	-	troika	FElysiumNpc	stay:troika word	-	
DamageFilters	field	ElysiumNpc.h	-	-	-	FElysiumNpc	stay:troika	-	port-only; no base member reaches it
DeathPerformanceEndsAt	field	ElysiumNpc.h	-	-	-	FElysiumNpcBase	base	5d	reached by base IsDeathPerformanceFinished
DeathThrowImpulse	method	ElysiumNpcKernelDamage.inl	ElysiumNpcKernelDamage.cpp	-	-	FElysiumNpc	stay:troika	-	port-only; no base member reaches it
DebugLogRingAdvance	method	ElysiumNpcKernelDebug10.inl	ElysiumNpcKernelDebug10.cpp	1027ef20	base	FElysiumNpcBase	base	5e	anchor
DebugMaskLadder	method	ElysiumNpcKernelConditions10.inl	ElysiumNpcKernelConditions10.cpp	1028dac6	troika	FElysiumNpc	stay:troika body	-	
DebugOverlayBits	method	ElysiumNpcKernelGeometry.inl	ElysiumNpcKernelGeometry.cpp	-	-	FElysiumNpcBase	base	5e	reached by base DrawPathfinderDebugOverlays
DebugRingDumpRequested	method	ElysiumNpcKernelDebug10.inl	ElysiumNpcKernelDebug10_2.cpp	-	-	FElysiumNpc	stay:troika	-	port-only; no base member reaches it
DebugScheduleInstalled	method	ElysiumNpc.h	ElysiumNpc.cpp	-	-	FElysiumNpc	stay:troika	-	port-only; no base member reaches it
DebugTaskStart	method	ElysiumNpcKernelMaintain19.inl	ElysiumNpcKernelMaintain19.cpp	-	-	FElysiumNpc	stay:troika	-	port-only; no base member reaches it
DebugTraceByte	method	ElysiumNpcKernelDebug10.inl	ElysiumNpcKernelDebug10.cpp	-	-	FElysiumNpc	stay:troika	-	port-only; no base member reaches it
DefExpression	field	ElysiumNpcKernelConditions.inl	-	-	-	FElysiumNpc	stay:troika	-	port-only; no base member reaches it
DefaultCamera	field	ElysiumNpc.h	-	-	troika	FElysiumNpc	stay:troika word	-	
DefaultEyeOffsetCm	method	ElysiumNpcKernelGeometry.inl	ElysiumNpcKernelGeometry.cpp	-	-	FElysiumNpc	stay:troika	-	port-only; no base member reaches it
DeferredDeathInfo	field	ElysiumNpc.h	-	-	base	FElysiumNpcBase	base	5d	anchor
DelayedConditionListClears	field	ElysiumNpcKernelLifecycle19.inl	-	-	-	FElysiumNpcBase	base	5d	reached by base BaseNPCInit
DialogCurrentLineId	field	ElysiumNpcKernelDialogue.inl	-	-	-	FElysiumNpc	stay:troika	-	port-only; no base member reaches it
DialogEntryRefusalReason	method	ElysiumNpc.h	-	-	-	FElysiumNpc	stay:troika	-	port-only; no base member reaches it
DialogEventScriptCalls	field	ElysiumNpcKernelEntityChain.inl	-	-	-	FElysiumNpc	stay:troika	-	port-only; no base member reaches it
DialogGotoLineForResponse	method	ElysiumNpcKernelDialogue.inl	ElysiumNpcKernelDialogue.cpp	100e4840	base	FElysiumNpc	stay:troika body	-	
DialogLineHeadPosition	method	ElysiumNpcKernelEntityChain.inl	ElysiumNpcKernelEntityChain.cpp	100e49b0	base	FElysiumNpc	stay:troika body	-	
DialogMenuBlockWord	method	ElysiumNpcKernelSocial10.inl	ElysiumNpcKernelSocial10.cpp	1023bd00	-	FElysiumNpc	stay:troika	-	port-only; no base member reaches it
DialogMessageSend	method	ElysiumNpcKernelDialogue.inl	ElysiumNpcKernelDialogue.cpp	100e58e0	base	FElysiumNpc	stay:transitional	-	CDialog::message_send 0x100e58e0 parked on the NPC; calls Troika SetDialogQue
DialogNodeResponses	field	ElysiumNpcKernelDialogue.inl	-	-	-	FElysiumNpc	stay:troika	-	port-only; no base member reaches it
DialogPartnerClears	field	ElysiumNpcKernelTroikaHelpers.inl	-	-	-	FElysiumNpc	stay:troika	-	port-only; no base member reaches it
DialogPartnerRemovals	field	ElysiumNpcKernelSocial10.inl	-	-	-	FElysiumNpc	stay:troika	-	port-only; no base member reaches it
DialogPartnerStopRequests	field	ElysiumNpcKernelSocial10.inl	-	-	-	FElysiumNpc	stay:troika	-	port-only; no base member reaches it
DialogPartnerThinkDelaySeconds	field	ElysiumNpcKernelSocial10.inl	-	-	-	FElysiumNpc	stay:troika	-	port-only; no base member reaches it
DialogPcLines	field	ElysiumNpcKernelEntityChain.inl	-	-	-	FElysiumNpc	stay:troika	-	port-only; no base member reaches it
DialogQueIsFinal	method	ElysiumNpcKernelDialogue.inl	ElysiumNpcKernelDialogue.cpp	100e58b0	base	FElysiumNpc	stay:troika body	-	
DialogRecipient	field	ElysiumNpcKernelDialogue.inl	-	-	-	FElysiumNpc	stay:troika	-	port-only; no base member reaches it
DialogResponseTargetIds	field	ElysiumNpcKernelDialogue.inl	-	-	-	FElysiumNpc	stay:troika	-	port-only; no base member reaches it
DialogSceneWords	method	ElysiumNpcKernelDebug10.inl	ElysiumNpcKernelDebug10.cpp	1007dfa0	-	FElysiumNpc	stay:troika	-	port-only; no base member reaches it
DialogSpeaker	field	ElysiumNpcKernelEntityChain.inl	-	-	-	FElysiumNpc	stay:troika	-	port-only; no base member reaches it
DialogSpeechFile	field	ElysiumNpcKernelDialogue.inl	-	-	-	FElysiumNpc	stay:troika	-	port-only; no base member reaches it
DialogStopScheduleRequests	field	ElysiumNpcKernelSaveRestore10.inl	-	-	-	FElysiumNpc	stay:troika	-	port-only; no base member reaches it
DialogUiCalls	field	ElysiumNpcKernelDialogue.inl	-	-	-	FElysiumNpc	stay:troika	-	port-only; no base member reaches it
DialogUserMessages	field	ElysiumNpcKernelDialogue.inl	-	-	-	FElysiumNpc	stay:troika	-	port-only; no base member reaches it
Dialogue	field	ElysiumNpc.h	-	-	-	FElysiumNpc	stay:troika	-	port-only; no base member reaches it
DialogueBodyOwner	field	ElysiumNpc.h	-	-	-	FElysiumNpc	stay:troika	-	port-only; no base member reaches it
DialogueSoundDirectory	method	ElysiumNpcKernelPrecache10.inl	ElysiumNpcKernelPrecache10.cpp	10298ad0	troika	FElysiumNpc	stay:troika body	-	
DisableMoveAndShootOverlay	method	ElysiumNpcKernelSenses10.inl	ElysiumNpcKernelSenses10.cpp	102e8250	-	FElysiumNpc	stay:troika	-	port-only; no base member reaches it
DisallowsKnockbacks	method	ElysiumNpc.h	-	-	-	FElysiumNpc	stay:troika	-	port-only; no base member reaches it
DisciplineCastCounter	method	ElysiumNpcKernelTroikaHelpers.inl	ElysiumNpcKernelTroikaHelpers2.cpp	-	-	FElysiumNpcBase	base	5e	reached by base StandoffVfunc3
DisciplineFlags	field	ElysiumNpcKernelLifecycle19.inl	-	-	-	FElysiumNpc	stay:troika	-	port-only; no base member reaches it
DisciplineFlags2	field	ElysiumNpcKernelLifecycle19.inl	-	-	-	FElysiumNpc	stay:troika	-	port-only; no base member reaches it
DisciplinePreFlags	field	ElysiumNpcKernelLifecycle19.inl	-	-	-	FElysiumNpc	stay:troika	-	port-only; no base member reaches it
DisciplinePreFlags2	field	ElysiumNpcKernelLifecycle19.inl	-	-	-	FElysiumNpc	stay:troika	-	port-only; no base member reaches it
DisciplineReadyFlag	method	ElysiumNpcKernelTroikaHelpers.inl	ElysiumNpcKernelTroikaHelpers.cpp	-	-	FElysiumNpc	stay:troika	-	port-only; no base member reaches it
DisciplineTableCooldown	method	ElysiumNpcKernelTroikaHelpers.inl	ElysiumNpcKernelTroikaHelpers.cpp	-	-	FElysiumNpc	stay:troika	-	port-only; no base member reaches it
DisciplineTableFind	method	ElysiumNpcKernelTroikaHelpers.inl	ElysiumNpcKernelTroikaHelpers.cpp	-	-	FElysiumNpc	stay:troika	-	port-only; no base member reaches it
DisciplineTimer	method	ElysiumNpcKernelTroikaHelpers.inl	ElysiumNpcKernelTroikaHelpers.cpp	-	-	FElysiumNpc	stay:troika	-	port-only; no base member reaches it
DisconnectFromSquad	method	ElysiumNpc.h	ElysiumNpc.cpp	1026d050	base	FElysiumNpcBase	base	5e	anchor
DispatchVictimHitReaction	method	ElysiumNpcKernelMisc.inl	ElysiumNpcKernelMisc.cpp	-	-	FElysiumNpc	stay:troika	-	port-only; no base member reaches it
DispositionDefaultEyeTarget	method	ElysiumNpcKernelDebug.inl	ElysiumNpcKernelDebug.cpp	100eccf0	-	FElysiumNpc	stay:troika	-	port-only; no base member reaches it
DispositionExpressionRow	method	ElysiumNpcKernelTroikaHelpers.inl	ElysiumNpcKernelTroikaHelpers.cpp	100ec360	-	FElysiumNpc	stay:troika	-	port-only; no base member reaches it
DispositionLoudExpression	method	ElysiumNpcKernelAnim.inl	ElysiumNpcKernelAnim.cpp	100ec450	-	FElysiumNpc	stay:troika	-	port-only; no base member reaches it
DispositionSeeds	field	ElysiumNpcKernelLifecycle19.inl	-	-	-	FElysiumNpc	stay:troika	-	port-only; no base member reaches it
DispositionStanceReaction	method	ElysiumNpcKernelAnim.inl	ElysiumNpcKernelAnim.cpp	100ec5d0	-	FElysiumNpc	stay:troika	-	port-only; no base member reaches it
DistTooFar	field	ElysiumNpc.h	-	-	base	FElysiumNpcBase	base	5d	anchor
DoesHintSequenceLoop	method	ElysiumNpcKernelHints.inl	ElysiumNpcKernelHints.cpp	-	-	FElysiumNpc	stay:troika	-	port-only; no base member reaches it
DoorBlockFlags	method	ElysiumNpcKernelSenses.inl	ElysiumNpcKernelSenses.cpp	100f0ec0	-	FElysiumNpcBase	base	5e	reached by base OnDoorBlocked
DoorBlockWrites	field	ElysiumNpcKernelMotor10.inl	-	-	-	FElysiumNpc	stay:troika	-	port-only; no base member reaches it
DoorNextTryTime	method	ElysiumNpcKernelMotor10.inl	ElysiumNpcKernelMotor10.cpp	-	-	FElysiumNpc	stay:troika	-	port-only; no base member reaches it
DoorNextTryWrites	field	ElysiumNpcKernelSenses.inl	-	-	-	FElysiumNpcBase	base	5d	reached by base SetDoorNextTryTime
DrawEnemyMemoryOverlays	method	ElysiumNpcKernelDebug.inl	ElysiumNpcKernelDebug2.cpp	10275760	base	FElysiumNpcBase	base	5e	anchor
DrawNavigatorRouteOverlay	method	ElysiumNpcKernelDebug.inl	ElysiumNpcKernelDebug2.cpp	102f28e0	-	FElysiumNpcBase	base	5e	reached by base BaseDrawDebugGeometryOverlays
DrawPathfinderDebugOverlays	method	ElysiumNpcKernelDebug.inl	ElysiumNpcKernelDebug2.cpp	103061e0	-	FElysiumNpcBase	base	5e	reached by base BaseDrawDebugGeometryOverlays
DumpDebugLogRing	method	ElysiumNpcKernelDebug10.inl	ElysiumNpcKernelDebug10.cpp	1027efb0	base	FElysiumNpcBase	base	5e	anchor
EAmbientPhase	type	ElysiumNpc.h	-	-	-	FElysiumNpc	stay:troika	-	port-only; no base member reaches it
EChaseTranslateShape	type	ElysiumNpcKernelPositions.inl	-	-	-	FElysiumNpc	stay:troika	-	port-only; no base member reaches it
EElysiumHullExtents	type	ElysiumNpcKernelMotor.inl	-	-	-	FElysiumNpcBase	base	5d	reached by base DrawEnemyMemoryOverlays
EFinishTalkingNotify	type	ElysiumNpcKernelSocial10.inl	-	-	-	FElysiumNpc	stay:troika	-	port-only; no base member reaches it
EHintRejectReason	type	ElysiumNpcKernelBaseHelpers.inl	-	-	-	FElysiumNpc	stay:troika	-	port-only; no base member reaches it
EHintTypeArm	type	ElysiumNpcKernelHints10.inl	-	-	-	FElysiumNpc	stay:troika	-	port-only; no base member reaches it
EKeyValueArm	type	ElysiumNpcKernelLifecycle.inl	-	-	-	FElysiumNpcBase	base	5d	reached by base ClassifyKeyValue
EMeleeSlotLine	type	ElysiumNpcKernelTroikaHelpers.inl	-	-	-	FElysiumNpc	stay:troika	-	port-only; no base member reaches it
EMoveDirectionCode	type	ElysiumNpcKernelSpecies.inl	-	-	-	FElysiumNpc	stay:troika	-	port-only; no base member reaches it
EObstructingDoorResult	type	ElysiumNpcKernelMotor.inl	-	-	-	FElysiumNpcBase	base	5d	reached by base OnObstructingDoorBase
EPrecacheChannel	type	ElysiumNpcKernelPrecache10.inl	-	-	-	FElysiumNpc	stay:troika	-	port-only; no base member reaches it
EResolveActivityRung	type	ElysiumNpcKernelAnim.inl	-	-	-	FElysiumNpcBase	base	5d	reached by base ResolveActivityToSequence
ESaveStampMode	type	ElysiumNpcKernelSaveRestore10.inl	-	-	-	FElysiumNpcBase	base	5d	reached by base BaseSave
ETweakParamKey	type	ElysiumNpcKernelSocial10.inl	-	-	-	FElysiumNpc	stay:troika	-	port-only; no base member reaches it
EVocalization	type	ElysiumNpcKernelSounds.inl	-	-	-	FElysiumNpc	stay:troika	-	port-only; no base member reaches it
EffectsWord	field	ElysiumNpcKernelPositions.inl	-	-	-	FElysiumNpc	stay:troika	-	port-only; no base member reaches it
EmitBulletTracer	method	ElysiumNpcKernelSounds10.inl	ElysiumNpcKernelSounds10.cpp	-	-	FElysiumNpc	stay:troika	-	port-only; no base member reaches it
EmitConditionDump	method	ElysiumNpcKernelDebug10.inl	ElysiumNpcKernelDebug10.cpp	1029d4e0	troika	FElysiumNpc	stay:troika body	-	
EmitDebugMsg	method	ElysiumNpcKernelDebug.inl	ElysiumNpcKernelDebug.cpp	10119750	-	FElysiumNpcBase	base	5e	reached by base BaseDrawDebugStatOverlays
EmitDevMsg	method	ElysiumNpcKernelDebug.inl	ElysiumNpcKernelDebug.cpp	-	-	FElysiumNpcBase	base	5e	reached by base DumpDebugLogRing
EmitEntityText	method	ElysiumNpcKernelDebug.inl	ElysiumNpcKernelDebug.cpp	101434b0	-	FElysiumNpcBase	base	5e	reached by base BaseDrawDebugTextOverlays
EmitNamedWav	method	ElysiumNpcKernelSpeciesMisc10.inl	ElysiumNpcKernelSpeciesMisc10_2.cpp	-	-	FElysiumNpc	stay:troika	-	port-only; no base member reaches it
EmitOverlayBox	method	ElysiumNpcKernelDebug.inl	ElysiumNpcKernelDebug.cpp	-	-	FElysiumNpcBase	base	5e	reached by base BaseDrawDebugGeometryOverlays
EmitOverlayBoxDirection	method	ElysiumNpcKernelDebug.inl	ElysiumNpcKernelDebug.cpp	-	-	FElysiumNpcBase	base	5e	reached by base BaseDrawDebugGeometryOverlays
EmitOverlayLine	method	ElysiumNpcKernelDebug.inl	ElysiumNpcKernelDebug.cpp	-	-	FElysiumNpcBase	base	5e	reached by base BaseDrawDebugGeometryOverlays
EmitOverlayText	method	ElysiumNpcKernelDebug.inl	ElysiumNpcKernelDebug.cpp	-	-	FElysiumNpcBase	base	5e	reached by base DrawEnemyMemoryOverlays
EmitViewConeOverlay	method	ElysiumNpcKernelDebug10.inl	ElysiumNpcKernelDebug10_2.cpp	1029c4a0	troika	FElysiumNpc	stay:troika body	-	
EmitterCalls	field	ElysiumNpcKernelDamage.inl	-	-	-	FElysiumNpc	stay:troika	-	port-only; no base member reaches it
EmitterKillCalls	field	ElysiumNpcKernelDamage.inl	-	-	-	FElysiumNpc	stay:troika	-	port-only; no base member reaches it
EncodeWitnessedLevel	method	ElysiumNpcKernelSenses.inl	ElysiumNpcKernelSenses.cpp	1028ea60	troika	FElysiumNpc	stay:troika body	-	
EndDebugCapture	method	ElysiumNpcKernelDebug.inl	ElysiumNpcKernelDebug.cpp	-	-	FElysiumNpc	stay:troika	-	port-only; no base member reaches it
EndDialogueBodySession	method	ElysiumNpc.h	ElysiumNpc.cpp	-	-	FElysiumNpc	stay:troika	-	port-only; no base member reaches it
EndDisciplineSchedule	method	ElysiumNpc.h	ElysiumNpc.cpp	101def10	-	FElysiumNpc	stay:troika	-	port-only; no base member reaches it
EndHeightenedAlert	method	ElysiumNpcKernelEntityChain.inl	ElysiumNpcKernelEntityChain.cpp	1017f980	-	FElysiumNpc	stay:troika	-	port-only; no base member reaches it
EndScriptedSchedule	method	ElysiumNpc.h	ElysiumNpc.cpp	-	-	FElysiumNpc	stay:troika	-	port-only; no base member reaches it
EndSlowEntity	method	ElysiumNpcKernelSpeciesMisc10.inl	ElysiumNpcKernelSpeciesMisc10.cpp	-	-	FElysiumNpc	stay:troika	-	port-only; no base member reaches it
EnemyChaseAnchor	method	ElysiumNpcKernelPositions.inl	ElysiumNpcKernelPositions2.cpp	-	-	FElysiumNpc	stay:troika	-	port-only; no base member reaches it
EnemyLastKnownPosition	method	ElysiumNpcKernelPositions.inl	ElysiumNpcKernelPositions.cpp	-	-	FElysiumNpcBase	base	5e	reached by base GetShootTarget
EnemyMemory	field	ElysiumNpc.h	-	-	base	FElysiumNpcBase	base	5d	anchor
EnemySightings	field	ElysiumNpc.h	-	-	troika	FElysiumNpc	stay:troika word	-	
EnemyTypedStatValue	method	ElysiumNpcKernelMotor10.inl	ElysiumNpcKernelMotor10.cpp	102012d0	base	FElysiumNpcBase	base	5e	anchor
EnergyBallSpawnPoint	method	ElysiumNpcKernelDamage.inl	ElysiumNpcKernelDamage2.cpp	10139610	-	FElysiumNpc	stay:troika	-	port-only; no base member reaches it
EnsureStanceResolved	method	ElysiumNpc.h	ElysiumNpc.cpp	-	-	FElysiumNpc	stay:troika	-	port-only; no base member reaches it
EnterAlternateAi	method	ElysiumNpcKernelConditions.inl	ElysiumNpcKernelConditions.cpp	10298800	troika	FElysiumNpc	stay:troika body	-	
EnterGrappleState	method	ElysiumNpc.h	ElysiumNpc.cpp	102b5c00	troika	FElysiumNpc	stay:troika body	-	
EntityDelay	field	ElysiumNpcKernelLifecycle.inl	-	-	-	FElysiumNpc	stay:troika	-	port-only; no base member reaches it
EntityDrawBBoxOverlay	method	ElysiumNpcKernelDebug.inl	ElysiumNpcKernelDebug2.cpp	-	-	FElysiumNpc	stay:troika	-	port-only; no base member reaches it
EntityDrawDebugGeometryOverlays	method	ElysiumNpcKernelDebug.inl	ElysiumNpcKernelDebug2.cpp	10275760	base	FElysiumNpcBase	base	5e	anchor
EntityDrawDebugTextOverlays	method	ElysiumNpcKernelDebug.inl	ElysiumNpcKernelDebug2.cpp	-	-	FElysiumNpcBase	base	5e	reached by base BaseDrawDebugTextOverlays
EntityListeners	field	ElysiumNpcKernelEntityChain.inl	-	-	-	FElysiumNpc	stay:troika	-	port-only; no base member reaches it
EntityOfEdict	method	ElysiumNpcKernelEntityChain.inl	ElysiumNpcKernelEntityChain.cpp	-	-	FElysiumNpc	stay:troika	-	port-only; no base member reaches it
EntityUnselectable	method	ElysiumNpcKernelAnim10.inl	ElysiumNpcKernelAnim10.cpp	-	-	FElysiumNpc	stay:troika	-	port-only; no base member reaches it
EntityWord0x200	method	ElysiumNpcKernelTroikaHelpers.inl	ElysiumNpcKernelTroikaHelpers.cpp	-	-	FElysiumNpc	stay:troika	-	port-only; no base member reaches it
EvalNewscasterDependency	method	ElysiumNpcKernelSpeciesMisc10.inl	ElysiumNpcKernelSpeciesMisc10.cpp	1000134d	-	FElysiumNpc	stay:troika	-	port-only; no base member reaches it
Event_KilledSpecies	method	ElysiumNpcKernelDamage.inl	ElysiumNpcKernelDamage2.cpp	-	-	FElysiumNpc	stay:troika	-	port-only; no base member reaches it
Event_TookLifeSpecies	method	ElysiumNpcKernelDamage.inl	ElysiumNpcKernelDamage2.cpp	-	-	FElysiumNpc	stay:troika	-	port-only; no base member reaches it
ExpressionBlendWeight	field	ElysiumNpcKernelTroikaHelpers.inl	-	-	-	FElysiumNpc	stay:troika	-	port-only; no base member reaches it
ExpressionEventNameChars	field	ElysiumNpcKernelMisc.inl	-	-	-	FElysiumNpc	stay:troika	-	port-only; no base member reaches it
ExtendedBlockedByFriendTimer	field	ElysiumNpc.h	-	-	base	FElysiumNpcBase	base	5d	anchor
ExtraAnimationModels	field	ElysiumNpcKernelAnim.inl	-	-	-	FElysiumNpc	stay:troika	-	port-only; no base member reaches it
EyeAngle	field	ElysiumNpcKernelEntityChain.inl	-	-	-	FElysiumNpc	stay:troika	-	port-only; no base member reaches it
EyePosition	method	ElysiumNpcKernelGeometry.inl	ElysiumNpcKernelGeometry.cpp	100b4b40	base	FElysiumNpcBase	base	5e	anchor
EyeToEyeBlocker	method	ElysiumNpcKernelDebug10.inl	ElysiumNpcKernelDebug10_2.cpp	101d3190	-	FElysiumNpc	stay:troika	-	port-only; no base member reaches it
FActivityChangeNotice	type	ElysiumNpcKernelAnim10.inl	-	-	-	FElysiumNpcBase	base	5d	reached by base SetActivityAndSequence
FAiExtendedSaveHeader	type	ElysiumNpcKernelSaveRestore10.inl	-	-	-	FElysiumNpcBase	base	5d	reached by base BaseSave
FAnimOverlayLayer	type	ElysiumNpcKernelAnim.inl	-	-	-	FElysiumNpcBase	base	5d	reached by base SetOverlayLayer
FBestEnemyState	type	ElysiumNpcKernelSenses10.inl	-	-	-	FElysiumNpc	stay:troika	-	port-only; no base member reaches it
FBlacklistedEntity	type	ElysiumNpcKernelBosses.inl	-	-	-	FElysiumNpc	stay:troika	-	port-only; no base member reaches it
FBulletTracerCall	type	ElysiumNpcKernelSounds10.inl	-	-	-	FElysiumNpc	stay:troika	-	port-only; no base member reaches it
FBurnHitboxCall	type	ElysiumNpcKernelSpeciesMisc10.inl	-	-	-	FElysiumNpc	stay:troika	-	port-only; no base member reaches it
FCanCheckAttacksBase	method	ElysiumNpcKernelConditions.inl	ElysiumNpcKernelConditions.cpp	10270840	base	FElysiumNpcBase	base	5e	anchor
FCineSpawnState	type	ElysiumNpcKernelLifecycle.inl	-	-	-	FElysiumNpc	stay:troika	-	port-only; no base member reaches it
FCineUnhideRecord	type	ElysiumNpcKernelLifecycle.inl	-	-	-	FElysiumNpc	stay:troika	-	port-only; no base member reaches it
FClosureRefusals	type	ElysiumNpcKernelClosure.inl	-	-	-	FElysiumNpc	stay:troika	-	port-only; no base member reaches it
FComponentFactory	type	ElysiumNpcKernelMisc.inl	-	-	-	FElysiumNpc	stay:troika	-	port-only; no base member reaches it
FControllerAiEvent	type	ElysiumNpcKernelDamage.inl	-	-	-	FElysiumNpc	stay:troika	-	port-only; no base member reaches it
FCreateEntityCall	type	ElysiumNpcKernelDamage.inl	-	-	-	FElysiumNpc	stay:troika	-	port-only; no base member reaches it
FDebugLine	type	ElysiumNpcKernelDebug.inl	-	-	-	FElysiumNpc	stay:troika	-	port-only; no base member reaches it
FDialogNodeResponse	type	ElysiumNpcKernelDialogue.inl	-	-	-	FElysiumNpc	stay:troika	-	port-only; no base member reaches it
FDialogPcLine	type	ElysiumNpcKernelEntityChain.inl	-	-	-	FElysiumNpc	stay:troika	-	port-only; no base member reaches it
FDialogPedWaypoint	type	ElysiumNpcKernelDialogue.inl	-	-	-	FElysiumNpc	stay:troika	-	port-only; no base member reaches it
FDialogResponsePage	type	ElysiumNpcKernelDialogue.inl	-	-	-	FElysiumNpc	stay:troika	-	port-only; no base member reaches it
FDoorBlockWrite	type	ElysiumNpcKernelMotor10.inl	-	-	-	FElysiumNpc	stay:troika	-	port-only; no base member reaches it
FElysiumFireBulletsInfo	type	ElysiumNpcKernelSounds10.inl	-	-	-	FElysiumNpc	stay:troika	-	port-only; no base member reaches it
FElysiumMeleeDiceRollResult	type	ElysiumNpcKernelDamage.inl	-	-	-	FElysiumNpc	stay:troika	-	port-only; no base member reaches it
FElysiumNpc	method	ElysiumNpc.h	-	-	-	FElysiumNpcBase	base	5e	reached by base BasePreSelectIdealState
FElysiumTakeDamageInfo	type	ElysiumNpcKernelDamage.inl	-	-	-	FElysiumNpc	stay:troika	-	port-only; no base member reaches it
FElysiumTraceHit	type	ElysiumNpcKernelDamage.inl	-	-	-	FElysiumNpc	stay:troika	-	port-only; no base member reaches it
FEmitterCall	type	ElysiumNpcKernelDamage.inl	-	-	-	FElysiumNpc	stay:troika	-	port-only; no base member reaches it
FEnemySightCandidates	type	ElysiumNpcKernelPositions.inl	-	-	-	FElysiumNpc	stay:troika	-	port-only; no base member reaches it
FEntityListenerVector	type	ElysiumNpcKernelEntityChain.inl	-	-	-	FElysiumNpc	stay:troika	-	port-only; no base member reaches it
FExtraAnimationModelRequest	type	ElysiumNpcKernelAnim.inl	-	-	-	FElysiumNpc	stay:troika	-	port-only; no base member reaches it
FFaceAnimPick	type	ElysiumNpcKernelBaseHelpers.inl	-	-	-	FElysiumNpc	stay:troika	-	port-only; no base member reaches it
FFacingQueueEntry	type	ElysiumNpcKernelTroikaHelpers.inl	-	-	-	FElysiumNpcBase	base	5d	reached by base FUN_102e2180
FFacingTargetRequest	type	ElysiumNpcKernelFacing.inl	-	-	-	FElysiumNpcBase	base	5d	the type of a base field (TroikaMotor / FacingTargetRequests)
FFakeHullSeamLedger	type	ElysiumNpcKernelGeometry.inl	-	-	-	FElysiumNpc	stay:troika	-	port-only; no base member reaches it
FFireBulletsInfo	type	ElysiumNpcKernelAnim10.inl	-	-	-	FElysiumNpc	stay:troika	-	port-only; no base member reaches it
FFireBulletsTrace	type	ElysiumNpcKernelSounds10.inl	-	-	-	FElysiumNpc	stay:troika	-	port-only; no base member reaches it
FFlapActivity	type	ElysiumNpcKernelBosses.inl	-	-	-	FElysiumNpc	stay:troika	-	port-only; no base member reaches it
FFlinchRecord	type	ElysiumNpcKernelAnim.inl	-	-	-	FElysiumNpc	stay:troika	-	port-only; no base member reaches it
FGargoylePillarHit	type	ElysiumNpcKernelSpeciesLifecycle10.inl	-	-	-	FElysiumNpc	stay:troika	-	port-only; no base member reaches it
FHasPathQuery	type	ElysiumNpcKernelSpeciesMisc10.inl	-	-	-	FElysiumNpc	stay:troika	-	port-only; no base member reaches it
FHideAndUnsolidifyCall	type	ElysiumNpcKernelDamage.inl	-	-	-	FElysiumNpc	stay:troika	-	port-only; no base member reaches it
FHintRestoreResult	type	ElysiumNpcKernelHints.inl	-	-	-	FElysiumNpcBase	base	5d	reached by base HintOnRestore
FHintWords	type	ElysiumNpcKernelBaseHelpers.inl	-	-	-	FElysiumNpcBase	base	5d	reached by base IsHintUnusable
FJumpTunableSpecies	type	ElysiumNpcKernelMotor.inl	-	-	-	FElysiumNpc	stay:troika	-	port-only; no base member reaches it
FKernelHullTrace	type	ElysiumNpcKernelMotor.inl	-	-	-	FElysiumNpcBase	base	5d	reached by base InnateWeaponLosTrace
FKernelIdSpace	type	ElysiumNpcKernelDebug.inl	-	-	-	FElysiumNpc	stay:troika	-	port-only; no base member reaches it
FLocalMoveGoal	type	ElysiumNpcKernelMotor10.inl	-	-	-	FElysiumNpcBase	base	5d	reached by base MoveGroundExecute
FManBatStationaryWatch	type	ElysiumNpcKernelBosses.inl	-	-	-	FElysiumNpc	stay:troika	-	port-only; no base member reaches it
FMatchOriginAnglesCall	type	ElysiumNpcKernelSpeciesMisc10.inl	-	-	-	FElysiumNpc	stay:troika	-	port-only; no base member reaches it
FMingXiaoPlayback	type	ElysiumNpcKernelFacing.inl	-	-	-	FElysiumNpc	stay:troika	-	port-only; no base member reaches it
FMotionTrailPick	type	ElysiumNpcKernelFacing.inl	-	-	-	FElysiumNpc	stay:troika	-	port-only; no base member reaches it
FMotor10SeamLedger	type	ElysiumNpcKernelMotor10.inl	-	-	-	FElysiumNpcBase	base	5d	the type of a base field
FMotorMoveTrace	type	ElysiumNpcKernelMotor10.inl	-	-	-	FElysiumNpcBase	base	5d	reached by base MotorMoveGroundStep
FMotorSeamLedger	type	ElysiumNpcKernelMotor.inl	-	-	-	FElysiumNpcBase	base	5d	the type of a base field
FMoveAndShootOverlay	type	ElysiumNpcKernelSenses10.inl	-	-	-	FElysiumNpcBase	base	5d	the type of a base field
FMoveRebound	type	ElysiumNpcKernelEntityChain.inl	-	-	-	FElysiumNpc	stay:troika	-	port-only; no base member reaches it
FNamedWavEmit	type	ElysiumNpcKernelSpeciesMisc10.inl	-	-	-	FElysiumNpc	stay:troika	-	port-only; no base member reaches it
FNavMoveInfo	type	ElysiumNpcKernelMotor10.inl	-	-	-	FElysiumNpcBase	base	5d	reached by base NavigatorMoveNormal
FNavPathSample	type	ElysiumNpcKernelTroikaHelpers.inl	-	-	-	FElysiumNpcBase	base	5d	reached by base FUN_102eee40
FNavigator	type	ElysiumNpcKernelMotor.inl	-	-	-	FElysiumNpcBase	base	5d	the type of a base field
FNearMissReaction	type	ElysiumNpcKernelAnim10.inl	-	-	-	FElysiumNpc	stay:troika	-	port-only; no base member reaches it
FNetworkChangeState	type	ElysiumNpcKernelEntityChain.inl	-	-	-	FElysiumNpc	stay:troika	-	port-only; no base member reaches it
FNewscasterStory	type	ElysiumNpcKernelSpecies.inl	-	-	-	FElysiumNpc	stay:troika	-	port-only; no base member reaches it
FPhysicsTraceEntityCall	type	ElysiumNpcKernelBosses.inl	-	-	-	FElysiumNpc	stay:troika	-	port-only; no base member reaches it
FPickupSpecies	type	ElysiumNpcKernelBosses.inl	-	-	-	FElysiumNpc	stay:troika	-	port-only; no base member reaches it
FPoseParameterWrite	type	ElysiumNpcKernelFacing.inl	-	-	-	FElysiumNpc	stay:troika	-	port-only; no base member reaches it
FPrecacheOp	type	ElysiumNpcKernelPrecache10.inl	-	-	-	FElysiumNpc	stay:troika	-	port-only; no base member reaches it
FPrecacheRequest	type	ElysiumNpcKernelLifecycle.inl	-	-	-	FElysiumNpc	stay:troika	-	port-only; no base member reaches it
FPushEntityCall	type	ElysiumNpcKernelSpeciesMisc10.inl	-	-	-	FElysiumNpc	stay:troika	-	port-only; no base member reaches it
FRangedDamagePerVictimCall	type	ElysiumNpcKernelSounds10.inl	-	-	-	FElysiumNpc	stay:troika	-	port-only; no base member reaches it
FRetailYawConVar	type	ElysiumNpcKernelMotor.inl	-	-	-	FElysiumNpc	stay:troika	-	port-only; no base member reaches it
FSaveArchiveOp	type	ElysiumNpcKernelSaveRestore10.inl	-	-	-	FElysiumNpcBase	base	5d	reached by base SaveWriteFields
FSceneEventRecord	type	ElysiumNpcKernelAnim.inl	-	-	-	FElysiumNpcBase	base	5d	reached by base AddSceneEventBase
FScheduleHintSearchRequest	type	ElysiumNpcKernelSchedule.inl	-	-	-	FElysiumNpc	stay:troika	-	port-only; no base member reaches it
FScheduleIdSpace	type	ElysiumNpcKernelSchedule.inl	-	-	-	FElysiumNpc	stay:troika	-	port-only; no base member reaches it
FScheduleLoadFlag	type	ElysiumNpcKernelSchedule.inl	-	-	-	FElysiumNpc	stay:troika	-	port-only; no base member reaches it
FScreenShakeCall	type	ElysiumNpcKernelSpeciesMisc10.inl	-	-	-	FElysiumNpc	stay:troika	-	port-only; no base member reaches it
FScriptedExpressionRequest	type	ElysiumNpcKernelAnim.inl	-	-	-	FElysiumNpc	stay:troika	-	port-only; no base member reaches it
FSlowEntityCall	type	ElysiumNpcKernelSpeciesMisc10.inl	-	-	-	FElysiumNpc	stay:troika	-	port-only; no base member reaches it
FSpawnBloodCall	type	ElysiumNpcKernelDamage.inl	-	-	-	FElysiumNpc	stay:troika	-	port-only; no base member reaches it
FSpeciesBlacklistEntry	type	ElysiumNpcKernelConditions10.inl	-	-	-	FElysiumNpc	stay:troika	-	port-only; no base member reaches it
FSpeciesSlotRow	type	ElysiumNpcKernelSpecies.inl	-	-	-	FElysiumNpc	stay:troika	-	port-only; no base member reaches it
FSquadSlotSpecies	type	ElysiumNpcKernelSquad.inl	-	-	-	FElysiumNpc	stay:troika	-	port-only; no base member reaches it
FStandingOnHeadStep	type	ElysiumNpcKernelGeometry.inl	-	-	-	FElysiumNpc	stay:troika	-	port-only; no base member reaches it
FStandoffAimWords	type	ElysiumNpcKernelMisc.inl	-	-	-	FElysiumNpc	stay:troika	-	port-only; no base member reaches it
FStandoffConditions	type	ElysiumNpcKernelLifecycle.inl	-	-	-	FElysiumNpc	stay:troika	-	port-only; no base member reaches it
FStandoffGoalWords	type	ElysiumNpcKernelMotor10.inl	-	-	-	FElysiumNpc	stay:troika	-	port-only; no base member reaches it
FStandoffWords	type	ElysiumNpcKernelLifecycle.inl	-	-	-	FElysiumNpc	stay:troika	-	port-only; no base member reaches it
FTeleportEmitterPlacement	type	ElysiumNpcKernelBosses.inl	-	-	-	FElysiumNpc	stay:troika	-	port-only; no base member reaches it
FTeleportNodePick	type	ElysiumNpcKernelPositions.inl	-	-	-	FElysiumNpc	stay:troika	-	port-only; no base member reaches it
FTookLifeSpecies	type	ElysiumNpcKernelDamage.inl	-	-	-	FElysiumNpc	stay:troika	-	port-only; no base member reaches it
FTraceBleedPass	type	ElysiumNpcKernelDamage.inl	-	-	-	FElysiumNpc	stay:troika	-	port-only; no base member reaches it
FTroikaMotorSeams	type	ElysiumNpcKernelTroikaHelpers.inl	-	-	-	FElysiumNpcBase	base	5d	the type of a base field (TroikaMotor / FacingTargetRequests)
FTurnActivityPick	type	ElysiumNpcKernelFacing.inl	-	-	-	FElysiumNpcBase	base	5d	reached by base TurnActivityBaseLadder
FTypedStatWrite	type	ElysiumNpcKernelCombat10.inl	-	-	-	FElysiumNpc	stay:troika	-	port-only; no base member reaches it
FUN_10178120	method	ElysiumNpcKernelEntityChain.inl	ElysiumNpcKernelEntityChain.cpp	10178120	-	FElysiumNpc	stay:troika	-	port-only; no base member reaches it
FUN_1027e0f0	method	ElysiumNpcKernelBaseHelpers.inl	ElysiumNpcKernelBaseHelpers.cpp	1027e0f0,10290570	mixed	FElysiumNpcBase	collapse:Slot532	5e	a second port body of 0x1027e0f0 (BaseSlot532 is the one Slot532 calls); its test moves to the base's Slot532
FUN_1028ebc0	method	ElysiumNpcKernelBaseHelpers.inl	ElysiumNpcKernelBaseHelpers.cpp	1028ebc0,103268e0	troika	FElysiumNpc	stay:troika body	-	
FUN_10295ed0	method	ElysiumNpcKernelBaseHelpers.inl	ElysiumNpcKernelBaseHelpers.cpp	10295ed0,102968f0	troika	FElysiumNpc	stay:troika body	-	
FUN_102961a0	method	ElysiumNpcKernelBaseHelpers.inl	ElysiumNpcKernelBaseHelpers.cpp	102961a0	troika	FElysiumNpc	stay:troika body	-	
FUN_10296c40	method	ElysiumNpcKernelBaseHelpers.inl	ElysiumNpcKernelBaseHelpers.cpp	10296c40	troika	FElysiumNpc	stay:troika body	-	
FUN_10297a20	method	ElysiumNpcKernelBaseHelpers.inl	ElysiumNpcKernelBaseHelpers.cpp	10297a20	troika	FElysiumNpc	stay:troika body	-	
FUN_1029f610	method	ElysiumNpcKernelBaseHelpers.inl	ElysiumNpcKernelBaseHelpers.cpp	1029f610,10307ac0	troika	FElysiumNpc	stay:troika body	-	
FUN_1029f650	method	ElysiumNpcKernelBaseHelpers.inl	ElysiumNpcKernelBaseHelpers.cpp	1029f650,1029f6c0	troika	FElysiumNpc	stay:troika body	-	
FUN_1029f730	method	ElysiumNpcKernelBaseHelpers.inl	ElysiumNpcKernelBaseHelpers.cpp	1029f6c0,1029f730	troika	FElysiumNpc	stay:troika body	-	
FUN_102aa9e0	method	ElysiumNpcKernelTroikaHelpers.inl	ElysiumNpcKernelTroikaHelpers2.cpp	102aa9e0	troika	FElysiumNpc	stay:troika body	-	
FUN_102c4380	method	ElysiumNpcKernelTroikaHelpers.inl	ElysiumNpcKernelTroikaHelpers2.cpp	102c4380	troika	FElysiumNpc	stay:troika body	-	
FUN_102c43b0	method	ElysiumNpcKernelTroikaHelpers.inl	ElysiumNpcKernelTroikaHelpers2.cpp	102c43b0	troika	FElysiumNpc	stay:troika body	-	
FUN_102c43f0	method	ElysiumNpcKernelTroikaHelpers.inl	ElysiumNpcKernelTroikaHelpers2.cpp	102c43f0	troika	FElysiumNpc	stay:troika body	-	
FUN_102e0ea0	method	ElysiumNpcKernelTroikaHelpers.inl	ElysiumNpcKernelTroikaHelpers2.cpp	102e0ea0	base	FElysiumNpcBase	base	5e	anchor
FUN_102e0f90	method	ElysiumNpcKernelTroikaHelpers.inl	ElysiumNpcKernelTroikaHelpers2.cpp	102e0f90	base	FElysiumNpcBase	base	5e	anchor
FUN_102e1180	method	ElysiumNpcKernelTroikaHelpers.inl	ElysiumNpcKernelTroikaHelpers2.cpp	102e1180	base	FElysiumNpcBase	base	5e	anchor
FUN_102e1270	method	ElysiumNpcKernelTroikaHelpers.inl	ElysiumNpcKernelTroikaHelpers2.cpp	102e1270	base	FElysiumNpcBase	base	5e	anchor
FUN_102e19e0	method	ElysiumNpcKernelTroikaHelpers.inl	ElysiumNpcKernelTroikaHelpers2.cpp	102e19e0	base	FElysiumNpcBase	base	5e	anchor
FUN_102e2180	method	ElysiumNpcKernelTroikaHelpers.inl	ElysiumNpcKernelTroikaHelpers2.cpp	102e2180	base	FElysiumNpcBase	base	5e	anchor
FUN_102e2580	method	ElysiumNpcKernelTroikaHelpers.inl	ElysiumNpcKernelTroikaHelpers2.cpp	102e2580	base	FElysiumNpcBase	base	5e	anchor
FUN_102eea70	method	ElysiumNpcKernelTroikaHelpers.inl	ElysiumNpcKernelTroikaHelpers2.cpp	102eea70	base	FElysiumNpcBase	base	5e	anchor
FUN_102eeac0	method	ElysiumNpcKernelTroikaHelpers.inl	ElysiumNpcKernelTroikaHelpers2.cpp	102eeac0	base	FElysiumNpcBase	base	5e	anchor
FUN_102eee40	method	ElysiumNpcKernelTroikaHelpers.inl	ElysiumNpcKernelTroikaHelpers2.cpp	102eee40	base	FElysiumNpcBase	base	5e	anchor
FUN_10376b70	method	ElysiumNpcKernelSpecies.inl	ElysiumNpcKernelSpecies.cpp	-	-	FElysiumNpc	stay:troika	-	port-only; no base member reaches it
FUN_10376ba0	method	ElysiumNpcKernelSpecies.inl	ElysiumNpcKernelSpecies.cpp	-	-	FElysiumNpc	stay:troika	-	port-only; no base member reaches it
FUN_103e0980	method	ElysiumNpcKernelSpecies.inl	ElysiumNpcKernelSpecies2.cpp	-	-	FElysiumNpc	stay:troika	-	port-only; no base member reaches it
FUnreachableEntity	type	ElysiumNpcKernelPositions.inl	-	-	-	FElysiumNpcBase	base	5d	reached by base RememberUnreachable
FVPhysicsShadowBuild	type	ElysiumNpcKernelSenses10.inl	-	-	-	FElysiumNpcBase	base	5d	the type of a base field
FVSoundSpeak	type	ElysiumNpcKernelSounds10.inl	-	-	-	FElysiumNpc	stay:troika	-	port-only; no base member reaches it
FValidateHintTypeArm	method	ElysiumNpcKernelHints10.inl	ElysiumNpcKernelHints10.cpp	10295d80	troika	FElysiumNpc	stay:troika body	-	
FValidateHintTypeNode	method	ElysiumNpcKernelHints10.inl	ElysiumNpcKernelHints10.cpp	-	-	FElysiumNpc	stay:troika	-	port-only; no base member reaches it
FVisibleBlockerWrites	field	ElysiumNpcKernelSenses10.inl	-	-	-	FElysiumNpc	stay:troika	-	port-only; no base member reaches it
FVocalization	type	ElysiumNpcKernelSounds.inl	-	-	-	FElysiumNpc	stay:troika	-	port-only; no base member reaches it
FWeaponActivityRequest	type	ElysiumNpcKernelAnim10.inl	-	-	-	FElysiumNpcBase	base	5d	reached by base WeaponSetActivity
FWeaponAmmoReroll	type	ElysiumNpcKernelCombat10.inl	-	-	-	FElysiumNpcBase	base	5d	reached by base RerollDroppedWeaponAmmo
FWerewolfHintGroundpoint	type	ElysiumNpcKernelHints.inl	-	-	-	FElysiumNpc	stay:troika	-	port-only; no base member reaches it
FYawClearanceSweep	type	ElysiumNpcKernelCombat10.inl	-	-	-	FElysiumNpc	stay:troika	-	port-only; no base member reaches it
FaceAnim	field	ElysiumNpc.h	-	-	troika	FElysiumNpc	stay:troika word	-	
FaceAnimLadder	method	ElysiumNpcKernelBaseHelpers.inl	ElysiumNpcKernelBaseHelpers.cpp	10297a20	troika	FElysiumNpc	stay:troika body	-	
FaceEnemy	method	ElysiumNpc.h	ElysiumNpc.cpp	-	-	FElysiumNpc	stay:troika	-	port-only; no base member reaches it
FaceSavePosition	method	ElysiumNpc.h	ElysiumNpc.cpp	-	-	FElysiumNpc	stay:troika	-	port-only; no base member reaches it
FaceYawDiff	field	ElysiumNpc.h	-	-	troika	FElysiumNpc	stay:troika word	-	
FacingIdeal	method	ElysiumNpcKernelFacing.inl	ElysiumNpcKernelFacing.cpp	10278c80	base	FElysiumNpcBase	base	5e	anchor
FacingTargetRequests	field	ElysiumNpcKernelFacing.inl	-	-	-	FElysiumNpcBase	base	5d	reached by base MotorAddFacingTarget
FacingTargetsEnabled	method	ElysiumNpcKernelFacing.inl	ElysiumNpcKernelFacing.cpp	10924f74	-	FElysiumNpc	stay:troika	-	port-only; no base member reaches it
FailedSpotIndices	field	ElysiumNpc.h	-	-	-	FElysiumNpc	stay:troika	-	port-only; no base member reaches it
FaithPointsMaximum	method	ElysiumNpcKernelCombat10.inl	ElysiumNpcKernelCombat10.cpp	10200370	-	FElysiumNpc	stay:troika	-	port-only; no base member reaches it
FakeReloadCount	field	ElysiumNpc.h	-	-	troika	FElysiumNpc	stay:troika word	-	
FarSightDistLookUnits	field	ElysiumNpcKernelLifecycle19.inl	-	-	-	FElysiumNpcBase	base	5d	reached by base BaseNPCInit
FarSightDistTooFar	field	ElysiumNpcKernelLifecycle19.inl	-	-	-	FElysiumNpcBase	base	5d	reached by base BaseNPCInit
FieldOfViewDot	field	ElysiumNpcKernelLifecycle19.inl	-	-	-	FElysiumNpc	stay:troika	-	port-only; no base member reaches it
Field_0x01fc	field	ElysiumNpcKernelTroikaHelpers.inl	-	-	-	FElysiumNpcBase	base	5d	reached by base StandoffVfunc5
Field_0x19e4	field	ElysiumNpcKernelEntityChain.inl	-	-	-	FElysiumNpc	stay:troika	-	port-only; no base member reaches it
Field_0x1d24	field	ElysiumNpcKernelEntityChain.inl	-	-	-	FElysiumNpc	stay:troika	-	port-only; no base member reaches it
Field_0x1ddc	field	ElysiumNpcKernelLifecycle.inl	-	-	-	FElysiumNpcBase	base	5d	reached by base ScaleField_0x1ddc
Field_0x2830	field	ElysiumNpcKernelLifecycle.inl	-	-	-	FElysiumNpc	stay:troika	-	port-only; no base member reaches it
FindCoverFromEnemy	method	ElysiumNpc.h	ElysiumNpc.cpp	10283558	base	FElysiumNpc	stay:transitional	-	base 0x10283558 submits tolerance -1 (keep the navigator's installed tolerance); the port reads Troika m_flGoalTolerance +0x6320 in its place; a navigator seam first
FindCrosswalkPathNode	method	ElysiumNpcKernelDialogue.inl	ElysiumNpcKernelDialogue.cpp	102f96e0	-	FElysiumNpc	stay:troika	-	port-only; no base member reaches it
FindGestureLayerByOwner	method	ElysiumNpcKernelAnim.inl	ElysiumNpcKernelAnim.cpp	100994c0	base	FElysiumNpcBase	base	5e	anchor
FindHintByName	method	ElysiumNpcKernelHints.inl	ElysiumNpcKernelHints.cpp	100f7770	-	FElysiumNpc	stay:troika	-	port-only; no base member reaches it
FindHintNear	method	ElysiumNpcKernelHints.inl	ElysiumNpcKernelHints.cpp	102d1af0	base	FElysiumNpcBase	base	5e	anchor
FindHintNode	method	ElysiumNpcKernelHints.inl	ElysiumNpcKernelHints.cpp	-	-	FElysiumNpc	stay:troika	-	port-only; no base member reaches it
FindHintOfTypeNear	method	ElysiumNpcKernelHints.inl	ElysiumNpcKernelHints.cpp	102d24b0	base	FElysiumNpcBase	base	5e	anchor
FindInterestingPlaceHoldingMe	method	ElysiumNpcKernelLifecycle19.inl	ElysiumNpcKernelLifecycle19.cpp	102db5e0	-	FElysiumNpc	stay:troika	-	port-only; no base member reaches it
FindKickPhysicsProp	method	ElysiumNpcKernelSchedule.inl	ElysiumNpcKernelSchedule.cpp	102b6650	troika	FElysiumNpc	stay:troika body	-	
FindOrCreateSquad	method	ElysiumNpcKernelSquad.inl	ElysiumNpcKernelSquad.cpp	10315800	-	FElysiumNpc	stay:troika	-	port-only; no base member reaches it
FindPatrolPoint	method	ElysiumNpc.h	ElysiumNpc.cpp	102d2840	base	FElysiumNpcBase	base	5e	anchor
FindShootAtHintNode	method	ElysiumNpcKernelTroikaHelpers.inl	ElysiumNpcKernelTroikaHelpers.cpp	102b6b50	troika	FElysiumNpc	stay:troika body	-	
FindTacticalHintNode	method	ElysiumNpcKernelTroikaHelpers.inl	ElysiumNpcKernelTroikaHelpers2.cpp	102b7110	troika	FElysiumNpc	stay:troika body	-	
FindTransitionSequence	method	ElysiumNpcKernelAnim10.inl	ElysiumNpcKernelAnim10.cpp	-	-	FElysiumNpcBase	base	5e	reached by base AdvanceToIdealActivity
FinishAmbientUse	method	ElysiumNpc.h	ElysiumNpc.cpp	-	-	FElysiumNpc	stay:troika	-	port-only; no base member reaches it
FinishTalking	method	ElysiumNpcKernelSocial10.inl	ElysiumNpcKernelSocial10.cpp	102c0ca0,102c0d0c	troika	FElysiumNpc	stay:troika body	-	
FinishingMoveBoneTrackLastPos	field	ElysiumNpc.h	-	-	troika	FElysiumNpc	stay:troika word	-	
FinishingMoveBoneTrackLastTime	field	ElysiumNpc.h	-	-	troika	FElysiumNpc	stay:troika word	-	
FireBulletsFilterWord	field	ElysiumNpcKernelSounds10.inl	-	-	-	FElysiumNpc	stay:troika	-	port-only; no base member reaches it
FireBulletsShooterIsNpc	method	ElysiumNpcKernelSounds10.inl	ElysiumNpcKernelSounds10.cpp	10268900	base	FElysiumNpcBase	base	5e	anchor
FireBulletsShooterIsPlayer	method	ElysiumNpcKernelSounds10.inl	ElysiumNpcKernelSounds10.cpp	-	-	FElysiumNpcBase	base	5e	reached by base BulletSpreadOffset
FireBulletsTracePass	method	ElysiumNpcKernelSounds10.inl	ElysiumNpcKernelSounds10.cpp	-	-	FElysiumNpc	stay:troika	-	port-only; no base member reaches it
FireBulletsTraces	field	ElysiumNpcKernelSounds10.inl	-	-	-	FElysiumNpc	stay:troika	-	port-only; no base member reaches it
FireGlobalActsOutput	method	ElysiumNpcKernelEntityChain.inl	ElysiumNpcKernelEntityChain.cpp	-	-	FElysiumNpc	stay:troika	-	port-only; no base member reaches it
FirstGestureLayerOrRefusal	method	ElysiumNpcKernelEntityChain.inl	ElysiumNpcKernelEntityChain.cpp	10098a40	base	FElysiumNpcBase	base	5e	anchor
FirstRefusedComponentSlot	field	ElysiumNpcKernelMisc.inl	-	-	-	FElysiumNpc	stay:troika	-	port-only; no base member reaches it
FixScriptNPCSchedule	method	ElysiumNpcKernelSchedule.inl	ElysiumNpcKernelSchedule.cpp	-	-	FElysiumNpc	stay:troika	-	port-only; no base member reaches it
FixScriptNpcSchedule	method	ElysiumNpcKernelEntityChain.inl	ElysiumNpcKernelEntityChain.cpp	-	-	FElysiumNpc	stay:troika	-	port-only; no base member reaches it
FleshpileAndreiSingleton	method	ElysiumNpcKernelLifecycle19.inl	ElysiumNpcKernelLifecycle19.cpp	-	-	FElysiumNpc	stay:troika	-	port-only; no base member reaches it
FlexControllerName	method	ElysiumNpcKernelAnim.inl	ElysiumNpcKernelAnim.cpp	-	-	FElysiumNpc	stay:troika	-	port-only; no base member reaches it
FlexControllerRange	method	ElysiumNpcKernelAnim.inl	ElysiumNpcKernelAnim.cpp	100b5ba0	base	FElysiumNpcBase	base	5e	anchor
FlexWeight	field	ElysiumNpcKernelAnim.inl	-	-	-	FElysiumNpc	stay:troika	-	port-only; no base member reaches it
Flinch	field	ElysiumNpcKernelAnim.inl	-	-	-	FElysiumNpc	stay:troika	-	port-only; no base member reaches it
FloatSoundAttenuation	method	ElysiumNpcKernelSounds10.inl	ElysiumNpcKernelSounds10.cpp	10294f9f	troika	FElysiumNpc	stay:troika body	-	
FloatSoundFrequency	field	ElysiumNpcKernelSounds.inl	-	-	-	FElysiumCombatCharacter	chain:FElysiumCombatCharacter	5d	CBaseCombatCharacter +0x10e8/+0x10ec (field-decisions.tsv, step 5): the base's float-sound body reads them without Troika storage
FloatSoundMinDelaySeconds	method	ElysiumNpcKernelSounds10.inl	ElysiumNpcKernelSounds10.cpp	1029502c	troika	FElysiumNpc	stay:troika body	-	
FloorDropPerformed	field	ElysiumNpcKernelLifecycle19.inl	-	-	-	FElysiumNpcBase	base	5d	reached by base BaseStartNPC
FloorDropSkipped	field	ElysiumNpcKernelLifecycle19.inl	-	-	-	FElysiumNpcBase	base	5d	reached by base BaseStartNPC
FloorDropWarnings	field	ElysiumNpcKernelLifecycle19.inl	-	-	-	FElysiumNpcBase	base	5d	reached by base BaseStartNPC
FollowerBoss	field	ElysiumNpc.h	-	-	troika	FElysiumNpc	stay:troika word	-	
FollowerBossName	field	ElysiumNpc.h	-	-	troika	FElysiumNpc	stay:troika word	-	
FollowerBossOnStartCalls	field	ElysiumNpcKernelLifecycle19.inl	-	-	-	FElysiumNpc	stay:troika	-	port-only; no base member reaches it
FollowerDistanceBackAway	field	ElysiumNpc.h	-	-	troika	FElysiumNpc	stay:troika word	-	
FollowerDistanceRunTo	field	ElysiumNpc.h	-	-	troika	FElysiumNpc	stay:troika word	-	
FollowerDistanceWalkTo	field	ElysiumNpc.h	-	-	troika	FElysiumNpc	stay:troika word	-	
FollowerType	field	ElysiumNpc.h	-	-	troika	FElysiumNpc	stay:troika word	-	
FootstepTemplate	field	ElysiumNpc.h	-	-	-	FElysiumNpc	stay:troika	-	port-only; no base member reaches it
ForceBone	field	ElysiumNpcKernelDamage.inl	-	-	-	FElysiumNpc	stay:troika	-	port-only; no base member reaches it
ForceScheduleChange	method	ElysiumNpcKernelMaintain19.inl	ElysiumNpcKernelMaintain19.cpp	102ae490	troika	FElysiumNpc	stay:troika body	-	
ForcedNpcState	method	ElysiumNpcKernelCombat10.inl	ElysiumNpcKernelCombat10.cpp	102ae840	troika	FElysiumNpc	stay:troika body	-	
FormBit	method	ElysiumNpcKernelMisc.inl	ElysiumNpcKernelMisc.cpp	-	-	FElysiumNpc	stay:troika	-	port-only; no base member reaches it
FormBitCalls	field	ElysiumNpcKernelBosses.inl	-	-	-	FElysiumNpc	stay:troika	-	port-only; no base member reaches it
FormatKeyValueFloat	method	ElysiumNpcKernelSounds10.inl	ElysiumNpcKernelSounds10.cpp	1009ebb0	base	FElysiumNpcBase	base	5e	anchor
FormatKeyValueVector	method	ElysiumNpcKernelSounds10.inl	ElysiumNpcKernelSounds10.cpp	1009eca0	base	FElysiumNpcBase	base	5e	anchor
Forward	field	ElysiumNpc.h	-	-	troika	FElysiumNpc	stay:troika word	-	
FreezeForAiStep	method	ElysiumNpcKernelMaintain19.inl	ElysiumNpcKernelMaintain19.cpp	-	-	FElysiumNpc	stay:troika	-	port-only; no base member reaches it
FrenziedTranslateSchedule	method	ElysiumNpcKernelTranslate19.inl	ElysiumNpcKernelTranslate19.cpp	-	-	FElysiumNpc	stay:troika	-	port-only; no base member reaches it
FrenzyShadowBestEnemy	method	ElysiumNpcKernelSenses10.inl	ElysiumNpcKernelSenses10_2.cpp	-	-	FElysiumNpc	stay:troika	-	port-only; no base member reaches it
FrenzyShadowFrenziedFlags	field	ElysiumNpcKernelLifecycle19.inl	-	-	-	FElysiumNpc	stay:troika	-	port-only; no base member reaches it
FrenzyShadowHostileEnemyCount	field	ElysiumNpcKernelSenses10.inl	-	-	-	FElysiumNpc	stay:troika	-	port-only; no base member reaches it
FrenzyShadowHostileRecount	method	ElysiumNpcKernelLifecycle19.inl	ElysiumNpcKernelLifecycle19.cpp	-	-	FElysiumNpc	stay:troika	-	port-only; no base member reaches it
FrenzyShadowNPCInit	method	ElysiumNpcKernelLifecycle19.inl	ElysiumNpcKernelLifecycle19_2.cpp	-	-	FElysiumNpc	stay:troika	-	port-only; no base member reaches it
FrenzyShadowNullWeaponFaults	field	ElysiumNpcKernelLifecycle19.inl	-	-	-	FElysiumNpc	stay:troika	-	port-only; no base member reaches it
FrenzyShadowSpeedScale	field	ElysiumNpcKernelLifecycle19.inl	-	-	-	FElysiumNpc	stay:troika	-	port-only; no base member reaches it
FrenzyShadowTranslateSchedule	method	ElysiumNpcKernelTranslate19.inl	ElysiumNpcKernelTranslate19.cpp	-	-	FElysiumNpc	stay:troika	-	port-only; no base member reaches it
FrenzyShadowWeaponFlagOrs	field	ElysiumNpcKernelLifecycle19.inl	-	-	-	FElysiumNpc	stay:troika	-	port-only; no base member reaches it
FriendPlayer	field	ElysiumNpc.h	-	-	troika	FElysiumNpc	stay:troika word	-	
FullInvestigate	field	ElysiumNpc.h	-	-	troika	FElysiumNpc	stay:troika word	-	
GameRulesAllowAutoTargetCrosshair	method	ElysiumNpcKernelEntityChain.inl	ElysiumNpcKernelEntityChain.cpp	-	-	FElysiumNpc	stay:troika	-	port-only; no base member reaches it
GameRulesAllowsAmmo	method	ElysiumNpcKernelDamage.inl	ElysiumNpcKernelDamage.cpp	-	-	FElysiumNpc	stay:troika	-	port-only; no base member reaches it
GameRulesAllowsAutoAimAt	method	ElysiumNpcKernelEntityChain.inl	ElysiumNpcKernelEntityChain.cpp	-	-	FElysiumNpc	stay:troika	-	port-only; no base member reaches it
GameRulesAutoAimEnabled	method	ElysiumNpcKernelEntityChain.inl	ElysiumNpcKernelEntityChain.cpp	-	-	FElysiumNpc	stay:troika	-	port-only; no base member reaches it
GatherHintNodes	method	ElysiumNpcKernelPositions.inl	ElysiumNpcKernelPositions.cpp	-	-	FElysiumNpc	stay:troika	-	port-only; no base member reaches it
GatherPassNow	field	ElysiumNpcKernelClosure.inl	-	-	-	FElysiumNpc	stay:troika	-	port-only; no base member reaches it
GazeEnemy	method	ElysiumNpc.h	ElysiumNpc.cpp	-	-	FElysiumNpc	stay:troika	-	port-only; no base member reaches it
GazeHeardSound	method	ElysiumNpc.h	ElysiumNpc.cpp	-	-	FElysiumNpc	stay:troika	-	port-only; no base member reaches it
GazeNavigationGoal	method	ElysiumNpc.h	ElysiumNpc.cpp	-	-	FElysiumNpc	stay:troika	-	port-only; no base member reaches it
GazeTargetEntity	method	ElysiumNpc.h	ElysiumNpc.cpp	-	-	FElysiumNpc	stay:troika	-	port-only; no base member reaches it
GetActiveCameraEntity	method	ElysiumNpcKernelDialogue.inl	ElysiumNpcKernelDialogue.cpp	1017cf90	-	FElysiumNpc	stay:troika	-	port-only; no base member reaches it
GetAmbientPhaseForDebug	method	ElysiumNpc.h	-	-	-	FElysiumNpc	stay:troika	-	port-only; no base member reaches it
GetAutoaimVector	method	ElysiumNpcKernelEntityChain.inl	ElysiumNpcKernelEntityChain2.cpp	10176520	-	FElysiumNpc	stay:troika	-	port-only; no base member reaches it
GetControllerNpc	method	ElysiumNpcKernelDialogue.inl	ElysiumNpcKernelDialogue.cpp	10161a70	-	FElysiumNpc	stay:troika	-	port-only; no base member reaches it
GetCurrentAmbientSpotForDebug	method	ElysiumNpc.h	-	-	-	FElysiumNpc	stay:troika	-	port-only; no base member reaches it
GetDebugState	method	ElysiumNpc.h	ElysiumNpc.cpp	-	-	FElysiumNpc	stay:troika	-	port-only; no base member reaches it
GetDialogueBodyOwner	method	ElysiumNpc.h	-	-	-	FElysiumNpc	stay:troika	-	port-only; no base member reaches it
GetEnemyBaseLine	method	ElysiumNpcKernelSenses.inl	ElysiumNpcKernelSenses.cpp	10027020	base	FElysiumNpcBase	base	5e	anchor
GetEnemyEntity	method	ElysiumNpcKernelSpeciesLifecycle10.inl	ElysiumNpcKernelSpeciesLifecycle10.cpp	101a67e0	base	FElysiumNpcBase	base	5e	anchor
GetMind	method	ElysiumNpc.h	-	-	-	FElysiumNpcBase	base	5e	reached by base BaseDrawDebugTextOverlays
GetNavTargetEntity	method	ElysiumNpcKernelBaseHelpers.inl	ElysiumNpcKernelBaseHelpers.cpp	102729d0	base	FElysiumNpcBase	base	5e	anchor
GetPathToEnemy	method	ElysiumNpc.h	ElysiumNpc.cpp	-	-	FElysiumNpc	stay:troika	-	port-only; no base member reaches it
GetPathToScriptedGoal	method	ElysiumNpc.h	ElysiumNpc.cpp	-	-	FElysiumNpc	stay:troika	-	port-only; no base member reaches it
GetScriptCustomMoveActivity	method	ElysiumNpcKernelBaseHelpers.inl	ElysiumNpcKernelBaseHelpers.cpp	10289fe0	base	FElysiumNpcBase	base	5e	anchor
GetShootTarget	method	ElysiumNpcKernelMotor10.inl	ElysiumNpcKernelMotor10.cpp	10278650	base	FElysiumNpcBase	base	5e	anchor
GetTarget	method	ElysiumNpc.h	-	-	-	FElysiumNpcBase	base	5e	reached by base BuildExtendedSaveHeader
GetTemplateDamageFilter	method	ElysiumNpc.h	ElysiumNpc.cpp	-	-	FElysiumNpc	stay:troika	-	port-only; no base member reaches it
GiveNamedFightingItem	method	ElysiumNpcKernelCombat10.inl	ElysiumNpcKernelCombat10.cpp	1021fe50	-	FElysiumNpc	stay:troika	-	port-only; no base member reaches it
GlobalConditionName	method	ElysiumNpcKernelDebug.inl	ElysiumNpcKernelDebug.cpp	102ea020	-	FElysiumNpc	stay:troika	-	port-only; no base member reaches it
GlobalHintList	method	ElysiumNpcKernelHints10.inl	ElysiumNpcKernelHints10.cpp	-	-	FElysiumNpc	stay:troika	-	port-only; no base member reaches it
GlobalSquadSlotName	method	ElysiumNpcKernelSquad.inl	ElysiumNpcKernelSquad.cpp	102ea020	-	FElysiumNpc	stay:troika	-	port-only; no base member reaches it
GlobalTaskName	method	ElysiumNpcKernelDebug.inl	ElysiumNpcKernelDebug.cpp	10316ff0	-	FElysiumNpc	stay:troika	-	port-only; no base member reaches it
GlobalToLocalId	method	ElysiumNpcKernelEntityChain.inl	ElysiumNpcKernelEntityChain.cpp	102ea280	-	FElysiumNpc	stay:troika	-	port-only; no base member reaches it
GoalEntityInputActivate	method	ElysiumNpcKernelMotor10.inl	ElysiumNpcKernelMotor10.cpp	102cd650	base	FElysiumNpcBase	base	5e	anchor
GoalEntityInputDeactivate	method	ElysiumNpcKernelMotor10.inl	ElysiumNpcKernelMotor10.cpp	102cdb70	base	FElysiumNpcBase	base	5e	anchor
GrappleBurnDischarges	field	ElysiumNpc.h	-	-	-	FElysiumNpc	stay:troika	-	port-only; no base member reaches it
GroundSpeedCm	method	ElysiumNpcKernelPositions.inl	ElysiumNpcKernelPositions2.cpp	-	-	FElysiumNpc	stay:troika	-	port-only; no base member reaches it
GrowSceneEventCapacity	method	ElysiumNpcKernelAnim.inl	ElysiumNpcKernelAnim.cpp	100b5e60	base	FElysiumNpcBase	base	5e	anchor
HandleAnimEvent	method	ElysiumNpc.h	ElysiumNpc.cpp	1029b290	troika	FElysiumNpc	stay:troika body	-	
HardThinkDeadline	method	ElysiumNpc.h	ElysiumNpc.cpp	-	-	FElysiumNpc	stay:troika	-	port-only; no base member reaches it
HasDialogSuppressFlag	method	ElysiumNpc.h	-	-	-	FElysiumNpc	stay:troika	-	port-only; no base member reaches it
HasLiveDialogPartner	method	ElysiumNpcKernelAnim.inl	ElysiumNpcKernelAnim.cpp	-	-	FElysiumNpc	stay:troika	-	port-only; no base member reaches it
HasMaintenanceCondition	method	ElysiumNpcKernelMaintain19.inl	ElysiumNpcKernelMaintain19.cpp	-	-	FElysiumNpc	stay:troika	-	port-only; no base member reaches it
HasNoTargetFlag	method	ElysiumNpcKernelSenses10.inl	ElysiumNpcKernelSenses10.cpp	-	-	FElysiumNpc	stay:troika	-	port-only; no base member reaches it
HasNonDefaultVelocity	method	ElysiumNpcKernelLifecycle.inl	ElysiumNpcKernelLifecycle.cpp	10027370	base	FElysiumNpcBase	base	5e	anchor
HasPlayerControllerObject	method	ElysiumNpcKernelDamage.inl	ElysiumNpcKernelDamage.cpp	-	-	FElysiumNpc	stay:troika	-	port-only; no base member reaches it
HasStudioModel	method	ElysiumNpcKernelEntityChain.inl	ElysiumNpcKernelEntityChain.cpp	-	-	FElysiumNpc	stay:troika	-	port-only; no base member reaches it
HasTypedStatList	method	ElysiumNpcKernelCombat10.inl	ElysiumNpcKernelCombat10.cpp	1032fe60	base	FElysiumNpcBase	base	5e	anchor
HeadBonePosition	method	ElysiumNpcKernelEntityChain.inl	ElysiumNpcKernelEntityChain.cpp	-	-	FElysiumNpc	stay:troika	-	port-only; no base member reaches it
HeadProbe	method	ElysiumNpcKernelSenses10.inl	ElysiumNpcKernelSenses10.cpp	1026ab50,1026ab5a	base	FElysiumNpcBase	base	5e	anchor
HeightenedAlertDurationCvar	method	ElysiumNpcKernelEntityChain.inl	ElysiumNpcKernelEntityChain.cpp	-	-	FElysiumNpc	stay:troika	-	port-only; no base member reaches it
HeldPosition	field	ElysiumNpc.h	-	-	troika	FElysiumNpc	stay:troika word	-	
HengeyokaiFishTimer	field	ElysiumNpcKernelMisc.inl	-	-	-	FElysiumNpc	stay:troika	-	port-only; no base member reaches it
HintActivityForNode	method	ElysiumNpcKernelMotor10.inl	ElysiumNpcKernelMotor10.cpp	102c79e0	base	FElysiumNpcBase	base	5e	anchor
HintAttackExtentsUnits	method	ElysiumNpcKernelTroikaHelpers.inl	ElysiumNpcKernelTroikaHelpers2.cpp	1009af40	base	FElysiumNpcBase	base	5e	anchor
HintComparePosition	method	ElysiumNpcKernelHints.inl	ElysiumNpcKernelHints.cpp	-	-	FElysiumNpcBase	base	5e	reached by base FUN_102eee40
HintDeletingDestructor	method	ElysiumNpcKernelLifecycle.inl	ElysiumNpcKernelLifecycle.cpp	102d2f00	base	FElysiumNpc	stay:troika body	-	
HintDrawDebugTextOverlays	method	ElysiumNpcKernelDebug.inl	ElysiumNpcKernelDebug2.cpp	102d1600	base	FElysiumNpcBase	base	5e	anchor
HintEyeOffsetActivities	method	ElysiumNpcKernelGeometry.inl	ElysiumNpcKernelGeometry.cpp	102b4ab0	troika	FElysiumNpc	stay:troika body	-	
HintGroupBitList	method	ElysiumNpcKernelHints10.inl	ElysiumNpcKernelHints10.cpp	10295cdb	troika	FElysiumNpc	stay:troika body	-	
HintGroupRefusals	field	ElysiumNpcKernelHints10.inl	-	-	-	FElysiumNpc	stay:troika	-	port-only; no base member reaches it
HintIdleActivityGate	method	ElysiumNpcKernelHints.inl	ElysiumNpcKernelHints.cpp	102b5de0	troika	FElysiumNpc	stay:troika body	-	
HintKill	method	ElysiumNpcKernelLifecycle.inl	ElysiumNpcKernelLifecycle.cpp	102d08c0	base	FElysiumNpcBase	base	5e	anchor
HintLosCheck	method	ElysiumNpcKernelBaseHelpers.inl	ElysiumNpcKernelBaseHelpers.cpp	102968f0	troika	FElysiumNpc	stay:troika body	-	
HintLosEndpoint	method	ElysiumNpcKernelBaseHelpers.inl	ElysiumNpcKernelBaseHelpers.cpp	102d1180	base	FElysiumNpcBase	base	5e	anchor
HintObfuscationFold	method	ElysiumNpcKernelHints10.inl	ElysiumNpcKernelHints10.cpp	1042fbf0	-	FElysiumNpc	stay:troika	-	port-only; no base member reaches it
HintOnRestore	method	ElysiumNpcKernelHints.inl	ElysiumNpcKernelHints.cpp	102d3ec0	base	FElysiumNpcBase	base	5e	anchor
HintOverlayWords	method	ElysiumNpcKernelDebug10.inl	ElysiumNpcKernelDebug10_2.cpp	102d12e0	base	FElysiumNpcBase	base	5e	anchor
HintScriptHide	method	ElysiumNpcKernelLifecycle.inl	ElysiumNpcKernelLifecycle.cpp	102d0860	base	FElysiumNpcBase	base	5e	anchor
HintScriptUnhide	method	ElysiumNpcKernelLifecycle.inl	ElysiumNpcKernelLifecycle.cpp	102d0890	base	FElysiumNpcBase	base	5e	anchor
HintSpawn	method	ElysiumNpcKernelLifecycle.inl	ElysiumNpcKernelLifecycle.cpp	102d0b60	base	FElysiumNpcBase	base	5e	anchor
HintStandPosition	method	ElysiumNpcKernelTroikaHelpers.inl	ElysiumNpcKernelTroikaHelpers2.cpp	-	-	FElysiumNpc	stay:troika	-	port-only; no base member reaches it
HintWords	method	ElysiumNpcKernelHints.inl	ElysiumNpcKernelHints.cpp	-	-	FElysiumNpcBase	base	5e	reached by base IsHintUnusable
HintYaw	method	ElysiumNpcKernelTroikaHelpers.inl	ElysiumNpcKernelTroikaHelpers2.cpp	-	-	FElysiumNpcBase	base	5e	reached by base StandoffTranslateActivity
HitBuildupConVarValue	method	ElysiumNpcKernelAnim10.inl	ElysiumNpcKernelAnim10.cpp	-	-	FElysiumNpc	stay:troika	-	port-only; no base member reaches it
HitGroupDamageScaleCvar	method	ElysiumNpcKernelDamage.inl	ElysiumNpcKernelDamage.cpp	-	-	FElysiumNpc	stay:troika	-	port-only; no base member reaches it
HitboxSetCount	method	ElysiumNpcKernelDamage.inl	ElysiumNpcKernelDamage.cpp	-	-	FElysiumNpc	stay:troika	-	port-only; no base member reaches it
HullKind	field	ElysiumNpcKernelMotor.inl	-	-	-	FElysiumNpcBase	base	5d	reached by base DrawEnemyMemoryOverlays
HullMaxsUnits	method	ElysiumNpcKernelSenses10.inl	ElysiumNpcKernelSenses10.cpp	-	-	FElysiumNpcBase	base	5e	reached by base BuildVPhysicsShadow
HullMinsUnits	method	ElysiumNpcKernelSenses10.inl	ElysiumNpcKernelSenses10.cpp	102d6100	-	FElysiumNpcBase	base	5e	reached by base BuildVPhysicsShadow
HullNotPrecachedWarnings	field	ElysiumNpcKernelMotor10.inl	-	-	-	FElysiumNpcBase	base	5d	reached by base SetHullSizeNormal
HumanSelectIdealState	method	ElysiumNpcKernelState19.inl	ElysiumNpcKernelState19_2.cpp	-	-	FElysiumNpc	stay:troika	-	port-only; no base member reaches it
HuntConVarIsCommand	field	ElysiumNpcKernelState19.inl	-	-	-	FElysiumNpc	stay:troika	-	port-only; no base member reaches it
HuntConVarRawWord	field	ElysiumNpcKernelState19.inl	-	-	-	FElysiumNpc	stay:troika	-	port-only; no base member reaches it
HuntExpireTime	field	ElysiumNpc.h	-	-	troika	FElysiumNpc	stay:troika word	-	
HuntPatrolPoints	field	ElysiumNpc.h	-	-	troika	FElysiumNpc	stay:troika word	-	
HuntPatrolTarget	field	ElysiumNpc.h	-	-	troika	FElysiumNpc	stay:troika word	-	
IRelationPriorityOf	method	ElysiumNpcKernelSenses10.inl	ElysiumNpcKernelSenses10.cpp	10333700	base	FElysiumNpcBase	base	5e	anchor
IRelationTypeOf	method	ElysiumNpcKernelSenses10.inl	ElysiumNpcKernelSenses10.cpp	10299da0	troika	FElysiumNpc	stay:troika body	-	
IdSpace	method	ElysiumNpcKernelEntityChain.inl	ElysiumNpcKernelEntityChain.cpp	-	-	FElysiumNpcBase	base	5e	reached by base ResolveScheduleId
IdSpaceLocalToGlobal	method	ElysiumNpcKernelDebug.inl	ElysiumNpcKernelDebug.cpp	102ea2d0	-	FElysiumNpc	stay:troika	-	port-only; no base member reaches it
IdealActivityNumber	field	ElysiumNpcKernelFacing.inl	-	-	-	FElysiumNpcBase	base	5d	reached by base BaseSetActivity
IdealHintSearchRangeUnits	method	ElysiumNpcKernelTroikaHelpers.inl	ElysiumNpcKernelTroikaHelpers2.cpp	-	-	FElysiumNpc	stay:troika	-	port-only; no base member reaches it
IdealSequence	field	ElysiumNpc.h	-	-	base	FElysiumNpcBase	base	5d	anchor
IdealStateRetail	method	ElysiumNpcKernelState19.inl	ElysiumNpcKernelState19.cpp	-	-	FElysiumNpcBase	base	5e	reached by base BaseSelectIdealState
IdealTranslatedActivity	field	ElysiumNpc.h	-	-	base	FElysiumNpcBase	base	5d	anchor
IdealWeaponActivity	field	ElysiumNpc.h	-	-	base	FElysiumNpcBase	base	5d	anchor
IdleSequenceGate	method	ElysiumNpcKernelAnim.inl	ElysiumNpcKernelAnim.cpp	102b8a10	troika	FElysiumNpc	stay:troika body	-	
IdleVariant	method	ElysiumNpc.h	-	-	-	FElysiumNpc	stay:troika	-	port-only; no base member reaches it
IgnoreCollisionEntity	field	ElysiumNpcKernelMotor.inl	-	-	-	FElysiumNpcBase	base	5d	reached by base IsIgnoreCollisionEntityTail
IgnoreCollisionSharedHead	method	ElysiumNpcKernelMotor.inl	ElysiumNpcKernelMotor.cpp	1029afc0	troika	FElysiumNpc	stay:troika body	-	
IgnoreCollisionUntil	field	ElysiumNpc.h	-	-	troika	FElysiumNpc	stay:troika word	-	
InNpcInit	method	ElysiumNpcKernelLifecycle19.inl	ElysiumNpcKernelLifecycle19.cpp	-	-	FElysiumNpc	stay:troika	-	port-only; no base member reaches it
InitSquadLine	method	ElysiumNpcKernelSquad.inl	ElysiumNpcKernelSquad.cpp	-	-	FElysiumNpc	stay:troika	-	port-only; no base member reaches it
InitialAngles	field	ElysiumNpc.h	-	-	troika	FElysiumNpc	stay:troika word	-	
InitialPosition	field	ElysiumNpc.h	-	-	troika	FElysiumNpc	stay:troika word	-	
InnateWeaponLosTrace	method	ElysiumNpcKernelSenses10.inl	ElysiumNpcKernelSenses10.cpp	-	-	FElysiumNpcBase	base	5e	reached by base HeadProbe
InputClearPatrolPath	method	ElysiumNpc.h	ElysiumNpc.cpp	-	-	FElysiumNpc	stay:troika	-	port-only; no base member reaches it
InputDisableThink	method	ElysiumNpc.h	ElysiumNpc.cpp	1029f2a0	troika	FElysiumNpc	stay:troika body	-	
InputEndDialog	method	ElysiumNpc.h	-	-	-	FElysiumNpc	stay:troika	-	port-only; no base member reaches it
InputFollowPatrolPath	method	ElysiumNpc.h	ElysiumNpc.cpp	-	-	FElysiumNpc	stay:troika	-	port-only; no base member reaches it
InputNamedSchedule	method	ElysiumNpc.h	ElysiumNpc.cpp	-	-	FElysiumNpc	stay:troika	-	port-only; no base member reaches it
InputSetRelationship	method	ElysiumNpc.h	ElysiumNpc.cpp	-	-	FElysiumNpc	stay:troika	-	port-only; no base member reaches it
InputSetupPatrolType	method	ElysiumNpc.h	ElysiumNpc.cpp	-	-	FElysiumNpc	stay:troika	-	port-only; no base member reaches it
InputStartPlayerDialog	method	ElysiumNpc.h	-	-	-	FElysiumNpc	stay:troika	-	port-only; no base member reaches it
InputStartPlayerDialogRemote	method	ElysiumNpc.h	-	-	-	FElysiumNpc	stay:troika	-	port-only; no base member reaches it
InputStartPlayerDialogUnforced	method	ElysiumNpc.h	-	-	-	FElysiumNpc	stay:troika	-	port-only; no base member reaches it
InputTeleportToEntity	method	ElysiumNpc.h	ElysiumNpc.cpp	-	-	FElysiumNpc	stay:troika	-	port-only; no base member reaches it
InputTweakParam	method	ElysiumNpcKernelSocial10.inl	ElysiumNpcKernelSocial10.cpp	1029ea4c	troika	FElysiumNpc	stay:troika body	-	
InputUseInteresting	method	ElysiumNpc.h	ElysiumNpc.cpp	-	-	FElysiumNpc	stay:troika	-	port-only; no base member reaches it
InstallScheduleRetail	method	ElysiumNpcKernelLifecycle19.inl	ElysiumNpcKernelLifecycle19.cpp	-	-	FElysiumNpcBase	base	5e	reached by base BaseStartNPC
InterestingDeathActivity	field	ElysiumNpc.h	-	-	troika	FElysiumNpc	stay:troika word	-	
InterestingPlaceGroupMask	field	ElysiumNpc.h	-	-	troika	FElysiumNpc	stay:troika word	-	
InterestingPlaceGroups	field	ElysiumNpc.h	-	-	troika	FElysiumNpc	stay:troika word	-	
InterestingPlaceMarkerOccupant	method	ElysiumNpcKernelHints.inl	ElysiumNpcKernelHints.cpp	102db760	-	FElysiumNpc	stay:troika	-	port-only; no base member reaches it
InterestingPlacePosition	field	ElysiumNpc.h	-	-	troika	FElysiumNpc	stay:troika word	-	
InterestingPlaceReleases	field	ElysiumNpcKernelSaveRestore10.inl	-	-	-	FElysiumNpc	stay:troika	-	port-only; no base member reaches it
InventoryDestroys	field	ElysiumNpcKernelLifecycle19.inl	-	-	-	FElysiumNpc	stay:troika	-	port-only; no base member reaches it
InventoryFindByClassname	method	ElysiumNpcKernelCombat10.inl	ElysiumNpcKernelCombat10.cpp	-	-	FElysiumNpc	stay:troika	-	port-only; no base member reaches it
InvestigateMode	field	ElysiumNpc.h	-	-	troika	FElysiumNpc	stay:troika word	-	
InvestigateModeCombat	field	ElysiumNpc.h	-	-	troika	FElysiumNpc	stay:troika word	-	
IsAiDisabled	method	ElysiumNpc.h	-	1029f2e0	troika	FElysiumNpc	stay:troika body	-	
IsAiStepMode	method	ElysiumNpcKernelMaintain19.inl	ElysiumNpcKernelMaintain19.cpp	-	-	FElysiumNpc	stay:troika	-	port-only; no base member reaches it
IsAiThinkDue	method	ElysiumNpcKernelBaseHelpers.inl	ElysiumNpcKernelBaseHelpers.cpp	10290700	troika	FElysiumNpc	stay:troika body	-	
IsAreaClear	method	ElysiumNpcKernelPositions.inl	ElysiumNpcKernelPositions2.cpp,ElysiumNpcKernelSenses10_2.cpp	102a0fb0	troika	FElysiumNpc	stay:troika body	-	
IsBaseNpcTroika	method	ElysiumNpcKernelDebug.inl	ElysiumNpcKernelDebug2.cpp	-	-	FElysiumNpcBase	base	5e	reached by base BaseDrawDebugGeometryOverlays
IsBccTargetable	method	ElysiumNpcKernelSenses10.inl	ElysiumNpcKernelSenses10.cpp	1029a4a2	troika	FElysiumNpc	stay:troika body	-	
IsBodyVisible	method	ElysiumNpc.h	ElysiumNpc.cpp	-	-	FElysiumNpc	stay:troika	-	port-only; no base member reaches it
IsBusyWithDiscipline	method	ElysiumNpc.h	-	-	-	FElysiumNpc	stay:troika	-	port-only; no base member reaches it
IsDeathPerformanceFinished	method	ElysiumNpc.h	ElysiumNpc.cpp	10272900	base	FElysiumNpcBase	base	5e	anchor
IsFeedBusy	method	ElysiumNpc.h	ElysiumNpc.cpp	-	-	FElysiumNpc	stay:troika	-	port-only; no base member reaches it
IsFemaleBody	method	ElysiumNpcKernelSenses10.inl	ElysiumNpcKernelSenses10.cpp	-	-	FElysiumNpcBase	base	5e	reached by base BuildVPhysicsShadow
IsHeightenedAlertActive	method	ElysiumNpcKernelEntityChain.inl	ElysiumNpcKernelEntityChain.cpp	1017f8d0	-	FElysiumNpc	stay:troika	-	port-only; no base member reaches it
IsHintAvailableToMe	method	ElysiumNpcKernelBaseHelpers.inl	ElysiumNpcKernelBaseHelpers.cpp	102d1540	base	FElysiumNpcBase	base	5e	anchor
IsHintCoverValid	method	ElysiumNpcKernelHints.inl	ElysiumNpcKernelHints.cpp	10297430,102974f0	troika	FElysiumNpc	stay:troika body	-	
IsHintCoverValidLoose	method	ElysiumNpcKernelHints.inl	ElysiumNpcKernelHints.cpp	102974f0	troika	FElysiumNpc	stay:troika body	-	
IsHintDebugNpc	method	ElysiumNpcKernelBaseHelpers.inl	ElysiumNpcKernelBaseHelpers.cpp	-	-	FElysiumNpc	stay:troika	-	port-only; no base member reaches it
IsHintSequenceFinished	method	ElysiumNpcKernelHints.inl	ElysiumNpcKernelHints.cpp	-	-	FElysiumNpc	stay:troika	-	port-only; no base member reaches it
IsHintUnusable	method	ElysiumNpcKernelHints.inl	ElysiumNpcKernelHints.cpp	102d14c0	base	FElysiumNpcBase	base	5e	anchor
IsHintViewable	method	ElysiumNpcKernelSenses.inl	ElysiumNpcKernelSenses.cpp	102d1320	base	FElysiumNpcBase	base	5e	anchor
IsIdealActivityCurrent	method	ElysiumNpc.h	ElysiumNpc.cpp	-	-	FElysiumNpc	stay:troika	-	port-only; no base member reaches it
IsIgnoreCollisionEntityTail	method	ElysiumNpcKernelMotor.inl	ElysiumNpcKernelMotor.cpp	1008be20	base	FElysiumNpcBase	base	5e	anchor
IsInDialog	method	ElysiumNpcKernelSocial10.inl	ElysiumNpcKernelSocial10.cpp	102c1170	troika	FElysiumNpc	stay:troika body	-	
IsJumpLegalGeometry	method	ElysiumNpcKernelMotor.inl	ElysiumNpcKernelMotor.cpp	-	-	FElysiumNpc	stay:troika	-	port-only; no base member reaches it
IsKindred	method	ElysiumNpc.h	ElysiumNpc.cpp	-	-	FElysiumNpc	stay:troika	-	port-only; no base member reaches it
IsNormalThinkDue	method	ElysiumNpcKernelBaseHelpers.inl	ElysiumNpcKernelBaseHelpers.cpp	102906c0	troika	FElysiumNpc	stay:troika body	-	
IsOblivious	method	ElysiumNpc.h	-	-	-	FElysiumNpc	stay:troika	-	port-only; no base member reaches it
IsPatrolActiveForDebug	method	ElysiumNpc.h	-	-	-	FElysiumNpc	stay:troika	-	port-only; no base member reaches it
IsRetailClass	method	ElysiumNpc.h	ElysiumNpcKernelClassLookup.cpp	-	-	FElysiumNpcBase	base	5c	the retail-class identity API stands on the base: the script directors and the test hull (folds 9-10) answer their own census rows (story-5-execution-plan.md step 5, 5c)
IsScriptDriven	method	ElysiumNpc.h	-	-	-	FElysiumNpcBase	base	5e	reached by base TaskMovementComplete
IsSpecialNavigation	method	ElysiumNpcKernelMaintain19.inl	ElysiumNpcKernelMaintain19.cpp	-	-	FElysiumNpc	stay:troika	-	port-only; no base member reaches it
IsSquadSlotOccupied	method	ElysiumNpcKernelSquad.inl	ElysiumNpcKernelSquad.cpp	-	-	FElysiumNpcBase	base	5e	reached by base VacateSquadSlot
IsStandableSolid	method	ElysiumNpcKernelEntityChain.inl	ElysiumNpcKernelEntityChain.cpp	100b5110	-	FElysiumNpc	stay:troika	-	port-only; no base member reaches it
IsTalking	method	ElysiumNpc.h	-	-	-	FElysiumNpc	stay:troika	-	port-only; no base member reaches it
IsUnconsciousMiscFlag	method	ElysiumNpcKernelConditions10.inl	ElysiumNpcKernelConditions10.cpp	10341aa0	base	FElysiumNpcBase	base	5e	anchor
IsUnusableNodeIndex	method	ElysiumNpcKernelSchedule.inl	ElysiumNpcKernelSchedule.cpp	1027db30	base	FElysiumNpcBase	base	5e	anchor
IsUpdateThinkDue	method	ElysiumNpcKernelBaseHelpers.inl	ElysiumNpcKernelBaseHelpers.cpp	102906a0	troika	FElysiumNpc	stay:troika body	-	
IsUsable	method	ElysiumNpc.h	-	-	-	FElysiumNpc	stay:troika	-	port-only; no base member reaches it
IsValidStealthKillTarget	method	ElysiumNpc.h	ElysiumNpc.cpp	102c2300	troika	FElysiumNpc	stay:troika body	-	
IssuePatrolMove	method	ElysiumNpc.h	ElysiumNpc.cpp	102aa640,102aa860	troika	FElysiumNpc	stay:troika body	-	
IssuePrecache	method	ElysiumNpcKernelPrecache10.inl	ElysiumNpcKernelPrecache10.cpp	-	-	FElysiumNpc	stay:troika	-	port-only; no base member reaches it
JumpGravity	field	ElysiumNpc.h	-	-	troika	FElysiumNpc	stay:troika word	-	
JumpHeight	field	ElysiumNpc.h	-	-	troika	FElysiumNpc	stay:troika word	-	
JumpOrigin	field	ElysiumNpc.h	-	-	troika	FElysiumNpc	stay:troika word	-	
JumpTarget	field	ElysiumNpc.h	-	-	troika	FElysiumNpc	stay:troika word	-	
JumpTunableSpeciesOf	method	ElysiumNpcKernelMotor.inl	ElysiumNpcKernelMotor.cpp	-	-	FElysiumNpc	stay:troika	-	port-only; no base member reaches it
JumpTunableSpeciesRows	method	ElysiumNpcKernelMotor.inl	ElysiumNpcKernelMotor.cpp	-	-	FElysiumNpc	stay:troika	-	port-only; no base member reaches it
KernelHullTrace	method	ElysiumNpcKernelMotor.inl	ElysiumNpcKernelMotor.cpp	-	-	FElysiumNpcBase	base	5e	reached by base InnateWeaponLosTrace
KillNamedEmitter	method	ElysiumNpcKernelDamage.inl	ElysiumNpcKernelDamage.cpp	-	-	FElysiumNpc	stay:troika	-	port-only; no base member reaches it
KnockbackHitEntity	field	ElysiumNpc.h	-	-	troika	FElysiumNpc	stay:troika word	-	
KnockbackType	field	ElysiumNpc.h	-	-	troika	FElysiumNpc	stay:troika word	-	
KnockbackVelocity	field	ElysiumNpc.h	-	-	troika	FElysiumNpc	stay:troika word	-	
KnockbackWallHitFallTime	field	ElysiumNpc.h	-	-	troika	FElysiumNpc	stay:troika word	-	
LastAiThink	method	ElysiumNpcKernelEntityChain.inl	ElysiumNpcKernelEntityChain.cpp	101a64a0	base	FElysiumNpc	stay:troika body	-	
LastAttackTime	field	ElysiumNpc.h	-	-	base	FElysiumNpcBase	base	5d	anchor
LastBlockedReactionActivity	field	ElysiumNpcKernelDamage.inl	-	-	-	FElysiumNpc	stay:troika	-	port-only; no base member reaches it
LastComponentFactoryBody	field	ElysiumNpcKernelMisc.inl	-	-	-	FElysiumNpc	stay:troika	-	port-only; no base member reaches it
LastFVisibleBlockerTarget	field	ElysiumNpcKernelSenses10.inl	-	-	-	FElysiumNpc	stay:troika	-	port-only; no base member reaches it
LastFacing	field	ElysiumNpc.h	-	-	base	FElysiumNpcBase	base	5d	anchor
LastFinishTalkingNotify	field	ElysiumNpcKernelSocial10.inl	-	-	-	FElysiumNpc	stay:troika	-	port-only; no base member reaches it
LastGrappleBurnHitbox	field	ElysiumNpc.h	-	-	-	FElysiumNpc	stay:troika	-	port-only; no base member reaches it
LastHitGroup	field	ElysiumNpcKernelDamage.inl	-	-	-	FElysiumNpc	stay:troika	-	port-only; no base member reaches it
LastHullNotPrecached	field	ElysiumNpcKernelMotor10.inl	-	-	-	FElysiumNpcBase	base	5d	reached by base SetHullSizeNormal
LastIdealScheduleStamp	field	ElysiumNpcKernelLifecycle19.inl	-	-	-	FElysiumNpcBase	base	5d	reached by base InstallScheduleRetail
LastMeleeStepbackTime	field	ElysiumNpc.h	-	-	troika	FElysiumNpc	stay:troika word	-	
LastMeleeWeapon	field	ElysiumNpcKernelCombat10.inl	-	-	-	FElysiumNpc	stay:troika	-	port-only; no base member reaches it
LastMoveThink	method	ElysiumNpcKernelLifecycle.inl	ElysiumNpcKernelLifecycle.cpp	101a6480	base	FElysiumNpc	stay:troika body	-	
LastNormalThink	method	ElysiumNpcKernelLifecycle.inl	ElysiumNpcKernelLifecycle.cpp	101a6460	base	FElysiumNpc	stay:troika body	-	
LastOnStateChangeNewRetail	field	ElysiumNpcKernelState19.inl	-	-	-	FElysiumNpcBase	base	5d	reached by base SetState
LastOnStateChangeOldRetail	field	ElysiumNpcKernelState19.inl	-	-	-	FElysiumNpcBase	base	5d	reached by base SetState
LastPosition	field	ElysiumNpc.h	-	-	base	FElysiumNpcBase	base	5d	anchor
LastPreSelectIdealStateRetail	field	ElysiumNpcKernelCombat10.inl	-	-	-	FElysiumNpc	stay:troika	-	port-only; no base member reaches it
LastResolveActivityRung	field	ElysiumNpcKernelAnim.inl	-	-	-	FElysiumNpcBase	base	5d	reached by base ResolveActivityToSequence
LastSavedExtendedHeader	field	ElysiumNpcKernelSaveRestore10.inl	-	-	-	FElysiumNpcBase	base	5d	reached by base SaveWriteFields
LastSelectIdealStateRetail	field	ElysiumNpcKernelState19.inl	-	-	-	FElysiumNpcBase	base	5d	reached by base RefreshIdealStateForMaintenance
LastSetActivityId	field	ElysiumNpcKernelTroikaHelpers.inl	-	-	-	FElysiumNpc	stay:troika	-	port-only; no base member reaches it
LastSetScheduleRetail	field	ElysiumNpcKernelLifecycle19.inl	-	-	-	FElysiumNpcBase	base	5d	reached by base InstallScheduleRetail
LastSetSizeMaxsUnits	field	ElysiumNpcKernelMotor10.inl	-	-	-	FElysiumNpcBase	base	5d	reached by base SetHullSizeSmall
LastSetSizeMinsUnits	field	ElysiumNpcKernelMotor10.inl	-	-	-	FElysiumNpcBase	base	5d	reached by base SetHullSizeSmall
LastSpotIndex	field	ElysiumNpc.h	-	-	troika	FElysiumNpc	stay:troika word	-	
LastStateChange	field	ElysiumNpc.h	-	-	-	FElysiumNpcBase	base	5d	reached by base SetState
LastTranslateScheduleRetail	field	ElysiumNpcKernelTranslate19.inl	-	-	-	FElysiumNpc	stay:troika	-	port-only; no base member reaches it
LastUpdateThink	method	ElysiumNpcKernelLifecycle.inl	ElysiumNpcKernelLifecycle.cpp	101a6440	base	FElysiumNpc	stay:troika body	-	
LastYawClearanceSweep	field	ElysiumNpcKernelCombat10.inl	-	-	-	FElysiumNpc	stay:troika	-	port-only; no base member reaches it
LawThresholdNever	field	ElysiumNpcKernelLifecycle19.inl	-	-	-	FElysiumNpc	stay:troika	-	port-only; no base member reaches it
LeanScaleRecordField	method	ElysiumNpcKernelTroikaHelpers.inl	ElysiumNpcKernelTroikaHelpers2.cpp	-	-	FElysiumNpc	stay:troika	-	port-only; no base member reaches it
LeaveGrappleState	method	ElysiumNpc.h	ElysiumNpc.cpp	102b5d90	troika	FElysiumNpc	stay:troika body	-	
LeaveInterestingPlaceOnRemove	method	ElysiumNpcKernelSaveRestore10.inl	ElysiumNpcKernelSaveRestore10.cpp	102da600	-	FElysiumNpc	stay:troika	-	port-only; no base member reaches it
LevelCriminalAct	method	ElysiumNpcKernelEntityChain.inl	ElysiumNpcKernelEntityChain.cpp	1017ddd0	-	FElysiumNpc	stay:troika	-	port-only; no base member reaches it
LevelInvestigateAct	method	ElysiumNpcKernelEntityChain.inl	ElysiumNpcKernelEntityChain.cpp	1017de60	-	FElysiumNpc	stay:troika	-	port-only; no base member reaches it
LevelSupernaturalAct	method	ElysiumNpcKernelEntityChain.inl	ElysiumNpcKernelEntityChain.cpp	1017dd80	-	FElysiumNpc	stay:troika	-	port-only; no base member reaches it
Lip	field	ElysiumNpcKernelSounds10.inl	-	-	-	FElysiumNpc	stay:troika	-	port-only; no base member reaches it
LoadedSchedulesRowOf	method	ElysiumNpcKernelSchedule.inl	ElysiumNpcKernelSchedule.cpp	-	-	FElysiumNpc	stay:troika	-	port-only; no base member reaches it
LoadedSchedulesRows	method	ElysiumNpcKernelSchedule.inl	ElysiumNpcKernelSchedule.cpp	-	-	FElysiumNpc	stay:troika	-	port-only; no base member reaches it
LocalPunchAngle	field	ElysiumNpcKernelEntityChain.inl	-	-	-	FElysiumNpc	stay:troika	-	port-only; no base member reaches it
LocalScheduleId	method	ElysiumNpc.h	ElysiumNpcKernelEntityChain.cpp	-	-	FElysiumNpc	stay:troika	-	port-only; no base member reaches it
LocalScheduleIdForStart	method	ElysiumNpcKernelMaintain19.inl	ElysiumNpcKernelMaintain19.cpp	-	-	FElysiumNpc	stay:troika	-	port-only; no base member reaches it
LocalVelocityCm	method	ElysiumNpcKernelPositions.inl	ElysiumNpcKernelPositions2.cpp	-	-	FElysiumNpc	stay:troika	-	port-only; no base member reaches it
LookupBoneByName	method	ElysiumNpcKernelBosses.inl	ElysiumNpcKernelBosses.cpp	-	-	FElysiumNpc	stay:troika	-	port-only; no base member reaches it
LookupExpressionIndex	method	ElysiumNpcKernelTroikaHelpers.inl	ElysiumNpcKernelTroikaHelpers.cpp	-	-	FElysiumNpc	stay:troika	-	port-only; no base member reaches it
LookupFlexController	method	ElysiumNpcKernelAnim.inl	ElysiumNpcKernelAnim.cpp	100b5d10	-	FElysiumNpc	stay:troika	-	port-only; no base member reaches it
LookupPoseParameter	method	ElysiumNpcKernelAnim.inl	ElysiumNpcKernelAnim.cpp	-	-	FElysiumNpc	stay:troika	-	port-only; no base member reaches it
LookupSequenceByName	method	ElysiumNpcKernelAnim.inl	ElysiumNpcKernelAnim.cpp	-	-	FElysiumNpcBase	base	5e	reached by base ResolveActivityToSequence
LoudExpressionTime	field	ElysiumNpc.h	-	-	troika	FElysiumNpc	stay:troika word	-	
MaintainActivity	method	ElysiumNpcKernelSaveRestore10.inl	ElysiumNpcKernelSaveRestore10.cpp	102727d0	base	FElysiumNpc	stay:transitional	-	port probe bookkeeping around BaseMaintainActivity 0x102727d0; latch writers are Troika
MaintainActivityCalls	field	ElysiumNpcKernelSaveRestore10.inl	-	-	-	FElysiumNpc	stay:troika	-	port-only; no base member reaches it
MaintainDebugTaskIndex	field	ElysiumNpcKernelMaintain19.inl	-	-	-	FElysiumNpc	stay:troika	-	port-only; no base member reaches it
MaintainSchedule	method	ElysiumNpcKernelMaintain19.inl	ElysiumNpcKernelMaintain19.cpp	102817c0	base	FElysiumNpcBase	base	5e	anchor
MaintenanceIsCurTaskContinuousMove	method	ElysiumNpcKernelMaintain19.inl	ElysiumNpcKernelMaintain19.cpp	-	-	FElysiumNpc	stay:troika	-	port-only; no base member reaches it
MaintenanceOnStartSchedule	method	ElysiumNpcKernelMaintain19.inl	ElysiumNpcKernelMaintain19.cpp	-	-	FElysiumNpc	stay:troika	-	port-only; no base member reaches it
MaintenanceStartTaskOverlay	method	ElysiumNpcKernelMaintain19.inl	ElysiumNpcKernelMaintain19.cpp	-	-	FElysiumNpc	stay:troika	-	port-only; no base member reaches it
MakeOblivious	method	ElysiumNpc.h	ElysiumNpc.cpp	1026d130	base	FElysiumNpcBase	base	5e	anchor
MakerDrawDebugGeometryOverlays	method	ElysiumNpcKernelDebug10.inl	ElysiumNpcKernelDebug10_2.cpp	-	-	FElysiumNpc	stay:troika	-	port-only; no base member reaches it
ManBatTraceFilterShouldHit	method	ElysiumNpcKernelBosses.inl	ElysiumNpcKernelBosses.cpp	10006c4e	-	FElysiumNpc	stay:troika	-	port-only; no base member reaches it
MapFirstSecond	field	ElysiumNpcKernelLifecycle19.inl	-	-	-	FElysiumNpcBase	base	5d	reached by base BaseStartNPC
MarkSpecialNavigationScheduleEnd	method	ElysiumNpcKernelMaintain19.inl	ElysiumNpcKernelMaintain19.cpp	-	-	FElysiumNpc	stay:troika	-	port-only; no base member reaches it
MaxYawSpeedBase	method	ElysiumNpcKernelMotor.inl	ElysiumNpcKernelMotor.cpp	10280bb0	base	FElysiumNpcBase	base	5e	anchor
MaxYawSpeedTurningArm	method	ElysiumNpcKernelMotor.inl	ElysiumNpcKernelMotor.cpp	10297ce0	troika	FElysiumNpc	stay:troika body	-	
MeleeAttack1	method	ElysiumNpc.h	ElysiumNpc.cpp	-	-	FElysiumNpc	stay:troika	-	port-only; no base member reaches it
MeleeCanEnterTimer	field	ElysiumNpc.h	-	-	troika	FElysiumNpc	stay:troika word	-	
MeleeCoordinatorAdmits599	method	ElysiumNpcKernelTroikaHelpers.inl	ElysiumNpcKernelTroikaHelpers.cpp	1025db70	-	FElysiumNpc	stay:troika	-	port-only; no base member reaches it
MeleeCoordinatorAdmits600	method	ElysiumNpcKernelTroikaHelpers.inl	ElysiumNpcKernelTroikaHelpers.cpp	1025dca0	-	FElysiumNpc	stay:troika	-	port-only; no base member reaches it
MeleeCoordinatorHasRoom	method	ElysiumNpcKernelTroikaHelpers.inl	ElysiumNpcKernelTroikaHelpers.cpp	1025db50	-	FElysiumNpc	stay:troika	-	port-only; no base member reaches it
MeleeCoordinatorHoldsMe	method	ElysiumNpcKernelTroikaHelpers.inl	ElysiumNpcKernelTroikaHelpers.cpp	1025de90	-	FElysiumNpc	stay:troika	-	port-only; no base member reaches it
MeleeCoordinatorReleases	field	ElysiumNpcKernelBosses.inl	-	-	-	FElysiumNpc	stay:troika	-	port-only; no base member reaches it
MeleeEventFires	field	ElysiumNpcKernelBosses.inl	-	-	-	FElysiumNpc	stay:troika	-	port-only; no base member reaches it
MeleeHeightDiffLimitUnits	method	ElysiumNpcKernelTroikaHelpers.inl	ElysiumNpcKernelTroikaHelpers.cpp	-	-	FElysiumNpc	stay:troika	-	port-only; no base member reaches it
MeleeHeightDiffTimer	field	ElysiumNpc.h	-	-	troika	FElysiumNpc	stay:troika word	-	
MeleeMoveRecordClears	field	ElysiumNpcKernelMisc.inl	-	-	-	FElysiumNpc	stay:troika	-	port-only; no base member reaches it
MeleeMustLeaveTimer	field	ElysiumNpc.h	-	-	troika	FElysiumNpc	stay:troika word	-	
MeleeRangeUnits	method	ElysiumNpcKernelTroikaHelpers.inl	ElysiumNpcKernelTroikaHelpers.cpp	-	-	FElysiumNpc	stay:troika	-	port-only; no base member reaches it
MeleeScheduleFailureGate	method	ElysiumNpcKernelSchedule.inl	ElysiumNpcKernelSchedule.cpp	102b6fe0	troika	FElysiumNpc	stay:troika body	-	
MeleeSlotBody	method	ElysiumNpcKernelTroikaHelpers.inl	ElysiumNpcKernelTroikaHelpers.cpp	-	-	FElysiumNpc	stay:troika	-	port-only; no base member reaches it
Mind	field	ElysiumNpc.h	-	-	-	FElysiumNpcBase	base	5d	reached by base SetState
MingXiaoProxySlots	field	ElysiumNpcKernelLifecycle.inl	-	-	-	FElysiumNpc	stay:troika	-	port-only; no base member reaches it
MiscFlagBaseFightingItems	field	ElysiumNpcKernelCombat10.inl	-	-	-	FElysiumNpc	stay:troika	-	port-only; no base member reaches it
MissingSchedule	method	ElysiumNpcKernelMaintain19.inl	ElysiumNpcKernelMaintain19.cpp	-	-	FElysiumNpc	stay:troika	-	port-only; no base member reaches it
ModelMassKeyvalue	method	ElysiumNpcKernelSenses10.inl	ElysiumNpcKernelSenses10.cpp	10273720	base	FElysiumNpcBase	base	5e	anchor
MotionTrail	field	ElysiumNpcKernelFacing.inl	-	-	-	FElysiumNpc	stay:troika	-	port-only; no base member reaches it
Motor10Seams	field	ElysiumNpcKernelMotor10.inl	-	-	-	FElysiumNpcBase	base	5d	reached by base StandoffTranslateActivity
MotorAddFacingTarget	method	ElysiumNpcKernelFacing.inl	ElysiumNpcKernelFacing.cpp	102e2150	base	FElysiumNpcBase	base	5e	anchor
MotorApplyIntervalMovement	method	ElysiumNpcKernelMotor.inl	ElysiumNpcKernelMotor.cpp	-	-	FElysiumNpcBase	base	5e	reached by base AutoMovement
MotorCurSpeed	method	ElysiumNpcKernelMotor10.inl	ElysiumNpcKernelMotor10.cpp	102e12c0	base	FElysiumNpcBase	base	5e	anchor
MotorDeltaIdealYaw	method	ElysiumNpcKernelFacing.inl	ElysiumNpcKernelFacing.cpp	102e1f90	base	FElysiumNpcBase	base	5e	anchor
MotorIdealYawDelta	field	ElysiumNpcKernelFacing.inl	-	-	-	FElysiumNpcBase	base	5d	reached by base MotorDeltaIdealYaw
MotorLocalNavigatorTakesGoal	method	ElysiumNpcKernelMotor10.inl	ElysiumNpcKernelMotor10.cpp	-	-	FElysiumNpcBase	base	5e	reached by base MotorMoveGroundExecuteWalk
MotorMinStoppingDistanceUnits	method	ElysiumNpcKernelMotor.inl	ElysiumNpcKernelMotor.cpp	102e1300	base	FElysiumNpcBase	base	5e	anchor
MotorMoveGroundExecuteWalk	method	ElysiumNpcKernelMotor10.inl	ElysiumNpcKernelMotor10.cpp	-	-	FElysiumNpcBase	base	5e	reached by base MoveGroundExecute
MotorMoveGroundStep	method	ElysiumNpcKernelMotor10.inl	ElysiumNpcKernelMotor10.cpp	102e1760	base	FElysiumNpcBase	base	5e	anchor
MotorMoveTraceSweep	method	ElysiumNpcKernelMotor10.inl	ElysiumNpcKernelMotor10.cpp	-	-	FElysiumNpcBase	base	5e	reached by base MotorMoveGroundStep
MotorOnMoveExecuteFailed	method	ElysiumNpcKernelMotor10.inl	ElysiumNpcKernelMotor10.cpp	-	-	FElysiumNpcBase	base	5e	reached by base MotorMoveGroundExecuteWalk
MotorResetToDefault	method	ElysiumNpcKernelLifecycle.inl	ElysiumNpcKernelLifecycle.cpp	102e1110	base	FElysiumNpcBase	base	5e	anchor
MotorRestoreFixups	field	ElysiumNpcKernelSaveRestore10.inl	-	-	-	FElysiumNpcBase	base	5d	reached by base BaseSave
MotorSaveFixups	field	ElysiumNpcKernelSaveRestore10.inl	-	-	-	FElysiumNpcBase	base	5d	reached by base BaseSave
MotorSeams	field	ElysiumNpcKernelMotor.inl	-	-	-	FElysiumNpcBase	base	5d	reached by base PostRun
MotorSetOriginToTraceEnd	method	ElysiumNpcKernelMotor10.inl	ElysiumNpcKernelMotor10.cpp	101cf5c0	-	FElysiumNpcBase	base	5e	reached by base MotorMoveGroundStep
MotorStepToPoint	method	ElysiumNpcKernelMotor10.inl	ElysiumNpcKernelMotor10.cpp	102e1560	base	FElysiumNpcBase	base	5e	anchor
MotorTaskComplete	method	ElysiumNpcKernelSchedule.inl	ElysiumNpcKernelSchedule.cpp	102623c0	base	FElysiumNpcBase	base	5e	anchor
MotorTaskFail	method	ElysiumNpcKernelSchedule.inl	ElysiumNpcKernelSchedule.cpp	1029adb0	troika	FElysiumNpc	stay:troika body	-	
MotorVelocityUnits	field	ElysiumNpcKernelMotor10.inl	-	-	-	FElysiumNpcBase	base	5d	reached by base MoveGroundExecute
MotorYawHalfTurn	field	ElysiumNpcKernelLifecycle19.inl	-	-	-	FElysiumNpcBase	base	5d	reached by base BaseNPCInit
MotorYawSpeed	method	ElysiumNpcKernelDebug.inl	ElysiumNpcKernelDebug.cpp	-	-	FElysiumNpc	stay:troika	-	port-only; no base member reaches it
MoveAndShootOverlay	field	ElysiumNpcKernelSenses10.inl	-	-	-	FElysiumNpcBase	base	5d	reached by base RunTaskOverlay
MoveAndShootRestoreFixups	field	ElysiumNpcKernelSaveRestore10.inl	-	-	-	FElysiumNpcBase	base	5d	reached by base BaseSave
MoveAndShootSaveFixups	field	ElysiumNpcKernelSaveRestore10.inl	-	-	-	FElysiumNpcBase	base	5d	reached by base BaseSave
MoveDistance	field	ElysiumNpcKernelSounds10.inl	-	-	-	FElysiumNpc	stay:troika	-	port-only; no base member reaches it
MoveGoal	field	ElysiumNpc.h	-	-	-	FElysiumNpc	stay:troika	-	port-only; no base member reaches it
MoveGroundExecute	method	ElysiumNpcKernelMotor10.inl	ElysiumNpcKernelMotor10.cpp	102e14a0	base	FElysiumNpcBase	base	5e	anchor
MoveProbeCheckStandPosition	method	ElysiumNpcKernelMotor.inl	ElysiumNpcKernelMotor.cpp	-	-	FElysiumNpc	stay:troika	-	port-only; no base member reaches it
MoveProbeFloorDrop	method	ElysiumNpcKernelLifecycle19.inl	ElysiumNpcKernelLifecycle19.cpp	102e7880	-	FElysiumNpcBase	base	5e	reached by base BaseStartNPC
MoveReboundBlend	method	ElysiumNpcKernelEntityChain.inl	ElysiumNpcKernelEntityChain.cpp	101c10d0	base	FElysiumNpcBase	base	5e	anchor
MoveReboundState	method	ElysiumNpcKernelEntityChain.inl	ElysiumNpcKernelEntityChain.cpp	-	-	FElysiumNpc	stay:troika	-	port-only; no base member reaches it
MoveToBoneOriginAngles	method	ElysiumNpcKernelHints.inl	ElysiumNpcKernelHints.cpp	-	-	FElysiumNpc	stay:troika	-	port-only; no base member reaches it
MultiDamageAccumulator	field	ElysiumNpcKernelDamage.inl	-	-	-	FElysiumNpc	stay:troika	-	port-only; no base member reaches it
MySquadSlot	field	ElysiumNpc.h	-	-	base	FElysiumNpcBase	base	5d	anchor
NamedWavEmits	field	ElysiumNpcKernelSpeciesMisc10.inl	-	-	-	FElysiumNpc	stay:troika	-	port-only; no base member reaches it
NavAllHintNodes	method	ElysiumNpcKernelMotor.inl	ElysiumNpcKernelMotor.cpp	-	-	FElysiumNpc	stay:troika	-	port-only; no base member reaches it
NavCurrentLinkActivity	method	ElysiumNpcKernelTroikaHelpers.inl	ElysiumNpcKernelTroikaHelpers2.cpp	-	-	FElysiumNpcBase	base	5e	reached by base NavigatorMoveNormal
NavDebugPair	method	ElysiumNpcKernelConditions10.inl	ElysiumNpcKernelConditions10.cpp	1028db6b	troika	FElysiumNpc	stay:troika body	-	
NavGetType	method	ElysiumNpcKernelMotor.inl	ElysiumNpcKernelMotor.cpp	-	-	FElysiumNpcBase	base	5e	reached by base NavigatorMoveGate
NavGoalPosition	method	ElysiumNpcKernelMotor.inl	ElysiumNpcKernelMotor.cpp	-	-	FElysiumNpc	stay:troika	-	port-only; no base member reaches it
NavGoalState	method	ElysiumNpcKernelMotor.inl	ElysiumNpcKernelMotor.cpp	-	-	FElysiumNpcBase	base	5e	reached by base GetNavTargetEntity
NavHintNodeOrigin	method	ElysiumNpcKernelMotor.inl	ElysiumNpcKernelMotor.cpp	-	-	FElysiumNpc	stay:troika	-	port-only; no base member reaches it
NavHintNodeType	method	ElysiumNpcKernelMotor.inl	ElysiumNpcKernelMotor.cpp	-	-	FElysiumNpc	stay:troika	-	port-only; no base member reaches it
NavIsGoalActive	method	ElysiumNpcKernelMotor.inl	ElysiumNpcKernelMotor.cpp	10280300	base	FElysiumNpcBase	base	5e	anchor
NavIsGoalSet	method	ElysiumNpcKernelConditions10.inl	ElysiumNpcKernelConditions10.cpp	102ee2e0	base	FElysiumNpcBase	base	5e	anchor
NavLinkActivity	method	ElysiumNpcKernelMotor.inl	ElysiumNpcKernelMotor.cpp	-	-	FElysiumNpcBase	base	5e	reached by base ResolveLinkActivity
NavNearestNodeTo	method	ElysiumNpcKernelPositions.inl	ElysiumNpcKernelPositions.cpp	-	-	FElysiumNpc	stay:troika	-	port-only; no base member reaches it
NavNodeWordAt	method	ElysiumNpcKernelMotor.inl	ElysiumNpcKernelMotor.cpp	-	-	FElysiumNpc	stay:troika	-	port-only; no base member reaches it
NavOnNavFailed	method	ElysiumNpcKernelMotor.inl	ElysiumNpcKernelMotor.cpp	102eeae0,102eeb50	base	FElysiumNpcBase	base	5e	anchor
NavPathSample	method	ElysiumNpcKernelTroikaHelpers.inl	ElysiumNpcKernelTroikaHelpers2.cpp	10012805	-	FElysiumNpcBase	base	5e	reached by base FUN_102eee40
NavResets	field	ElysiumNpcKernelTroikaHelpers.inl	-	-	-	FElysiumNpc	stay:troika	-	port-only; no base member reaches it
NavSetType	method	ElysiumNpcKernelMotor.inl	ElysiumNpcKernelMotor.cpp	102eeba0	base	FElysiumNpcBase	base	5e	anchor
NavSnapshotOwnerPointers	method	ElysiumNpcKernelMotor.inl	ElysiumNpcKernelMotor.cpp	102ecb50	base	FElysiumNpcBase	base	5e	anchor
NavStopAndMarkDirty	method	ElysiumNpcKernelTroikaHelpers.inl	ElysiumNpcKernelTroikaHelpers2.cpp	102eeae0	base	FElysiumNpcBase	base	5e	anchor
NavStopMoving	method	ElysiumNpcKernelMotor.inl	ElysiumNpcKernelMotor.cpp	-	-	FElysiumNpcBase	base	5e	reached by base TaskMovementComplete
NavType	method	ElysiumNpcKernelConditions.inl	ElysiumNpcKernelConditions.cpp	1027d990	-	FElysiumNpcBase	base	5e	reached by base NavSetType
NavigationGoalClears	field	ElysiumNpcKernelLifecycle19.inl	-	-	-	FElysiumNpcBase	base	5d	reached by base BaseOnRestore
Navigator	field	ElysiumNpcKernelMotor.inl	-	-	-	FElysiumNpcBase	base	5d	reached by base NavSetType
NavigatorActivityNotices	field	ElysiumNpcKernelAnim10.inl	-	-	-	FElysiumNpcBase	base	5d	reached by base SetActivityAndSequence
NavigatorClimbTeardown	method	ElysiumNpcKernelMotor10.inl	ElysiumNpcKernelMotor10.cpp	-	-	FElysiumNpcBase	base	5e	reached by base NavigatorMoveGate
NavigatorDoorCleanup	method	ElysiumNpcKernelConditions10.inl	ElysiumNpcKernelConditions10.cpp	102bf7e0	troika	FElysiumNpc	stay:troika body	-	
NavigatorEnactMove	method	ElysiumNpcKernelMotor10.inl	ElysiumNpcKernelMotor10.cpp	-	-	FElysiumNpcBase	base	5e	reached by base NavigatorMoveNormal
NavigatorGoalIsActive	method	ElysiumNpcKernelSaveRestore10.inl	ElysiumNpcKernelSaveRestore10.cpp	-	-	FElysiumNpcBase	base	5e	reached by base BuildExtendedSaveHeader
NavigatorGoalType	method	ElysiumNpcKernelSchedule.inl	ElysiumNpcKernelSchedule.cpp	1027d990	-	FElysiumNpc	stay:troika	-	port-only; no base member reaches it
NavigatorHasNodeGraph	method	ElysiumNpcKernelSenses.inl	ElysiumNpcKernelSenses.cpp	102ee6a0	base	FElysiumNpcBase	base	5e	anchor
NavigatorJumpTeardown	method	ElysiumNpcKernelMotor10.inl	ElysiumNpcKernelMotor10.cpp	-	-	FElysiumNpcBase	base	5e	reached by base NavigatorMoveGate
NavigatorMoveGate	method	ElysiumNpcKernelMotor10.inl	ElysiumNpcKernelMotor10.cpp	102efd50	base	FElysiumNpcBase	base	5e	anchor
NavigatorMoveGatePass	method	ElysiumNpcKernelMotor10.inl	ElysiumNpcKernelMotor10.cpp	-	-	FElysiumNpcBase	base	5e	reached by base NavigatorMoveGate
NavigatorMoveNormal	method	ElysiumNpcKernelMotor10.inl	ElysiumNpcKernelMotor10.cpp	102efaa0,1060ff48	base	FElysiumNpcBase	base	5e	anchor
NavigatorMoveOverride	method	ElysiumNpcKernelMotor10.inl	ElysiumNpcKernelMotor10.cpp	-	-	FElysiumNpcBase	base	5e	reached by base NavigatorMoveNormal
NavigatorMoveTail	method	ElysiumNpcKernelMotor10.inl	ElysiumNpcKernelMotor10.cpp	-	-	FElysiumNpcBase	base	5e	reached by base NavigatorMoveNormal
NavigatorNearestNodePositionUnits	method	ElysiumNpcKernelDebug.inl	ElysiumNpcKernelDebug2.cpp	102f3c10	-	FElysiumNpcBase	base	5e	reached by base BaseDrawDebugGeometryOverlays
NavigatorPathType	method	ElysiumNpcKernelDialogue.inl	ElysiumNpcKernelDialogue.cpp	102ee620	base	FElysiumNpcBase	base	5e	anchor
NavigatorPathTypeWord	field	ElysiumNpcKernelDialogue.inl	-	-	-	FElysiumNpcBase	base	5d	reached by base NavigatorPathType
NavigatorRouteClears	field	ElysiumNpcKernelTroikaHelpers.inl	-	-	-	FElysiumNpcBase	base	5d	reached by base NavStopAndMarkDirty
NavigatorUnreachableMarks	field	ElysiumNpcKernelSenses.inl	-	-	-	FElysiumNpcBase	base	5d	reached by base OnDoorBlocked
NavigatorWord0x54	field	ElysiumNpcKernelTroikaHelpers.inl	-	-	-	FElysiumNpcBase	base	5d	reached by base NavStopAndMarkDirty
NavigatorWord0x58	field	ElysiumNpcKernelTroikaHelpers.inl	-	-	-	FElysiumNpcBase	base	5d	reached by base NavStopAndMarkDirty
NavigatorWord0x60	field	ElysiumNpcKernelTroikaHelpers.inl	-	-	-	FElysiumNpcBase	base	5d	reached by base NavStopAndMarkDirty
NearMissBands	method	ElysiumNpcKernelAnim10.inl	ElysiumNpcKernelAnim10.cpp	-	-	FElysiumNpc	stay:troika	-	port-only; no base member reaches it
NearMissReactions	field	ElysiumNpcKernelAnim10.inl	-	-	-	FElysiumNpc	stay:troika	-	port-only; no base member reaches it
NearestNavigatorNode	method	ElysiumNpcKernelSenses10.inl	ElysiumNpcKernelSenses10_2.cpp	102edae0	base	FElysiumNpcBase	base	5e	anchor
NetworkChangeState	field	ElysiumNpcKernelEntityChain.inl	-	-	-	FElysiumNpc	stay:troika	-	port-only; no base member reaches it
NeverThinkSentinel	field	ElysiumNpcKernelLifecycle19.inl	-	-	-	FElysiumNpc	stay:troika	-	port-only; no base member reaches it
NewscasterPlayerPresent	method	ElysiumNpcKernelSpeciesMisc10.inl	ElysiumNpcKernelSpeciesMisc10.cpp	101cd9e0	-	FElysiumNpc	stay:troika	-	port-only; no base member reaches it
NextAttackTime	field	ElysiumNpcKernelConditions.inl	-	-	-	FElysiumNpc	stay:troika	-	port-only; no base member reaches it
NextBurnTime	field	ElysiumNpc.h	-	-	troika	FElysiumNpc	stay:troika word	-	
NextCrosswalkUpdateTime	field	ElysiumNpc.h	-	-	troika	FElysiumNpc	stay:troika word	-	
NextDodgeTime	field	ElysiumNpc.h	-	-	troika	FElysiumNpc	stay:troika word	-	
NextDoorUseTime	field	ElysiumNpc.h	-	-	base	FElysiumNpcBase	base	5d	anchor
NextFloatSoundTime	field	ElysiumNpcKernelSounds.inl	-	-	-	FElysiumCombatCharacter	chain:FElysiumCombatCharacter	5d	CBaseCombatCharacter +0x10e8/+0x10ec (field-decisions.tsv, step 5): the base's float-sound body reads them without Troika storage
NextPedInteractTime	field	ElysiumNpc.h	-	-	troika	FElysiumNpc	stay:troika word	-	
NextScheduledTask	method	ElysiumNpcKernelSchedule.inl	ElysiumNpcKernelSchedule.cpp	10280f40	base	FElysiumNpcBase	base	5e	anchor
NextScheduledTaskForMaintenance	method	ElysiumNpcKernelMaintain19.inl	ElysiumNpcKernelMaintain19.cpp	-	-	FElysiumNpc	stay:troika	-	port-only; no base member reaches it
NextWeaponSearchTime	field	ElysiumNpc.h	-	-	base	FElysiumNpcBase	base	5d	anchor
NoDeformExpression	field	ElysiumNpc.h	-	-	troika	FElysiumNpc	stay:troika word	-	
NodeGraphHullIndex	method	ElysiumNpcKernelLifecycle19.inl	ElysiumNpcKernelLifecycle19.cpp	-	-	FElysiumNpc	stay:troika	-	port-only; no base member reaches it
NodeIndexErrorCount	method	ElysiumNpcKernelLifecycle19.inl	ElysiumNpcKernelLifecycle19.cpp	-	-	FElysiumNpc	stay:troika	-	port-only; no base member reaches it
NormalizePoseParameter	method	ElysiumNpcKernelAnim.inl	ElysiumNpcKernelAnim.cpp	100c43e0	-	FElysiumNpc	stay:troika	-	port-only; no base member reaches it
NotifyScatterCenter	method	ElysiumNpcKernelGeometry.inl	ElysiumNpcKernelGeometry.cpp	10269a20	-	FElysiumNpc	stay:troika	-	port-only; no base member reaches it
NotifyWeaponDropped	method	ElysiumNpcKernelCombat10.inl	ElysiumNpcKernelCombat10.cpp	-	-	FElysiumNpc	stay:troika	-	port-only; no base member reaches it
NpcBody	field	ElysiumNpcKernelAnim.inl	-	-	-	FElysiumNpc	stay:troika	-	port-only; no base member reaches it
NpcFlags	field	ElysiumNpc.h	-	-	-	FElysiumNpcBase	base	5d	reached by base BasePreSelectIdealState
NpcInitAddFlags	field	ElysiumNpcKernelLifecycle19.inl	-	-	-	FElysiumNpcBase	base	5d	reached by base BaseNPCInit
NpcInitCollisionMask	field	ElysiumNpcKernelLifecycle19.inl	-	-	-	FElysiumNpcBase	base	5d	reached by base BaseNPCInit
NpcInitHealthSeeds	field	ElysiumNpcKernelLifecycle19.inl	-	-	-	FElysiumNpc	stay:troika	-	port-only; no base member reaches it
NpcInitInlineThinkCalls	field	ElysiumNpcKernelLifecycle19.inl	-	-	-	FElysiumNpcBase	base	5d	reached by base BaseNPCInit
NpcInitThinkDelay	field	ElysiumNpcKernelLifecycle19.inl	-	-	-	FElysiumNpcBase	base	5d	reached by base BaseNPCInit
NpcInitThinkFunction	method	ElysiumNpcKernelLifecycle19.inl	ElysiumNpcKernelLifecycle19.cpp	-	-	FElysiumNpcBase	base	5e	reached by base BaseNPCInit
NpcInitTime	field	ElysiumNpc.h	-	-	base	FElysiumNpcBase	base	5d	anchor
NpcSpeedScale	field	ElysiumNpcKernelLifecycle19.inl	-	-	-	FElysiumNpc	stay:troika	-	port-only; no base member reaches it
NpcStateFlags	method	ElysiumNpc.h	ElysiumNpc.cpp	1026e3e0	base	FElysiumNpcBase	base	5e	anchor
NpcStateRetail	method	ElysiumNpcKernelState19.inl	ElysiumNpcKernelState19.cpp	-	-	FElysiumNpcBase	base	5e	reached by base SetState
NpcStep	method	ElysiumNpc.h	ElysiumNpc.cpp	-	-	FElysiumNpc	stay:troika	-	port-only; no base member reaches it
NthHintOfType	method	ElysiumNpcKernelSquad.inl	ElysiumNpcKernelSquad.cpp	-	-	FElysiumNpc	stay:troika	-	port-only; no base member reaches it
NumFlexControllers	method	ElysiumNpcKernelAnim.inl	ElysiumNpcKernelAnim.cpp	10012530	-	FElysiumNpc	stay:troika	-	port-only; no base member reaches it
NumFlexWeightSlots	field	ElysiumNpcKernelAnim.inl	-	-	-	FElysiumNpc	stay:troika	-	port-only; no base member reaches it
NumFlinchRecords	field	ElysiumNpcKernelAnim.inl	-	-	-	FElysiumNpc	stay:troika	-	port-only; no base member reaches it
NumPatrolPointsForDebug	method	ElysiumNpc.h	-	-	-	FElysiumNpc	stay:troika	-	port-only; no base member reaches it
ObfuscateActLevel	method	ElysiumNpcKernelEntityChain.inl	ElysiumNpcKernelEntityChain.cpp	1017ddd0	-	FElysiumNpc	stay:troika	-	port-only; no base member reaches it
OccludedDelay	field	ElysiumNpc.h	-	-	troika	FElysiumNpc	stay:troika word	-	
OccludedDelayCover	field	ElysiumNpc.h	-	-	troika	FElysiumNpc	stay:troika word	-	
OccludedDelayNormal	field	ElysiumNpc.h	-	-	troika	FElysiumNpc	stay:troika word	-	
OccludedReportTimeE	field	ElysiumNpc.h	-	-	troika	FElysiumNpc	stay:troika word	-	
OccludedReportTimeT	field	ElysiumNpc.h	-	-	troika	FElysiumNpc	stay:troika word	-	
OccludedReportTimeW	field	ElysiumNpc.h	-	-	troika	FElysiumNpc	stay:troika word	-	
OkToDisturb	method	ElysiumNpcKernelMisc.inl	ElysiumNpcKernelMisc.cpp	1028a190	base	FElysiumNpcBase	base	5e	anchor
OnBumped	method	ElysiumNpc.h	ElysiumNpc.cpp	10147690	-	FElysiumNpc	stay:troika	-	port-only; no base member reaches it
OnCopPursuitStart	method	ElysiumNpcKernelConditions.inl	ElysiumNpcKernelConditions.cpp	1017f650	-	FElysiumNpc	stay:troika	-	port-only; no base member reaches it
OnDamageCommitted	method	ElysiumNpc.h	ElysiumNpc.cpp	-	-	FElysiumNpc	stay:troika	-	port-only; no base member reaches it
OnDialogFilePlayed	method	ElysiumNpc.h	ElysiumNpc.cpp	102c0520	troika	FElysiumNpc	stay:troika body	-	
OnDialogRelease	method	ElysiumNpcKernelTroikaHelpers.inl	ElysiumNpcKernelTroikaHelpers2.cpp	102c0360	troika	FElysiumNpc	stay:troika body	-	
OnDoorBlocked	method	ElysiumNpcKernelSenses.inl	ElysiumNpcKernelSenses.cpp	1027de00	base	FElysiumNpcBase	base	5e	anchor
OnDormancyChanged	method	ElysiumNpc.h	ElysiumNpc.cpp	-	-	FElysiumNpc	stay:troika	-	port-only; no base member reaches it
OnHunterPursuitStart	method	ElysiumNpcKernelConditions.inl	ElysiumNpcKernelConditions.cpp	1017f7b0,1017fa40	-	FElysiumNpc	stay:troika	-	port-only; no base member reaches it
OnHunterPursuitStop	method	ElysiumNpcKernelConditions.inl	ElysiumNpcKernelConditions.cpp	1017f830	-	FElysiumNpc	stay:troika	-	port-only; no base member reaches it
OnKilled	method	ElysiumNpc.h	ElysiumNpc.cpp	-	-	FElysiumNpc	stay:troika	-	port-only; no base member reaches it
OnObstructingDoorBase	method	ElysiumNpcKernelMotor.inl	ElysiumNpcKernelMotor.cpp	1027dc80	base	FElysiumNpcBase	base	5e	anchor
OnPostRestore	method	ElysiumNpc.h	ElysiumNpc.cpp	102998c0	troika	FElysiumNpc	stay:troika body	-	
OnPreparedVisualAttached	method	ElysiumNpc.h	-	-	-	FElysiumNpc	stay:troika	-	port-only; no base member reaches it
OnRestoreForwardsCheckUntouch	method	ElysiumNpcKernelLifecycle.inl	ElysiumNpcKernelLifecycle.cpp	100aa5a0	base	FElysiumNpcBase	base	5e	anchor
OnRuntimeModelChanged	method	ElysiumNpc.h	ElysiumNpc.cpp	-	-	FElysiumNpc	stay:troika	-	port-only; no base member reaches it
OnScheduleChange	method	ElysiumNpc.h	ElysiumNpcKernelMaintain19.cpp	102a0940	troika	FElysiumNpc	stay:troika body	-	
OnStateChangeTroika	method	ElysiumNpcKernelConditions.inl	ElysiumNpcKernelConditions.cpp	102ae140	troika	FElysiumNpc	stay:troika body	-	
OnTakeDamageSpecies	method	ElysiumNpcKernelDamage.inl	ElysiumNpcKernelDamage2.cpp	-	-	FElysiumNpc	stay:troika	-	port-only; no base member reaches it
OnTakeDamage_AliveSpecies	method	ElysiumNpcKernelDamage.inl	ElysiumNpcKernelDamage2.cpp	-	-	FElysiumNpc	stay:troika	-	port-only; no base member reaches it
OnTouchStart	method	ElysiumNpcKernelSpeciesLifecycle10.inl	ElysiumNpcKernelSpeciesLifecycle10.cpp	-	-	FElysiumNpc	stay:troika	-	port-only; no base member reaches it
OpenConversation	method	ElysiumNpc.h	-	-	-	FElysiumNpc	stay:troika	-	port-only; no base member reaches it
OpeningDoor	field	ElysiumNpc.h	-	-	base	FElysiumNpcBase	base	5d	anchor
OpeningDoorFacingPoint	method	ElysiumNpcKernelConditions.inl	ElysiumNpcKernelConditions.cpp	-	-	FElysiumNpc	stay:troika	-	port-only; no base member reaches it
OpeningDoorToggleState	method	ElysiumNpcKernelSaveRestore10.inl	ElysiumNpcKernelSaveRestore10.cpp	-	-	FElysiumNpc	stay:troika	-	port-only; no base member reaches it
OutputListDestroys	field	ElysiumNpcKernelSpeciesLifecycle10.inl	-	-	-	FElysiumNpc	stay:troika	-	port-only; no base member reaches it
OwnRetailClass	method	ElysiumNpc.h	ElysiumNpcKernelClassLookup.cpp	-	-	FElysiumNpcBase	base	5c	the retail-class identity API stands on the base: the script directors and the test hull (folds 9-10) answer their own census rows (story-5-execution-plan.md step 5, 5c)
OwnRetailClassDerivesFrom	method	ElysiumNpc.h	ElysiumNpcKernelClassLookup.cpp	-	-	FElysiumNpcBase	base	5c	the retail-class identity API stands on the base: the script directors and the test hull (folds 9-10) answer their own census rows (story-5-execution-plan.md step 5, 5c)
OwnerIsThePlayer	method	ElysiumNpcKernelAnim.inl	ElysiumNpcKernelAnim.cpp	-	-	FElysiumNpc	stay:troika	-	port-only; no base member reaches it
ParentTouchPropagations	field	ElysiumNpcKernelSpeciesLifecycle10.inl	-	-	-	FElysiumNpcBase	base	5d	reached by base BaseEntityTouch
ParseGroupMask	method	ElysiumNpc.h	ElysiumNpc.cpp	102989e0	troika	FElysiumNpc	stay:troika body	-	
PathingHullKind	field	ElysiumNpcKernelMotor.inl	-	-	-	FElysiumNpc	stay:troika	-	port-only; no base member reaches it
PatrolIndex	field	ElysiumNpc.h	-	-	-	FElysiumNpc	stay:troika	-	port-only; no base member reaches it
PatrolNames	field	ElysiumNpc.h	-	-	-	FElysiumNpc	stay:troika	-	port-only; no base member reaches it
PatrolNodeInterestPercent	method	ElysiumNpcKernelBaseHelpers.inl	ElysiumNpcKernelBaseHelpers.cpp	-	-	FElysiumNpc	stay:troika	-	port-only; no base member reaches it
PatrolNodeInterestRecord	method	ElysiumNpcKernelBaseHelpers.inl	ElysiumNpcKernelBaseHelpers.cpp	1029f6c0	troika	FElysiumNpc	stay:troika body	-	
PatrolNodeInterestRecordName	method	ElysiumNpcKernelHints.inl	ElysiumNpcKernelHints.cpp	1029f730	troika	FElysiumNpc	stay:troika body	-	
PatrolOwner	field	ElysiumNpc.h	-	-	-	FElysiumNpc	stay:troika	-	port-only; no base member reaches it
PatrolPath	field	ElysiumNpc.h	-	-	-	FElysiumNpc	stay:troika	-	port-only; no base member reaches it
PatrolPathReleases	field	ElysiumNpcKernelLifecycle19.inl	-	-	-	FElysiumNpc	stay:troika	-	port-only; no base member reaches it
PatrolPathRevalidations	field	ElysiumNpcKernelLifecycle19.inl	-	-	-	FElysiumNpc	stay:troika	-	port-only; no base member reaches it
PatrolPoints	field	ElysiumNpc.h	-	-	troika	FElysiumNpc	stay:troika word	-	
PatrolType	field	ElysiumNpc.h	-	-	-	FElysiumNpc	stay:troika	-	port-only; no base member reaches it
PedLinkRebinds	field	ElysiumNpcKernelLifecycle19.inl	-	-	-	FElysiumNpc	stay:troika	-	port-only; no base member reaches it
PedestrianCrimeReports	field	ElysiumNpcKernelState19.inl	-	-	-	FElysiumNpc	stay:troika	-	port-only; no base member reaches it
PedestrianWeaponCrimeLevel	field	ElysiumNpcKernelState19.inl	-	-	-	FElysiumNpc	stay:troika	-	port-only; no base member reaches it
PeekOutCount	field	ElysiumNpc.h	-	-	troika	FElysiumNpc	stay:troika word	-	
PendingDialogEventScript	field	ElysiumNpcKernelEntityChain.inl	-	-	-	FElysiumNpc	stay:troika	-	port-only; no base member reaches it
PercentOccludedChase	field	ElysiumNpc.h	-	-	troika	FElysiumNpc	stay:troika word	-	
PercentOccludedCover	field	ElysiumNpc.h	-	-	troika	FElysiumNpc	stay:troika word	-	
PercentOccludedFlank	field	ElysiumNpc.h	-	-	troika	FElysiumNpc	stay:troika word	-	
PercentOccludedWait	field	ElysiumNpc.h	-	-	troika	FElysiumNpc	stay:troika word	-	
PercentOccludedWalk	field	ElysiumNpc.h	-	-	troika	FElysiumNpc	stay:troika word	-	
PerceptionRecomputes	field	ElysiumNpcKernelSocial10.inl	-	-	-	FElysiumNpc	stay:troika	-	port-only; no base member reaches it
PerformMovement	method	ElysiumNpcKernelMotor.inl	ElysiumNpcKernelMotor.cpp	1026c120	base	FElysiumNpcBase	base	5e	anchor
PhysicsObjectIsStandable	method	ElysiumNpcKernelEntityChain.inl	ElysiumNpcKernelEntityChain.cpp	100b5110	-	FElysiumNpc	stay:troika	-	port-only; no base member reaches it
PhysicsObjectPosition	method	ElysiumNpcKernelEntityChain.inl	ElysiumNpcKernelEntityChain.cpp	100b4f30	base	FElysiumNpcBase	base	5e	anchor
PhysicsUpdateCalls	field	ElysiumNpcKernelEntityChain.inl	-	-	-	FElysiumNpc	stay:troika	-	port-only; no base member reaches it
PlCriminalAttack	field	ElysiumNpc.h	-	-	troika	FElysiumNpc	stay:troika word	-	
PlCriminalFlee	field	ElysiumNpc.h	-	-	troika	FElysiumNpc	stay:troika word	-	
PlInvestigate	field	ElysiumNpc.h	-	-	troika	FElysiumNpc	stay:troika word	-	
PlSupernaturalAttack	field	ElysiumNpc.h	-	-	troika	FElysiumNpc	stay:troika word	-	
PlSupernaturalFlee	field	ElysiumNpc.h	-	-	troika	FElysiumNpc	stay:troika word	-	
PlayActivity	method	ElysiumNpc.h	ElysiumNpc.cpp	-	-	FElysiumNpc	stay:troika	-	port-only; no base member reaches it
PlayAmbientActivity	method	ElysiumNpc.h	ElysiumNpc.cpp	-	-	FElysiumNpc	stay:troika	-	port-only; no base member reaches it
PlayDeathActivity	method	ElysiumNpc.h	ElysiumNpc.cpp	-	-	FElysiumNpc	stay:troika	-	port-only; no base member reaches it
PlayHintIdleActivity	method	ElysiumNpcKernelHints.inl	ElysiumNpcKernelHints.cpp	102aaa60	troika	FElysiumNpc	stay:troika body	-	
PlayInstancedScene	method	ElysiumNpcKernelAnim.inl	ElysiumNpcKernelAnim.cpp	10084b40	-	FElysiumNpc	stay:troika	-	port-only; no base member reaches it
PlayReaction	method	ElysiumNpcKernelAnim10.inl	ElysiumNpcKernelAnim10.cpp	-	-	FElysiumNpc	stay:troika	-	port-only; no base member reaches it
PlayerAnimEndTime	field	ElysiumNpcKernelEntityChain.inl	-	-	-	FElysiumNpc	stay:troika	-	port-only; no base member reaches it
PlayerAnimFallbackDuration	method	ElysiumNpcKernelEntityChain.inl	ElysiumNpcKernelEntityChain2.cpp	-	-	FElysiumNpc	stay:troika	-	port-only; no base member reaches it
PlayerAnimFlags	field	ElysiumNpcKernelEntityChain.inl	-	-	-	FElysiumNpc	stay:troika	-	port-only; no base member reaches it
PlayerAnimLeadIn	method	ElysiumNpcKernelEntityChain.inl	ElysiumNpcKernelEntityChain2.cpp	-	-	FElysiumNpc	stay:troika	-	port-only; no base member reaches it
PlayerAnimNameBuffer	field	ElysiumNpcKernelEntityChain.inl	-	-	-	FElysiumNpc	stay:troika	-	port-only; no base member reaches it
PlayerControllerNPCInit	method	ElysiumNpcKernelLifecycle19.inl	ElysiumNpcKernelLifecycle19_2.cpp	-	-	FElysiumNpc	stay:troika	-	port-only; no base member reaches it
PlayerControllerOf	method	ElysiumNpcKernelLifecycle.inl	ElysiumNpcKernelLifecycle.cpp	-	-	FElysiumNpc	stay:troika	-	port-only; no base member reaches it
PlayerCopsInPursuitCount	method	ElysiumNpcKernelDebug10.inl	ElysiumNpcKernelDebug10.cpp	1017f770	-	FElysiumNpc	stay:troika	-	port-only; no base member reaches it
PlayerHeightenedAlert	method	ElysiumNpcKernelDebug10.inl	ElysiumNpcKernelDebug10.cpp	1017f8d0	-	FElysiumNpc	stay:troika	-	port-only; no base member reaches it
PlayerInLineOfFire	method	ElysiumNpcKernelSenses10.inl	ElysiumNpcKernelSenses10.cpp	10266b10	-	FElysiumNpc	stay:troika	-	port-only; no base member reaches it
PlayerInventorySlot0	method	ElysiumNpcKernelSpeciesMisc10.inl	ElysiumNpcKernelSpeciesMisc10.cpp	1015d680	base	FElysiumNpcBase	base	5e	anchor
PlayerReaction	field	ElysiumNpc.h	-	-	troika	FElysiumNpc	stay:troika word	-	
PoseParameter01	method	ElysiumNpcKernelDebug10.inl	ElysiumNpcKernelDebug10.cpp	1000108c	-	FElysiumNpc	stay:troika	-	port-only; no base member reaches it
PoseParameterWrites	field	ElysiumNpcKernelFacing.inl	-	-	-	FElysiumNpc	stay:troika	-	port-only; no base member reaches it
PostConstructorCalls	field	ElysiumNpcKernelSaveRestore10.inl	-	-	-	FElysiumNpc	stay:troika	-	port-only; no base member reaches it
PostConstructorName	field	ElysiumNpcKernelSaveRestore10.inl	-	-	-	FElysiumNpc	stay:troika	-	port-only; no base member reaches it
PostRestorePathRefinds	field	ElysiumNpcKernelLifecycle19.inl	-	-	-	FElysiumNpcBase	base	5d	reached by base RefindPostRestorePath
PostRun	method	ElysiumNpcKernelMotor.inl	ElysiumNpcKernelMotor.cpp	1026c7c0	base	FElysiumNpcBase	base	5e	anchor
PrayerActivityId	field	ElysiumNpcKernelCombat10.inl	-	-	-	FElysiumNpc	stay:troika	-	port-only; no base member reaches it
PreOpenDoorActivity	field	ElysiumNpc.h	-	-	troika	FElysiumNpc	stay:troika word	-	
PreSelectIdealStateRetail	method	ElysiumNpcKernelCombat10.inl	ElysiumNpcKernelCombat10.cpp	102ad340	troika	FElysiumNpc	stay:troika body	-	
PreTranslatePredicate	method	ElysiumNpcKernelAnim10.inl	ElysiumNpcKernelAnim10.cpp	-	-	FElysiumNpc	stay:troika	-	port-only; no base member reaches it
PrecacheDirectory	method	ElysiumNpcKernelPrecache10.inl	ElysiumNpcKernelPrecache10.cpp	101d0f10	-	FElysiumNpc	stay:troika	-	port-only; no base member reaches it
PrecacheLog	field	ElysiumNpcKernelPrecache10.inl	-	-	-	FElysiumNpc	stay:troika	-	port-only; no base member reaches it
PrepareBodyForDialogue	method	ElysiumNpc.h	ElysiumNpc.cpp	-	-	FElysiumNpc	stay:troika	-	port-only; no base member reaches it
PrepareScheduleReselect	method	ElysiumNpcKernelMaintain19.inl	ElysiumNpcKernelMaintain19.cpp	-	-	FElysiumNpc	stay:troika	-	port-only; no base member reaches it
PrevAnimTime	field	ElysiumNpcKernelAnim.inl	-	-	-	FElysiumNpc	stay:troika	-	port-only; no base member reaches it
PromoteCriminalWindowNpcs	method	ElysiumNpcKernelConditions.inl	ElysiumNpcKernelConditions.cpp	102ae840	troika	FElysiumNpc	stay:troika body	-	
PumpStateChange	method	ElysiumNpc.h	ElysiumNpc.cpp	-	-	FElysiumNpc	stay:troika	-	port-only; no base member reaches it
PythonDialogCalls	field	ElysiumNpcKernelAnim.inl	-	-	-	FElysiumNpc	stay:troika	-	port-only; no base member reaches it
PythonInteropObject	method	ElysiumNpcKernelEntityChain.inl	ElysiumNpcKernelEntityChain.cpp	-	-	FElysiumNpc	stay:troika	-	port-only; no base member reaches it
QueuedBurnDamage	field	ElysiumNpc.h	-	-	troika	FElysiumNpc	stay:troika word	-	
RagdollBonePosition	method	ElysiumNpcKernelBosses.inl	ElysiumNpcKernelBosses.cpp	-	-	FElysiumNpc	stay:troika	-	port-only; no base member reaches it
RagdollElementForBone	method	ElysiumNpcKernelBosses.inl	ElysiumNpcKernelBosses.cpp	1057fff0	-	FElysiumNpc	stay:troika	-	port-only; no base member reaches it
RandomSeconds	method	ElysiumNpc.h	ElysiumNpc.cpp	10283dae	base	FElysiumNpcBase	base	5e	anchor
RangeAttack1	method	ElysiumNpc.h	ElysiumNpc.cpp	-	-	FElysiumNpc	stay:troika	-	port-only; no base member reaches it
RangedDamagePerVictim	method	ElysiumNpcKernelSounds10.inl	ElysiumNpcKernelSounds10.cpp	-	-	FElysiumNpc	stay:troika	-	port-only; no base member reaches it
RangedDamagePerVictimCalls	field	ElysiumNpcKernelSounds10.inl	-	-	-	FElysiumNpc	stay:troika	-	port-only; no base member reaches it
RangedDisciplineGate	method	ElysiumNpcKernelCombat10.inl	ElysiumNpcKernelCombat10_2.cpp	101e3f50	-	FElysiumNpc	stay:troika	-	port-only; no base member reaches it
RangedGateConVarEnabled	method	ElysiumNpcKernelCombat10.inl	ElysiumNpcKernelCombat10_2.cpp	-	-	FElysiumNpc	stay:troika	-	port-only; no base member reaches it
RangedReloadPrepCalls	field	ElysiumNpcKernelCombat10.inl	-	-	-	FElysiumNpc	stay:troika	-	port-only; no base member reaches it
RangedWeaponPrePass	method	ElysiumNpcKernelCombat10.inl	ElysiumNpcKernelCombat10_2.cpp	102b8626	troika	FElysiumNpc	stay:troika body	-	
RecomputePerceptionDistances	method	ElysiumNpcKernelSocial10.inl	ElysiumNpcKernelSocial10.cpp	-	-	FElysiumNpc	stay:troika	-	port-only; no base member reaches it
ReconnectToSquad	method	ElysiumNpc.h	ElysiumNpc.cpp	10009601,1026d0c0	base	FElysiumNpcBase	base	5e	anchor
RecordCriminalWitness	method	ElysiumNpcKernelSenses.inl	ElysiumNpcKernelSenses.cpp	1028ea60	troika	FElysiumNpc	stay:troika body	-	
RecordDetectedAttack	method	ElysiumNpcKernelTroikaHelpers.inl	ElysiumNpcKernelTroikaHelpers2.cpp	102bf560	troika	FElysiumNpc	stay:troika body	-	
RecordScheduleEvent	method	ElysiumNpc.h	ElysiumNpc.cpp	-	-	FElysiumNpc	stay:troika	-	port-only; no base member reaches it
RecordSupernaturalWitness	method	ElysiumNpcKernelSenses.inl	ElysiumNpcKernelSenses.cpp	1028eb30	troika	FElysiumNpc	stay:troika body	-	
RedirectDetectedAttacker	method	ElysiumNpcKernelTroikaHelpers.inl	ElysiumNpcKernelTroikaHelpers.cpp	102707d0	base	FElysiumNpcBase	base	5e	anchor
RefindPostRestorePath	method	ElysiumNpcKernelLifecycle19.inl	ElysiumNpcKernelLifecycle19.cpp	102ee1e0	base	FElysiumNpcBase	base	5e	anchor
RefreshCombatConditions	method	ElysiumNpcKernelConditions.inl	ElysiumNpcKernelConditions.cpp	102b2570	troika	FElysiumNpc	stay:troika body	-	
RefreshIdealStateForMaintenance	method	ElysiumNpcKernelMaintain19.inl	ElysiumNpcKernelMaintain19.cpp	1026f4d0	base	FElysiumNpcBase	base	5e	anchor
RefreshOccludedCondition	method	ElysiumNpcKernelConditions.inl	ElysiumNpcKernelConditions.cpp	1028e700	troika	FElysiumNpc	stay:troika body	-	
RejectsAllDamage	method	ElysiumNpc.h	-	-	-	FElysiumNpc	stay:troika	-	port-only; no base member reaches it
RelationshipLineCandidates	method	ElysiumNpcKernelDebug10.inl	ElysiumNpcKernelDebug10_2.cpp	100f8490	-	FElysiumNpc	stay:troika	-	port-only; no base member reaches it
Relationships	field	ElysiumNpc.h	-	-	-	FElysiumNpcBase	base	5d	reached by base IRelationPriorityOf
RelativeEyeTarget	field	ElysiumNpc.h	-	-	base	FElysiumNpcBase	base	5d	anchor
ReleaseAllBodyOwnership	method	ElysiumNpc.h	ElysiumNpc.cpp	-	-	FElysiumNpc	stay:troika	-	port-only; no base member reaches it
ReleaseControllerNpc	method	ElysiumNpcKernelEntityChain.inl	ElysiumNpcKernelEntityChain2.cpp	101618e0	-	FElysiumNpc	stay:troika	-	port-only; no base member reaches it
ReleaseHintNode	method	ElysiumNpcKernelHints.inl	ElysiumNpcKernelHints.cpp	102d1420	base	FElysiumNpcBase	base	5e	anchor
ReleaseMotorHintYaw	method	ElysiumNpcKernelHints.inl	ElysiumNpcKernelHints.cpp	102e1e20	base	FElysiumNpcBase	base	5e	anchor
ReleaseProgramBody	method	ElysiumNpc.h	ElysiumNpc.cpp	-	-	FElysiumNpc	stay:troika	-	port-only; no base member reaches it
ReleaseSceneEvent	method	ElysiumNpcKernelEntityChain.inl	ElysiumNpcKernelEntityChain.cpp	-	-	FElysiumNpc	stay:troika	-	port-only; no base member reaches it
ReleaseScheduleBody	method	ElysiumNpc.h	ElysiumNpc.cpp	-	-	FElysiumNpc	stay:troika	-	port-only; no base member reaches it
ReleaseScriptBody	method	ElysiumNpc.h	ElysiumNpc.cpp	-	-	FElysiumNpc	stay:troika	-	port-only; no base member reaches it
ReleaseScriptMove	method	ElysiumNpc.h	ElysiumNpc.cpp	-	-	FElysiumNpc	stay:troika	-	port-only; no base member reaches it
ReleaseScriptedScheduleBody	method	ElysiumNpc.h	ElysiumNpc.cpp	-	-	FElysiumNpc	stay:troika	-	port-only; no base member reaches it
ReleaseSequenceBody	method	ElysiumNpc.h	ElysiumNpc.cpp	-	-	FElysiumNpc	stay:troika	-	port-only; no base member reaches it
RememberContinuousMove	method	ElysiumNpcKernelMaintain19.inl	ElysiumNpcKernelMaintain19.cpp	-	-	FElysiumNpc	stay:troika	-	port-only; no base member reaches it
RememberFact	method	ElysiumNpc.h	ElysiumNpc.cpp	-	-	FElysiumNpc	stay:troika	-	port-only; no base member reaches it
RememberScaredNpc	method	ElysiumNpcKernelEntityChain.inl	ElysiumNpcKernelEntityChain.cpp	1017fd60	-	FElysiumNpc	stay:troika	-	port-only; no base member reaches it
RememberUnreachable	method	ElysiumNpcKernelBaseHelpers.inl	ElysiumNpcKernelBaseHelpers.cpp	10274080	base	FElysiumNpcBase	base	5e	anchor
RemoveCopInPursuit	method	ElysiumNpcKernelEntityChain.inl	ElysiumNpcKernelEntityChain.cpp	1017f6e0	-	FElysiumNpc	stay:troika	-	port-only; no base member reaches it
RemoveExtraAnimationModelsPlayerController	method	ElysiumNpcKernelAnim.inl	ElysiumNpcKernelAnim.cpp	103a4a60	-	FElysiumNpc	stay:troika	-	port-only; no base member reaches it
RemoveFromSquad	method	ElysiumNpcKernelSquad.inl	ElysiumNpcKernelSquad.cpp	103158f0	-	FElysiumNpc	stay:troika	-	port-only; no base member reaches it
RemoveListenerEntity	method	ElysiumNpcKernelEntityChain.inl	ElysiumNpcKernelEntityChain.cpp	100f6e40	-	FElysiumNpc	stay:troika	-	port-only; no base member reaches it
RemoveNamedEntity	method	ElysiumNpcKernelDamage.inl	ElysiumNpcKernelDamage.cpp	-	-	FElysiumNpc	stay:troika	-	port-only; no base member reaches it
RemoveNamedFightingItem	method	ElysiumNpcKernelCombat10.inl	ElysiumNpcKernelCombat10.cpp	1021fee0	-	FElysiumNpc	stay:troika	-	port-only; no base member reaches it
RemovePhysAnimlink	method	ElysiumNpcKernelBosses.inl	ElysiumNpcKernelBosses.cpp	-	-	FElysiumNpc	stay:troika	-	port-only; no base member reaches it
RemovedEntities	field	ElysiumNpcKernelDamage.inl	-	-	-	FElysiumNpc	stay:troika	-	port-only; no base member reaches it
RenderMode	field	ElysiumNpcKernelDamage.inl	-	-	-	FElysiumNpc	stay:troika	-	port-only; no base member reaches it
ReplayDeferredScriptedOrder	method	ElysiumNpc.h	ElysiumNpc.cpp	-	-	FElysiumNpc	stay:troika	-	port-only; no base member reaches it
RepointEnemyMemoryToSquad	method	ElysiumNpcKernelSquad.inl	ElysiumNpcKernelSquad.cpp	1029a930	troika	FElysiumNpc	stay:troika body	-	
ReportedStepSurfacesWithoutPool	field	ElysiumNpc.h	-	-	-	FElysiumNpc	stay:troika	-	port-only; no base member reaches it
RequestClearSchedule	method	ElysiumNpc.h	-	-	-	FElysiumNpc	stay:troika	-	port-only; no base member reaches it
RequestFleeDesiredState	method	ElysiumNpcKernelConditions.inl	ElysiumNpcKernelConditions.cpp	10269d30	-	FElysiumNpc	stay:troika	-	port-only; no base member reaches it
RerollDroppedWeaponAmmo	method	ElysiumNpcKernelCombat10.inl	ElysiumNpcKernelCombat10.cpp	1032cf0a	base	FElysiumNpcBase	base	5e	anchor
ResetAllThinkStamps	method	ElysiumNpc.h	-	-	-	FElysiumNpc	stay:troika	-	port-only; no base member reaches it
ResetDeathThrowImpulse	method	ElysiumNpcKernelDamage.inl	ElysiumNpcKernelDamage.cpp	-	-	FElysiumNpc	stay:troika	-	port-only; no base member reaches it
ResetFakeReloadCount	method	ElysiumNpcKernelConditions10.inl	ElysiumNpcKernelConditions10.cpp	102c54c0	troika	FElysiumNpc	stay:troika body	-	
ResetManBatStationaryWatch	method	ElysiumNpcKernelBosses.inl	ElysiumNpcKernelBosses.cpp	-	-	FElysiumNpc	stay:troika	-	port-only; no base member reaches it
ResetSequenceInfo	method	ElysiumNpcKernelAnim.inl	ElysiumNpcKernelAnim.cpp	10090950	base	FElysiumNpcBase	base	5e	anchor
ResetSpeciesSuspectGlobals	method	ElysiumNpcKernelSenses10.inl	ElysiumNpcKernelSenses10.cpp	-	-	FElysiumNpc	stay:troika	-	port-only; no base member reaches it
ResetThinkTimers	method	ElysiumNpc.h	ElysiumNpc.cpp	102c23f0	troika	FElysiumNpc	stay:troika body	-	
ResistsFeeding	method	ElysiumNpc.h	ElysiumNpc.cpp	-	-	FElysiumNpc	stay:troika	-	port-only; no base member reaches it
ResolveActivityToSequence	method	ElysiumNpcKernelAnim.inl	ElysiumNpcKernelAnim.cpp	10272130	base	FElysiumNpcBase	base	5e	anchor
ResolveCameraTargetEntity	method	ElysiumNpcKernelEntityChain.inl	ElysiumNpcKernelEntityChain2.cpp	1017d680	-	FElysiumNpc	stay:troika	-	port-only; no base member reaches it
ResolveCombatStartActivity	method	ElysiumNpcKernelLifecycle19.inl	ElysiumNpcKernelLifecycle19.cpp	1029f340	troika	FElysiumNpc	stay:troika body	-	
ResolveDispositionActivity	method	ElysiumNpcKernelAnim.inl	ElysiumNpcKernelAnim.cpp	10295a80	troika	FElysiumNpc	stay:troika body	-	
ResolveIdealScheduleStamp	method	ElysiumNpcKernelSchedule.inl	ElysiumNpcKernelSchedule.cpp	10280de0	base	FElysiumNpcBase	base	5e	anchor
ResolveLinkActivity	method	ElysiumNpcKernelMotor.inl	ElysiumNpcKernelMotor.cpp	1027a6c0	base	FElysiumNpcBase	base	5e	anchor
ResolveLoadout	method	ElysiumNpc.h	ElysiumNpc.cpp	-	-	FElysiumNpc	stay:troika	-	port-only; no base member reaches it
ResolveNamedMaster	method	ElysiumNpcKernelSquad.inl	ElysiumNpcKernelSquad.cpp	101a8130	-	FElysiumNpc	stay:troika	-	port-only; no base member reaches it
ResolvePatrolInterestPlace	method	ElysiumNpcKernelHints.inl	ElysiumNpcKernelHints.cpp	1029f780	troika	FElysiumNpc	stay:troika body	-	
ResolvePatrolPoints	method	ElysiumNpc.h	ElysiumNpc.cpp	-	-	FElysiumNpc	stay:troika	-	port-only; no base member reaches it
ResolvePedestrianPathNode	method	ElysiumNpcKernelDialogue.inl	ElysiumNpcKernelDialogue.cpp	102a0bc0	troika	FElysiumNpc	stay:troika body	-	
ResolveScheduleId	method	ElysiumNpc.h	ElysiumNpcKernelEntityChain.cpp	102cc260	base	FElysiumNpcBase	base	5e	anchor
ResolveStanceTableRow	method	ElysiumNpcKernelAnim10.inl	ElysiumNpcKernelAnim10.cpp	-	-	FElysiumNpc	stay:troika	-	port-only; no base member reaches it
ResolveStandingOnHead	method	ElysiumNpcKernelGeometry.inl	ElysiumNpcKernelGeometry.cpp	102bf820	troika	FElysiumNpc	stay:troika body	-	
ResolveUseIcon	method	ElysiumNpc.h	-	-	-	FElysiumNpc	stay:troika	-	port-only; no base member reaches it
RestampPatrolToken	method	ElysiumNpc.h	ElysiumNpc.cpp	-	-	FElysiumNpc	stay:troika	-	port-only; no base member reaches it
RestartIdealActivityId	method	ElysiumNpcKernelHints.inl	ElysiumNpcKernelHints.cpp	10289ee0	base	FElysiumNpcBase	base	5e	anchor
RestartRestoredSchedule	method	ElysiumNpc.h	ElysiumNpc.cpp	-	-	FElysiumNpc	stay:troika	-	port-only; no base member reaches it
RestoreDeathBodyState	method	ElysiumNpc.h	ElysiumNpc.cpp	-	-	FElysiumNpc	stay:troika	-	port-only; no base member reaches it
RestoreDisciplineState	method	ElysiumNpc.h	ElysiumNpc.cpp	-	-	FElysiumNpc	stay:troika	-	port-only; no base member reaches it
RestoreExtendedHeader	method	ElysiumNpcKernelLifecycle.inl	ElysiumNpcKernelLifecycle.cpp	1027c160	base	FElysiumNpcBase	base	5e	anchor
RestoreGiveUp	method	ElysiumNpcKernelLifecycle19.inl	ElysiumNpcKernelLifecycle19.cpp	1027be60	base	FElysiumNpcBase	base	5e	anchor
RestoreMindState	method	ElysiumNpc.h	ElysiumNpc.cpp	-	-	FElysiumNpc	stay:troika	-	port-only; no base member reaches it
RestoreNormalHull	method	ElysiumNpcKernelSenses10.inl	ElysiumNpcKernelSenses10.cpp	10273070	base	FElysiumNpcBase	base	5e	anchor
RestorePatrolAndAmbient	method	ElysiumNpc.h	ElysiumNpc.cpp	1029f610	troika	FElysiumNpc	stay:troika body	-	
RestorePedLinkDestNode	field	ElysiumNpc.h	-	-	troika	FElysiumNpc	stay:troika word	-	
RestorePedLinkNode	field	ElysiumNpc.h	-	-	troika	FElysiumNpc	stay:troika word	-	
RestorePlaceRejections	field	ElysiumNpcKernelLifecycle19.inl	-	-	-	FElysiumNpc	stay:troika	-	port-only; no base member reaches it
RestorePlaceScans	field	ElysiumNpcKernelLifecycle19.inl	-	-	-	FElysiumNpc	stay:troika	-	port-only; no base member reaches it
RestoreReadBool	method	ElysiumNpcKernelSaveRestore10.inl	ElysiumNpcKernelSaveRestore10.cpp	-	-	FElysiumNpc	stay:troika	-	port-only; no base member reaches it
RestoreReadInt	method	ElysiumNpcKernelSaveRestore10.inl	ElysiumNpcKernelSaveRestore10.cpp	-	-	FElysiumNpc	stay:troika	-	port-only; no base member reaches it
RestoreTaskIndexCeiling	field	ElysiumNpcKernelLifecycle19.inl	-	-	-	FElysiumNpcBase	base	5d	reached by base BaseOnRestore
RestoredMindOwner	field	ElysiumNpc.h	-	-	-	FElysiumNpc	stay:troika	-	port-only; no base member reaches it
RestoredMindState	field	ElysiumNpc.h	-	-	-	FElysiumNpc	stay:troika	-	port-only; no base member reaches it
ResumeScheduledMove	method	ElysiumNpcKernelMotor.inl	ElysiumNpcKernelMotor.cpp	102bf7e0	troika	FElysiumNpc	stay:troika body	-	
RetailAddUsedHullBits	method	ElysiumNpcKernelMotor10.inl	ElysiumNpcKernelMotor10.cpp	-	-	FElysiumNpc	stay:troika	-	port-only; no base member reaches it
RetailAlternateHullKind	method	ElysiumNpcKernelDebug10.inl	ElysiumNpcKernelDebug10.cpp	-	-	FElysiumNpc	stay:troika	-	port-only; no base member reaches it
RetailBodyTargetUnits	method	ElysiumNpcKernelDebug10.inl	ElysiumNpcKernelDebug10_2.cpp	-	-	FElysiumNpc	stay:troika	-	port-only; no base member reaches it
RetailBonePosition	method	ElysiumNpcKernelDebug10.inl	ElysiumNpcKernelDebug10.cpp	1000f263	-	FElysiumNpc	stay:troika	-	port-only; no base member reaches it
RetailClass	method	ElysiumNpc.h	ElysiumNpcKernelClassLookup.cpp	-	-	FElysiumNpcBase	base	5c	the retail-class identity API stands on the base: the script directors and the test hull (folds 9-10) answer their own census rows (story-5-execution-plan.md step 5, 5c)
RetailClassForTests	field	ElysiumNpc.h	-	-	-	FElysiumNpcBase	base	5c	the retail-class identity API stands on the base: the script directors and the test hull (folds 9-10) answer their own census rows (story-5-execution-plan.md step 5, 5c)
RetailClearUsedHullBits	method	ElysiumNpcKernelMotor10.inl	ElysiumNpcKernelMotor10.cpp	-	-	FElysiumNpc	stay:troika	-	port-only; no base member reaches it
RetailCollisionExtents	method	ElysiumNpcKernelMotor.inl	ElysiumNpcKernelMotor.cpp	-	-	FElysiumNpcBase	base	5e	reached by base SetDefaultEyeOffset
RetailDerivedType	method	ElysiumNpcKernelMotor.inl	ElysiumNpcKernelMotor.cpp	-	-	FElysiumNpc	stay:troika	-	port-only; no base member reaches it
RetailDoorToggleState	method	ElysiumNpcKernelMotor10.inl	ElysiumNpcKernelMotor10.cpp	102984a0	troika	FElysiumNpc	stay:troika body	-	
RetailFieldOfViewDot	method	ElysiumNpcKernelDebug10.inl	ElysiumNpcKernelDebug10.cpp	-	-	FElysiumNpc	stay:troika	-	port-only; no base member reaches it
RetailGetAnglesDegrees	method	ElysiumNpcKernelMotor10.inl	ElysiumNpcKernelMotor10.cpp	100b3110	base	FElysiumNpcBase	base	5e	anchor
RetailGroundSpeed	method	ElysiumNpcKernelDebug10.inl	ElysiumNpcKernelDebug10.cpp	-	-	FElysiumNpc	stay:troika	-	port-only; no base member reaches it
RetailHullBits	method	ElysiumNpcKernelMotor10.inl	ElysiumNpcKernelMotor10.cpp	102d6210	-	FElysiumNpcBase	base	5e	reached by base SetHullSizeNormal
RetailHullExtents	method	ElysiumNpcKernelMotor.inl	ElysiumNpcKernelMotor.cpp	-	-	FElysiumNpcBase	base	5e	reached by base DrawEnemyMemoryOverlays
RetailHullName	method	ElysiumNpcKernelMotor10.inl	ElysiumNpcKernelMotor10.cpp	102d6230	-	FElysiumNpcBase	base	5e	reached by base SetHullSizeNormal
RetailIsStandable	method	ElysiumNpcKernelMotor.inl	ElysiumNpcKernelMotor.cpp	100b50a0	base	FElysiumNpcBase	base	5e	anchor
RetailLastDamageInfoWord40	method	ElysiumNpcKernelDebug10.inl	ElysiumNpcKernelDebug10.cpp	101c2a30	-	FElysiumNpc	stay:troika	-	port-only; no base member reaches it
RetailMoveCollide	field	ElysiumNpcKernelMotor10.inl	-	-	-	FElysiumNpc	stay:troika	-	port-only; no base member reaches it
RetailMoveType	field	ElysiumNpcKernelMotor10.inl	-	-	-	FElysiumNpc	stay:troika	-	port-only; no base member reaches it
RetailNameMatches	method	ElysiumNpcKernelBosses.inl	ElysiumNpcKernelBosses.cpp	10006c4e	-	FElysiumNpc	stay:troika	-	port-only; no base member reaches it
RetailNavType	method	ElysiumNpcKernelDebug.inl	ElysiumNpcKernelDebug.cpp	1027d990	-	FElysiumNpcBase	base	5e	reached by base BaseDrawDebugTextOverlays
RetailSolidFlags	field	ElysiumNpcKernelMotor10.inl	-	-	-	FElysiumNpc	stay:troika	-	port-only; no base member reaches it
RetailSolidSets	field	ElysiumNpcKernelMotor10.inl	-	-	-	FElysiumNpc	stay:troika	-	port-only; no base member reaches it
RetailSolidType	field	ElysiumNpcKernelMotor10.inl	-	-	-	FElysiumNpc	stay:troika	-	port-only; no base member reaches it
RetailStandoffAnchorUnits	method	ElysiumNpcKernelDebug10.inl	ElysiumNpcKernelDebug10_2.cpp	10278650	base	FElysiumNpcBase	base	5e	anchor
RetailUsedHullBits	method	ElysiumNpcKernelMotor10.inl	ElysiumNpcKernelMotor10.cpp	-	-	FElysiumNpcBase	base	5e	reached by base SetHullSizeNormal
RetailWorldSpaceCenterUnits	method	ElysiumNpcKernelDebug10.inl	ElysiumNpcKernelDebug10_2.cpp	-	-	FElysiumNpc	stay:troika	-	port-only; no base member reaches it
RetailYawConVarValue	method	ElysiumNpcKernelMotor.inl	ElysiumNpcKernelMotor.cpp	-	-	FElysiumNpc	stay:troika	-	port-only; no base member reaches it
RetailYawConVars	method	ElysiumNpcKernelMotor.inl	ElysiumNpcKernelMotor.cpp	-	-	FElysiumNpc	stay:troika	-	port-only; no base member reaches it
RewriteAngleKey	method	ElysiumNpcKernelLifecycle.inl	ElysiumNpcKernelLifecycle.cpp	1009e430	base	FElysiumNpcBase	base	5e	anchor
Right	field	ElysiumNpc.h	-	-	troika	FElysiumNpc	stay:troika word	-	
RouteNavType	method	ElysiumNpcKernelMotor10.inl	ElysiumNpcKernelMotor10.cpp	-	-	FElysiumNpcBase	base	5e	reached by base NavigatorMoveGate
RunAdmissionBarrier	method	ElysiumNpc.h	ElysiumNpc.cpp	-	-	FElysiumNpc	stay:troika	-	port-only; no base member reaches it
RunAi	method	ElysiumNpc.h	ElysiumNpc.cpp	1026f110	base	FElysiumNpc	stay:transitional	-	port MaintainSchedule routing (dialog/script/policy/autonomous arms) replaces base RunAI 0x1026f110's MaintainSchedule; the Troika override owns the whole tail while it exists (calling the base too would run MaintainSchedule twice)
RunAlternateAi	method	ElysiumNpc.h	ElysiumNpc.cpp	1028fd80,10290040	troika	FElysiumNpc	stay:troika body	-	
RunAlternateAiDoorMode4	method	ElysiumNpcKernelSaveRestore10.inl	ElysiumNpcKernelSaveRestore10.cpp	10290350	troika	FElysiumNpc	stay:troika body	-	
RunAlternateAiOpeningDoor	method	ElysiumNpcKernelConditions.inl	ElysiumNpcKernelConditions.cpp	-	-	FElysiumNpc	stay:troika	-	port-only; no base member reaches it
RunConditionPass	method	ElysiumNpc.h	ElysiumNpc.cpp	1026f110	base	FElysiumNpc	stay:transitional	-	reaches Troika state: Senses.Tick
RunInterestingPlaceLoop	method	ElysiumNpcKernelHints.inl	ElysiumNpcKernelHints.cpp	102aa210	troika	FElysiumNpc	stay:troika body	-	
RunPath	method	ElysiumNpc.h	ElysiumNpc.cpp	-	-	FElysiumNpc	stay:troika	-	port-only; no base member reaches it
RunPatrolPathTask	method	ElysiumNpc.h	ElysiumNpc.cpp	102a594d	troika	FElysiumNpc	stay:troika body	-	
RunPrayerPulse	method	ElysiumNpcKernelCombat10.inl	ElysiumNpcKernelCombat10.cpp	1033b673	-	FElysiumNpc	stay:troika	-	port-only; no base member reaches it
RunSpecialIdleActivity	method	ElysiumNpc.h	ElysiumNpc.cpp	-	-	FElysiumNpc	stay:troika	-	port-only; no base member reaches it
RunTaskOverlay	method	ElysiumNpcKernelMaintain19.inl	ElysiumNpcKernelMaintain19.cpp	10289c90	base	FElysiumNpcBase	base	5e	anchor
RunThinkDebugPreExtra	method	ElysiumNpcKernelDebug10.inl	ElysiumNpcKernelDebug10_2.cpp	1028e030	troika	FElysiumNpc	stay:troika body	-	
SaveArchiveLog	field	ElysiumNpcKernelSaveRestore10.inl	-	-	-	FElysiumNpcBase	base	5d	reached by base SaveWriteFields
SaveBlockReason	method	ElysiumNpc.h	ElysiumNpc.cpp	-	-	FElysiumNpc	stay:troika	-	port-only; no base member reaches it
SaveCrc32Final	method	ElysiumNpcKernelSaveRestore10.inl	ElysiumNpcKernelSaveRestore10.cpp	-	-	FElysiumNpcBase	base	5e	reached by base BuildExtendedSaveHeader
SaveCrc32Init	method	ElysiumNpcKernelSaveRestore10.inl	ElysiumNpcKernelSaveRestore10.cpp	1023f040	-	FElysiumNpcBase	base	5e	reached by base BuildExtendedSaveHeader
SaveCrc32Update	method	ElysiumNpcKernelSaveRestore10.inl	ElysiumNpcKernelSaveRestore10.cpp	-	-	FElysiumNpcBase	base	5e	reached by base BuildExtendedSaveHeader
SavePosition	field	ElysiumNpc.h	-	-	base	FElysiumNpcBase	base	5d	anchor
SaveSoundStampDecode	method	ElysiumNpcKernelSaveRestore10.inl	ElysiumNpcKernelSaveRestore10.cpp	101cf2f0	-	FElysiumNpc	stay:troika	-	port-only; no base member reaches it
SaveSoundStampEncode	method	ElysiumNpcKernelSaveRestore10.inl	ElysiumNpcKernelSaveRestore10.cpp	-	-	FElysiumNpc	stay:troika	-	port-only; no base member reaches it
SaveStampDecode	method	ElysiumNpcKernelSaveRestore10.inl	ElysiumNpcKernelSaveRestore10.cpp	-	-	FElysiumNpcBase	base	5e	reached by base BaseSave
SaveStampEncode	method	ElysiumNpcKernelSaveRestore10.inl	ElysiumNpcKernelSaveRestore10.cpp	-	-	FElysiumNpcBase	base	5e	reached by base BaseSave
SaveStampFloatMax	method	ElysiumNpcKernelSaveRestore10.inl	ElysiumNpcKernelSaveRestore10.cpp	101cf250	-	FElysiumNpcBase	base	5e	reached by base SaveStampEncode
SaveStampSentinel	field	ElysiumNpcKernelSaveRestore10.inl	-	-	-	FElysiumNpcBase	base	5d	reached by base SaveStampEncode
SaveStampSentinelFloor	field	ElysiumNpcKernelSaveRestore10.inl	-	-	-	FElysiumNpcBase	base	5d	reached by base SaveStampDecode
SaveStampZero	field	ElysiumNpcKernelSaveRestore10.inl	-	-	-	FElysiumNpcBase	base	5d	reached by base SaveStampEncode
SaveWriteBool	method	ElysiumNpcKernelSaveRestore10.inl	ElysiumNpcKernelSaveRestore10.cpp	-	-	FElysiumNpc	stay:troika	-	port-only; no base member reaches it
SaveWriteFields	method	ElysiumNpcKernelSaveRestore10.inl	ElysiumNpcKernelSaveRestore10.cpp	105cabd0	-	FElysiumNpcBase	base	5e	reached by base BaseSave
SaveWriteInt	method	ElysiumNpcKernelSaveRestore10.inl	ElysiumNpcKernelSaveRestore10.cpp	-	-	FElysiumNpc	stay:troika	-	port-only; no base member reaches it
ScaleField_0x1ddc	method	ElysiumNpcKernelLifecycle.inl	ElysiumNpcKernelLifecycle.cpp	10160680	-	FElysiumNpcBase	base	5e	reached by base BulletSpreadOffset
ScaleWeaponBurstPause	method	ElysiumNpcKernelConditions10.inl	ElysiumNpcKernelConditions10.cpp	102c5570	troika	FElysiumNpc	stay:troika body	-	
ScatterNoticeCondition	field	ElysiumNpcKernelGeometry.inl	-	-	-	FElysiumNpc	stay:troika	-	port-only; no base member reaches it
ScatterNoticeEvents	field	ElysiumNpcKernelGeometry.inl	-	-	-	FElysiumNpc	stay:troika	-	port-only; no base member reaches it
SceneEntityForcesCutsceneLod	method	ElysiumNpcKernelAnim.inl	ElysiumNpcKernelAnim.cpp	-	-	FElysiumNpc	stay:troika	-	port-only; no base member reaches it
SceneEventReleases	field	ElysiumNpcKernelEntityChain.inl	-	-	-	FElysiumNpc	stay:troika	-	port-only; no base member reaches it
SceneEvents	field	ElysiumNpcKernelAnim.inl	-	-	-	FElysiumNpcBase	base	5d	reached by base AddSceneEventBase
SceneEventsAllocated	field	ElysiumNpcKernelAnim.inl	-	-	-	FElysiumNpcBase	base	5d	reached by base AddSceneEventBase
SceneEventsGrowSize	field	ElysiumNpcKernelAnim.inl	-	-	-	FElysiumNpcBase	base	5d	reached by base AddSceneEventBase
SceneTimeOf	method	ElysiumNpcKernelAnim.inl	ElysiumNpcKernelAnim.cpp	1007dfa0	-	FElysiumNpcBase	base	5e	reached by base AddSceneEventBase
Schedule	field	ElysiumNpc.h	-	-	base	FElysiumNpcBase	base	5d	anchor
ScheduleActivityCycle	field	ElysiumNpc.h	-	-	-	FElysiumNpc	stay:troika	-	port-only; no base member reaches it
ScheduleDebugConditionsEnabled	method	ElysiumNpcKernelConditions10.inl	ElysiumNpcKernelConditions10.cpp	1028d9fd	troika	FElysiumNpc	stay:troika body	-	
ScheduleDone	method	ElysiumNpc.h	ElysiumNpc.cpp	-	-	FElysiumNpc	stay:troika	-	port-only; no base member reaches it
ScheduleHost	field	ElysiumNpc.h	-	-	-	FElysiumNpc	stay:troika aggregate	-	Troika words; the 20 base words split to FElysiumNpcBase::BaseScheduleHost
ScheduleIdSpaceOf	method	ElysiumNpcKernelSchedule.inl	ElysiumNpcKernelSchedule.cpp	-	-	FElysiumNpc	stay:troika	-	port-only; no base member reaches it
ScheduleIdSpaceRows	method	ElysiumNpcKernelSchedule.inl	ElysiumNpcKernelSchedule.cpp	-	-	FElysiumNpc	stay:troika	-	port-only; no base member reaches it
ScheduleIdealActivity	field	ElysiumNpc.h	-	-	-	FElysiumNpc	stay:troika	-	port-only; no base member reaches it
ScheduleLocalToGlobal	method	ElysiumNpcKernelSchedule.inl	ElysiumNpcKernelSchedule.cpp	102ea2d0	-	FElysiumNpcBase	base	5e	reached by base ResolveIdealScheduleStamp
ScheduleMeleeReachGate	method	ElysiumNpcKernelSchedule.inl	ElysiumNpcKernelSchedule.cpp	102a11d0	troika	FElysiumNpc	stay:troika body	-	
ScheduleOwner	field	ElysiumNpc.h	-	-	-	FElysiumNpc	stay:troika	-	port-only; no base member reaches it
ScheduleStateDiffersFromIdeal	method	ElysiumNpcKernelMaintain19.inl	ElysiumNpcKernelMaintain19.cpp	-	-	FElysiumNpc	stay:troika	-	port-only; no base member reaches it
ScheduleTaskBytes	method	ElysiumNpcKernelSaveRestore10.inl	ElysiumNpcKernelSaveRestore10.cpp	-	-	FElysiumNpcBase	base	5e	reached by base BuildExtendedSaveHeader
ScheduleTime	method	ElysiumNpcKernelMaintain19.inl	ElysiumNpcKernelMaintain19.cpp	-	-	FElysiumNpc	stay:troika	-	port-only; no base member reaches it
ScriptArrivalActivity	field	ElysiumNpc.h	-	-	base	FElysiumNpcBase	base	5d	anchor
ScriptArrivalSequence	field	ElysiumNpc.h	-	-	base	FElysiumNpcBase	base	5d	anchor
ScriptCustomMoveSequenceName	method	ElysiumNpcKernelAnim.inl	ElysiumNpcKernelAnim.cpp	-	-	FElysiumNpcBase	base	5e	reached by base ResolveActivityToSequence
ScriptOwnerIsLive	method	ElysiumNpcKernelAnim.inl	ElysiumNpcKernelAnim.cpp	-	-	FElysiumNpcBase	base	5e	reached by base BaseTranslateSchedule
ScriptedExpressions	field	ElysiumNpcKernelAnim.inl	-	-	-	FElysiumNpc	stay:troika	-	port-only; no base member reaches it
ScriptedScheduleOrder	field	ElysiumNpc.h	-	-	troika	FElysiumNpc	stay:troika word	-	
ScriptedScheduleOwner	field	ElysiumNpc.h	-	-	-	FElysiumNpc	stay:troika	-	port-only; no base member reaches it
ScriptedSoundOverrideResets	field	ElysiumNpcKernelSocial10.inl	-	-	-	FElysiumNpc	stay:troika	-	port-only; no base member reaches it
SearchForCoverHint	method	ElysiumNpcKernelSchedule.inl	ElysiumNpcKernelSchedule.cpp	102b7110	troika	FElysiumNpc	stay:troika body	-	
SearchTimerElapsedCycles	method	ElysiumNpcKernelLifecycle.inl	ElysiumNpcKernelLifecycle.cpp	-	-	FElysiumNpc	stay:troika	-	port-only; no base member reaches it
SecCameraCanSee	method	ElysiumNpcKernelSenses10.inl	ElysiumNpcKernelSenses10_2.cpp	1020cd00	-	FElysiumNpc	stay:troika	-	port-only; no base member reaches it
SecCameraInViewCone	method	ElysiumNpcKernelSenses10.inl	ElysiumNpcKernelSenses10_2.cpp	1020cc60	-	FElysiumNpc	stay:troika	-	port-only; no base member reaches it
SecondaryDiscParticleBursts	field	ElysiumNpcKernelSenses10.inl	-	-	-	FElysiumNpcBase	base	5d	reached by base CreateSecondaryDiscParticles
SecureUnhashLevel	method	ElysiumNpcKernelCombat10.inl	ElysiumNpcKernelCombat10.cpp	1042fe90	-	FElysiumNpc	stay:troika	-	port-only; no base member reaches it
SecureUnscrambleLevel	method	ElysiumNpcKernelCombat10.inl	ElysiumNpcKernelCombat10.cpp	102ad4d9	troika	FElysiumNpc	stay:troika body	-	
SeedCriminalLevelWitnessed	method	ElysiumNpcKernelLifecycle19.inl	ElysiumNpcKernelLifecycle19.cpp	1042fde0	-	FElysiumNpc	stay:troika	-	port-only; no base member reaches it
SeedPlayerRelationship	method	ElysiumNpc.h	ElysiumNpc.cpp	-	-	FElysiumNpc	stay:troika	-	port-only; no base member reaches it
SeedSheet	method	ElysiumNpc.h	ElysiumNpc.cpp	-	-	FElysiumNpc	stay:troika	-	port-only; no base member reaches it
SeedStatListOnNpcInit	method	ElysiumNpcKernelLifecycle19.inl	ElysiumNpcKernelLifecycle19.cpp	-	-	FElysiumNpc	stay:troika	-	port-only; no base member reaches it
SeekDistInspectionCm	method	ElysiumNpcKernelSenses10.inl	ElysiumNpcKernelSenses10.cpp	102b4760	troika	FElysiumNpc	stay:troika body	-	
SelectAlertSchedule	method	ElysiumNpc.h	ElysiumNpc.cpp	-	-	FElysiumNpc	stay:troika	-	port-only; no base member reaches it
SelectCombatReactionSchedule	method	ElysiumNpcKernelCombat10.inl	ElysiumNpcKernelCombat10_2.cpp	102b7cf0,102b7cf6	troika	FElysiumNpc	stay:troika body	-	
SelectCombatSchedule	method	ElysiumNpc.h	ElysiumNpc.cpp	-	-	FElysiumNpc	stay:troika	-	port-only; no base member reaches it
SelectCoverOrKickSchedule	method	ElysiumNpcKernelSchedule.inl	ElysiumNpcKernelSchedule.cpp	102b7690	troika	FElysiumNpc	stay:troika body	-	
SelectDoorObstructionSchedule	method	ElysiumNpc.h	ElysiumNpc.cpp	-	-	FElysiumNpc	stay:troika	-	port-only; no base member reaches it
SelectHeaviestSequence	method	ElysiumNpcKernelTroikaHelpers.inl	ElysiumNpcKernelTroikaHelpers2.cpp	-	-	FElysiumNpcBase	base	5e	reached by base BaseNPCInit
SelectIdealStateDisciplineStripCalls	field	ElysiumNpcKernelState19.inl	-	-	-	FElysiumNpcBase	base	5d	reached by base BaseSelectIdealState
SelectIdealStateMotorResets	field	ElysiumNpcKernelState19.inl	-	-	-	FElysiumNpcBase	base	5d	reached by base BaseSelectIdealState
SelectIdealStateNonNpcParentFlagWrites	field	ElysiumNpcKernelState19.inl	-	-	-	FElysiumNpcBase	base	5d	reached by base BasePreSelectIdealState
SelectIdealStateRetail	method	ElysiumNpcKernelState19.inl	ElysiumNpcKernelState19.cpp	102ad660	troika	FElysiumNpc	stay:troika body	-	
SelectIdealStateScriptExitCalls	field	ElysiumNpcKernelState19.inl	-	-	-	FElysiumNpcBase	base	5d	reached by base BaseSelectIdealState
SelectIdealStateSelector	field	ElysiumNpcKernelDamage.inl	-	-	-	FElysiumNpcBase	base	5d	reached by base BaseSelectIdealState
SelectIdealStateSlot495Calls	field	ElysiumNpcKernelState19.inl	-	-	-	FElysiumNpc	stay:troika	-	port-only; no base member reaches it
SelectIdealStateSquadNewEnemyCalls	field	ElysiumNpcKernelState19.inl	-	-	-	FElysiumNpcBase	base	5d	reached by base BasePreSelectIdealState
SelectIdleSchedule	method	ElysiumNpc.h	ElysiumNpc.cpp	-	-	FElysiumNpc	stay:troika	-	port-only; no base member reaches it
SelectSchedule	method	ElysiumNpc.h	ElysiumNpc.cpp	102af660	troika	FElysiumNpc	stay:troika body	-	
SelectScheduleForMaintenance	method	ElysiumNpcKernelMaintain19.inl	ElysiumNpcKernelMaintain19.cpp	-	-	FElysiumNpc	stay:troika	-	port-only; no base member reaches it
SelectScheduleMeleeCombatChangLine	method	ElysiumNpcKernelSchedule.inl	ElysiumNpcKernelSchedule.cpp	-	-	FElysiumNpc	stay:troika	-	port-only; no base member reaches it
SelectWeightedSequenceForActivity	method	ElysiumNpcKernelFacing.inl	ElysiumNpcKernelFacing.cpp	10295460	troika	FElysiumNpcBase	base	5e	anchor
Senses	field	ElysiumNpc.h	-	-	base	FElysiumNpc	stay:transitional	-	CAI_Senses object: m_pSenses +0x5cdc is a base word, but the port runner reads Troika words throughout (perception +0x63b8.., memory); its base words split out to FElysiumNpcBase (BaseMemory, PendingSounds, HeardConditions, bKeepSound); fold 9 re-homes it
SequenceActivityOf	method	ElysiumNpcKernelAnim.inl	ElysiumNpcKernelAnim.cpp	-	-	FElysiumNpcBase	base	5e	reached by base AdvanceToIdealActivity
SequenceCycle	field	ElysiumNpcKernelAnim.inl	-	-	-	FElysiumNpcBase	base	5d	reached by base SetActivityAndSequence
SequenceDescriptor	method	ElysiumNpcKernelDebug.inl	ElysiumNpcKernelDebug.cpp	1000b4f6	-	FElysiumNpcBase	base	5e	reached by base BaseDrawDebugStatOverlays
SequenceDurationOf	method	ElysiumNpcKernelAnim.inl	ElysiumNpcKernelAnim.cpp	-	-	FElysiumNpcBase	base	5e	reached by base SetActivityAndSequence
SequenceFlagsOf	method	ElysiumNpcKernelAnim.inl	ElysiumNpcKernelAnim.cpp	-	-	FElysiumNpcBase	base	5e	reached by base SetOverlayLayer
SequenceNumber	field	ElysiumNpcKernelAnim.inl	-	-	-	FElysiumNpcBase	base	5d	reached by base SetActivityAndSequence
SequenceOwner	field	ElysiumNpc.h	-	-	-	FElysiumNpc	stay:troika	-	port-only; no base member reaches it
SequencePlaybackRate	field	ElysiumNpcKernelEntityChain.inl	-	-	-	FElysiumNpc	stay:troika	-	port-only; no base member reaches it
Serialize	method	ElysiumNpc.h	ElysiumNpc.cpp	1027bc60	base	FElysiumNpc	pair:Serialize	5e	base 0x1027bc60 writes the extended header then CBaseCombatCharacter::Save; Troika 0x102993c0 calls it and adds its own; the port blob splits the same way
SerializeExtendedHeader	method	ElysiumNpc.h	ElysiumNpc.cpp	1027bc60	base	FElysiumNpcBase	base	5e	anchor
SerializeMakerBlock	method	ElysiumNpc.h	ElysiumNpc.cpp	-	-	FElysiumNpc	stay:troika	-	port-only; no base member reaches it
SerializeMindBlock	method	ElysiumNpc.h	ElysiumNpc.cpp	-	-	FElysiumNpc	stay:troika	-	port-only; no base member reaches it
SerializePatrolBlock	method	ElysiumNpc.h	ElysiumNpc.cpp	-	-	FElysiumNpc	stay:troika	-	port-only; no base member reaches it
SetActivityAndSequence	method	ElysiumNpcKernelAnim10.inl	ElysiumNpcKernelAnim10.cpp	10272490	base	FElysiumNpcBase	base	5e	anchor
SetActivityIdCalls	field	ElysiumNpcKernelTroikaHelpers.inl	-	-	-	FElysiumNpc	stay:troika	-	port-only; no base member reaches it
SetAlternateAiIdealYaw	method	ElysiumNpcKernelConditions.inl	ElysiumNpcKernelConditions.cpp	102e0b40	base	FElysiumNpcBase	base	5e	anchor
SetAtCrosswalk	method	ElysiumNpcKernelTroikaHelpers.inl	ElysiumNpcKernelTroikaHelpers2.cpp	102a0b90	troika	FElysiumNpc	stay:troika body	-	
SetAtCrosswalkLink	method	ElysiumNpcKernelDialogue.inl	ElysiumNpcKernelDialogue.cpp	102a0b90	troika	FElysiumNpc	stay:troika body	-	
SetAttackExtents	method	ElysiumNpc.h	-	-	-	FElysiumNpc	stay:troika	-	port-only; no base member reaches it
SetBodyAnimationHeld	method	ElysiumNpc.h	ElysiumNpc.cpp	-	-	FElysiumNpc	stay:troika	-	port-only; no base member reaches it
SetBodyHeld	method	ElysiumNpc.h	ElysiumNpc.cpp	-	-	FElysiumNpc	stay:troika	-	port-only; no base member reaches it
SetCopCensusCount	method	ElysiumNpcKernelState19.inl	ElysiumNpcKernelState19.cpp	-	-	FElysiumNpc	stay:troika	-	port-only; no base member reaches it
SetDebugTraceByte	method	ElysiumNpcKernelDebug10.inl	ElysiumNpcKernelDebug10.cpp	-	-	FElysiumNpc	stay:troika	-	port-only; no base member reaches it
SetDefaultEyeOffset	method	ElysiumNpcKernelBaseHelpers.inl	ElysiumNpcKernelBaseHelpers.cpp	10274ca0	base	FElysiumNpcBase	base	5e	anchor
SetDialogQue	method	ElysiumNpcKernelDialogue.inl	ElysiumNpcKernelDialogue.cpp	102c0470	troika	FElysiumNpc	stay:troika body	-	
SetDisableAi	method	ElysiumNpc.h	ElysiumNpc.cpp	1029f300	troika	FElysiumNpc	stay:troika body	-	
SetDisposition	method	ElysiumNpc.h	ElysiumNpc.cpp	-	-	FElysiumNpc	stay:troika	-	port-only; no base member reaches it
SetDistLook	method	ElysiumNpcKernelSenses.inl	ElysiumNpcKernelSenses.cpp	1026a2a0	base	FElysiumNpcBase	base	5e	anchor
SetDoorNextTryTime	method	ElysiumNpcKernelSenses.inl	ElysiumNpcKernelSenses.cpp	100f0e30	-	FElysiumNpcBase	base	5e	reached by base OnDoorBlocked
SetFollowerBossByAuthoredName	method	ElysiumNpcKernelLifecycle19.inl	ElysiumNpcKernelLifecycle19.cpp	102c44e0	troika	FElysiumNpc	stay:troika body	-	
SetFollowerBossName	method	ElysiumNpcKernelSquad.inl	ElysiumNpcKernelSquad.cpp	102c4430,102c4470	troika	FElysiumNpc	stay:troika body	-	
SetFollowerType	method	ElysiumNpcKernelSquad.inl	ElysiumNpcKernelSquad.cpp	102c4640,102c4680	troika	FElysiumNpc	stay:troika body	-	
SetGoalTolerance	method	ElysiumNpc.h	ElysiumNpc.cpp	-	-	FElysiumNpc	stay:troika	-	port-only; no base member reaches it
SetHintGroup	method	ElysiumNpcKernelHints.inl	ElysiumNpcKernelHints.cpp	102781e0	base	FElysiumNpcBase	base	5e	anchor
SetHintGroups	method	ElysiumNpc.h	ElysiumNpc.cpp	-	-	FElysiumNpc	stay:troika	-	port-only; no base member reaches it
SetHullSizeNormal	method	ElysiumNpcKernelMotor10.inl	ElysiumNpcKernelMotor10.cpp	10273070,102d6210	base	FElysiumNpcBase	base	5e	anchor
SetHullSizeSmall	method	ElysiumNpcKernelMotor10.inl	ElysiumNpcKernelMotor10.cpp	10273180	base	FElysiumNpcBase	base	5e	anchor
SetIdealActivity	method	ElysiumNpcKernelAnim.inl	ElysiumNpcKernelAnim.cpp	10272650	base	FElysiumNpcBase	base	5e	anchor
SetIdealActivityNumber	method	ElysiumNpcKernelFacing.inl	ElysiumNpcKernelFacing.cpp	10272650	base	FElysiumNpcBase	base	5e	anchor
SetIdealScheduleForMaintenance	method	ElysiumNpcKernelMaintain19.inl	ElysiumNpcKernelMaintain19.cpp	-	-	FElysiumNpc	stay:troika	-	port-only; no base member reaches it
SetIgnoreCollisionExpiry	method	ElysiumNpcKernelConditions10.inl	ElysiumNpcKernelConditions10.cpp	102c43b0	troika	FElysiumNpc	stay:troika body	-	
SetInterestingPlaceGroups	method	ElysiumNpc.h	ElysiumNpc.cpp	10298910	troika	FElysiumNpc	stay:troika body	-	
SetJumpOriginAndTarget	method	ElysiumNpcKernelTroikaHelpers.inl	ElysiumNpcKernelTroikaHelpers2.cpp	102c4ad0	troika	FElysiumNpc	stay:troika body	-	
SetLocalAngularVelocity	method	ElysiumNpcKernelEntityChain.inl	ElysiumNpcKernelEntityChain.cpp	-	-	FElysiumNpc	stay:troika	-	port-only; no base member reaches it
SetLocalVelocity	method	ElysiumNpcKernelEntityChain.inl	ElysiumNpcKernelEntityChain.cpp	-	-	FElysiumNpc	stay:troika	-	port-only; no base member reaches it
SetMotorHintYaw	method	ElysiumNpcKernelHints.inl	ElysiumNpcKernelHints.cpp	102e0a80	base	FElysiumNpcBase	base	5e	anchor
SetNpcFlag	method	ElysiumNpc.h	ElysiumNpc.cpp	102a585d	troika	FElysiumNpc	stay:troika body	-	
SetOverlayLayer	method	ElysiumNpcKernelAnim.inl	ElysiumNpcKernelAnim.cpp	10099020	base	FElysiumNpcBase	base	5e	anchor
SetPlayerAnim	method	ElysiumNpcKernelEntityChain.inl	ElysiumNpcKernelEntityChain2.cpp	10182c40	-	FElysiumNpc	stay:troika	-	port-only; no base member reaches it
SetPoseParameterByName	method	ElysiumNpcKernelFacing.inl	ElysiumNpcKernelFacing.cpp	-	-	FElysiumNpc	stay:troika	-	port-only; no base member reaches it
SetPoseParameterPitch	field	ElysiumNpcKernelAnim10.inl	-	-	-	FElysiumNpc	stay:troika	-	port-only; no base member reaches it
SetPoseParameterYaw	field	ElysiumNpcKernelAnim10.inl	-	-	-	FElysiumNpc	stay:troika	-	port-only; no base member reaches it
SetRetailClassForTests	method	ElysiumNpcKernelSpecies.inl	ElysiumNpcKernelSpecies.cpp	-	-	FElysiumNpc	stay:troika	-	port-only; no base member reaches it
SetSchedule	method	ElysiumNpcKernelMaintain19.inl	ElysiumNpcKernelMaintain19.cpp	102ae780	troika	FElysiumNpc	stay:troika body	-	
SetScheduleRetailCalls	field	ElysiumNpcKernelLifecycle19.inl	-	-	-	FElysiumNpcBase	base	5d	reached by base InstallScheduleRetail
SetSizeCalls	field	ElysiumNpcKernelMotor10.inl	-	-	-	FElysiumNpcBase	base	5d	reached by base SetHullSizeSmall
SetSpawnResponseCops	method	ElysiumNpcKernelEntityChain.inl	ElysiumNpcKernelEntityChain.cpp	1017ed00	-	FElysiumNpc	stay:troika	-	port-only; no base member reaches it
SetSquad	method	ElysiumNpcKernelSquad.inl	ElysiumNpcKernelSquad.cpp	1029a930	troika	FElysiumNpc	stay:troika body	-	
SetSquadFocus	method	ElysiumNpcKernelSenses.inl	ElysiumNpcKernelSenses.cpp	10316660	-	FElysiumNpcBase	base	5e	reached by base OnDoorBlocked
SetState	method	ElysiumNpcKernelState19.inl	ElysiumNpcKernelState19.cpp	1026e340	base	FElysiumNpcBase	base	5e	anchor
SetTarget	method	ElysiumNpc.h	-	-	-	FElysiumNpc	stay:troika	-	port-only; no base member reaches it
SetViewOffset	method	ElysiumNpcKernelAnim10.inl	ElysiumNpcKernelAnim10.cpp	-	-	FElysiumNpcBase	base	5e	reached by base SetActivityAndSequence
SetWeaponStackCount	method	ElysiumNpcKernelCombat10.inl	ElysiumNpcKernelCombat10.cpp	-	-	FElysiumNpc	stay:troika	-	port-only; no base member reaches it
SharesSquadWith	method	ElysiumNpcKernelSquad.inl	ElysiumNpcKernelSquad.cpp	102781a0	base	FElysiumNpcBase	base	5e	anchor
ShootAtHintRearmMax	field	ElysiumNpcKernelLifecycle19.inl	-	-	-	FElysiumNpc	stay:troika	-	port-only; no base member reaches it
ShootAtHintRearmMin	field	ElysiumNpcKernelLifecycle19.inl	-	-	-	FElysiumNpc	stay:troika	-	port-only; no base member reaches it
ShootEnemyAimPoint	method	ElysiumNpcKernelSenses10.inl	ElysiumNpcKernelSenses10.cpp	10278650	base	FElysiumNpcBase	base	5e	anchor
ShootTargetDelta	method	ElysiumNpcKernelPositions.inl	ElysiumNpcKernelPositions.cpp	-	-	FElysiumNpc	stay:troika	-	port-only; no base member reaches it
ShootTargetFalloff	method	ElysiumNpcKernelPositions.inl	ElysiumNpcKernelPositions.cpp	102c5570	troika	FElysiumNpc	stay:troika body	-	
ShootTargetOverride	field	ElysiumNpc.h	-	-	base	FElysiumNpcBase	base	5d	anchor
ShooterRangedSkill	method	ElysiumNpcKernelSounds10.inl	ElysiumNpcKernelSounds10.cpp	101cda50	-	FElysiumNpc	stay:troika	-	port-only; no base member reaches it
ShortConditionNameTable	method	ElysiumNpcKernelDebug.inl	ElysiumNpcKernelDebug.cpp	1027e7f0	base	FElysiumNpcBase	base	5e	anchor
ShouldDisappearNow	method	ElysiumNpc.h	ElysiumNpc.cpp	10292de0	troika	FElysiumNpc	stay:troika body	-	
ShouldDodgeRangedAttack	method	ElysiumNpcKernelCombat10.inl	ElysiumNpcKernelCombat10_2.cpp	102b7f46	troika	FElysiumNpc	stay:troika body	-	
ShouldSelectIdealStateForMaintenance	method	ElysiumNpcKernelMaintain19.inl	ElysiumNpcKernelMaintain19.cpp	-	-	FElysiumNpc	stay:troika	-	port-only; no base member reaches it
SizeCm	field	ElysiumNpcKernelGeometry.inl	-	-	-	FElysiumNpc	stay:troika	-	port-only; no base member reaches it
SlowEntityCalls	field	ElysiumNpcKernelSpeciesMisc10.inl	-	-	-	FElysiumNpc	stay:troika	-	port-only; no base member reaches it
SolidFlagsWord	field	ElysiumNpcKernelPositions.inl	-	-	-	FElysiumNpc	stay:troika	-	port-only; no base member reaches it
SolveThrowImpulse	method	ElysiumNpcKernelBosses.inl	ElysiumNpcKernelBosses.cpp	102c4cc0	troika	FElysiumNpc	stay:troika body	-	
SoundDurationOf	method	ElysiumNpcKernelEntityChain.inl	ElysiumNpcKernelEntityChain.cpp	10182c40	-	FElysiumNpc	stay:troika	-	port-only; no base member reaches it
SoundOwnerInDeafZone	method	ElysiumNpcKernelSenses10.inl	ElysiumNpcKernelSenses10.cpp	102b35b0	troika	FElysiumNpc	stay:troika body	-	
SourceAbsVelocityUnits	method	ElysiumNpcKernelCombat10.inl	ElysiumNpcKernelCombat10.cpp	-	-	FElysiumNpc	stay:troika	-	port-only; no base member reaches it
SourceRawAttackValue	method	ElysiumNpcKernelCombat10.inl	ElysiumNpcKernelCombat10.cpp	-	-	FElysiumNpc	stay:troika	-	port-only; no base member reaches it
SourceWeaponIdIsKnockbackFamily	method	ElysiumNpcKernelCombat10.inl	ElysiumNpcKernelCombat10.cpp	-	-	FElysiumNpc	stay:troika	-	port-only; no base member reaches it
Spawn	method	ElysiumNpc.h	ElysiumNpc.cpp	10298d30,102d0b60,102dbc80	mixed	FElysiumNpc	stay:troika body	-	
SpawnBlood	method	ElysiumNpcKernelDamage.inl	ElysiumNpcKernelDamage.cpp	-	-	FElysiumNpc	stay:troika	-	port-only; no base member reaches it
SpawnBloodCalls	field	ElysiumNpcKernelDamage.inl	-	-	-	FElysiumNpc	stay:troika	-	port-only; no base member reaches it
SpawnEquipLoadout	method	ElysiumNpcKernelLifecycle19.inl	ElysiumNpcKernelLifecycle19.cpp	-	-	FElysiumNpc	stay:troika	-	port-only; no base member reaches it
SpawnEquipRequests	field	ElysiumNpcKernelLifecycle19.inl	-	-	-	FElysiumNpc	stay:troika	-	port-only; no base member reaches it
SpawnFlagFarSight	field	ElysiumNpcKernelLifecycle19.inl	-	-	-	FElysiumNpcBase	base	5d	reached by base BaseNPCInit
SpawnFlagNoFloorDrop	field	ElysiumNpcKernelLifecycle19.inl	-	-	-	FElysiumNpcBase	base	5d	reached by base BaseStartNPC
SpawnFlagPreAimed	field	ElysiumNpcKernelLifecycle19.inl	-	-	-	FElysiumNpcBase	base	5d	reached by base BaseStartNPC
SpawnResponseCopsDelayCvars	method	ElysiumNpcKernelEntityChain.inl	ElysiumNpcKernelEntityChain.cpp	-	-	FElysiumNpc	stay:troika	-	port-only; no base member reaches it
SpawnResponseCopsLevel	field	ElysiumNpcKernelEntityChain.inl	-	-	-	FElysiumNpc	stay:troika	-	port-only; no base member reaches it
SpawnResponseCopsLocation	field	ElysiumNpcKernelEntityChain.inl	-	-	-	FElysiumNpc	stay:troika	-	port-only; no base member reaches it
SpawnResponseCopsNpc	field	ElysiumNpcKernelEntityChain.inl	-	-	-	FElysiumNpc	stay:troika	-	port-only; no base member reaches it
SpawnResponseCopsTimer	field	ElysiumNpcKernelEntityChain.inl	-	-	-	FElysiumNpc	stay:troika	-	port-only; no base member reaches it
SpeakSoundConcept	method	ElysiumNpcKernelSounds10.inl	ElysiumNpcKernelSounds10.cpp	-	-	FElysiumNpc	stay:troika	-	port-only; no base member reaches it
SpeakVSound	method	ElysiumNpcKernelSounds10.inl	ElysiumNpcKernelSounds10.cpp	-	-	FElysiumNpc	stay:troika	-	port-only; no base member reaches it
SpecialDistanceAccum	field	ElysiumNpc.h	-	-	base	FElysiumNpcBase	base	5d	anchor
SpeciesBlacklistSeconds	field	ElysiumNpcKernelConditions10.inl	-	-	-	FElysiumNpc	stay:troika	-	port-only; no base member reaches it
SpeciesBlacklistedEntities	field	ElysiumNpcKernelConditions10.inl	-	-	-	FElysiumNpc	stay:troika	-	port-only; no base member reaches it
SpeciesFootstepAnimEvent	method	ElysiumNpc.h	ElysiumNpc.cpp	-	-	FElysiumNpc	stay:troika	-	port-only; no base member reaches it
SpeciesIRelationType	method	ElysiumNpcKernelSquad.inl	ElysiumNpcKernelSquad.cpp	-	-	FElysiumNpc	stay:troika	-	port-only; no base member reaches it
SpeciesNPCInit	method	ElysiumNpcKernelLifecycle19.inl	ElysiumNpcKernelLifecycle19.cpp	-	-	FElysiumNpc	stay:troika	-	port-only; no base member reaches it
SpeciesSelectSchedule	method	ElysiumNpcKernelSchedule.inl	ElysiumNpcKernelSchedule.cpp	-	-	FElysiumNpc	stay:troika	-	port-only; no base member reaches it
SpeciesShunWindowSeconds	field	ElysiumNpcKernelLifecycle19.inl	-	-	-	FElysiumNpc	stay:troika	-	port-only; no base member reaches it
SpeciesSlot599	method	ElysiumNpcKernelSpecies.inl	ElysiumNpcKernelSpecies.cpp	-	-	FElysiumNpc	stay:troika	-	port-only; no base member reaches it
SpeciesSlot600	method	ElysiumNpcKernelSpecies.inl	ElysiumNpcKernelSpecies.cpp	-	-	FElysiumNpc	stay:troika	-	port-only; no base member reaches it
SpeciesSlotRow	method	ElysiumNpcKernelSpecies.inl	ElysiumNpcKernelSpecies.cpp	-	-	FElysiumNpc	stay:troika	-	port-only; no base member reaches it
SpeciesSlotRowOf	method	ElysiumNpcKernelSpecies.inl	ElysiumNpcKernelSpecies.cpp	-	-	FElysiumNpc	stay:troika	-	port-only; no base member reaches it
SpeciesSlotRows	method	ElysiumNpcKernelSpecies.inl	ElysiumNpcKernelSpecies.cpp	-	-	FElysiumNpc	stay:troika	-	port-only; no base member reaches it
SpeciesStealthSenseGate	method	ElysiumNpcKernelSenses.inl	ElysiumNpcKernelSenses.cpp	-	-	FElysiumNpc	stay:troika	-	port-only; no base member reaches it
SpeciesVocalize	method	ElysiumNpcKernelSounds.inl	ElysiumNpcKernelSounds.cpp	-	-	FElysiumNpc	stay:troika	-	port-only; no base member reaches it
SpeciesWorldSpaceCenter	method	ElysiumNpcKernelGeometry.inl	ElysiumNpcKernelGeometry.cpp	-	-	FElysiumNpc	stay:troika	-	port-only; no base member reaches it
SplicePathWaypoint	method	ElysiumNpcKernelMotor10.inl	ElysiumNpcKernelMotor10.cpp	-	-	FElysiumNpc	stay:troika	-	port-only; no base member reaches it
SquadDisconnected	field	ElysiumNpcKernelSenses10.inl	-	-	-	FElysiumNpcBase	base	5d	reached by base BasePreSelectIdealState
SquadFocus	method	ElysiumNpcKernelSenses.inl	ElysiumNpcKernelSenses.cpp	103166b0	-	FElysiumNpcBase	base	5e	reached by base OnDoorBlocked
SquadFocusWrites	field	ElysiumNpcKernelSenses.inl	-	-	-	FElysiumNpcBase	base	5d	reached by base SetSquadFocus
SquadMember	method	ElysiumNpcKernelSquad.inl	ElysiumNpcKernelSquad.cpp	103160c0	-	FElysiumNpc	stay:troika	-	port-only; no base member reaches it
SquadMemberCount	method	ElysiumNpcKernelSquad.inl	ElysiumNpcKernelSquad.cpp	103160a0	-	FElysiumNpc	stay:troika	-	port-only; no base member reaches it
SquadMembers	method	ElysiumNpcKernelPositions.inl	ElysiumNpcKernelPositions.cpp	-	-	FElysiumNpc	stay:troika	-	port-only; no base member reaches it
SquadName	field	ElysiumNpc.h	-	-	base	FElysiumNpcBase	base	5d	anchor
SquadObjectName	method	ElysiumNpcKernelDebug10.inl	ElysiumNpcKernelDebug10.cpp	-	-	FElysiumNpcBase	base	5e	reached by base BaseDrawDebugTextOverlays
SquadPositionTaken	method	ElysiumNpcKernelPositions.inl	ElysiumNpcKernelPositions.cpp	-	-	FElysiumNpc	stay:troika	-	port-only; no base member reaches it
SquadSlotLocalToGlobal	method	ElysiumNpcKernelSquad.inl	ElysiumNpcKernelSquad.cpp	102ea2d0	-	FElysiumNpc	stay:troika	-	port-only; no base member reaches it
SquadSlotSpeciesOf	method	ElysiumNpcKernelSquad.inl	ElysiumNpcKernelSquad.cpp	-	-	FElysiumNpc	stay:troika	-	port-only; no base member reaches it
SquadSlotSpeciesRows	method	ElysiumNpcKernelSquad.inl	ElysiumNpcKernelSquad.cpp	-	-	FElysiumNpc	stay:troika	-	port-only; no base member reaches it
SquadWord	method	ElysiumNpcKernelSenses10.inl	ElysiumNpcKernelSenses10.cpp	102709c0	base	FElysiumNpcBase	base	5e	anchor
Stance	field	ElysiumNpc.h	-	-	troika	FElysiumNpc	stay:troika word	-	
StanceClips	field	ElysiumNpc.h	-	-	-	FElysiumNpc	stay:troika	-	port-only; no base member reaches it
StanceResolvedFor	field	ElysiumNpc.h	-	-	troika	FElysiumNpc	stay:troika word	-	
StanceTransitionUntil	field	ElysiumNpc.h	-	-	-	FElysiumNpc	stay:troika	-	port-only; no base member reaches it
StanceTuning	field	ElysiumNpc.h	-	-	troika	FElysiumNpc	stay:troika word	-	
StandingOnHeadDiagonal	method	ElysiumNpcKernelGeometry.inl	ElysiumNpcKernelGeometry.cpp	102bf966	troika	FElysiumNpc	stay:troika body	-	
StandingOnHeadStep	method	ElysiumNpcKernelGeometry.inl	ElysiumNpcKernelGeometry.cpp	-	-	FElysiumNpc	stay:troika	-	port-only; no base member reaches it
StandingOnHeadTimer	field	ElysiumNpc.h	-	-	troika	FElysiumNpc	stay:troika word	-	
StandoffClampAggressiveness	method	ElysiumNpcKernelMotor10.inl	ElysiumNpcKernelMotor10.cpp	102c87ab	base	FElysiumNpcBase	base	5e	anchor
StandoffClearNewEnemyOnLocalSchedule	method	ElysiumNpcKernelTroikaHelpers.inl	ElysiumNpcKernelTroikaHelpers2.cpp	102c7960	base	FElysiumNpcBase	base	5e	anchor
StandoffDistTooFar	field	ElysiumNpcKernelTroikaHelpers.inl	-	-	-	FElysiumNpcBase	base	5d	reached by base StandoffVfunc5
StandoffGoalSpawnNextThink	method	ElysiumNpcKernelLifecycle.inl	ElysiumNpcKernelLifecycle.cpp	102cd2d0	base	FElysiumNpcBase	base	5e	anchor
StandoffGoalUpdateOnRemove	method	ElysiumNpcKernelMotor10.inl	ElysiumNpcKernelMotor10.cpp	102cdc50	base	FElysiumNpcBase	base	5e	anchor
StandoffInputActivate	method	ElysiumNpcKernelMotor10.inl	ElysiumNpcKernelMotor10.cpp	102c87a0	base	FElysiumNpcBase	base	5e	anchor
StandoffInputDeactivate	method	ElysiumNpcKernelMotor10.inl	ElysiumNpcKernelMotor10.cpp	102c8830	base	FElysiumNpcBase	base	5e	anchor
StandoffLowAimActivityPistol	method	ElysiumNpcKernelMotor10.inl	ElysiumNpcKernelMotor10.cpp	-	-	FElysiumNpcBase	base	5e	reached by base StandoffTranslateActivity
StandoffLowAimActivitySmg	method	ElysiumNpcKernelMotor10.inl	ElysiumNpcKernelMotor10.cpp	-	-	FElysiumNpcBase	base	5e	reached by base StandoffTranslateActivity
StandoffOwnerCapabilityWord	method	ElysiumNpcKernelTroikaHelpers.inl	ElysiumNpcKernelTroikaHelpers2.cpp	-	-	FElysiumNpcBase	base	5e	reached by base StandoffVfunc3
StandoffScheduleForLocalId	method	ElysiumNpcKernelTroikaHelpers.inl	ElysiumNpcKernelTroikaHelpers2.cpp	-	-	FElysiumNpcBase	base	5e	reached by base StandoffClearNewEnemyOnLocalSchedule
StandoffSchedulesLoaded	method	ElysiumNpcKernelMisc.inl	ElysiumNpcKernelMisc.cpp	102c7eb0	base	FElysiumNpcBase	base	5e	anchor
StandoffSelect	method	ElysiumNpcKernelLifecycle.inl	ElysiumNpcKernelLifecycle.cpp	102c7600	base	FElysiumNpcBase	base	5e	anchor
StandoffTranslateActivity	method	ElysiumNpcKernelMotor10.inl	ElysiumNpcKernelMotor10.cpp	102c79e0	base	FElysiumNpcBase	base	5e	anchor
StandoffVfunc20	method	ElysiumNpcKernelTroikaHelpers.inl	ElysiumNpcKernelTroikaHelpers2.cpp	102c7960	base	FElysiumNpcBase	base	5e	anchor
StandoffVfunc21	method	ElysiumNpcKernelTroikaHelpers.inl	ElysiumNpcKernelTroikaHelpers2.cpp	102c79a0	base	FElysiumNpcBase	base	5e	anchor
StandoffVfunc26	method	ElysiumNpcKernelMisc.inl	ElysiumNpcKernelMisc.cpp	102c7dd0	base	FElysiumNpcBase	base	5e	anchor
StandoffVfunc28	method	ElysiumNpcKernelMisc.inl	ElysiumNpcKernelMisc.cpp	102c7ef0	base	FElysiumNpcBase	base	5e	anchor
StandoffVfunc3	method	ElysiumNpcKernelTroikaHelpers.inl	ElysiumNpcKernelTroikaHelpers2.cpp	102c7410	base	FElysiumNpcBase	base	5e	anchor
StandoffVfunc4	method	ElysiumNpcKernelMisc.inl	ElysiumNpcKernelMisc.cpp	102c7490	base	FElysiumNpcBase	base	5e	anchor
StandoffVfunc5	method	ElysiumNpcKernelTroikaHelpers.inl	ElysiumNpcKernelTroikaHelpers2.cpp	102c7530	base	FElysiumNpcBase	base	5e	anchor
StartIgnoringCollision	method	ElysiumNpcKernelBosses.inl	ElysiumNpcKernelBosses.cpp	102c4380	troika	FElysiumNpc	stay:troika body	-	
StartNamedEmitter	method	ElysiumNpcKernelDamage.inl	ElysiumNpcKernelDamage.cpp	-	-	FElysiumNpc	stay:troika	-	port-only; no base member reaches it
StartNamedSchedule	method	ElysiumNpc.h	ElysiumNpc.cpp	-	-	FElysiumNpc	stay:troika	-	port-only; no base member reaches it
StartNpcAmbushRetailId	field	ElysiumNpcKernelLifecycle19.inl	-	-	-	FElysiumNpcBase	base	5d	reached by base BaseStartNPC
StartNpcDelayMax	field	ElysiumNpcKernelLifecycle19.inl	-	-	-	FElysiumNpcBase	base	5d	reached by base BaseStartNPC
StartNpcDelayMin	field	ElysiumNpcKernelLifecycle19.inl	-	-	-	FElysiumNpcBase	base	5d	reached by base BaseStartNPC
StartNpcFloorDropUnits	field	ElysiumNpcKernelLifecycle19.inl	-	-	-	FElysiumNpc	stay:troika	-	port-only; no base member reaches it
StartNpcGoalEntityRetailId	field	ElysiumNpcKernelLifecycle19.inl	-	-	-	FElysiumNpcBase	base	5d	reached by base BaseStartNPC
StartNpcThinkFunction	method	ElysiumNpcKernelLifecycle19.inl	ElysiumNpcKernelLifecycle19.cpp	-	-	FElysiumNpcBase	base	5e	reached by base BaseStartNPC
StartOpeningDoor	method	ElysiumNpcKernelConditions.inl	ElysiumNpcKernelConditions.cpp	10289ee0	base	FElysiumNpcBase	base	5e	anchor
StartScheduleId	method	ElysiumNpc.h	ElysiumNpc.cpp	-	-	FElysiumNpc	stay:troika	-	port-only; no base member reaches it
StartTouchSpecies	method	ElysiumNpcKernelSpeciesLifecycle10.inl	ElysiumNpcKernelSpeciesLifecycle10.cpp	-	-	FElysiumNpc	stay:troika	-	port-only; no base member reaches it
StartWalkingAnimation	method	ElysiumNpc.h	ElysiumNpc.cpp	-	-	FElysiumNpc	stay:troika	-	port-only; no base member reaches it
StatListSeeds	field	ElysiumNpcKernelLifecycle19.inl	-	-	-	FElysiumNpc	stay:troika	-	port-only; no base member reaches it
StatTemplate	field	ElysiumNpc.h	-	-	-	FElysiumNpc	stay:troika	-	port-only; no base member reaches it
StepAwayFromSavePosition	method	ElysiumNpc.h	ElysiumNpc.cpp	-	-	FElysiumNpc	stay:troika	-	port-only; no base member reaches it
StopDialogOnRemove	method	ElysiumNpcKernelSaveRestore10.inl	ElysiumNpcKernelSaveRestore10.cpp	102c0ca0	troika	FElysiumNpc	stay:troika body	-	
StopMoving	method	ElysiumNpc.h	ElysiumNpc.cpp	-	-	FElysiumNpc	stay:troika	-	port-only; no base member reaches it
StopMovingTask	method	ElysiumNpc.h	ElysiumNpc.cpp	-	-	FElysiumNpc	stay:troika	-	port-only; no base member reaches it
StopScheduledMove	method	ElysiumNpcKernelTroikaHelpers.inl	ElysiumNpcKernelTroikaHelpers2.cpp	102bf770	troika	FElysiumNpc	stay:troika body	-	
SubState	field	ElysiumNpc.h	-	-	troika	FElysiumNpc	stay:troika word	-	
SupernaturalActCount	method	ElysiumNpcKernelEntityChain.inl	ElysiumNpcKernelEntityChain.cpp	1017e740	-	FElysiumNpc	stay:troika	-	port-only; no base member reaches it
SuppressesDamageFlinch	method	ElysiumNpcKernelDamage.inl	ElysiumNpcKernelDamage.cpp	-	-	FElysiumNpc	stay:troika	-	port-only; no base member reaches it
TakeClearScheduleRequest	method	ElysiumNpc.h	ElysiumNpc.cpp	-	-	FElysiumNpc	stay:troika	-	port-only; no base member reaches it
TakeDamageMode	field	ElysiumNpcKernelDamage.inl	-	-	-	FElysiumNpcBase	base	5d	reached by base BaseNPCInit
TakeExternalExecutorReturn	method	ElysiumNpcKernelMaintain19.inl	ElysiumNpcKernelMaintain19.cpp	-	-	FElysiumNpc	stay:troika	-	port-only; no base member reaches it
TalkingUntil	field	ElysiumNpc.h	-	-	troika	FElysiumNpc	stay:troika word	-	
TargetEnt	field	ElysiumNpc.h	-	-	base	FElysiumNpcBase	base	5d	anchor
TargetLeadCurrentWeight	field	ElysiumNpc.h	-	-	troika	FElysiumNpc	stay:troika word	-	
TargetLeadMax	field	ElysiumNpc.h	-	-	troika	FElysiumNpc	stay:troika word	-	
TargetLeadMin	field	ElysiumNpc.h	-	-	troika	FElysiumNpc	stay:troika word	-	
TargetLeadPredictedWeight	field	ElysiumNpc.h	-	-	troika	FElysiumNpc	stay:troika word	-	
TargetLeadQuery	method	ElysiumNpcKernelTroikaHelpers.inl	ElysiumNpcKernelTroikaHelpers2.cpp	-	-	FElysiumNpc	stay:troika	-	port-only; no base member reaches it
TargetLeadWeightScale	field	ElysiumNpc.h	-	-	troika	FElysiumNpc	stay:troika word	-	
TargetStealthVisionScalar	method	ElysiumNpcKernelSenses10.inl	ElysiumNpcKernelSenses10.cpp	-	-	FElysiumNpc	stay:troika	-	port-only; no base member reaches it
TaskArgumentClears	field	ElysiumNpcKernelTroikaHelpers.inl	-	-	-	FElysiumNpc	stay:troika	-	port-only; no base member reaches it
TaskArgumentForwards	field	ElysiumNpcKernelTroikaHelpers.inl	-	-	-	FElysiumNpc	stay:troika	-	port-only; no base member reaches it
TaskArgumentNeedsClear	method	ElysiumNpcKernelTroikaHelpers.inl	ElysiumNpcKernelTroikaHelpers2.cpp	-	-	FElysiumNpc	stay:troika	-	port-only; no base member reaches it
TaskComplete	method	ElysiumNpcKernelSchedule.inl	ElysiumNpcKernelSchedule.cpp	102623c0,10273e80	base	FElysiumNpcBase	base	5e	anchor
TaskFail	method	ElysiumNpc.h	ElysiumNpc.cpp	102623a0,10273fc0,1029adb0	mixed	FElysiumNpc	pair:TaskFail	5e	slot 448: Troika 0x1029adb0 ends in a direct call to base 0x10273fc0 (m_bShouldMove=0, +0x5c50=reason, SetCondition(0x5c)); the base half is split out
TaskFailureReason	method	ElysiumNpc.h	-	-	-	FElysiumNpc	stay:troika	-	port-only; no base member reaches it
TaskIdSpaceRows	method	ElysiumNpcKernelDebug.inl	ElysiumNpcKernelDebug.cpp	10316ff0	-	FElysiumNpc	stay:troika	-	port-only; no base member reaches it
TaskMovementComplete	method	ElysiumNpcKernelMaintain19.inl	ElysiumNpcKernelMaintain19.cpp	10273ec0	base	FElysiumNpcBase	base	5e	anchor
TaskStarting	method	ElysiumNpc.h	-	-	-	FElysiumNpc	stay:troika	-	port-only; no base member reaches it
TeleportForcedScheduleRetailId	field	ElysiumNpcKernelLifecycle19.inl	-	-	-	FElysiumNpc	stay:troika	-	port-only; no base member reaches it
TeleportMoveTimer	field	ElysiumNpc.h	-	-	troika	FElysiumNpc	stay:troika word	-	
TeleportMoveTimerExtra	field	ElysiumNpcKernelLifecycle19.inl	-	-	-	FElysiumNpc	stay:troika	-	port-only; no base member reaches it
TeleportMoveTimerFloor	field	ElysiumNpcKernelLifecycle19.inl	-	-	-	FElysiumNpc	stay:troika	-	port-only; no base member reaches it
TemplateBloodPool	method	ElysiumNpc.h	-	-	-	FElysiumNpc	stay:troika	-	port-only; no base member reaches it
TemplateBloodPoolValue	field	ElysiumNpc.h	-	-	-	FElysiumNpc	stay:troika	-	port-only; no base member reaches it
TentacleScatterCenterUnits	field	ElysiumNpcKernelGeometry.inl	-	-	-	FElysiumNpc	stay:troika	-	port-only; no base member reaches it
TestField_0x2830	method	ElysiumNpcKernelLifecycle.inl	ElysiumNpcKernelLifecycle.cpp	-	-	FElysiumNpc	stay:troika	-	port-only; no base member reaches it
TestHullPickHull	method	ElysiumNpcKernelMotor10.inl	ElysiumNpcKernelMotor10.cpp	-	-	FElysiumNpc	stay:troika	-	port-only; no base member reaches it
TestHullSpawn	method	ElysiumNpcKernelMotor10.inl	ElysiumNpcKernelMotor10.cpp	-	-	FElysiumNpc	stay:troika	-	port-only; no base member reaches it
Think	method	ElysiumNpc.h	ElysiumNpc.cpp	10292de0	troika	FElysiumNpc	stay:troika body	-	
ThinkAmbient	method	ElysiumNpc.h	ElysiumNpc.cpp	-	-	FElysiumNpc	stay:troika	-	port-only; no base member reaches it
ThinkAutonomous	method	ElysiumNpc.h	ElysiumNpc.cpp	-	-	FElysiumNpc	stay:transitional	-	port routing over Troika PatrolPoints/use_interesting
ThinkDead	method	ElysiumNpc.h	ElysiumNpc.cpp	-	-	FElysiumNpc	stay:troika	-	port-only; no base member reaches it
ThinkFunctionName	field	ElysiumNpcKernelLifecycle19.inl	-	-	-	FElysiumNpcBase	base	5d	reached by base ThinkSet
ThinkInDialog	method	ElysiumNpc.h	ElysiumNpc.cpp	-	-	FElysiumNpc	stay:transitional	-	port routing; retail: RunAI's dialog-partner gate + MaintainSchedule
ThinkPatrol	method	ElysiumNpc.h	ElysiumNpc.cpp	-	-	FElysiumNpc	stay:troika	-	port-only; no base member reaches it
ThinkSchedulePolicy	method	ElysiumNpc.h	ElysiumNpc.cpp	-	-	FElysiumNpc	stay:transitional	-	port routing; retail patrol/visits are schedules Troika SelectSchedule 0x102af660 picks
ThinkScriptOwned	method	ElysiumNpc.h	ElysiumNpc.cpp	-	-	FElysiumNpc	stay:troika	-	port-only; no base member reaches it
ThinkSet	method	ElysiumNpcKernelLifecycle19.inl	ElysiumNpcKernelLifecycle19.cpp	-	-	FElysiumNpcBase	base	5e	reached by base BaseStartNPC
ThinkSetCalls	field	ElysiumNpcKernelLifecycle19.inl	-	-	-	FElysiumNpcBase	base	5d	reached by base ThinkSet
ThinkSetDelay	field	ElysiumNpcKernelLifecycle19.inl	-	-	-	FElysiumNpcBase	base	5d	reached by base ThinkSet
ThinkStanceOrIdle	method	ElysiumNpc.h	ElysiumNpc.cpp	-	-	FElysiumNpc	stay:transitional	-	port routing; its retail content is MaintainSchedule 0x102817c0 (base)
TickScriptWatchdog	method	ElysiumNpc.h	ElysiumNpc.cpp	-	-	FElysiumNpc	stay:troika	-	port-only; no base member reaches it
TimesTalked	field	ElysiumNpc.h	-	-	troika	FElysiumNpc	stay:troika word	-	
TookLifeEventSource	method	ElysiumNpcKernelDamage.inl	ElysiumNpcKernelDamage.cpp	-	-	FElysiumNpc	stay:troika	-	port-only; no base member reaches it
TookLifeSpeciesOf	method	ElysiumNpcKernelDamage.inl	ElysiumNpcKernelDamage2.cpp	-	-	FElysiumNpc	stay:troika	-	port-only; no base member reaches it
TookLifeSpeciesRows	method	ElysiumNpcKernelDamage.inl	ElysiumNpcKernelDamage2.cpp	-	-	FElysiumNpc	stay:troika	-	port-only; no base member reaches it
TouchFunctionCalls	field	ElysiumNpcKernelSpeciesLifecycle10.inl	-	-	-	FElysiumNpcBase	base	5d	reached by base BaseEntityTouch
TouchSpecies	method	ElysiumNpcKernelSpeciesLifecycle10.inl	ElysiumNpcKernelSpeciesLifecycle10.cpp	-	-	FElysiumNpc	stay:troika	-	port-only; no base member reaches it
TraceAimRay	method	ElysiumNpcKernelEntityChain.inl	ElysiumNpcKernelEntityChain.cpp	-	-	FElysiumNpc	stay:troika	-	port-only; no base member reaches it
TraceAttackEvadeCheck	method	ElysiumNpcKernelDamage.inl	ElysiumNpcKernelDamage.cpp	10012783	-	FElysiumNpc	stay:troika	-	port-only; no base member reaches it
TraceBleedPasses	field	ElysiumNpcKernelDamage.inl	-	-	-	FElysiumNpc	stay:troika	-	port-only; no base member reaches it
TraceMessageFormat	method	ElysiumNpcKernelDebug10.inl	ElysiumNpcKernelDebug10.cpp	1028d990	troika	FElysiumNpc	stay:troika body	-	
TraceMessagesGoToRing	method	ElysiumNpcKernelDebug10.inl	ElysiumNpcKernelDebug10.cpp	-	-	FElysiumNpc	stay:troika	-	port-only; no base member reaches it
TraceMoveClearanceAtYaw	method	ElysiumNpcKernelCombat10.inl	ElysiumNpcKernelCombat10.cpp	102a1650	troika	FElysiumNpc	stay:troika body	-	
TranslateActivityNumber	method	ElysiumNpcKernelAnim.inl	ElysiumNpcKernelAnim.cpp	10271ff0	base	FElysiumNpcBase	base	5e	anchor
TranslateCineCleanupCalls	field	ElysiumNpcKernelTranslate19.inl	-	-	-	FElysiumNpcBase	base	5d	reached by base BaseTranslateSchedule
TranslateCineMoveTo	field	ElysiumNpcKernelTranslate19.inl	-	-	-	FElysiumNpcBase	base	5d	reached by base BaseTranslateSchedule
TranslateEnemyChasePositionAs	method	ElysiumNpcKernelPositions.inl	ElysiumNpcKernelPositions2.cpp	-	-	FElysiumNpc	stay:troika	-	port-only; no base member reaches it
TranslateEnemyChasePositionShaped	method	ElysiumNpcKernelPositions.inl	ElysiumNpcKernelPositions2.cpp	-	-	FElysiumNpc	stay:troika	-	port-only; no base member reaches it
TranslateSchedule	method	ElysiumNpc.h	ElysiumNpcKernelTranslate19.cpp	102b12f0	troika	FElysiumNpc	stay:troika body	-	
TranslateScheduleRetail	method	ElysiumNpcKernelTranslate19.inl	ElysiumNpcKernelTranslate19.cpp	102b12f0	troika	FElysiumNpc	stay:troika body	-	
TranslatedActivity	field	ElysiumNpcKernelAnim.inl	-	-	-	FElysiumNpcBase	base	5d	reached by base SetActivityAndSequence
TroikaDeathSound	method	ElysiumNpcKernelSounds10.inl	ElysiumNpcKernelSounds10.cpp	10293ec0	troika	FElysiumNpc	stay:troika body	-	
TroikaDrawDebugGeometryOverlays	method	ElysiumNpcKernelDebug10.inl	ElysiumNpcKernelDebug10_2.cpp	1029ca50	troika	FElysiumNpc	stay:troika body	-	
TroikaDrawDebugStatOverlays	method	ElysiumNpcKernelDebug.inl	ElysiumNpcKernelDebug.cpp	1029c010	troika	FElysiumNpc	stay:troika body	-	
TroikaDrawDebugTextOverlays	method	ElysiumNpcKernelDebug10.inl	ElysiumNpcKernelDebug10.cpp	1029d4e0	troika	FElysiumNpc	stay:troika body	-	
TroikaIRelationType	method	ElysiumNpcKernelConditions10.inl	ElysiumNpcKernelConditions10.cpp	10299da0	troika	FElysiumNpc	stay:troika body	-	
TroikaInitAlertLevelResets	field	ElysiumNpcKernelLifecycle19.inl	-	-	-	FElysiumNpc	stay:troika	-	port-only; no base member reaches it
TroikaInitInterestingPlaceReleases	field	ElysiumNpcKernelLifecycle19.inl	-	-	-	FElysiumNpc	stay:troika	-	port-only; no base member reaches it
TroikaMotor	field	ElysiumNpcKernelTroikaHelpers.inl	-	-	-	FElysiumNpcBase	base	5d	reached by base FUN_102eee40
TroikaNPCInit	method	ElysiumNpcKernelLifecycle19.inl	ElysiumNpcKernelLifecycle19.cpp	1029a0b0	troika	FElysiumNpc	stay:troika body	-	
TroikaNPCThinkDebugPre	method	ElysiumNpcKernelDebug10.inl	ElysiumNpcKernelDebug10_2.cpp	10292500	troika	FElysiumNpc	stay:troika body	-	
TroikaNpcEarlyTranslateActivity	method	ElysiumNpcKernelAnim10.inl	ElysiumNpcKernelAnim10.cpp	10295590	troika	FElysiumNpc	stay:troika body	-	
TroikaOnRestore	method	ElysiumNpcKernelLifecycle19.inl	ElysiumNpcKernelLifecycle19.cpp	1029f610	troika	FElysiumNpc	stay:troika body	-	
TroikaOnScheduleChange	method	ElysiumNpcKernelMaintain19.inl	ElysiumNpcKernelMaintain19.cpp	-	-	FElysiumNpc	stay:troika	-	port-only; no base member reaches it
TroikaPrecache	method	ElysiumNpcKernelPrecache10.inl	ElysiumNpcKernelPrecache10.cpp	10298ad0	troika	FElysiumNpc	stay:troika body	-	
TroikaRestore	method	ElysiumNpcKernelSaveRestore10.inl	ElysiumNpcKernelSaveRestore10.cpp	10299700	troika	FElysiumNpc	stay:troika body	-	
TroikaSave	method	ElysiumNpcKernelSaveRestore10.inl	ElysiumNpcKernelSaveRestore10.cpp	102993c0	troika	FElysiumNpc	stay:troika body	-	
TroikaScriptUnhideTail	method	ElysiumNpcKernelLifecycle.inl	ElysiumNpcKernelLifecycle.cpp	-	-	FElysiumNpc	stay:troika	-	port-only; no base member reaches it
TroikaSelectIdealState	method	ElysiumNpcKernelState19.inl	ElysiumNpcKernelState19.cpp	102ad660	troika	FElysiumNpc	stay:troika body	-	
TroikaSelectScheduleRangedCombat	method	ElysiumNpcKernelCombat10.inl	ElysiumNpcKernelCombat10_2.cpp	102b7fc0	troika	FElysiumNpc	stay:troika body	-	
TroikaSetActivity	method	ElysiumNpcKernelAnim10.inl	ElysiumNpcKernelAnim10.cpp	10295750	troika	FElysiumNpc	stay:troika body	-	
TroikaSetModel	method	ElysiumNpcKernelAnim10.inl	ElysiumNpcKernelAnim10.cpp	10298ce0	troika	FElysiumNpc	stay:troika body	-	
TroikaSlot506	method	ElysiumNpcKernelSounds10.inl	ElysiumNpcKernelSounds10.cpp	10294e70	troika	FElysiumNpc	stay:troika body	-	
TroikaStartNPC	method	ElysiumNpcKernelLifecycle19.inl	ElysiumNpcKernelLifecycle19.cpp	-	-	FElysiumNpc	stay:troika	-	port-only; no base member reaches it
TroikaTranslateScheduleRetail	method	ElysiumNpcKernelTranslate19.inl	ElysiumNpcKernelTranslate19.cpp	102b12f0	troika	FElysiumNpc	stay:troika body	-	
TroikaUpdateOnRemove	method	ElysiumNpcKernelSaveRestore10.inl	ElysiumNpcKernelSaveRestore10.cpp	1028d6e0	troika	FElysiumNpc	stay:troika body	-	
TuningEnemyStoreInterval	method	ElysiumNpcKernelLifecycle19.inl	ElysiumNpcKernelLifecycle19.cpp	101e8c30	-	FElysiumNpc	stay:troika	-	port-only; no base member reaches it
TuningOccludedDelayCover	method	ElysiumNpcKernelLifecycle19.inl	ElysiumNpcKernelLifecycle19.cpp	101e8c70	-	FElysiumNpc	stay:troika	-	port-only; no base member reaches it
TuningOccludedDelayNormal	method	ElysiumNpcKernelLifecycle19.inl	ElysiumNpcKernelLifecycle19.cpp	101e8c50	-	FElysiumNpc	stay:troika	-	port-only; no base member reaches it
TuningZombieGrappleReadyInterval	method	ElysiumNpcKernelLifecycle19.inl	ElysiumNpcKernelLifecycle19.cpp	101e8bf0	-	FElysiumNpc	stay:troika	-	port-only; no base member reaches it
TurnActivityBaseLadder	method	ElysiumNpcKernelFacing.inl	ElysiumNpcKernelFacing.cpp	10289d10	base	FElysiumNpcBase	base	5e	anchor
TurnActivityTroikaLadder	method	ElysiumNpcKernelFacing.inl	ElysiumNpcKernelFacing.cpp	10297640	troika	FElysiumNpc	stay:troika body	-	
TurningAnimsEnabled	method	ElysiumNpcKernelFacing.inl	ElysiumNpcKernelFacing.cpp	109247ec	-	FElysiumNpc	stay:troika	-	port-only; no base member reaches it
TweakParamDeriveSentinel	field	ElysiumNpcKernelSocial10.inl	-	-	-	FElysiumNpc	stay:troika	-	port-only; no base member reaches it
TweakParamErrors	field	ElysiumNpcKernelSocial10.inl	-	-	-	FElysiumNpc	stay:troika	-	port-only; no base member reaches it
TweakParamFormatErrors	field	ElysiumNpcKernelSocial10.inl	-	-	-	FElysiumNpc	stay:troika	-	port-only; no base member reaches it
TweakParamKeyOf	method	ElysiumNpcKernelSocial10.inl	ElysiumNpcKernelSocial10.cpp	1029aa10	troika	FElysiumNpc	stay:troika body	-	
TweakParamNegativeFloor	field	ElysiumNpcKernelSocial10.inl	-	-	-	FElysiumNpc	stay:troika	-	port-only; no base member reaches it
TweakParamPerceptionMax	field	ElysiumNpcKernelSocial10.inl	-	-	-	FElysiumNpc	stay:troika	-	port-only; no base member reaches it
TweakParamPerceptionMin	field	ElysiumNpcKernelSocial10.inl	-	-	-	FElysiumNpc	stay:troika	-	port-only; no base member reaches it
TweakParamsIgnored	field	ElysiumNpcKernelSocial10.inl	-	-	-	FElysiumNpc	stay:troika	-	port-only; no base member reaches it
TypedStatAddBase	method	ElysiumNpcKernelCombat10.inl	ElysiumNpcKernelCombat10.cpp	-	-	FElysiumNpc	stay:troika	-	port-only; no base member reaches it
TypedStatBase	method	ElysiumNpcKernelCombat10.inl	ElysiumNpcKernelCombat10.cpp	-	-	FElysiumNpc	stay:troika	-	port-only; no base member reaches it
TypedStatIncBase	method	ElysiumNpcKernelCombat10.inl	ElysiumNpcKernelCombat10.cpp	-	-	FElysiumNpc	stay:troika	-	port-only; no base member reaches it
TypedStatSet	method	ElysiumNpcKernelCombat10.inl	ElysiumNpcKernelCombat10.cpp	-	-	FElysiumNpc	stay:troika	-	port-only; no base member reaches it
TypedStatSubBase	method	ElysiumNpcKernelCombat10.inl	ElysiumNpcKernelCombat10.cpp	-	-	FElysiumNpc	stay:troika	-	port-only; no base member reaches it
TypedStatValue	method	ElysiumNpcKernelCombat10.inl	ElysiumNpcKernelCombat10.cpp	102012d0	base	FElysiumNpcBase	base	5e	anchor
TypedStatValueOf	method	ElysiumNpcKernelSpeciesMisc10.inl	ElysiumNpcKernelSpeciesMisc10_2.cpp	-	-	FElysiumNpc	stay:troika	-	port-only; no base member reaches it
TypedStatWrites	field	ElysiumNpcKernelCombat10.inl	-	-	-	FElysiumNpc	stay:troika	-	port-only; no base member reaches it
Unknown5b58	field	ElysiumNpc.h	-	-	base	FElysiumNpcBase	base	5d	anchor
UnreachableEnts	field	ElysiumNpcKernelPositions.inl	-	-	-	FElysiumNpcBase	base	5d	reached by base RememberUnreachable
UnrecoveredChainCalls	field	ElysiumNpcKernelEntityChain.inl	-	-	-	FElysiumNpc	stay:troika	-	port-only; no base member reaches it
UpdateCaiMemory	method	ElysiumNpcKernelSenses10.inl	ElysiumNpcKernelSenses10.cpp	102df700	base	FElysiumNpcBase	base	5e	anchor
UpdateCharacter	method	ElysiumNpc.h	ElysiumNpc.cpp	10298070	troika	FElysiumNpc	stay:troika body	-	
UpdateClosestNpc	method	ElysiumNpcKernelEntityChain.inl	ElysiumNpcKernelEntityChain2.cpp	101828b0	-	FElysiumNpc	stay:troika	-	port-only; no base member reaches it
UpdateEnemyDistances	method	ElysiumNpc.h	ElysiumNpc.cpp	10292de0	troika	FElysiumNpc	stay:troika body	-	
UpdateEnemyWentOccluded	method	ElysiumNpcKernelSenses.inl	ElysiumNpcKernelSenses.cpp	10270180	base	FElysiumNpcBase	base	5e	anchor
UpdateIdealState	method	ElysiumNpc.h	ElysiumNpc.cpp	-	-	FElysiumNpc	stay:troika	-	port-only; no base member reaches it
UpdatePedestrianInfo	method	ElysiumNpcKernelDialogue.inl	ElysiumNpcKernelDialogue.cpp	102a0d20	troika	FElysiumNpc	stay:troika body	-	
UseActivator	field	ElysiumNpcKernelDialogue.inl	-	-	-	FElysiumNpc	stay:troika	-	port-only; no base member reaches it
UseEntityIndex	field	ElysiumNpcKernelEntityChain.inl	-	-	-	FElysiumNpc	stay:troika	-	port-only; no base member reaches it
UtilRemoveCalls	field	ElysiumNpcKernelSenses10.inl	-	-	-	FElysiumNpc	stay:troika	-	port-only; no base member reaches it
UtilRemoveSelf	method	ElysiumNpcKernelSenses10.inl	ElysiumNpcKernelSenses10.cpp	-	-	FElysiumNpc	stay:troika	-	port-only; no base member reaches it
VPhysicsHullRebuilds	field	ElysiumNpcKernelMotor10.inl	-	-	-	FElysiumNpcBase	base	5d	reached by base SetHullSizeSmall
VPhysicsShadow	field	ElysiumNpcKernelSenses10.inl	-	-	-	FElysiumNpcBase	base	5d	reached by base BuildVPhysicsShadow
VPhysicsUpdatePusher	method	ElysiumNpcKernelEntityChain.inl	ElysiumNpcKernelEntityChain.cpp	-	-	FElysiumNpc	stay:troika	-	port-only; no base member reaches it
VSoundConceptId	method	ElysiumNpcKernelSounds10.inl	ElysiumNpcKernelSounds10.cpp	-	-	FElysiumNpc	stay:troika	-	port-only; no base member reaches it
VSoundGroupName	field	ElysiumNpcKernelPrecache10.inl	-	-	-	FElysiumNpc	stay:troika	-	port-only; no base member reaches it
VSoundGroupRow	field	ElysiumNpcKernelPrecache10.inl	-	-	-	FElysiumNpc	stay:troika	-	port-only; no base member reaches it
VSoundGroupRowFor	method	ElysiumNpcKernelPrecache10.inl	ElysiumNpcKernelPrecache10.cpp	-	-	FElysiumNpc	stay:troika	-	port-only; no base member reaches it
VSoundSpeakCalls	field	ElysiumNpcKernelSounds10.inl	-	-	-	FElysiumNpc	stay:troika	-	port-only; no base member reaches it
VSoundTableIndex	field	ElysiumNpcKernelPrecache10.inl	-	-	-	FElysiumNpc	stay:troika	-	port-only; no base member reaches it
VacateSquadSlot	method	ElysiumNpcKernelSquad.inl	ElysiumNpcKernelSquad.cpp	1028ae60	base	FElysiumNpcBase	base	5e	anchor
ValidateHintCoverRange	method	ElysiumNpcKernelHints.inl	ElysiumNpcKernelHints.cpp	10296c40	troika	FElysiumNpc	stay:troika body	-	
ValidateRestoredInterestingPlace	method	ElysiumNpcKernelLifecycle19.inl	ElysiumNpcKernelLifecycle19.cpp	10299a80	troika	FElysiumNpc	stay:troika body	-	
VectorVectors	method	ElysiumNpcKernelSounds10.inl	ElysiumNpcKernelSounds10.cpp	10138a90	-	FElysiumNpc	stay:troika	-	port-only; no base member reaches it
VictimHitReactionDispatches	field	ElysiumNpcKernelMisc.inl	-	-	-	FElysiumNpc	stay:troika	-	port-only; no base member reaches it
ViewConeLengthForPlayer	method	ElysiumNpcKernelDebug10.inl	ElysiumNpcKernelDebug10_2.cpp	1029c9f0	troika	FElysiumNpc	stay:troika body	-	
ViewConeThirdLength	method	ElysiumNpcKernelDebug10.inl	ElysiumNpcKernelDebug10_2.cpp	1029ca30	troika	FElysiumNpc	stay:troika body	-	
ViewOffsetWrites	field	ElysiumNpcKernelAnim10.inl	-	-	-	FElysiumNpcBase	base	5d	reached by base SetViewOffset
Viewtarget	field	ElysiumNpcKernelFacing.inl	-	-	-	FElysiumNpc	stay:troika	-	port-only; no base member reaches it
VocalizationFor	method	ElysiumNpcKernelSounds.inl	ElysiumNpcKernelSounds.cpp	-	-	FElysiumNpc	stay:troika	-	port-only; no base member reaches it
Vocalizations	method	ElysiumNpcKernelSounds.inl	ElysiumNpcKernelSounds.cpp	-	-	FElysiumNpc	stay:troika	-	port-only; no base member reaches it
WaitForMovement	method	ElysiumNpc.h	ElysiumNpc.cpp	-	-	FElysiumNpc	stay:troika	-	port-only; no base member reaches it
WaitPvs	method	ElysiumNpc.h	ElysiumNpc.cpp	102aacf0	troika	FElysiumNpc	stay:troika body	-	
WeaponActivityRequests	field	ElysiumNpcKernelAnim10.inl	-	-	-	FElysiumNpcBase	base	5d	reached by base WeaponSetActivity
WeaponAimOffset	field	ElysiumNpcKernelAnim10.inl	-	-	-	FElysiumNpc	stay:troika	-	port-only; no base member reaches it
WeaponAimTarget	field	ElysiumNpcKernelAnim10.inl	-	-	-	FElysiumNpc	stay:troika	-	port-only; no base member reaches it
WeaponAmmoCap	method	ElysiumNpcKernelCombat10.inl	ElysiumNpcKernelCombat10.cpp	-	-	FElysiumNpcBase	base	5e	reached by base RerollDroppedWeaponAmmo
WeaponAmmoFromWeaponData	method	ElysiumNpcKernelCombat10.inl	ElysiumNpcKernelCombat10.cpp	-	-	FElysiumNpcBase	base	5e	reached by base RerollDroppedWeaponAmmo
WeaponAmmoRerolls	field	ElysiumNpcKernelCombat10.inl	-	-	-	FElysiumNpcBase	base	5d	reached by base RerollDroppedWeaponAmmo
WeaponBlockedByFriendTimer	field	ElysiumNpc.h	-	-	base	FElysiumNpcBase	base	5d	anchor
WeaponCreateForDrop	method	ElysiumNpcKernelCombat10.inl	ElysiumNpcKernelCombat10.cpp	-	-	FElysiumNpc	stay:troika	-	port-only; no base member reaches it
WeaponDetach	method	ElysiumNpcKernelCombat10.inl	ElysiumNpcKernelCombat10.cpp	-	-	FElysiumNpc	stay:troika	-	port-only; no base member reaches it
WeaponDetaches	field	ElysiumNpcKernelCombat10.inl	-	-	-	FElysiumNpc	stay:troika	-	port-only; no base member reaches it
WeaponDropNotifies	field	ElysiumNpcKernelCombat10.inl	-	-	-	FElysiumNpc	stay:troika	-	port-only; no base member reaches it
WeaponFlagBlocksAttack	method	ElysiumNpcKernelConditions.inl	ElysiumNpcKernelConditions.cpp	-	-	FElysiumNpc	stay:troika	-	port-only; no base member reaches it
WeaponIsDroppable	method	ElysiumNpcKernelCombat10.inl	ElysiumNpcKernelCombat10.cpp	-	-	FElysiumNpc	stay:troika	-	port-only; no base member reaches it
WeaponIsStackSplittable	method	ElysiumNpcKernelCombat10.inl	ElysiumNpcKernelCombat10.cpp	-	-	FElysiumNpc	stay:troika	-	port-only; no base member reaches it
WeaponNeedsTransmitUpdate	method	ElysiumNpcKernelCombat10.inl	ElysiumNpcKernelCombat10.cpp	-	-	FElysiumNpc	stay:troika	-	port-only; no base member reaches it
WeaponOwnsThisType	method	ElysiumNpcKernelMotor10.inl	ElysiumNpcKernelMotor10.cpp	-	-	FElysiumNpcBase	base	5e	reached by base StandoffTranslateActivity
WeaponScareTime	field	ElysiumNpc.h	-	-	troika	FElysiumNpc	stay:troika word	-	
WeaponSetActivity	method	ElysiumNpcKernelAnim10.inl	ElysiumNpcKernelAnim10.cpp	-	-	FElysiumNpcBase	base	5e	reached by base SetActivityAndSequence
WeaponStackCount	method	ElysiumNpcKernelCombat10.inl	ElysiumNpcKernelCombat10.cpp	-	-	FElysiumNpc	stay:troika	-	port-only; no base member reaches it
WeaponThroughWallTime	field	ElysiumNpc.h	-	-	troika	FElysiumNpc	stay:troika word	-	
WerewolfChaseToleranceConVar	method	ElysiumNpcKernelPositions.inl	ElysiumNpcKernelPositions2.cpp	-	-	FElysiumNpc	stay:troika	-	port-only; no base member reaches it
WerewolfHintFlags	field	ElysiumNpcKernelHints.inl	-	-	-	FElysiumNpc	stay:troika	-	port-only; no base member reaches it
WerewolfShowDebug	method	ElysiumNpcKernelSpeciesLifecycle10.inl	ElysiumNpcKernelSpeciesLifecycle10.cpp	-	-	FElysiumNpc	stay:troika	-	port-only; no base member reaches it
WirePhysAnimlink	method	ElysiumNpcKernelBosses.inl	ElysiumNpcKernelBosses.cpp	-	-	FElysiumNpc	stay:troika	-	port-only; no base member reaches it
Witness	field	ElysiumNpc.h	-	-	-	FElysiumNpc	stay:troika	-	port-only; no base member reaches it
WolfMorphActivity	field	ElysiumNpcKernelLifecycle19.inl	-	-	-	FElysiumNpc	stay:troika	-	port-only; no base member reaches it
WolfMorphNPCInit	method	ElysiumNpcKernelLifecycle19.inl	ElysiumNpcKernelLifecycle19_2.cpp	-	-	FElysiumNpc	stay:troika	-	port-only; no base member reaches it
WolfMorphRetailState	field	ElysiumNpcKernelLifecycle19.inl	-	-	-	FElysiumNpc	stay:troika	-	port-only; no base member reaches it
WorldSpaceCentreCacheCm	field	ElysiumNpcKernelClosure.inl	-	-	-	FElysiumNpc	stay:troika	-	port-only; no base member reaches it
WriteFVisibleBlocker	method	ElysiumNpcKernelSenses10.inl	ElysiumNpcKernelSenses10.cpp	102b4630	troika	FElysiumNpc	stay:troika body	-	
WriteIdealStateRetail	method	ElysiumNpcKernelState19.inl	ElysiumNpcKernelState19.cpp	-	-	FElysiumNpcBase	base	5e	reached by base SetState
WriteNpcStateRetail	method	ElysiumNpcKernelState19.inl	ElysiumNpcKernelState19.cpp	-	-	FElysiumNpcBase	base	5e	reached by base SetState
ZombieAiType	field	ElysiumNpcKernelSpecies.inl	-	-	-	FElysiumNpc	stay:troika	-	port-only; no base member reaches it
ZombieLineSetModel	method	ElysiumNpcKernelAnim10.inl	ElysiumNpcKernelAnim10.cpp	-	-	FElysiumNpc	stay:troika	-	port-only; no base member reaches it
bAggressiveAnims	field	ElysiumNpc.h	-	-	troika	FElysiumNpc	stay:troika word	-	
bAimWeaponAtTarget	field	ElysiumNpcKernelAnim10.inl	-	-	-	FElysiumNpc	stay:troika	-	port-only; no base member reaches it
bAllowAlertLookaround	field	ElysiumNpc.h	-	-	troika	FElysiumNpc	stay:troika word	-	
bAllowTurningAnims	field	ElysiumNpc.h	-	-	troika	FElysiumNpc	stay:troika word	-	
bAmbientArrived	field	ElysiumNpc.h	-	-	troika	FElysiumNpc	stay:troika word	-	
bCameFromSpawner	field	ElysiumNpc.h	-	-	troika	FElysiumNpc	stay:troika word	-	
bCantDropWeapons	field	ElysiumNpc.h	-	-	-	FElysiumNpc	stay:troika	-	port-only; no base member reaches it
bCineScriptHidden	field	ElysiumNpcKernelLifecycle19.inl	-	-	base	FElysiumNpcBase	base	5d	anchor
bClearScheduleRequested	field	ElysiumNpc.h	-	-	-	FElysiumNpc	stay:troika	-	port-only; no base member reaches it
bCondHitByDoor	field	ElysiumNpc.h	-	-	-	FElysiumNpc	stay:troika	-	port-only; no base member reaches it
bCrosswalkLinkBound	field	ElysiumNpcKernelDialogue.inl	-	-	-	FElysiumNpc	stay:troika	-	port-only; no base member reaches it
bCutsceneForceLOD	field	ElysiumNpcKernelAnim.inl	-	-	-	FElysiumNpc	stay:troika	-	port-only; no base member reaches it
bDeathCommitted	field	ElysiumNpc.h	-	-	-	FElysiumNpcBase	base	5d	reached by base CommitDeath
bDeathHandoffDone	field	ElysiumNpc.h	-	-	-	FElysiumNpcBase	base	5d	reached by base CompleteDeathHandoff
bDialogFinalLatch	field	ElysiumNpcKernelDialogue.inl	-	-	-	FElysiumNpc	stay:troika	-	port-only; no base member reaches it
bDialogNodeBound	field	ElysiumNpcKernelDialogue.inl	-	-	-	FElysiumNpc	stay:troika	-	port-only; no base member reaches it
bDisableAi	field	ElysiumNpc.h	-	-	troika	FElysiumNpc	stay:troika word	-	
bDisallowKnockbacks	field	ElysiumNpc.h	-	-	-	FElysiumNpc	stay:troika	-	port-only; no base member reaches it
bFastFood	field	ElysiumNpc.h	-	-	-	FElysiumNpc	stay:troika	-	port-only; no base member reaches it
bField_0x30e9	field	ElysiumNpcKernelLifecycle.inl	-	-	-	FElysiumNpc	stay:troika	-	port-only; no base member reaches it
bForceFrequentThink	field	ElysiumNpc.h	-	-	troika	FElysiumNpc	stay:troika word	-	
bForceMaintainActivity	field	ElysiumNpc.h	-	-	troika	FElysiumNpc	stay:troika word	-	
bForceMaintainActivitySeenByLastMaintain	field	ElysiumNpcKernelSaveRestore10.inl	-	-	-	FElysiumNpc	stay:troika	-	port-only; no base member reaches it
bForceNpcCheck	field	ElysiumNpc.h	-	-	troika	FElysiumNpc	stay:troika word	-	
bFrenzyShadowFailedGrapple	field	ElysiumNpcKernelSenses10.inl	-	-	-	FElysiumNpc	stay:troika	-	port-only; no base member reaches it
bGoToIdleState	field	ElysiumNpc.h	-	-	troika	FElysiumNpc	stay:troika word	-	
bHasDamageFilter	field	ElysiumNpc.h	-	-	-	FElysiumNpc	stay:troika	-	port-only; no base member reaches it
bHasKindredTemplate	field	ElysiumNpc.h	-	-	-	FElysiumNpc	stay:troika	-	port-only; no base member reaches it
bHasPhysicsObject	field	ElysiumNpcKernelSenses10.inl	-	-	-	FElysiumNpcBase	base	5d	reached by base RestoreNormalHull
bHasVPhysicsObject	field	ElysiumNpcKernelMotor10.inl	-	-	-	FElysiumNpcBase	base	5d	reached by base SetHullSizeSmall
bHeavyBodyTarget	field	ElysiumNpcKernelAnim10.inl	-	-	-	FElysiumNpc	stay:troika	-	port-only; no base member reaches it
bHengeyokaiDidFakeThrow	field	ElysiumNpcKernelMisc.inl	-	-	-	FElysiumNpc	stay:troika	-	port-only; no base member reaches it
bIgnoreDetectedAttack	field	ElysiumNpc.h	-	-	troika	FElysiumNpc	stay:troika word	-	
bInBossRegistry	field	ElysiumNpc.h	-	-	troika	FElysiumNpc	stay:troika word	-	
bInChoreoScene	field	ElysiumNpc.h	-	-	base	FElysiumNpcBase	base	5d	anchor
bInMelee	field	ElysiumNpc.h	-	-	troika	FElysiumNpc	stay:troika word	-	
bInvincible	field	ElysiumNpc.h	-	-	troika	FElysiumNpc	stay:troika word	-	
bIsBccTargetable	field	ElysiumNpcKernelLifecycle19.inl	-	-	-	FElysiumNpc	stay:troika	-	port-only; no base member reaches it
bIsBossMonster	field	ElysiumNpc.h	-	-	troika	FElysiumNpc	stay:troika word	-	
bIsTalking	field	ElysiumNpcKernelSocial10.inl	-	-	troika	FElysiumNpc	stay:troika word	-	
bIsUsingSmallHull	field	ElysiumNpc.h	-	-	base	FElysiumNpcBase	base	5d	anchor
bJumping	field	ElysiumNpc.h	-	102a99a0	troika	FElysiumNpc	stay:troika word	-	
bKeepSound	field	ElysiumNpcKernelAnim10.inl	-	-	-	FElysiumNpcBase	base	5d	reached by base SetActivityAndSequence
bKindredTemplate	field	ElysiumNpc.h	-	-	-	FElysiumNpc	stay:troika	-	port-only; no base member reaches it
bLastFormBitArm	field	ElysiumNpcKernelBosses.inl	-	-	-	FElysiumNpc	stay:troika	-	port-only; no base member reaches it
bLastSetScheduleForce	field	ElysiumNpcKernelLifecycle19.inl	-	-	-	FElysiumNpcBase	base	5d	reached by base InstallScheduleRetail
bLeaningLeft	field	ElysiumNpc.h	-	-	troika	FElysiumNpc	stay:troika word	-	
bLoadoutResolved	field	ElysiumNpc.h	-	-	-	FElysiumNpc	stay:troika	-	port-only; no base member reaches it
bMoveIssued	field	ElysiumNpc.h	-	-	-	FElysiumNpcBase	base	5d	reached by base TaskMovementComplete
bNavIgnorePhysicsProps	field	ElysiumNpc.h	-	-	troika	FElysiumNpc	stay:troika word	-	
bNavigatorByte51	field	ElysiumNpcKernelMotor10.inl	-	-	-	FElysiumNpcBase	base	5d	reached by base NavigatorMoveNormal
bNoAlertState	field	ElysiumNpc.h	-	-	troika	FElysiumNpc	stay:troika word	-	
bNoDamageDecal	field	ElysiumNpc.h	-	-	base	FElysiumNpcBase	base	5d	anchor
bNoFlinch	field	ElysiumNpcKernelAnim.inl	-	-	-	FElysiumNpc	stay:troika	-	port-only; no base member reaches it
bNpcIsAlive	field	ElysiumNpcKernelLifecycle19.inl	-	-	-	FElysiumNpc	stay:troika	-	port-only; no base member reaches it
bOnTarget	field	ElysiumNpcKernelEntityChain.inl	-	-	-	FElysiumNpc	stay:troika	-	port-only; no base member reaches it
bOpeningDoorWait	field	ElysiumNpc.h	-	-	base	FElysiumNpcBase	base	5d	anchor
bPatrolActive	field	ElysiumNpc.h	-	-	-	FElysiumNpc	stay:troika	-	port-only; no base member reaches it
bPlayerAnimNameSet	field	ElysiumNpcKernelEntityChain.inl	-	-	-	FElysiumNpc	stay:troika	-	port-only; no base member reaches it
bReportedNoStepSurface	field	ElysiumNpc.h	-	-	-	FElysiumNpc	stay:troika	-	port-only; no base member reaches it
bRetailClassForTests	field	ElysiumNpc.h	-	-	-	FElysiumNpcBase	base	5c	the retail-class identity API stands on the base: the script directors and the test hull (folds 9-10) answer their own census rows (story-5-execution-plan.md step 5, 5c)
bReturnToExternalExecutorAfterSchedule	field	ElysiumNpcKernelMaintain19.inl	-	-	-	FElysiumNpc	stay:troika	-	port-only; no base member reaches it
bReturnToInitialPos	field	ElysiumNpc.h	-	-	troika	FElysiumNpc	stay:troika word	-	
bScriptBodyHeld	field	ElysiumNpc.h	-	-	-	FElysiumNpc	stay:troika	-	port-only; no base member reaches it
bScriptBodyRequested	field	ElysiumNpc.h	-	-	-	FElysiumNpc	stay:troika	-	port-only; no base member reaches it
bSequenceFinished	field	ElysiumNpcKernelAnim.inl	-	-	-	FElysiumNpcBase	base	5d	reached by base BaseMaintainActivity
bSequenceLoopedOnce	field	ElysiumNpcKernelAnim10.inl	-	-	-	FElysiumNpcBase	base	5d	reached by base SetActivityAndSequence
bStanceUnavailable	field	ElysiumNpc.h	-	-	-	FElysiumNpc	stay:troika	-	port-only; no base member reaches it
bStandoffRangedCache	field	ElysiumNpcKernelTroikaHelpers.inl	-	-	-	FElysiumNpcBase	base	5d	reached by base StandoffVfunc3
bStateChangeSeen	field	ElysiumNpc.h	-	-	-	FElysiumNpcBase	base	5d	reached by base SetState
bStayEntrenched	field	ElysiumNpc.h	-	-	troika	FElysiumNpc	stay:troika word	-	
bTestHullByte5f44	field	ElysiumNpcKernelMotor10.inl	-	-	-	FElysiumNpc	stay:troika	-	port-only; no base member reaches it
bTzimisceRunnerForm	field	ElysiumNpcKernelAnim10.inl	-	-	-	FElysiumNpc	stay:troika	-	port-only; no base member reaches it
bUnknown1b4d	field	ElysiumNpc.h	-	-	base	FElysiumNpcBase	base	5d	anchor
bUnread6658	field	ElysiumNpc.h	-	-	troika	FElysiumNpc	stay:troika word	-	
bUseEntityNotify	field	ElysiumNpcKernelEntityChain.inl	-	-	-	FElysiumNpc	stay:troika	-	port-only; no base member reaches it
bUseInteresting	field	ElysiumNpc.h	-	-	troika	FElysiumNpc	stay:troika word	-	
bWalkingAnimation	field	ElysiumNpc.h	-	-	-	FElysiumNpc	stay:troika	-	port-only; no base member reaches it
bWantsLargeHull	field	ElysiumNpc.h	-	-	base	FElysiumNpcBase	base	5d	anchor
uint8	field	ElysiumNpc.h	-	-	-	FElysiumNpc	stay:troika	-	scanner artifact: `enum class EDeadThink : uint8` in the protected think section (the member scanner reads the underlying type as the name); the Troika ThinkDead's own type
ScheduleHost.AttackExtentsCm	component-field	ElysiumNpcScheduleHost.h	-	-	-	FElysiumNpc::ScheduleHost.AttackExtentsCm	stay:troika word	-	port-only word; 
ScheduleHost.CacheInterruptTime	component-field	ElysiumNpcScheduleHost.h	-	+0x1b24	base	FElysiumNpcBase::BaseScheduleHost.CacheInterruptTime	split:BaseScheduleHost	5d	
ScheduleHost.DesiredMoveYaw	component-field	ElysiumNpcScheduleHost.h	-	+0x63ec	troika	FElysiumNpc::ScheduleHost.DesiredMoveYaw	stay:troika word	-	read by base BaseNPCInit, BeginStopMovingTask, FUN_102e19e0
ScheduleHost.EnemyDistUnits	component-field	ElysiumNpcScheduleHost.h	-	+0x6268	troika	FElysiumNpc::ScheduleHost.EnemyDistUnits	stay:troika word	-	
ScheduleHost.FailText	component-field	ElysiumNpcScheduleHost.h	-	+0x5f30	base	FElysiumNpcBase::BaseScheduleHost.FailText	split:BaseScheduleHost	5d	read by base BaseDrawDebugTextOverlays
ScheduleHost.FailedCoverLosChecks	component-field	ElysiumNpcScheduleHost.h	-	+0x6404	troika	FElysiumNpc::ScheduleHost.FailedCoverLosChecks	stay:troika word	-	
ScheduleHost.FailedSchedule	component-field	ElysiumNpcScheduleHost.h	-	+0x5f38	base	FElysiumNpcBase::BaseScheduleHost.FailedSchedule	split:BaseScheduleHost	5d	read by base BaseDrawDebugTextOverlays, NextScheduledTask
ScheduleHost.FailureReason	component-field	ElysiumNpcScheduleHost.h	-	-	-	FElysiumNpc::ScheduleHost.FailureReason	stay:troika word	-	port-only word; 
ScheduleHost.ForcedSchedule	component-field	ElysiumNpcScheduleHost.h	-	+0x65c8	troika	FElysiumNpc::ScheduleHost.ForcedSchedule	stay:troika word	-	
ScheduleHost.GoalEnt	component-field	ElysiumNpcScheduleHost.h	-	+0x5de8	base	FElysiumNpcBase::BaseScheduleHost.GoalEnt	split:BaseScheduleHost	5d	read by base BaseStartNPC
ScheduleHost.GoalToleranceCm	component-field	ElysiumNpcScheduleHost.h	-	+0x6320	troika	FElysiumNpc::ScheduleHost.GoalToleranceCm	stay:troika word	-	
ScheduleHost.HintCoverObject	component-field	ElysiumNpcScheduleHost.h	-	+0x6448	troika	FElysiumNpc::ScheduleHost.HintCoverObject	stay:troika word	-	
ScheduleHost.HintGroup	component-field	ElysiumNpcScheduleHost.h	-	+0x5db0	base	FElysiumNpcBase::BaseScheduleHost.HintGroup	split:BaseScheduleHost	5d	read by base SetHintGroup
ScheduleHost.HintGroupMask	component-field	ElysiumNpcScheduleHost.h	-	+0x62e4	troika	FElysiumNpc::ScheduleHost.HintGroupMask	stay:troika word	-	
ScheduleHost.HintGroups	component-field	ElysiumNpcScheduleHost.h	-	+0x62e0	troika	FElysiumNpc::ScheduleHost.HintGroups	stay:troika word	-	
ScheduleHost.HintNode	component-field	ElysiumNpcScheduleHost.h	-	+0x5ddc	base	FElysiumNpcBase::BaseScheduleHost.HintNode	split:BaseScheduleHost	5d	read by base BaseNPCInit, StandoffTranslateActivity, StandoffVfunc5
ScheduleHost.HintReusableAt	component-field	ElysiumNpcScheduleHost.h	-	-	-	FElysiumNpc::ScheduleHost.HintReusableAt	stay:troika word	-	port-only word; 
ScheduleHost.IdealScheduleRetail	component-field	ElysiumNpcScheduleHost.h	-	+0x5c3c	base	FElysiumNpcBase::BaseScheduleHost.IdealScheduleRetail	split:BaseScheduleHost	5d	read by base ChangeSchedule
ScheduleHost.InsideInterruptDistanceSqr	component-field	ElysiumNpcScheduleHost.h	-	+0x6324	troika	FElysiumNpc::ScheduleHost.InsideInterruptDistanceSqr	stay:troika word	-	
ScheduleHost.InterruptSchedule	component-field	ElysiumNpcScheduleHost.h	-	+0x5f3c	base	FElysiumNpcBase::BaseScheduleHost.InterruptSchedule	split:BaseScheduleHost	5d	read by base BaseDrawDebugTextOverlays, NextScheduledTask
ScheduleHost.InterruptText	component-field	ElysiumNpcScheduleHost.h	-	+0x5f34	base	FElysiumNpcBase::BaseScheduleHost.InterruptText	split:BaseScheduleHost	5d	read by base BaseDrawDebugTextOverlays
ScheduleHost.InterruptTime	component-field	ElysiumNpcScheduleHost.h	-	+0x632c	troika	FElysiumNpc::ScheduleHost.InterruptTime	stay:troika word	-	
ScheduleHost.KickProp	component-field	ElysiumNpcScheduleHost.h	-	+0x643c	troika	FElysiumNpc::ScheduleHost.KickProp	stay:troika word	-	
ScheduleHost.KickPropSearchTimer	component-field	ElysiumNpcScheduleHost.h	-	+0x6438	troika	FElysiumNpc::ScheduleHost.KickPropSearchTimer	stay:troika word	-	
ScheduleHost.LastUpdate	component-field	ElysiumNpcScheduleHost.h	-	+0x6254	troika	FElysiumNpc::ScheduleHost.LastUpdate	stay:troika word	-	
ScheduleHost.MemoryBits	component-field	ElysiumNpcScheduleHost.h	-	+0x5d8c	base	FElysiumNpcBase::BaseScheduleHost.MemoryBits	split:BaseScheduleHost	5d	read by base BaseNPCInit
ScheduleHost.MoveTarget	component-field	ElysiumNpcScheduleHost.h	-	+0x6240	troika	FElysiumNpc::ScheduleHost.MoveTarget	stay:troika word	-	
ScheduleHost.MoveWaitFinished	component-field	ElysiumNpcScheduleHost.h	-	+0x5cf0	base	FElysiumNpcBase::BaseScheduleHost.MoveWaitFinished	split:BaseScheduleHost	5d	
ScheduleHost.NavigationActivity	component-field	ElysiumNpcScheduleHost.h	-	-	-	FElysiumNpc::ScheduleHost.NavigationActivity	stay:troika word	-	port-only word; 
ScheduleHost.NextCoverLosCheck	component-field	ElysiumNpcScheduleHost.h	-	+0x6400	troika	FElysiumNpc::ScheduleHost.NextCoverLosCheck	stay:troika word	-	
ScheduleHost.NextShootAtHintSearchTime	component-field	ElysiumNpcScheduleHost.h	-	+0x6440	troika	FElysiumNpc::ScheduleHost.NextShootAtHintSearchTime	stay:troika word	-	
ScheduleHost.NextUpdate	component-field	ElysiumNpcScheduleHost.h	-	+0x6244	troika	FElysiumNpc::ScheduleHost.NextUpdate	stay:troika word	-	
ScheduleHost.OutsideInterruptDistanceSqr	component-field	ElysiumNpcScheduleHost.h	-	+0x6328	troika	FElysiumNpc::ScheduleHost.OutsideInterruptDistanceSqr	stay:troika word	-	
ScheduleHost.PendingFailureReason	component-field	ElysiumNpcScheduleHost.h	-	-	-	FElysiumNpc::ScheduleHost.PendingFailureReason	stay:troika word	-	port-only word; 
ScheduleHost.SavedSleepExtents	component-field	ElysiumNpcScheduleHost.h	-	+0x65d0	troika	FElysiumNpc::ScheduleHost.SavedSleepExtents	stay:troika word	-	
ScheduleHost.ShootAtHintNode	component-field	ElysiumNpcScheduleHost.h	-	+0x6444	troika	FElysiumNpc::ScheduleHost.ShootAtHintNode	stay:troika word	-	
ScheduleHost.SquadDisconnected	component-field	ElysiumNpcScheduleHost.h	-	+0x5bb0	base	FElysiumNpcBase::BaseScheduleHost.SquadDisconnected	split:BaseScheduleHost	5d	read by base BaseDrawDebugTextOverlays, BaseFOkToMakeSound, BaseJustMadeSound
ScheduleHost.StoredPathFlags	component-field	ElysiumNpcScheduleHost.h	-	+0x5e08	base	FElysiumNpcBase::BaseScheduleHost.StoredPathFlags	split:BaseScheduleHost	5d	
ScheduleHost.StoredPathGoal	component-field	ElysiumNpcScheduleHost.h	-	+0x5df8	base	FElysiumNpcBase::BaseScheduleHost.StoredPathGoal	split:BaseScheduleHost	5d	
ScheduleHost.StoredPathTarget	component-field	ElysiumNpcScheduleHost.h	-	+0x5df4	base	FElysiumNpcBase::BaseScheduleHost.StoredPathTarget	split:BaseScheduleHost	5d	
ScheduleHost.StoredPathType	component-field	ElysiumNpcScheduleHost.h	-	+0x5e04	base	FElysiumNpcBase::BaseScheduleHost.StoredPathType	split:BaseScheduleHost	5d	
ScheduleHost.Unknown6300	component-field	ElysiumNpcScheduleHost.h	-	+0x6300	troika	FElysiumNpc::ScheduleHost.Unknown6300	stay:troika word	-	
ScheduleHost.WaitFinished	component-field	ElysiumNpcScheduleHost.h	-	+0x5db4	base	FElysiumNpcBase::BaseScheduleHost.WaitFinished	split:BaseScheduleHost	5d	read by base BaseNPCInit, BaseSave, RestoreExtendedHeader
ScheduleHost.WaitFinishedDelta	component-field	ElysiumNpcScheduleHost.h	-	+0x6330	troika	FElysiumNpc::ScheduleHost.WaitFinishedDelta	stay:troika word	-	
ScheduleHost.bAllowKickHintUse	component-field	ElysiumNpcScheduleHost.h	-	+0x6436	troika	FElysiumNpc::ScheduleHost.bAllowKickHintUse	stay:troika word	-	
ScheduleHost.bDoPostRestoreRefindPath	component-field	ElysiumNpcScheduleHost.h	-	+0x5c58	base	FElysiumNpcBase::BaseScheduleHost.bDoPostRestoreRefindPath	split:BaseScheduleHost	5d	read by base BaseOnRestore
ScheduleHost.bForceCoverLosCheck	component-field	ElysiumNpcScheduleHost.h	-	+0x6408	troika	FElysiumNpc::ScheduleHost.bForceCoverLosCheck	stay:troika word	-	
ScheduleHost.bMotorAnimationMovement	component-field	ElysiumNpcScheduleHost.h	-	-	-	FElysiumNpcBase::BaseScheduleHost.bMotorAnimationMovement	split:BaseScheduleHost	5d	port-only word; read by base BaseNPCInit
ScheduleHost.bOwnsHint	component-field	ElysiumNpcScheduleHost.h	-	-	-	FElysiumNpcBase::BaseScheduleHost.bOwnsHint	split:BaseScheduleHost	5d	port-only word; read by base StandoffVfunc5
ScheduleHost.bPatrolPathUseHint	component-field	ElysiumNpcScheduleHost.h	-	+0x65a0	troika	FElysiumNpc::ScheduleHost.bPatrolPathUseHint	stay:troika word	-	
ScheduleHost.bRanAi	component-field	ElysiumNpcScheduleHost.h	-	+0x1b4c	base	FElysiumNpcBase::BaseScheduleHost.bRanAi	split:BaseScheduleHost	5d	read by base BaseStartNPC
ScheduleHost.bSavePositionWalk	component-field	ElysiumNpcScheduleHost.h	-	+0x63e0	troika	FElysiumNpc::ScheduleHost.bSavePositionWalk	stay:troika word	-	
ScheduleHost.bShouldMove	component-field	ElysiumNpcScheduleHost.h	-	+0x1a40	base	FElysiumNpcBase::BaseScheduleHost.bShouldMove	split:BaseScheduleHost	5d	read by base BaseNPCInit, TaskMovementComplete
ScheduleHost.bWaitFinishedSet	component-field	ElysiumNpcScheduleHost.h	-	+0x6334	troika	FElysiumNpc::ScheduleHost.bWaitFinishedSet	stay:troika word	-	
Senses.Memory.BestSeeUnknown	component-field	ElysiumNpcSenses.h	-	+0x6088	troika	FElysiumNpc::Senses.Memory.BestSeeUnknown	stay:troika word	-	
Senses.Memory.BestSound	component-field	ElysiumNpcSenses.h	-	+0x60b0	troika	FElysiumNpc::Senses.Memory.BestSound	stay:troika word	-	
Senses.Memory.BestSoundSource	component-field	ElysiumNpcSenses.h	-	+0x5b78	base	FElysiumNpcBase::BaseMemory.BestSoundSource	split:BaseMemory	5d	
Senses.Memory.ClosestPlayer	component-field	ElysiumNpcSenses.h	-	+0x628c	troika	FElysiumNpc::Senses.Memory.ClosestPlayer	stay:troika word	-	
Senses.Memory.ClosestPlayerDistanceCm	component-field	ElysiumNpcSenses.h	-	+0x6264	troika	FElysiumNpc::Senses.Memory.ClosestPlayerDistanceCm	stay:troika word	-	
Senses.Memory.DetectedAttackAttacker	component-field	ElysiumNpcSenses.h	-	+0x65c0	troika	FElysiumNpc::Senses.Memory.DetectedAttackAttacker	stay:troika word	-	
Senses.Memory.DetectedAttackTime	component-field	ElysiumNpcSenses.h	-	+0x65c4	troika	FElysiumNpc::Senses.Memory.DetectedAttackTime	stay:troika word	-	
Senses.Memory.Enemy	component-field	ElysiumNpcSenses.h	-	+0x5ce0	base	FElysiumNpcBase::BaseMemory.Enemy	split:BaseMemory	5d	read by base BuildExtendedSaveHeader, EnemyLastKnownPosition, GetEnemyEntity
Senses.Memory.EnemyLastLosTime	component-field	ElysiumNpcSenses.h	-	-	-	FElysiumNpc::Senses.Memory.EnemyLastLosTime	stay:troika word	-	port-only word; 
Senses.Memory.EnemyLosFailures	component-field	ElysiumNpcSenses.h	-	-	-	FElysiumNpc::Senses.Memory.EnemyLosFailures	stay:troika word	-	port-only word; 
Senses.Memory.EnemyOccludedCheck	component-field	ElysiumNpcSenses.h	-	+0x5b98	base	FElysiumNpcBase::BaseMemory.EnemyOccludedCheck	split:BaseMemory	5d	read by base BaseNPCInit
Senses.Memory.EnemyOccluder	component-field	ElysiumNpcSenses.h	-	+0x5d90	base	FElysiumNpcBase::BaseMemory.EnemyOccluder	split:BaseMemory	5d	
Senses.Memory.EnemyWentOccludedPosition	component-field	ElysiumNpcSenses.h	-	+0x5bc8	base	FElysiumNpcBase::BaseMemory.EnemyWentOccludedPosition	split:BaseMemory	5d	read by base UpdateEnemyWentOccluded
Senses.Memory.InvestigateSound	component-field	ElysiumNpcSenses.h	-	+0x60dc	troika	FElysiumNpc::Senses.Memory.InvestigateSound	stay:troika word	-	
Senses.Memory.LastBumpTime	component-field	ElysiumNpcSenses.h	-	-	-	FElysiumNpc::Senses.Memory.LastBumpTime	stay:troika word	-	port-only word; 
Senses.Memory.LastDamageAmount	component-field	ElysiumNpcSenses.h	-	-	-	FElysiumNpc::Senses.Memory.LastDamageAmount	stay:troika word	-	port-only word; 
Senses.Memory.LastDamageAttackPosition	component-field	ElysiumNpcSenses.h	-	+0x5b9c	base	FElysiumNpcBase::BaseMemory.LastDamageAttackPosition	split:BaseMemory	5d	
Senses.Memory.LastDamageAttacker	component-field	ElysiumNpcSenses.h	-	+0x5b7c,+0x660c	mixed	FElysiumNpcBase::BaseMemory.LastDamageAttacker	split:BaseMemory	5d	+0x5b7c m_hLastDamageEnt (base; written by NPCInit 0x10273390, OnTakeDamage_Alive 0x10265ed0, Troika OnTakeDamage 0x102beda0; read by Troika StartTask/SelectIdealState, Pedestrian 461). +0x660c m_LastTakeDamageInfo (Troika, walked, no datamap row) is the saved packet: its shape-map row names FElysiumNpcMemory::LastDamageAmount, the Troika member of the LastDamage triple
Senses.Memory.LastDamageTime	component-field	ElysiumNpcSenses.h	-	-	-	FElysiumNpcBase::BaseMemory.LastDamageTime	split:BaseMemory	5d	port-only word; read by base BaseNPCInit
Senses.Memory.LastEnemy	component-field	ElysiumNpcSenses.h	-	+0x1a94	base	FElysiumNpcBase::BaseMemory.LastEnemy	split:BaseMemory	5d	
Senses.Memory.LastHeardCategory	component-field	ElysiumNpcSenses.h	-	-	-	FElysiumNpc::Senses.Memory.LastHeardCategory	stay:troika word	-	port-only word; 
Senses.Memory.LastHeardPosition	component-field	ElysiumNpcSenses.h	-	-	-	FElysiumNpc::Senses.Memory.LastHeardPosition	stay:troika word	-	port-only word; 
Senses.Memory.LastHeardSource	component-field	ElysiumNpcSenses.h	-	-	-	FElysiumNpc::Senses.Memory.LastHeardSource	stay:troika word	-	port-only word; 
Senses.Memory.LastHeardTime	component-field	ElysiumNpcSenses.h	-	-	-	FElysiumNpc::Senses.Memory.LastHeardTime	stay:troika word	-	port-only word; 
Senses.Memory.LastSeeUnknown	component-field	ElysiumNpcSenses.h	-	+0x608c	troika	FElysiumNpc::Senses.Memory.LastSeeUnknown	stay:troika word	-	
Senses.Memory.LastSeeUnknownPosition	component-field	ElysiumNpcSenses.h	-	+0x6090	troika	FElysiumNpc::Senses.Memory.LastSeeUnknownPosition	stay:troika word	-	
Senses.Memory.LastSeen	component-field	ElysiumNpcSenses.h	-	+0x5b68,+0x5b6c,+0x5b70,+0x5b74	base	FElysiumNpcBase::BaseMemory.LastSeen	split:BaseMemory	5d	
Senses.Memory.LastSeenTime	component-field	ElysiumNpcSenses.h	-	-	-	FElysiumNpcBase::BaseMemory.LastSeenTime	split:BaseMemory	5d	port-only companion of LastSeen (+0x5b68..+0x5b74): the sighting time of each slot, reset with it on rebase
Senses.Memory.LastSoundBulletImpact	component-field	ElysiumNpcSenses.h	-	+0x618c	troika	FElysiumNpc::Senses.Memory.LastSoundBulletImpact	stay:troika word	-	
Senses.Memory.LastSoundCombat	component-field	ElysiumNpcSenses.h	-	+0x6160	troika	FElysiumNpc::Senses.Memory.LastSoundCombat	stay:troika word	-	
Senses.Memory.LastSoundDanger	component-field	ElysiumNpcSenses.h	-	+0x6108	troika	FElysiumNpc::Senses.Memory.LastSoundDanger	stay:troika word	-	
Senses.Memory.LastSoundFlinch	component-field	ElysiumNpcSenses.h	-	+0x6210	troika	FElysiumNpc::Senses.Memory.LastSoundFlinch	stay:troika word	-	
Senses.Memory.LastSoundPhysicsDanger	component-field	ElysiumNpcSenses.h	-	+0x6134	troika	FElysiumNpc::Senses.Memory.LastSoundPhysicsDanger	stay:troika word	-	
Senses.Memory.LastSoundPlayer	component-field	ElysiumNpcSenses.h	-	+0x61b8	troika	FElysiumNpc::Senses.Memory.LastSoundPlayer	stay:troika word	-	
Senses.Memory.LastSoundWorld	component-field	ElysiumNpcSenses.h	-	+0x61e4	troika	FElysiumNpc::Senses.Memory.LastSoundWorld	stay:troika word	-	
Senses.Memory.NextCheckEnterPvsTime	component-field	ElysiumNpcSenses.h	-	+0x6288	troika	FElysiumNpc::Senses.Memory.NextCheckEnterPvsTime	stay:troika word	-	
Senses.Memory.NextFleeSoundTime	component-field	ElysiumNpcSenses.h	-	+0x641c	troika	FElysiumNpc::Senses.Memory.NextFleeSoundTime	stay:troika word	-	
Senses.Memory.NextInvestigateSoundTime	component-field	ElysiumNpcSenses.h	-	+0x623c	troika	FElysiumNpc::Senses.Memory.NextInvestigateSoundTime	stay:troika word	-	
Senses.Memory.NextSeeSoundSourceTime	component-field	ElysiumNpcSenses.h	-	+0x6418	troika	FElysiumNpc::Senses.Memory.NextSeeSoundSourceTime	stay:troika word	-	
Senses.Memory.PlayerLosLastClearTime	component-field	ElysiumNpcSenses.h	-	+0x6280	troika	FElysiumNpc::Senses.Memory.PlayerLosLastClearTime	stay:troika word	-	
Senses.Memory.PlayerLosNextUpdateTime	component-field	ElysiumNpcSenses.h	-	+0x6284	troika	FElysiumNpc::Senses.Memory.PlayerLosNextUpdateTime	stay:troika word	-	
Senses.Memory.PlayerPvsLastClearTime	component-field	ElysiumNpcSenses.h	-	+0x627c	troika	FElysiumNpc::Senses.Memory.PlayerPvsLastClearTime	stay:troika word	-	
Senses.Memory.RepeatedDamageAccumulated	component-field	ElysiumNpcSenses.h	-	+0x5d94	base	FElysiumNpcBase::BaseMemory.RepeatedDamageAccumulated	split:BaseMemory	5d	
Senses.Memory.RepeatedDamageWindowStart	component-field	ElysiumNpcSenses.h	-	+0x5d98	base	FElysiumNpcBase::BaseMemory.RepeatedDamageWindowStart	split:BaseMemory	5d	
Senses.Memory.SeeUnknownGraceUntil	component-field	ElysiumNpcSenses.h	-	+0x6084	troika	FElysiumNpc::Senses.Memory.SeeUnknownGraceUntil	stay:troika word	-	
Senses.Memory.SeeUnknownRepeatSightings	component-field	ElysiumNpcSenses.h	-	+0x60a4	troika	FElysiumNpc::Senses.Memory.SeeUnknownRepeatSightings	stay:troika word	-	
Senses.Memory.SeeUnknownRunTimer	component-field	ElysiumNpcSenses.h	-	+0x609c	troika	FElysiumNpc::Senses.Memory.SeeUnknownRunTimer	stay:troika word	-	
Senses.Memory.SeeUnknownStartTimer	component-field	ElysiumNpcSenses.h	-	+0x60a0	troika	FElysiumNpc::Senses.Memory.SeeUnknownStartTimer	stay:troika word	-	
Senses.Memory.SoundWaitTime	component-field	ElysiumNpcSenses.h	-	+0x5ce8	base	FElysiumNpcBase::BaseMemory.SoundWaitTime	split:BaseMemory	5d	read by base BaseFOkToMakeSound, BaseJustMadeSound, BaseNPCInit
Senses.Memory.StealthVisionOverrideUntil	component-field	ElysiumNpcSenses.h	-	+0x6604	troika	FElysiumNpc::Senses.Memory.StealthVisionOverrideUntil	stay:troika word	-	
Senses.Memory.bEnemyLosLatched	component-field	ElysiumNpcSenses.h	-	-	-	FElysiumNpc::Senses.Memory.bEnemyLosLatched	stay:troika word	-	port-only word; 
Senses.Memory.bEnemyOccluded	component-field	ElysiumNpcSenses.h	-	-	-	FElysiumNpc::Senses.Memory.bEnemyOccluded	stay:troika word	-	port-only word; 
Senses.Memory.bEnemyWentOccluded	component-field	ElysiumNpcSenses.h	-	+0x5bc5	base	FElysiumNpcBase::BaseMemory.bEnemyWentOccluded	split:BaseMemory	5d	read by base UpdateEnemyWentOccluded
Senses.Memory.bPlayerInCone	component-field	ElysiumNpcSenses.h	-	-	-	FElysiumNpc::Senses.Memory.bPlayerInCone	stay:troika word	-	port-only word; 
Senses.Memory.bPlayerInOuterBand	component-field	ElysiumNpcSenses.h	-	+0x6081	troika	FElysiumNpc::Senses.Memory.bPlayerInOuterBand	stay:troika word	-	
Senses.Memory.bPlayerInPvs	component-field	ElysiumNpcSenses.h	-	+0x6278	troika	FElysiumNpc::Senses.Memory.bPlayerInPvs	stay:troika word	-	
Senses.Memory.bPlayerInRange	component-field	ElysiumNpcSenses.h	-	-	-	FElysiumNpc::Senses.Memory.bPlayerInRange	stay:troika word	-	port-only word; 
Senses.Memory.bPlayerLos	component-field	ElysiumNpcSenses.h	-	+0x6279	troika	FElysiumNpc::Senses.Memory.bPlayerLos	stay:troika word	-	
Senses.Memory.bPlayerVisible	component-field	ElysiumNpcSenses.h	-	-	-	FElysiumNpc::Senses.Memory.bPlayerVisible	stay:troika word	-	port-only word; 
Senses.Perception.HearingScalar	component-field	ElysiumNpcSenses.h	-	+0x63c0	troika	FElysiumNpc::Senses.Perception.HearingScalar	stay:troika word	-	
Senses.Perception.VisionDistanceCm	component-field	ElysiumNpcSenses.h	-	+0x63b8	troika	FElysiumNpc::Senses.Perception.VisionDistanceCm	stay:troika word	-	
Senses.Perception.bResolved	component-field	ElysiumNpcSenses.h	-	-	-	FElysiumNpc::Senses.Perception.bResolved	stay:troika word	-	
Senses.Perception.bUsedFallback	component-field	ElysiumNpcSenses.h	-	-	-	FElysiumNpc::Senses.Perception.bUsedFallback	stay:troika word	-	
Senses.Cursor	component-field	ElysiumNpcSenses.h	-	-	-	FElysiumNpc::Senses.Cursor	stay:senses object	-	
Senses.HeardConditions	component-field	ElysiumNpcSenses.h	-	+0x5ca8	base	FElysiumNpcBase::HeardConditions	split:base	5d	
Senses.HeardThisPass	component-field	ElysiumNpcSenses.h	-	-	-	FElysiumNpc::Senses.HeardThisPass	stay:senses object	-	
Senses.LastListenTime	component-field	ElysiumNpcSenses.h	-	+0x63d0	troika	FElysiumNpc::Senses.LastListenTime	stay:senses object	-	
Senses.LookDistCm	component-field	ElysiumNpcSenses.h	-	-	-	FElysiumNpc::Senses.LookDistCm	stay:senses object	-	read by base SetDistLook
Senses.NextLookTime	component-field	ElysiumNpcSenses.h	-	-	-	FElysiumNpc::Senses.NextLookTime	stay:senses object	-	
Senses.PendingSounds	component-field	ElysiumNpcSenses.h	-	+0x1ae0	base	FElysiumNpcBase::PendingSounds	split:base	5d	
Senses.SeenByChannel	component-field	ElysiumNpcSenses.h	-	-	-	FElysiumNpc::Senses.SeenByChannel	stay:senses object	-	
Senses.SeenThisPass	component-field	ElysiumNpcSenses.h	-	-	-	FElysiumNpc::Senses.SeenThisPass	stay:senses object	-	
Senses.StealthHearingDist	component-field	ElysiumNpcSenses.h	-	+0x63cc	troika	FElysiumNpc::Senses.StealthHearingDist	stay:senses object	-	
Senses.StealthVisionCone	component-field	ElysiumNpcSenses.h	-	+0x63c8	troika	FElysiumNpc::Senses.StealthVisionCone	stay:senses object	-	
Senses.StealthVisionScalar	component-field	ElysiumNpcSenses.h	-	+0x63c4	troika	FElysiumNpc::Senses.StealthVisionScalar	stay:senses object	-	
Senses.bCanPerformSenses	component-field	ElysiumNpcSenses.h	-	-	-	FElysiumNpc::Senses.bCanPerformSenses	stay:senses object	-	
Senses.bKeepSound	component-field	ElysiumNpcSenses.h	-	+0x5cd8	base	FElysiumNpcBase::bKeepSound	split:base	5d	+0x5cd8 m_bKeepSound: merged with the Anim10 family's bKeepSound (SetActivity's writer), which the step-4 tree carried as a second member; one word, one member on the base
Senses.bSeeUnknownThisPass	component-field	ElysiumNpcSenses.h	-	-	-	FElysiumNpc::Senses.bSeeUnknownThisPass	stay:senses object	-	
Senses.bWarnedPerception	component-field	ElysiumNpcSenses.h	-	-	-	FElysiumNpc::Senses.bWarnedPerception	stay:senses object	-	
