# Story 5 step 3 override matrix; identity columns re-derived by `kernel_migration --check step3` from the accepted step-2 tree.
retail_class	slot	address	verdict	target	port_class	port_method	disposition	packet	note
CNPC_VMingXiaoTentacle	21	0x1039e800	rule	FElysiumNpc::Slot21	FElysiumNpcMingXiaoTentacle	Slot21	override:FElysiumNpcMingXiaoTentacle::Slot21	3d	
CNPC_VMingXiaoTentacle	22	0x1039e830	rule	FElysiumNpc::Slot22	FElysiumNpcMingXiaoTentacle	Slot22	override:FElysiumNpcMingXiaoTentacle::Slot22	3d	
CNPC_VMingXiaoTentacle	23	0x1039e860	dead	FElysiumNpc::Slot23	FElysiumNpcMingXiaoTentacle	Slot23	override:FElysiumNpcMingXiaoTentacle::Slot23	3d	
CNPC_VGargoyle	24	0x1037a450	rule	FElysiumNpc::OnVictimHitByMe	FElysiumNpcGargoyle	OnVictimHitByMe	override:FElysiumNpcGargoyle::OnVictimHitByMe	3f	
CNPC_VGhoulCroucher	24	0x1037be80	rule	FElysiumNpc::OnVictimHitByMe	FElysiumNpcGhoulCroucher	OnVictimHitByMe	override:FElysiumNpcGhoulCroucher::OnVictimHitByMe	3f	
CNPC_VSabbatLeader	24	0x103ab4a0	rule	FElysiumNpc::OnVictimHitByMe	FElysiumNpcSabbatLeader	OnVictimHitByMe	override:FElysiumNpcSabbatLeader::OnVictimHitByMe	3f	
CNPC_VZombie	24	0x103e1280	rule	FElysiumNpc::OnVictimHitByMe	FElysiumNpcZombie	OnVictimHitByMe	override:FElysiumNpcZombie::OnVictimHitByMe	3f	
CNPC_VZombie	25	0x103e12c0	rule	FElysiumNpc::Slot25	FElysiumNpcZombie	Slot25	override:FElysiumNpcZombie::Slot25	3d	
CNPC_VZombie	26	0x103e12f0	rule	FElysiumNpc::Slot26	FElysiumNpcZombie	Slot26	override:FElysiumNpcZombie::Slot26	3d	
CNPC_VPedestrian	27	0x103a3850	rule	FElysiumNpc::Slot27	FElysiumNpcPedestrian	Slot27	residue:unported species body	3d	no species dispatch in the step-2 tree: the port runs FElysiumNpc::Slot27 for this class; the species body is not ported (rule 7, story 8)
CPayphone	35	0x101aa950	rule	FElysiumNpc::Slot35	FElysiumNpcPayphone	Slot35	residue:unported species body	3d	no species dispatch in the step-2 tree: the port runs FElysiumNpc::Slot35 for this class; the species body is not ported (rule 7, story 8)
CNPC_ProneDialog	45	0x103a4bb0	mechanism	FElysiumNpc::PassesFindEntityFOVTrace	FElysiumNpcProneDialog	PassesFindEntityFOVTrace	residue:unported species body	3f	no species dispatch in the step-2 tree: the port runs FElysiumNpc::PassesFindEntityFOVTrace for this class; the species body is not ported (rule 7, story 8)
CPayphone	45	0x101aaf80	rule	FElysiumNpc::PassesFindEntityFOVTrace	FElysiumNpcPayphone	PassesFindEntityFOVTrace	residue:unported species body	3f	no species dispatch in the step-2 tree: the port runs FElysiumNpc::PassesFindEntityFOVTrace for this class; the species body is not ported (rule 7, story 8)
CNPC_VMingXiaoTentacle	68	0x1039eb50	mechanism	FElysiumNpc::ShouldIgnoreCollision	FElysiumNpcMingXiaoTentacle	ShouldIgnoreCollision	override:FElysiumNpcMingXiaoTentacle::ShouldIgnoreCollision	3f	
CNPC_VRat	68	0x103ad6d0	mechanism	FElysiumNpc::ShouldIgnoreCollision	FElysiumNpcRat	ShouldIgnoreCollision	override:FElysiumNpcRat::ShouldIgnoreCollision	3f	
CNPC_VWerewolf	68	0x103d9ab0	mechanism	FElysiumNpc::ShouldIgnoreCollision	FElysiumNpcWerewolf	ShouldIgnoreCollision	override:FElysiumNpcWerewolf::ShouldIgnoreCollision	3f	
CNPC_VGargoyle	69	0x10379490	mechanism	FElysiumNpc::NavIgnoreCollision	FElysiumNpcGargoyle	NavIgnoreCollision	override:FElysiumNpcGargoyle::NavIgnoreCollision	3f	
CNPC_VHengeyokai	69	0x10380f90	mechanism	FElysiumNpc::NavIgnoreCollision	FElysiumNpcHengeyokai	NavIgnoreCollision	override:FElysiumNpcHengeyokai::NavIgnoreCollision	3f	
CNPC_VMingXiao	69	0x10396fd0	mechanism	FElysiumNpc::NavIgnoreCollision	FElysiumNpcMingXiao	NavIgnoreCollision	override:FElysiumNpcMingXiao::NavIgnoreCollision	3f	
CNPC_VMingXiaoTentacle	69	0x1039eb90	mechanism	FElysiumNpc::NavIgnoreCollision	FElysiumNpcMingXiaoTentacle	NavIgnoreCollision	override:FElysiumNpcMingXiaoTentacle::NavIgnoreCollision	3f	
CNPC_VTzimisce	69	0x103bfa00	mechanism	FElysiumNpc::NavIgnoreCollision	FElysiumNpcTzimisce	NavIgnoreCollision	override:FElysiumNpcTzimisce::NavIgnoreCollision	3f	
CNPC_VWerewolf	69	0x103d9ba0	mechanism	FElysiumNpc::NavIgnoreCollision	FElysiumNpcWerewolf	NavIgnoreCollision	override:FElysiumNpcWerewolf::NavIgnoreCollision	3f	
CNPC_VBaseBoss	76	0x10366290	dead	FElysiumNpc::DrawDebugStatOverlays	FElysiumNpcBaseBoss	DrawDebugStatOverlays	override:FElysiumNpcBaseBoss::DrawDebugStatOverlays	3f	
CNPC_VWerewolf	76	0x103d5130	dead	FElysiumNpc::DrawDebugStatOverlays	FElysiumNpcWerewolf	DrawDebugStatOverlays	override:FElysiumNpcWerewolf::DrawDebugStatOverlays	3f	
CNPC_VGhoulCroucher	78	0x1037c2f0	rule	FElysiumNpc::GhoulCroucherScriptUnhideTail	FElysiumNpcGhoulCroucher	ScriptUnhide	residue:unwired helper	3f	the body is ported as FElysiumNpc::GhoulCroucherScriptUnhideTail but no production path reaches it; wiring the slot is new behaviour (story 8, rule 7)
CNPC_VWerewolf	78	0x103d4a20	rule	FElysiumEntity::ScriptUnhide	FElysiumNpcWerewolf	ScriptUnhide	residue:unported species body	3f	no species dispatch in the step-2 tree: the port runs FElysiumEntity::ScriptUnhide for this class; the species body is not ported (rule 7, story 8)
CNPC_VMingXiao	100	0x10399fe0	rule	FElysiumNpc::TestHitboxes	FElysiumNpcMingXiao	TestHitboxes	residue:unported species body	3f	no species dispatch in the step-2 tree: the port runs FElysiumNpc::TestHitboxes for this class; the species body is not ported (rule 7, story 8)
CNPC_VManBat	102	0x1038fb20	mechanism	FElysiumNpc::PhysicsTraceEntityManBat	FElysiumNpcManBat	Physics_TraceEntity	residue:unwired helper	3f	the body is ported as FElysiumNpc::PhysicsTraceEntityManBat but no production path reaches it; wiring the slot is new behaviour (story 8, rule 7)
CNPC_VAndreiBlood	103	0x1035cc20	rule	FElysiumNpc::Spawn	FElysiumNpcAndreiBlood	Spawn	residue:unported species body	3f	no species dispatch in the step-2 tree: the port runs FElysiumNpc::Spawn for this class; the species body is not ported (rule 7, story 8)
CNPC_VAnimal	103	0x1035f510	rule	FElysiumNpc::Spawn	FElysiumNpcAnimal	Spawn	residue:unported species body	3f	no species dispatch in the step-2 tree: the port runs FElysiumNpc::Spawn for this class; the species body is not ported (rule 7, story 8)
CNPC_VAsianVampire	103	0x10360c50	rule	FElysiumNpc::Spawn	FElysiumNpcAsianVampire	Spawn	residue:unported species body	3f	no species dispatch in the step-2 tree: the port runs FElysiumNpc::Spawn for this class; the species body is not ported (rule 7, story 8)
CNPC_VBach	103	0x10363850	rule	FElysiumNpc::Spawn	FElysiumNpcBach	Spawn	residue:unported species body	3f	no species dispatch in the step-2 tree: the port runs FElysiumNpc::Spawn for this class; the species body is not ported (rule 7, story 8)
CNPC_VCamera	103	0x10368b70	rule	FElysiumNpc::Spawn	FElysiumNpcCamera	Spawn	residue:unported species body	3f	no species dispatch in the step-2 tree: the port runs FElysiumNpc::Spawn for this class; the species body is not ported (rule 7, story 8)
CNPC_VChangBros	103	0x1036afc0	rule	FElysiumNpc::Spawn	FElysiumNpcChangBros	Spawn	residue:unported species body	3f	no species dispatch in the step-2 tree: the port runs FElysiumNpc::Spawn for this class; the species body is not ported (rule 7, story 8)
CNPC_VCop	103	0x10371a20	rule	FElysiumNpc::Spawn	FElysiumNpcCop	Spawn	residue:unported species body	3f	no species dispatch in the step-2 tree: the port runs FElysiumNpc::Spawn for this class; the species body is not ported (rule 7, story 8)
CNPC_VDog	103	0x10374000	rule	FElysiumNpc::Spawn	FElysiumNpcDog	Spawn	residue:unported species body	3f	no species dispatch in the step-2 tree: the port runs FElysiumNpc::Spawn for this class; the species body is not ported (rule 7, story 8)
CNPC_VGhoulCroucher	103	0x1037b040	rule	FElysiumNpc::Spawn	FElysiumNpcGhoulCroucher	Spawn	residue:unported species body	3f	no species dispatch in the step-2 tree: the port runs FElysiumNpc::Spawn for this class; the species body is not ported (rule 7, story 8)
CNPC_VGuard1	103	0x1037cda0	rule	FElysiumNpc::Spawn	FElysiumNpcGuard1	Spawn	residue:unported species body	3f	no species dispatch in the step-2 tree: the port runs FElysiumNpc::Spawn for this class; the species body is not ported (rule 7, story 8)
CNPC_VHengeyokai	103	0x1037fa00	rule	FElysiumNpc::Spawn	FElysiumNpcHengeyokai	Spawn	residue:unported species body	3f	no species dispatch in the step-2 tree: the port runs FElysiumNpc::Spawn for this class; the species body is not ported (rule 7, story 8)
CNPC_VHuman	103	0x10384690	rule	FElysiumNpc::Spawn	FElysiumNpcHuman	Spawn	residue:unported species body	3f	no species dispatch in the step-2 tree: the port runs FElysiumNpc::Spawn for this class; the species body is not ported (rule 7, story 8)
CNPC_VHumanCombatant	103	0x10387110	rule	FElysiumNpc::Spawn	FElysiumNpcHumanCombatant	Spawn	residue:unported species body	3f	no species dispatch in the step-2 tree: the port runs FElysiumNpc::Spawn for this class; the species body is not ported (rule 7, story 8)
CNPC_VHunter	103	0x103887a0	rule	FElysiumNpc::Spawn	FElysiumNpcHunter	Spawn	residue:unported species body	3f	no species dispatch in the step-2 tree: the port runs FElysiumNpc::Spawn for this class; the species body is not ported (rule 7, story 8)
CNPC_VLasombra	103	0x10389390	rule	FElysiumNpc::Spawn	FElysiumNpcLasombra	Spawn	residue:unported species body	3f	no species dispatch in the step-2 tree: the port runs FElysiumNpc::Spawn for this class; the species body is not ported (rule 7, story 8)
CNPC_VManBat	103	0x1038b030	rule	FElysiumNpc::Spawn	FElysiumNpcManBat	Spawn	residue:unported species body	3f	no species dispatch in the step-2 tree: the port runs FElysiumNpc::Spawn for this class; the species body is not ported (rule 7, story 8)
CNPC_VMingXiao	103	0x103927a0	rule	FElysiumNpc::Spawn	FElysiumNpcMingXiao	Spawn	residue:unported species body	3f	no species dispatch in the step-2 tree: the port runs FElysiumNpc::Spawn for this class; the species body is not ported (rule 7, story 8)
CNPC_VMingXiaoTentacle	103	0x1039c380	rule	FElysiumNpc::Spawn	FElysiumNpcMingXiaoTentacle	Spawn	residue:unported species body	3f	no species dispatch in the step-2 tree: the port runs FElysiumNpc::Spawn for this class; the species body is not ported (rule 7, story 8)
CNPC_VPedestrian	103	0x103a2540	rule	FElysiumNpc::Spawn	FElysiumNpcPedestrian	Spawn	residue:unported species body	3f	no species dispatch in the step-2 tree: the port runs FElysiumNpc::Spawn for this class; the species body is not ported (rule 7, story 8)
CNPC_VRat	103	0x103ad630	rule	FElysiumNpc::Spawn	FElysiumNpcRat	Spawn	residue:unported species body	3f	no species dispatch in the step-2 tree: the port runs FElysiumNpc::Spawn for this class; the species body is not ported (rule 7, story 8)
CNPC_VSabbatLeader	103	0x103a6c80	rule	FElysiumNpc::Spawn	FElysiumNpcSabbatLeader	Spawn	residue:unported species body	3f	no species dispatch in the step-2 tree: the port runs FElysiumNpc::Spawn for this class; the species body is not ported (rule 7, story 8)
CNPC_VScurrying	103	0x103ac430	rule	FElysiumNpc::Spawn	FElysiumNpcScurrying	Spawn	residue:unported species body	3f	no species dispatch in the step-2 tree: the port runs FElysiumNpc::Spawn for this class; the species body is not ported (rule 7, story 8)
CNPC_VSheriffMan	103	0x103ae630	rule	FElysiumNpc::Spawn	FElysiumNpcSheriffMan	Spawn	residue:unported species body	3f	no species dispatch in the step-2 tree: the port runs FElysiumNpc::Spawn for this class; the species body is not ported (rule 7, story 8)
CNPC_VTzimisce	103	0x103b9060	rule	FElysiumNpc::Spawn	FElysiumNpcTzimisce	Spawn	residue:unported species body	3f	no species dispatch in the step-2 tree: the port runs FElysiumNpc::Spawn for this class; the species body is not ported (rule 7, story 8)
CNPC_VTzimisceHeadClaw	103	0x103c1b90	rule	FElysiumNpc::Spawn	FElysiumNpcTzimisceHeadClaw	Spawn	residue:unported species body	3f	no species dispatch in the step-2 tree: the port runs FElysiumNpc::Spawn for this class; the species body is not ported (rule 7, story 8)
CNPC_VTzimisceRunner	103	0x103c3b30	rule	FElysiumNpc::Spawn	FElysiumNpcTzimisceRunner	Spawn	residue:unported species body	3f	no species dispatch in the step-2 tree: the port runs FElysiumNpc::Spawn for this class; the species body is not ported (rule 7, story 8)
CNPC_VVampire	103	0x103c4ef0	rule	FElysiumNpc::Spawn	FElysiumNpcVampire	Spawn	residue:unported species body	3f	no species dispatch in the step-2 tree: the port runs FElysiumNpc::Spawn for this class; the species body is not ported (rule 7, story 8)
CNPC_VWerewolf	103	0x103caa30	rule	FElysiumNpc::Spawn	FElysiumNpcWerewolf	Spawn	residue:unported species body	3f	no species dispatch in the step-2 tree: the port runs FElysiumNpc::Spawn for this class; the species body is not ported (rule 7, story 8)
CNPC_VYukie	103	0x103dd620	rule	FElysiumNpc::Spawn	FElysiumNpcYukie	Spawn	residue:unported species body	3f	no species dispatch in the step-2 tree: the port runs FElysiumNpc::Spawn for this class; the species body is not ported (rule 7, story 8)
CNPC_VZombie	103	0x103df170	rule	FElysiumNpc::Spawn	FElysiumNpcZombie	Spawn	residue:unported species body	3f	no species dispatch in the step-2 tree: the port runs FElysiumNpc::Spawn for this class; the species body is not ported (rule 7, story 8)
CPayphone	103	0x101aa9c0	rule	FElysiumNpc::Spawn	FElysiumNpcPayphone	Spawn	residue:unported species body	3f	no species dispatch in the step-2 tree: the port runs FElysiumNpc::Spawn for this class; the species body is not ported (rule 7, story 8)
CNPC_VAndreiBlood	104	0x1035cb90	mechanism	FElysiumNpc::Precache	FElysiumNpcAndreiBlood	Precache	override:FElysiumNpcAndreiBlood::Precache	3e	
CNPC_VAsianVampire	104	0x10360bc0	mechanism	FElysiumNpc::Precache	FElysiumNpcAsianVampire	Precache	override:FElysiumNpcAsianVampire::Precache	3e	
CNPC_VBach	104	0x103637b0	mechanism	FElysiumNpc::Precache	FElysiumNpcBach	Precache	override:FElysiumNpcBach::Precache	3e	
CNPC_VCamera	104	0x103689c0	mechanism	FElysiumNpc::Precache	FElysiumNpcCamera	Precache	override:FElysiumNpcCamera::Precache	3e	
CNPC_VChangBros	104	0x1036ae60	mechanism	FElysiumNpc::Precache	FElysiumNpcChangBros	Precache	override:FElysiumNpcChangBros::Precache	3e	
CNPC_VGargoyle	104	0x10378470	mechanism	FElysiumNpc::Precache	FElysiumNpcGargoyle	Precache	override:FElysiumNpcGargoyle::Precache	3e	
CNPC_VGhoulCroucher	104	0x1037b1a0	mechanism	FElysiumNpc::Precache	FElysiumNpcGhoulCroucher	Precache	override:FElysiumNpcGhoulCroucher::Precache	3e	
CNPC_VHengeyokai	104	0x1037f960	mechanism	FElysiumNpc::Precache	FElysiumNpcHengeyokai	Precache	override:FElysiumNpcHengeyokai::Precache	3e	
CNPC_VManBat	104	0x1038aec0	mechanism	FElysiumNpc::Precache	FElysiumNpcManBat	Precache	override:FElysiumNpcManBat::Precache	3e	
CNPC_VMingXiao	104	0x10392660	mechanism	FElysiumNpc::Precache	FElysiumNpcMingXiao	Precache	override:FElysiumNpcMingXiao::Precache	3e	
CNPC_VMingXiaoTentacle	104	0x1039c220	mechanism	FElysiumNpc::Precache	FElysiumNpcMingXiaoTentacle	Precache	override:FElysiumNpcMingXiaoTentacle::Precache	3e	
CNPC_VNewscaster	104	0x103a03e0	mechanism	FElysiumNpc::Precache	FElysiumNpcNewscaster	Precache	override:FElysiumNpcNewscaster::Precache	3e	
CNPC_VSabbatLeader	104	0x103a6ab0	mechanism	FElysiumNpc::Precache	FElysiumNpcSabbatLeader	Precache	override:FElysiumNpcSabbatLeader::Precache	3e	
CNPC_VSheriffMan	104	0x103ae540	mechanism	FElysiumNpc::Precache	FElysiumNpcSheriffMan	Precache	override:FElysiumNpcSheriffMan::Precache	3e	
CNPC_VTzimisce	104	0x103b8fa0	mechanism	FElysiumNpc::Precache	FElysiumNpcTzimisce	Precache	override:FElysiumNpcTzimisce::Precache	3e	
CNPC_VTzimisceHeadClaw	104	0x103c1400	mechanism	FElysiumNpc::Precache	FElysiumNpcTzimisceHeadClaw	Precache	override:FElysiumNpcTzimisceHeadClaw::Precache	3e	
CNPC_VTzimisceRunner	104	0x103c31e0	mechanism	FElysiumNpc::Precache	FElysiumNpcTzimisceRunner	Precache	override:FElysiumNpcTzimisceRunner::Precache	3e	
CNPC_VWerewolf	104	0x103cb2a0	mechanism	FElysiumNpc::Precache	FElysiumNpcWerewolf	Precache	override:FElysiumNpcWerewolf::Precache	3e	
CNPC_VZombie	104	0x103df120	mechanism	FElysiumNpc::Precache	FElysiumNpcZombie	Precache	override:FElysiumNpcZombie::Precache	3e	
CNPC_VGhoulCroucher	105	0x1037b1f0	rule	FElysiumNpc::SetModel	FElysiumNpcGhoulCroucher	SetModel	override:FElysiumNpcGhoulCroucher::SetModel	3e	
CNPC_VZombie	105	0x103e0540	rule	FElysiumNpc::SetModel	FElysiumNpcZombie	SetModel	override:FElysiumNpcZombie::SetModel	3e	
CNPC_VAndreiBlood	113	0x1035dc30	rule	FElysiumNpc::Activate	FElysiumNpcAndreiBlood	Activate	residue:unported species body	3f	no species dispatch in the step-2 tree: the port runs FElysiumNpc::Activate for this class; the species body is not ported (rule 7, story 8)
CNPC_VWerewolf	113	0x103cb200	present	FElysiumNpc::Activate	FElysiumNpcWerewolf	Activate	step4:equivalent to the inherited body	3f	verdict present: the body is a wrapper over the inherited FElysiumNpc::Activate, which the class already runs; no dispatch to replace, step 4 declares it on the class
CNPC_VCop	123	0x10372f00	dead	FElysiumNpc::DrawDebugGeometryOverlays	FElysiumNpcCop	DrawDebugGeometryOverlays	override:FElysiumNpcCop::DrawDebugGeometryOverlays	3f	
CNPC_VMingXiao	123	0x10399d40	dead	FElysiumNpc::DrawDebugGeometryOverlays	FElysiumNpcMingXiao	DrawDebugGeometryOverlays	override:FElysiumNpcMingXiao::DrawDebugGeometryOverlays	3f	
CNPC_VHengeyokai	124	0x10383560	dead	FElysiumNpc::DrawDebugTextOverlays	FElysiumNpcHengeyokai	DrawDebugTextOverlays	override:FElysiumNpcHengeyokai::DrawDebugTextOverlays	3f	
CNPC_VNewscaster	124	0x103a1250	dead	FElysiumNpc::DrawDebugTextOverlays	FElysiumNpcNewscaster	DrawDebugTextOverlays	override:FElysiumNpcNewscaster::DrawDebugTextOverlays	3f	
CNPC_VTzimisce	124	0x103c08d0	dead	FElysiumNpc::DrawDebugTextOverlays	FElysiumNpcTzimisce	DrawDebugTextOverlays	override:FElysiumNpcTzimisce::DrawDebugTextOverlays	3f	
CNPC_VZombie	124	0x103e0e80	dead	FElysiumNpc::DrawDebugTextOverlays	FElysiumNpcZombie	DrawDebugTextOverlays	override:FElysiumNpcZombie::DrawDebugTextOverlays	3f	
CNPC_VMingXiao	126	0x10395f80	mechanism	FElysiumNpc::Save	FElysiumNpcMingXiao	Save	override:FElysiumNpcMingXiao::Save	3e	
CNPC_VMingXiaoTentacle	126	0x1039ed50	mechanism	FElysiumNpc::Save	FElysiumNpcMingXiaoTentacle	Save	override:FElysiumNpcMingXiaoTentacle::Save	3e	
CNPC_VTzimisceHeadClaw	126	0x103c2810	mechanism	FElysiumNpc::Save	FElysiumNpcTzimisceHeadClaw	Save	override:FElysiumNpcTzimisceHeadClaw::Save	3e	
CNPC_VAndreiBlood	127	0x1035cf80	mechanism	FElysiumNpc::AndreiBloodRestore	FElysiumNpcAndreiBlood	Restore	override:FElysiumNpcAndreiBlood::Restore	3e	
CNPC_VAsianVampire	127	0x10360e10	mechanism	registry:127	FElysiumNpcAsianVampire	Restore	override:FElysiumNpcAsianVampire::Restore	3e	
CNPC_VChangBros	127	0x1036b170	mechanism	FElysiumNpc::ChangBrosRestore	FElysiumNpcChangBros	Restore	override:FElysiumNpcChangBros::Restore	3e	
CNPC_VMingXiao	127	0x10396000	mechanism	FElysiumNpc::Restore	FElysiumNpcMingXiao	Restore	override:FElysiumNpcMingXiao::Restore	3e	
CNPC_VMingXiaoTentacle	127	0x1039eda0	mechanism	FElysiumNpc::Restore	FElysiumNpcMingXiaoTentacle	Restore	override:FElysiumNpcMingXiaoTentacle::Restore	3e	
CNPC_VSabbatLeader	127	0x103a6e80	mechanism	registry:127	FElysiumNpcSabbatLeader	Restore	override:FElysiumNpcSabbatLeader::Restore	3e	
CNPC_VSheriffMan	127	0x103ae7f0	mechanism	registry:127	FElysiumNpcSheriffMan	Restore	override:FElysiumNpcSheriffMan::Restore	3e	
CNPC_VTzimisceHeadClaw	127	0x103c2860	mechanism	FElysiumNpc::Restore	FElysiumNpcTzimisceHeadClaw	Restore	override:FElysiumNpcTzimisceHeadClaw::Restore	3e	
CNPC_VVampireBoss	127	0x103c5910	mechanism	FElysiumNpc::Restore	FElysiumNpcVampireBoss	Restore	override:FElysiumNpcVampireBoss::Restore	3e	
CNPC_VMingXiaoTentacle	130	0x1039f000	mechanism	FElysiumNpc::OnRestore	FElysiumNpcMingXiaoTentacle	OnRestore	override:FElysiumNpcMingXiaoTentacle::OnRestore	3e	
CNPC_VPedestrian	130	0x103a25a0	rule	FElysiumNpc::OnRestore	FElysiumNpcPedestrian	OnRestore	override:FElysiumNpcPedestrian::OnRestore	3e	
CNPC_VTzimisceRunner	130	0x103c3c40	mechanism	FElysiumNpc::OnRestore	FElysiumNpcTzimisceRunner	OnRestore	override:FElysiumNpcTzimisceRunner::OnRestore	3e	
CNPC_VWerewolf	130	0x103cabf0	rule	FElysiumNpc::OnRestore	FElysiumNpcWerewolf	OnRestore	override:FElysiumNpcWerewolf::OnRestore	3e	
CNPC_VWerewolf	141	0x103ccbf0	rule	FElysiumNpc::TraceAttack	FElysiumNpcWerewolf	TraceAttack	override:FElysiumNpcWerewolf::TraceAttack	3f	
CNPC_VZombie	141	0x103e0430	rule	FElysiumNpc::TraceAttack	FElysiumNpcZombie	TraceAttack	override:FElysiumNpcZombie::TraceAttack	3f	
CNPC_VWerewolf	142	0x103cccc0	rule	FElysiumNpc::OnTakeDamage	FElysiumNpcWerewolf	OnTakeDamage	residue:unported species body	3f	no species dispatch in the step-2 tree: the port runs FElysiumNpc::OnTakeDamage for this class; the species body is not ported (rule 7, story 8)
CNPC_VZombie	142	0x103e06d0	rule	FElysiumNpc::OnTakeDamage	FElysiumNpcZombie	OnTakeDamage	residue:unported species body	3f	no species dispatch in the step-2 tree: the port runs FElysiumNpc::OnTakeDamage for this class; the species body is not ported (rule 7, story 8)
CNPC_VGargoyle	144	0x10378da0	rule	FElysiumNpc::Event_Killed	FElysiumNpcGargoyle	Event_Killed	residue:unported species body	3f	no species dispatch in the step-2 tree: the port runs FElysiumNpc::Event_Killed for this class; the species body is not ported (rule 7, story 8)
CNPC_VHengeyokai	144	0x10380390	rule	FElysiumNpc::Event_Killed	FElysiumNpcHengeyokai	Event_Killed	residue:unported species body	3f	no species dispatch in the step-2 tree: the port runs FElysiumNpc::Event_Killed for this class; the species body is not ported (rule 7, story 8)
CNPC_VManBat	144	0x1038e8c0	rule	FElysiumNpc::Event_Killed	FElysiumNpcManBat	Event_Killed	residue:unported species body	3f	no species dispatch in the step-2 tree: the port runs FElysiumNpc::Event_Killed for this class; the species body is not ported (rule 7, story 8)
CNPC_VMingXiao	144	0x10395ba0	rule	FElysiumNpc::Event_Killed	FElysiumNpcMingXiao	Event_Killed	residue:unported species body	3f	no species dispatch in the step-2 tree: the port runs FElysiumNpc::Event_Killed for this class; the species body is not ported (rule 7, story 8)
CNPC_VMingXiaoTentacle	144	0x1039e900	rule	FElysiumNpc::Event_Killed	FElysiumNpcMingXiaoTentacle	Event_Killed	residue:unported species body	3f	no species dispatch in the step-2 tree: the port runs FElysiumNpc::Event_Killed for this class; the species body is not ported (rule 7, story 8)
CNPC_VTzimisce	144	0x103be010	rule	FElysiumNpc::Event_Killed	FElysiumNpcTzimisce	Event_Killed	residue:unported species body	3f	no species dispatch in the step-2 tree: the port runs FElysiumNpc::Event_Killed for this class; the species body is not ported (rule 7, story 8)
CNPC_VTzimisceHeadClaw	144	0x103c1d50	rule	FElysiumNpc::Event_Killed	FElysiumNpcTzimisceHeadClaw	Event_Killed	residue:unported species body	3f	no species dispatch in the step-2 tree: the port runs FElysiumNpc::Event_Killed for this class; the species body is not ported (rule 7, story 8)
CNPC_VMingXiao	166	0x10397000	mechanism	FElysiumNpc::SeveredTentaclesCanStandOn	FElysiumNpcMingXiao	CanStandOn	residue:unwired helper	3f	the body is ported as FElysiumNpc::SeveredTentaclesCanStandOn but no production path reaches it; wiring the slot is new behaviour (story 8, rule 7)
CNPC_VMingXiaoTentacle	166	0x1039ebd0	mechanism	FElysiumNpc::CanStandOn	FElysiumNpcMingXiaoTentacle	CanStandOn	override:FElysiumNpcMingXiaoTentacle::CanStandOn	3f	
CNPC_VGhoulCroucher	174	0x1037bf60	rule	FElysiumNpc::GhoulCroucherStartTouch	FElysiumNpcGhoulCroucher	StartTouch	override:FElysiumNpcGhoulCroucher::StartTouchSpecies	3f	
CNPC_VGargoyle	175	0x1037a270	rule	FElysiumNpc::GargoyleTouch	FElysiumNpcGargoyle	Touch	override:FElysiumNpcGargoyle::TouchSpecies	3f	
CNPC_VCop	180	0x10371a90	rule	FElysiumNpc::UpdateOnRemove	FElysiumNpcCop	UpdateOnRemove	override:FElysiumNpcCop::UpdateOnRemove	3e	
CNPC_VMingXiao	180	0x10391230	rule	FElysiumNpc::UpdateOnRemove	FElysiumNpcMingXiao	UpdateOnRemove	override:FElysiumNpcMingXiao::UpdateOnRemove	3e	
CNPC_VNewscaster	180	0x103a03a0	mechanism	FElysiumNpc::UpdateOnRemove	FElysiumNpcNewscaster	UpdateOnRemove	override:FElysiumNpcNewscaster::UpdateOnRemove	3e	
CPayphone	193	0x101aae60	rule	FElysiumEntity::EyePosition	FElysiumNpcPayphone	EyePosition	override:FElysiumNpcPayphone::EyePosition	3f	
CNPC_VCameraSecurity	201	0x10369ff0	rule	FElysiumNpc::FVisible	FElysiumNpcCameraSecurity	FVisible	override:FElysiumNpcCameraSecurity::FVisible	3f	
CNPC_VTzimisce	201	0x103ba290	rule	FElysiumNpc::FVisible	FElysiumNpcTzimisce	FVisible	override:FElysiumNpcTzimisce::FVisible	3f	
CNPC_VWerewolf	201	0x103cb810	rule	FElysiumNpcSenses::IsVisible	FElysiumNpcWerewolf	FVisible	override:FElysiumNpcWerewolf::FVisible	3f	
CNPC_VYukie	201	0x103ddaf0	rule	FElysiumNpcSenses::IsVisible	FElysiumNpcYukie	FVisible	override:FElysiumNpcYukie::FVisible	3f	
CNPC_VZombie	201	0x103e0bc0	rule	FElysiumNpc::FVisible	FElysiumNpcZombie	FVisible	override:FElysiumNpcZombie::FVisible	3f	
CNPC_VCamera	259	0x10368ec0	rule	FElysiumNpc::HandleAnimEvent	FElysiumNpcCamera	HandleAnimEvent	override:FElysiumNpcCamera::HandleAnimEvent	3f	
CNPC_VDog	259	0x10374280	rule	FElysiumNpc::HandleAnimEvent	FElysiumNpcDog	HandleAnimEvent	residue:unported species body	3f	no species dispatch in the step-2 tree: the port runs FElysiumNpc::HandleAnimEvent for this class; the species body is not ported (rule 7, story 8)
CNPC_VGargoyle	259	0x103786c0	rule	FElysiumNpc::HandleAnimEvent	FElysiumNpcGargoyle	HandleAnimEvent	residue:unported species body	3f	no species dispatch in the step-2 tree: the port runs FElysiumNpc::HandleAnimEvent for this class; the species body is not ported (rule 7, story 8)
CNPC_VHengeyokai	259	0x1037fb60	rule	FElysiumNpc::HandleAnimEvent	FElysiumNpcHengeyokai	HandleAnimEvent	override:FElysiumNpcHengeyokai::HandleAnimEvent	3f	
CNPC_VManBat	259	0x1038e000	rule	FElysiumNpc::HandleAnimEvent	FElysiumNpcManBat	HandleAnimEvent	residue:unported species body	3f	no species dispatch in the step-2 tree: the port runs FElysiumNpc::HandleAnimEvent for this class; the species body is not ported (rule 7, story 8)
CNPC_VMingXiao	259	0x10392a70	rule	FElysiumNpc::HandleAnimEvent	FElysiumNpcMingXiao	HandleAnimEvent	override:FElysiumNpcMingXiao::HandleAnimEvent	3f	
CNPC_VSabbatLeader	259	0x103a7000	rule	FElysiumNpc::HandleAnimEvent	FElysiumNpcSabbatLeader	HandleAnimEvent	residue:unported species body	3f	no species dispatch in the step-2 tree: the port runs FElysiumNpc::HandleAnimEvent for this class; the species body is not ported (rule 7, story 8)
CNPC_VTzimisce	259	0x103ba410	rule	FElysiumNpc::HandleAnimEvent	FElysiumNpcTzimisce	HandleAnimEvent	residue:unported species body	3f	no species dispatch in the step-2 tree: the port runs FElysiumNpc::HandleAnimEvent for this class; the species body is not ported (rule 7, story 8)
CNPC_VTzimisceHeadClaw	259	0x103c1540	rule	FElysiumNpc::HandleAnimEvent	FElysiumNpcTzimisceHeadClaw	HandleAnimEvent	override:FElysiumNpcTzimisceHeadClaw::HandleAnimEvent	3f	
CNPC_VTzimisceRunner	259	0x103c32c0	rule	FElysiumNpc::HandleAnimEvent	FElysiumNpcTzimisceRunner	HandleAnimEvent	override:FElysiumNpcTzimisceRunner::HandleAnimEvent	3f	
CNPC_VWerewolf	259	0x103d88e0	rule	FElysiumNpc::HandleAnimEvent	FElysiumNpcWerewolf	HandleAnimEvent	residue:unported species body	3f	no species dispatch in the step-2 tree: the port runs FElysiumNpc::HandleAnimEvent for this class; the species body is not ported (rule 7, story 8)
CPayphone	286	0x101aad90	rule	FElysiumNpc::PayphoneAddSceneEvent	FElysiumNpcPayphone	AddSceneEvent	residue:unwired helper	3f	the body is ported as FElysiumNpc::PayphoneAddSceneEvent but no production path reaches it; wiring the slot is new behaviour (story 8, rule 7)
CNPC_VGargoyle	292	0x10378cb0	rule	FElysiumCombatCharacter::StartDamageFlinch	FElysiumNpcGargoyle	DamageFlinch	override:FElysiumNpcGargoyle::SuppressesDamageFlinch	3f	
CNPC_VHengeyokai	292	0x103802a0	rule	FElysiumCombatCharacter::StartDamageFlinch	FElysiumNpcHengeyokai	DamageFlinch	override:FElysiumNpcHengeyokai::SuppressesDamageFlinch	3f	
CPayphone	295	0x101aaee0	rule	FElysiumNpc::HasDialogSuppressFlag	FElysiumNpcPayphone	CanTalk	override:FElysiumNpcPayphone::CanTalk	3f	
CNPC_VPedestrian	301	0x103a38c0	rule	FElysiumNpc::PedestrianCreateCorpse	FElysiumNpcPedestrian	CreateCorpse	residue:unwired helper	3f	the body is ported as FElysiumNpc::PedestrianCreateCorpse but no production path reaches it; wiring the slot is new behaviour (story 8, rule 7)
CNPC_VZombie	301	0x103dfbb0	rule	FElysiumNpc::CreateCorpse	FElysiumNpcZombie	CreateCorpse	residue:unported species body	3f	no species dispatch in the step-2 tree: the port runs FElysiumNpc::CreateCorpse for this class; the species body is not ported (rule 7, story 8)
CNPC_VWerewolf	304	0x103cc9b0	rule	FElysiumNpc::GiveBaseFightingItems	FElysiumNpcWerewolf	GiveBaseFightingItems	override:FElysiumNpcWerewolf::GiveBaseFightingItems	3f	
CNPC_VWerewolf	305	0x103cca80	rule	FElysiumNpc::RemoveBaseFightingItems	FElysiumNpcWerewolf	RemoveBaseFightingItems	override:FElysiumNpcWerewolf::RemoveBaseFightingItems	3f	
CNPC_VTzimisceHeadClaw	310	0x103c1cd0	rule	FElysiumNpc::SetActivity	FElysiumNpcTzimisceHeadClaw	SetActivity	override:FElysiumNpcTzimisceHeadClaw::SetActivity	3e	
CNPC_VTzimisceRunner	310	0x103c3d80	rule	FElysiumNpc::SetActivity	FElysiumNpcTzimisceRunner	SetActivity	override:FElysiumNpcTzimisceRunner::SetActivity	3e	
CNPC_VGargoyle	313	0x1037a5b0	rule	FElysiumNpc::UpdatePresenceEffect	FElysiumNpcGargoyle	UpdatePresenceEffect	residue:unported species body	3f	no species dispatch in the step-2 tree: the port runs FElysiumNpc::UpdatePresenceEffect for this class; the species body is not ported (rule 7, story 8)
CNPC_VHengeyokai	313	0x10381b10	rule	FElysiumNpc::UpdatePresenceEffect	FElysiumNpcHengeyokai	UpdatePresenceEffect	residue:unported species body	3f	no species dispatch in the step-2 tree: the port runs FElysiumNpc::UpdatePresenceEffect for this class; the species body is not ported (rule 7, story 8)
CNPC_VSabbatLeader	313	0x103ab270	rule	FElysiumNpc::UpdatePresenceEffect	FElysiumNpcSabbatLeader	UpdatePresenceEffect	residue:unported species body	3f	no species dispatch in the step-2 tree: the port runs FElysiumNpc::UpdatePresenceEffect for this class; the species body is not ported (rule 7, story 8)
CNPC_VGargoyle	320	0x10378d30	rule	FElysiumNpc::PlayerKnockbackReaction	FElysiumNpcGargoyle	PlayerKnockbackReaction	residue:unported species body	3f	no species dispatch in the step-2 tree: the port runs FElysiumNpc::PlayerKnockbackReaction for this class; the species body is not ported (rule 7, story 8)
CNPC_VHengeyokai	320	0x10380320	rule	FElysiumNpc::PlayerKnockbackReaction	FElysiumNpcHengeyokai	PlayerKnockbackReaction	residue:unported species body	3f	no species dispatch in the step-2 tree: the port runs FElysiumNpc::PlayerKnockbackReaction for this class; the species body is not ported (rule 7, story 8)
CNPC_VTzimisceRunner	320	0x103c43f0	rule	FElysiumNpc::PlayerKnockbackReaction	FElysiumNpcTzimisceRunner	PlayerKnockbackReaction	residue:unported species body	3f	no species dispatch in the step-2 tree: the port runs FElysiumNpc::PlayerKnockbackReaction for this class; the species body is not ported (rule 7, story 8)
CNPC_VTzimisceRunner	330	0x103c43b0	rule	FElysiumNpc::Slot330	FElysiumNpcTzimisceRunner	Slot330	residue:unported species body	3f	no species dispatch in the step-2 tree: the port runs FElysiumNpc::Slot330 for this class; the species body is not ported (rule 7, story 8)
CNPC_VTzimisceHeadClaw	332	0x103c1d80	rule	FElysiumNpc::Slot332	FElysiumNpcTzimisceHeadClaw	Slot332	override:FElysiumNpcTzimisceHeadClaw::Slot332	3f	
CNPC_VTzimisceRunner	335	0x103c3cd0	rule	FElysiumNpc::TzimisceRunnerNotifyChangeSizeSmall	FElysiumNpcTzimisceRunner	NotifyChangeSizeSmall	residue:unwired helper	3f	the body is ported as FElysiumNpc::TzimisceRunnerNotifyChangeSizeSmall but no production path reaches it; wiring the slot is new behaviour (story 8, rule 7)
CNPC_VTzimisceRunner	336	0x103c3d10	rule	FElysiumNpc::TzimisceRunnerNotifyChangeSizeNormal	FElysiumNpcTzimisceRunner	NotifyChangeSizeNormal	residue:unwired helper	3f	the body is ported as FElysiumNpc::TzimisceRunnerNotifyChangeSizeNormal but no production path reaches it; wiring the slot is new behaviour (story 8, rule 7)
CNPC_VCamera	337	0x10368e80	mechanism	registry:337	FElysiumNpcCamera	GetUsedHullBits	override:FElysiumNpcCamera::GetUsedHullBits	3f	
CNPC_VGargoyle	337	0x10378680	mechanism	registry:337	FElysiumNpcGargoyle	GetUsedHullBits	override:FElysiumNpcGargoyle::GetUsedHullBits	3f	
CNPC_VHengeyokai	337	0x1037fb20	mechanism	registry:337	FElysiumNpcHengeyokai	GetUsedHullBits	override:FElysiumNpcHengeyokai::GetUsedHullBits	3f	
CNPC_VManBat	337	0x1038b100	mechanism	registry:337	FElysiumNpcManBat	GetUsedHullBits	override:FElysiumNpcManBat::GetUsedHullBits	3f	
CNPC_VMingXiao	337	0x10392a50	mechanism	FElysiumNpc::GetUsedHullBits	FElysiumNpcMingXiao	GetUsedHullBits	override:FElysiumNpcMingXiao::GetUsedHullBits	3f	
CNPC_VMingXiaoTentacle	337	0x1039c480	mechanism	registry:337	FElysiumNpcMingXiaoTentacle	GetUsedHullBits	override:FElysiumNpcMingXiaoTentacle::GetUsedHullBits	3f	
CNPC_VScurrying	337	0x103ac4e0	mechanism	FElysiumNpc::GetUsedHullBits	FElysiumNpcScurrying	GetUsedHullBits	override:FElysiumNpcScurrying::GetUsedHullBits	3f	
CNPC_VSheriffMan	337	0x103ae840	mechanism	registry:337	FElysiumNpcSheriffMan	GetUsedHullBits	override:FElysiumNpcSheriffMan::GetUsedHullBits	3f	
CNPC_VTzimisce	337	0x103b9160	dead	FElysiumNpc::GetUsedHullBits	FElysiumNpcTzimisce	GetUsedHullBits	override:FElysiumNpcTzimisce::GetUsedHullBits	3f	
CNPC_VTzimisceHeadClaw	337	0x103c1cb0	dead	FElysiumNpc::GetUsedHullBits	FElysiumNpcTzimisceHeadClaw	GetUsedHullBits	override:FElysiumNpcTzimisceHeadClaw::GetUsedHullBits	3f	
CNPC_VTzimisceRunner	337	0x103c3cb0	dead	FElysiumNpc::GetUsedHullBits	FElysiumNpcTzimisceRunner	GetUsedHullBits	override:FElysiumNpcTzimisceRunner::GetUsedHullBits	3f	
CNPC_VWerewolf	337	0x103cab50	mechanism	registry:337	FElysiumNpcWerewolf	GetUsedHullBits	override:FElysiumNpcWerewolf::GetUsedHullBits	3f	
CNPC_VMingXiao	348	0x103970d0	rule	FElysiumNpc::HealthToPercent	FElysiumNpcMingXiao	HealthToPercent	override:FElysiumNpcMingXiao::HealthToPercent	3f	
CNPC_VCameraSecurity	363	0x10369fb0	rule	FElysiumNpc::FInViewCone	FElysiumNpcCameraSecurity	FInViewCone	residue:unported species body	3d	no species dispatch in the step-2 tree: the port runs FElysiumNpc::FInViewCone for this class; the species body is not ported (rule 7, story 8)
CNPC_VYukie	363	0x103ddaa0	rule	FElysiumNpcSenses::IsVisible	FElysiumNpcYukie	FInViewCone	residue:unwired helper	3d	the body is ported as FElysiumNpcSenses::IsVisible but no production path reaches it; wiring the slot is new behaviour (story 8, rule 7)
CNPC_VHuman	366	0x10385a70	rule	registry:366	FElysiumNpcHuman	HandleInteraction	override:FElysiumNpcHuman::HandleInteraction	3f	
CNPC_VSabbatLeader	366	0x103a76d0	dead	FElysiumNpc::HandleInteraction	FElysiumNpcSabbatLeader	HandleInteraction	override:FElysiumNpcSabbatLeader::HandleInteraction	3f	
CNPC_VRat	370	0x103ad7f0	rule	FElysiumNpc::HeadDirection2D	FElysiumNpcRat	HeadDirection2D	override:FElysiumNpcRat::HeadDirection2D	3f	
CPayphone	370	0x101aa7f0	dead	FElysiumNpc::HeadDirection2D	FElysiumNpcPayphone	HeadDirection2D	override:FElysiumNpcPayphone::HeadDirection2D	3f	
CNPC_VRat	371	0x103ad820	rule	FElysiumNpc::HeadDirection3D	FElysiumNpcRat	HeadDirection3D	override:FElysiumNpcRat::HeadDirection3D	3f	
CPayphone	371	0x101aa820	dead	FElysiumNpc::HeadDirection3D	FElysiumNpcPayphone	HeadDirection3D	override:FElysiumNpcPayphone::HeadDirection3D	3f	
CNPC_VCamera	375	0x103690a0	present	Visual/ElysiumNpcActivityTables.cpp:PreTranslate_Camera	FElysiumNpcCamera	NPC_EarlyTranslateActivity	data-query:ElysiumActionTables translate rows	3e	verdict present: the class translate table row in Visual/ElysiumNpcActivityTables.cpp, keyed by class alias
CNPC_VDog	375	0x10374ad0	rule	FElysiumNpc::NPC_EarlyTranslateActivity	FElysiumNpcDog	NPC_EarlyTranslateActivity	override:FElysiumNpcDog::NPC_EarlyTranslateActivity	3e	
CNPC_VHengeyokai	375	0x10381b50	rule	FElysiumNpc::NPC_EarlyTranslateActivity	FElysiumNpcHengeyokai	NPC_EarlyTranslateActivity	override:FElysiumNpcHengeyokai::NPC_EarlyTranslateActivity	3e	
CNPC_VHuman	375	0x103854f0	rule	FElysiumNpc::NPC_EarlyTranslateActivity	FElysiumNpcHuman	NPC_EarlyTranslateActivity	override:FElysiumNpcHuman::NPC_EarlyTranslateActivity	3e	
CNPC_VTzimisce	375	0x103bde40	rule	FElysiumNpc::NPC_EarlyTranslateActivity	FElysiumNpcTzimisce	NPC_EarlyTranslateActivity	override:FElysiumNpcTzimisce::NPC_EarlyTranslateActivity	3e	
CNPC_VTzimisceRunner	375	0x103c3e10	rule	FElysiumNpc::NPC_EarlyTranslateActivity	FElysiumNpcTzimisceRunner	NPC_EarlyTranslateActivity	override:FElysiumNpcTzimisceRunner::NPC_EarlyTranslateActivity	3e	
CNPC_VCamera	376	0x103690c0	present	Visual/ElysiumNpcActivityTables.cpp:ClassTranslate_Camera	FElysiumNpcCamera	NPC_TranslateActivity	data-query:ElysiumActionTables translate rows	3f	verdict present: the class translate table row in Visual/ElysiumNpcActivityTables.cpp, keyed by class alias
CNPC_VHuman	376	0x103858b0	present	Visual/ElysiumNpcActivityTables.cpp:GClassTranslateHumanRules	FElysiumNpcHuman	NPC_TranslateActivity	data-query:ElysiumActionTables translate rows	3f	verdict present: the class translate table row in Visual/ElysiumNpcActivityTables.cpp, keyed by class alias
CNPC_VMingXiao	376	0x10394690	present	Visual/ElysiumNpcActivityTables.cpp:GClassTranslateMingXiaoRules	FElysiumNpcMingXiao	NPC_TranslateActivity	data-query:ElysiumActionTables translate rows	3f	verdict present: the class translate table row in Visual/ElysiumNpcActivityTables.cpp, keyed by class alias
CNPC_VGhoulCroucher	379	0x1037b500	rule	FElysiumNpc::EnterGrappleState	FElysiumNpcGhoulCroucher	EnterGrappleState	residue:unported species body	3f	no species dispatch in the step-2 tree: the port runs FElysiumNpc::EnterGrappleState for this class; the species body is not ported (rule 7, story 8)
CPayphone	379	0x101aade0	rule	FElysiumNpc::EnterGrappleState	FElysiumNpcPayphone	EnterGrappleState	residue:unported species body	3f	no species dispatch in the step-2 tree: the port runs FElysiumNpc::EnterGrappleState for this class; the species body is not ported (rule 7, story 8)
CNPC_VTzimisce	389	0x103bfd80	rule	FElysiumNpc::WeaponShootPositionTzimisce	FElysiumNpcTzimisce	Weapon_ShootPosition	residue:unwired helper	3f	the body is ported as FElysiumNpc::WeaponShootPositionTzimisce but no production path reaches it; wiring the slot is new behaviour (story 8, rule 7)
CNPC_VAndreiBlood	390	0x1035e6d0	rule	FElysiumNpc::OnTakeDamage_Alive	FElysiumNpcAndreiBlood	OnTakeDamage_Alive	residue:unported species body	3f	no species dispatch in the step-2 tree: the port runs FElysiumNpc::OnTakeDamage_Alive for this class; the species body is not ported (rule 7, story 8)
CNPC_VAnimal	390	0x103601a0	rule	FElysiumNpc::OnTakeDamage_Alive	FElysiumNpcAnimal	OnTakeDamage_Alive	residue:unported species body	3f	no species dispatch in the step-2 tree: the port runs FElysiumNpc::OnTakeDamage_Alive for this class; the species body is not ported (rule 7, story 8)
CNPC_VBach	390	0x10363c70	rule	FElysiumNpc::OnTakeDamage_Alive	FElysiumNpcBach	OnTakeDamage_Alive	residue:unported species body	3f	no species dispatch in the step-2 tree: the port runs FElysiumNpc::OnTakeDamage_Alive for this class; the species body is not ported (rule 7, story 8)
CNPC_VGargoyle	390	0x10378c10	rule	FElysiumNpc::OnTakeDamage_Alive	FElysiumNpcGargoyle	OnTakeDamage_Alive	residue:unported species body	3f	no species dispatch in the step-2 tree: the port runs FElysiumNpc::OnTakeDamage_Alive for this class; the species body is not ported (rule 7, story 8)
CNPC_VGhoulCroucher	390	0x1037bc90	rule	FElysiumNpc::OnTakeDamage_Alive	FElysiumNpcGhoulCroucher	OnTakeDamage_Alive	residue:unported species body	3f	no species dispatch in the step-2 tree: the port runs FElysiumNpc::OnTakeDamage_Alive for this class; the species body is not ported (rule 7, story 8)
CNPC_VHengeyokai	390	0x103801d0	rule	FElysiumNpc::OnTakeDamage_Alive	FElysiumNpcHengeyokai	OnTakeDamage_Alive	residue:unported species body	3f	no species dispatch in the step-2 tree: the port runs FElysiumNpc::OnTakeDamage_Alive for this class; the species body is not ported (rule 7, story 8)
CNPC_VManBat	390	0x1038e880	rule	FElysiumNpc::OnTakeDamage_Alive	FElysiumNpcManBat	OnTakeDamage_Alive	residue:unported species body	3f	no species dispatch in the step-2 tree: the port runs FElysiumNpc::OnTakeDamage_Alive for this class; the species body is not ported (rule 7, story 8)
CNPC_VMingXiao	390	0x10395ae0	rule	FElysiumNpc::OnTakeDamage_Alive	FElysiumNpcMingXiao	OnTakeDamage_Alive	residue:unported species body	3f	no species dispatch in the step-2 tree: the port runs FElysiumNpc::OnTakeDamage_Alive for this class; the species body is not ported (rule 7, story 8)
CNPC_VMingXiaoTentacle	390	0x1039e890	rule	FElysiumNpc::OnTakeDamage_Alive	FElysiumNpcMingXiaoTentacle	OnTakeDamage_Alive	residue:unported species body	3f	no species dispatch in the step-2 tree: the port runs FElysiumNpc::OnTakeDamage_Alive for this class; the species body is not ported (rule 7, story 8)
CNPC_VSabbatLeader	390	0x103aa480	rule	FElysiumNpc::OnTakeDamage_Alive	FElysiumNpcSabbatLeader	OnTakeDamage_Alive	residue:unported species body	3f	no species dispatch in the step-2 tree: the port runs FElysiumNpc::OnTakeDamage_Alive for this class; the species body is not ported (rule 7, story 8)
CNPC_VSheriffMan	390	0x103b0e90	rule	FElysiumNpc::OnTakeDamage_Alive	FElysiumNpcSheriffMan	OnTakeDamage_Alive	residue:unported species body	3f	no species dispatch in the step-2 tree: the port runs FElysiumNpc::OnTakeDamage_Alive for this class; the species body is not ported (rule 7, story 8)
CNPC_VCop	404	0x10372b70	rule	FElysiumNpc::IRelationType	FElysiumNpcCop	IRelationType	override:FElysiumNpcCop::IRelationType	3f	
CNPC_VHunter	404	0x10388bb0	rule	FElysiumNpc::IRelationType	FElysiumNpcHunter	IRelationType	override:FElysiumNpcHunter::IRelationType	3f	
CNPC_VNewscaster	404	0x103a01b0	rule	registry:404	FElysiumNpcNewscaster	IRelationType	override:FElysiumNpcNewscaster::IRelationType	3f	
CNPC_VPedestrian	404	0x103a2930	rule	FElysiumNpc::IRelationType	FElysiumNpcPedestrian	IRelationType	override:FElysiumNpcPedestrian::IRelationType	3f	
CNPC_VYukie	404	0x103dd880	rule	FElysiumNpc::IRelationType	FElysiumNpcYukie	IRelationType	override:FElysiumNpcYukie::IRelationType	3f	
CNPC_VMingXiao	408	0x103951d0	dead	FElysiumNpc::GetShortConditionName	FElysiumNpcMingXiao	GetShortConditionName	override:FElysiumNpcMingXiao::GetShortConditionName	3f	
CNPC_VMingXiaoTentacle	408	0x1039ece0	dead	FElysiumNpc::GetShortConditionName	FElysiumNpcMingXiaoTentacle	GetShortConditionName	override:FElysiumNpcMingXiaoTentacle::GetShortConditionName	3f	
CNPC_VWerewolf	408	0x103d0640	dead	FElysiumNpc::GetShortConditionName	FElysiumNpcWerewolf	GetShortConditionName	override:FElysiumNpcWerewolf::GetShortConditionName	3f	
CNPC_VTzimisce	410	0x103bf580	rule	FElysiumNpc::TranslateNavGoalPosition	FElysiumNpcTzimisce	TranslateNavGoalPosition	residue:unported species body	3f	no species dispatch in the step-2 tree: the port runs FElysiumNpc::TranslateNavGoalPosition for this class; the species body is not ported (rule 7, story 8)
CNPC_VMingXiao	418	0x10392a10	rule	FElysiumNpc::ResolveTaskDistance	FElysiumNpcMingXiao	ResolveTaskDistance	override:FElysiumNpcMingXiao::ResolveTaskDistance	3f	
CNPC_VTzimisce	418	0x103b9120	rule	FElysiumNpc::ResolveTaskDistance	FElysiumNpcTzimisce	ResolveTaskDistance	override:FElysiumNpcTzimisce::ResolveTaskDistance	3f	
CNPC_VAndreiBlood	420	0x1035cec0	rule	FElysiumNpc::NPCInit	FElysiumNpcAndreiBlood	NPCInit	override:FElysiumNpcAndreiBlood::NPCInit	3e	
CNPC_VAsianVampire	420	0x10360ce0	rule	FElysiumNpc::NPCInit	FElysiumNpcAsianVampire	NPCInit	override:FElysiumNpcAsianVampire::NPCInit	3e	
CNPC_VBach	420	0x10363940	rule	FElysiumNpc::NPCInit	FElysiumNpcBach	NPCInit	override:FElysiumNpcBach::NPCInit	3e	
CNPC_VCamera	420	0x103692c0	rule	FElysiumNpc::NPCInit	FElysiumNpcCamera	NPCInit	override:FElysiumNpcCamera::NPCInit	3e	
CNPC_VChangBros	420	0x1036b050	rule	FElysiumNpc::NPCInit	FElysiumNpcChangBros	NPCInit	override:FElysiumNpcChangBros::NPCInit	3e	
CNPC_VChangBrosBlade	420	0x1036f100	rule	FElysiumNpc::NPCInit	FElysiumNpcChangBrosBlade	NPCInit	override:FElysiumNpcChangBrosBlade::NPCInit	3e	
CNPC_VChangBrosClaw	420	0x1036f900	rule	FElysiumNpc::NPCInit	FElysiumNpcChangBrosClaw	NPCInit	override:FElysiumNpcChangBrosClaw::NPCInit	3e	
CNPC_VCop	420	0x10372b00	rule	FElysiumNpc::NPCInit	FElysiumNpcCop	NPCInit	override:FElysiumNpcCop::NPCInit	3e	
CNPC_VGargoyle	420	0x103785f0	rule	FElysiumNpc::NPCInit	FElysiumNpcGargoyle	NPCInit	override:FElysiumNpcGargoyle::NPCInit	3e	
CNPC_VGhoulCroucher	420	0x1037b290	rule	FElysiumNpc::NPCInit	FElysiumNpcGhoulCroucher	NPCInit	override:FElysiumNpcGhoulCroucher::NPCInit	3e	
CNPC_VGuard1	420	0x1037e240	rule	FElysiumNpc::NPCInit	FElysiumNpcGuard1	NPCInit	override:FElysiumNpcGuard1::NPCInit	3e	
CNPC_VHengeyokai	420	0x1037fa70	rule	FElysiumNpc::NPCInit	FElysiumNpcHengeyokai	NPCInit	override:FElysiumNpcHengeyokai::NPCInit	3e	
CNPC_VHumanCombatant	420	0x10387140	rule	FElysiumNpc::NPCInit	FElysiumNpcHumanCombatant	NPCInit	override:FElysiumNpcHumanCombatant::NPCInit	3e	
CNPC_VHunter	420	0x10388b30	dead	FElysiumNpc::NPCInit	FElysiumNpcHunter	NPCInit	override:FElysiumNpcHunter::NPCInit	3e	
CNPC_VManBat	420	0x1038b070	rule	FElysiumNpc::NPCInit	FElysiumNpcManBat	NPCInit	override:FElysiumNpcManBat::NPCInit	3e	
CNPC_VNewscaster	420	0x103a0420	rule	FElysiumNpc::NPCInit	FElysiumNpcNewscaster	NPCInit	override:FElysiumNpcNewscaster::NPCInit	3e	
CNPC_VPedestrian	420	0x103a2570	rule	FElysiumNpc::NPCInit	FElysiumNpcPedestrian	NPCInit	override:FElysiumNpcPedestrian::NPCInit	3e	
CNPC_VPlaceholder	420	0x103a4350	rule	FElysiumNpc::NPCInit	FElysiumNpcPlaceholder	NPCInit	override:FElysiumNpcPlaceholder::NPCInit	3e	
CNPC_VSabbatLeader	420	0x103a6d40	rule	FElysiumNpc::NPCInit	FElysiumNpcSabbatLeader	NPCInit	override:FElysiumNpcSabbatLeader::NPCInit	3e	
CNPC_VSheriffMan	420	0x103ae6c0	rule	FElysiumNpc::NPCInit	FElysiumNpcSheriffMan	NPCInit	override:FElysiumNpcSheriffMan::NPCInit	3e	
CNPC_VTaxiDriver	420	0x103b35c0	rule	FElysiumNpc::NPCInit	FElysiumNpcTaxiDriver	NPCInit	override:FElysiumNpcTaxiDriver::NPCInit	3e	
CNPC_VTzimisce	420	0x103b91d0	rule	FElysiumNpc::NPCInit	FElysiumNpcTzimisce	NPCInit	override:FElysiumNpcTzimisce::NPCInit	3e	
CNPC_VTzimisceHeadClaw	420	0x103c1c80	rule	FElysiumNpc::NPCInit	FElysiumNpcTzimisceHeadClaw	NPCInit	override:FElysiumNpcTzimisceHeadClaw::NPCInit	3e	
CNPC_VVampireBoss	420	0x103c5840	rule	FElysiumNpc::NPCInit	FElysiumNpcVampireBoss	NPCInit	override:FElysiumNpcVampireBoss::NPCInit	3e	
CNPC_VWerewolf	420	0x103caef0	rule	FElysiumNpc::NPCInit	FElysiumNpcWerewolf	NPCInit	override:FElysiumNpcWerewolf::NPCInit	3e	
CNPC_VYukie	420	0x103dd800	rule	hand:FElysiumNpc::NPCInit	FElysiumNpcYukie	NPCInit	override:FElysiumNpcYukie::NPCInit	3e	
CNPC_VZombie	420	0x103defc0	rule	FElysiumNpc::NPCInit	FElysiumNpcZombie	NPCInit	override:FElysiumNpcZombie::NPCInit	3e	
CPayphone	420	0x101aab90	rule	FElysiumNpc::NPCInit	FElysiumNpcPayphone	NPCInit	override:FElysiumNpcPayphone::NPCInit	3e	
CNPC_VCamera	422	0x10369930	rule	FElysiumNpc::StartNPC	FElysiumNpcCamera	StartNPC	override:FElysiumNpcCamera::StartNPC	3e	
CNPC_VTzimisce	422	0x103b9270	dead	FElysiumNpc::StartNPC	FElysiumNpcTzimisce	StartNPC	override:FElysiumNpcTzimisce::StartNPC	3e	
CNPC_VRat	428	0x103ad6a0	mechanism	FElysiumNpc::CreateLocalNavigator	FElysiumNpcRat	CreateLocalNavigator	override:FElysiumNpcRat::CreateLocalNavigator	3f	
CNPC_VAndreiBlood	431	0x1035db20	rule	FElysiumNpc::NPCThink	FElysiumNpcAndreiBlood	NPCThink	residue:unported species body	3f	no species dispatch in the step-2 tree: the port runs FElysiumNpc::NPCThink for this class; the species body is not ported (rule 7, story 8)
CNPC_VAsianVampire	431	0x10361490	rule	FElysiumNpc::NPCThink	FElysiumNpcAsianVampire	NPCThink	residue:unported species body	3f	no species dispatch in the step-2 tree: the port runs FElysiumNpc::NPCThink for this class; the species body is not ported (rule 7, story 8)
CNPC_VCamera	431	0x10369120	rule	FElysiumNpc::NPCThink	FElysiumNpcCamera	NPCThink	residue:unported species body	3f	no species dispatch in the step-2 tree: the port runs FElysiumNpc::NPCThink for this class; the species body is not ported (rule 7, story 8)
CNPC_VChangBros	431	0x1036c6c0	rule	FElysiumNpc::NPCThink	FElysiumNpcChangBros	NPCThink	residue:unported species body	3f	no species dispatch in the step-2 tree: the port runs FElysiumNpc::NPCThink for this class; the species body is not ported (rule 7, story 8)
CNPC_VGhoulCroucher	431	0x1037b3f0	rule	FElysiumNpc::NPCThink	FElysiumNpcGhoulCroucher	NPCThink	residue:unported species body	3f	no species dispatch in the step-2 tree: the port runs FElysiumNpc::NPCThink for this class; the species body is not ported (rule 7, story 8)
CNPC_VMingXiao	431	0x10394990	rule	FElysiumNpc::NPCThink	FElysiumNpcMingXiao	NPCThink	residue:unported species body	3f	no species dispatch in the step-2 tree: the port runs FElysiumNpc::NPCThink for this class; the species body is not ported (rule 7, story 8)
CNPC_VNewscaster	431	0x103a05b0	rule	FElysiumNpc::NPCThink	FElysiumNpcNewscaster	NPCThink	residue:unported species body	3f	no species dispatch in the step-2 tree: the port runs FElysiumNpc::NPCThink for this class; the species body is not ported (rule 7, story 8)
CNPC_VSheriffMan	431	0x103af830	rule	FElysiumNpc::NPCThink	FElysiumNpcSheriffMan	NPCThink	residue:unported species body	3f	no species dispatch in the step-2 tree: the port runs FElysiumNpc::NPCThink for this class; the species body is not ported (rule 7, story 8)
CNPC_VTzimisce	431	0x103b9040	rule	FElysiumNpc::NPCThink	FElysiumNpcTzimisce	NPCThink	residue:unported species body	3f	no species dispatch in the step-2 tree: the port runs FElysiumNpc::NPCThink for this class; the species body is not ported (rule 7, story 8)
CNPC_VVampireBoss	431	0x103c6000	rule	FElysiumNpc::NPCThink	FElysiumNpcVampireBoss	NPCThink	residue:unported species body	3f	no species dispatch in the step-2 tree: the port runs FElysiumNpc::NPCThink for this class; the species body is not ported (rule 7, story 8)
CNPC_VWerewolf	431	0x103cb590	rule	FElysiumNpc::NPCThink	FElysiumNpcWerewolf	NPCThink	residue:unported species body	3f	no species dispatch in the step-2 tree: the port runs FElysiumNpc::NPCThink for this class; the species body is not ported (rule 7, story 8)
CNPC_VZombie	431	0x103dfa20	rule	FElysiumNpc::NPCThink	FElysiumNpcZombie	NPCThink	residue:unported species body	3f	no species dispatch in the step-2 tree: the port runs FElysiumNpc::NPCThink for this class; the species body is not ported (rule 7, story 8)
CPayphone	431	0x101aabf0	rule	FElysiumNpc::PayphoneThink	FElysiumNpcPayphone	NPCThink	override:FElysiumNpcPayphone::Think	3f	
CNPC_VAndreiBlood	432	0x1035e980	rule	FElysiumNpc::RunAI	FElysiumNpcAndreiBlood	RunAI	residue:unported species body	3f	no species dispatch in the step-2 tree: the port runs FElysiumNpc::RunAI for this class; the species body is not ported (rule 7, story 8)
CNPC_VAsianVampire	432	0x10361110	rule	FElysiumNpc::RunAI	FElysiumNpcAsianVampire	RunAI	residue:unported species body	3f	no species dispatch in the step-2 tree: the port runs FElysiumNpc::RunAI for this class; the species body is not ported (rule 7, story 8)
CNPC_VBach	432	0x10363b60	rule	FElysiumNpc::RunAI	FElysiumNpcBach	RunAI	residue:unported species body	3f	no species dispatch in the step-2 tree: the port runs FElysiumNpc::RunAI for this class; the species body is not ported (rule 7, story 8)
CNPC_VDog	432	0x103747e0	rule	FElysiumNpc::RunAI	FElysiumNpcDog	RunAI	residue:unported species body	3f	no species dispatch in the step-2 tree: the port runs FElysiumNpc::RunAI for this class; the species body is not ported (rule 7, story 8)
CNPC_VGargoyle	432	0x10378b80	rule	FElysiumNpc::RunAI	FElysiumNpcGargoyle	RunAI	residue:unported species body	3f	no species dispatch in the step-2 tree: the port runs FElysiumNpc::RunAI for this class; the species body is not ported (rule 7, story 8)
CNPC_VHengeyokai	432	0x10380120	rule	FElysiumNpc::RunAI	FElysiumNpcHengeyokai	RunAI	residue:unported species body	3f	no species dispatch in the step-2 tree: the port runs FElysiumNpc::RunAI for this class; the species body is not ported (rule 7, story 8)
CNPC_VManBat	432	0x1038e990	rule	FElysiumNpc::RunAI	FElysiumNpcManBat	RunAI	residue:unported species body	3f	no species dispatch in the step-2 tree: the port runs FElysiumNpc::RunAI for this class; the species body is not ported (rule 7, story 8)
CNPC_VMingXiaoTentacle	432	0x1039e3d0	rule	FElysiumNpc::RunAI	FElysiumNpcMingXiaoTentacle	RunAI	residue:unported species body	3f	no species dispatch in the step-2 tree: the port runs FElysiumNpc::RunAI for this class; the species body is not ported (rule 7, story 8)
CNPC_VPedestrian	432	0x103a3670	rule	FElysiumNpc::RunAI	FElysiumNpcPedestrian	RunAI	residue:unported species body	3f	no species dispatch in the step-2 tree: the port runs FElysiumNpc::RunAI for this class; the species body is not ported (rule 7, story 8)
CNPC_VSabbatLeader	432	0x103a75c0	rule	FElysiumNpc::RunAI	FElysiumNpcSabbatLeader	RunAI	residue:unported species body	3f	no species dispatch in the step-2 tree: the port runs FElysiumNpc::RunAI for this class; the species body is not ported (rule 7, story 8)
CNPC_VSheriffMan	432	0x103aebd0	rule	FElysiumNpc::RunAI	FElysiumNpcSheriffMan	RunAI	residue:unported species body	3f	no species dispatch in the step-2 tree: the port runs FElysiumNpc::RunAI for this class; the species body is not ported (rule 7, story 8)
CNPC_VTzimisce	432	0x103bdef0	rule	FElysiumNpc::RunAI	FElysiumNpcTzimisce	RunAI	residue:unported species body	3f	no species dispatch in the step-2 tree: the port runs FElysiumNpc::RunAI for this class; the species body is not ported (rule 7, story 8)
CNPC_VTzimisceHeadClaw	432	0x103c1d20	rule	FElysiumNpc::RunAI	FElysiumNpcTzimisceHeadClaw	RunAI	residue:unported species body	3f	no species dispatch in the step-2 tree: the port runs FElysiumNpc::RunAI for this class; the species body is not ported (rule 7, story 8)
CNPC_VZombie	432	0x103df850	rule	FElysiumNpc::RunAI	FElysiumNpcZombie	RunAI	residue:unported species body	3f	no species dispatch in the step-2 tree: the port runs FElysiumNpc::RunAI for this class; the species body is not ported (rule 7, story 8)
CNPC_VAndreiBlood	433	0x1035d180	rule	FElysiumNpc::GatherConditions	FElysiumNpcAndreiBlood	GatherConditions	residue:unported species body	3f	no species dispatch in the step-2 tree: the port runs FElysiumNpc::GatherConditions for this class; the species body is not ported (rule 7, story 8)
CNPC_VBach	433	0x10365a70	rule	FElysiumNpc::GatherConditions	FElysiumNpcBach	GatherConditions	residue:unported species body	3f	no species dispatch in the step-2 tree: the port runs FElysiumNpc::GatherConditions for this class; the species body is not ported (rule 7, story 8)
CNPC_VChangBros	433	0x1036b590	rule	FElysiumNpc::GatherConditions	FElysiumNpcChangBros	GatherConditions	residue:unported species body	3f	no species dispatch in the step-2 tree: the port runs FElysiumNpc::GatherConditions for this class; the species body is not ported (rule 7, story 8)
CNPC_VDog	433	0x10374b00	rule	FElysiumNpc::GatherConditions	FElysiumNpcDog	GatherConditions	residue:unported species body	3f	no species dispatch in the step-2 tree: the port runs FElysiumNpc::GatherConditions for this class; the species body is not ported (rule 7, story 8)
CNPC_VGargoyle	433	0x10378df0	rule	FElysiumNpc::GatherConditions	FElysiumNpcGargoyle	GatherConditions	residue:unported species body	3f	no species dispatch in the step-2 tree: the port runs FElysiumNpc::GatherConditions for this class; the species body is not ported (rule 7, story 8)
CNPC_VGhoulCroucher	433	0x1037b570	rule	FElysiumNpc::GatherConditions	FElysiumNpcGhoulCroucher	GatherConditions	residue:unported species body	3f	no species dispatch in the step-2 tree: the port runs FElysiumNpc::GatherConditions for this class; the species body is not ported (rule 7, story 8)
CNPC_VHengeyokai	433	0x103803d0	rule	FElysiumNpc::GatherConditions	FElysiumNpcHengeyokai	GatherConditions	residue:unported species body	3f	no species dispatch in the step-2 tree: the port runs FElysiumNpc::GatherConditions for this class; the species body is not ported (rule 7, story 8)
CNPC_VMingXiao	433	0x10394e40	rule	FElysiumNpc::GatherConditions	FElysiumNpcMingXiao	GatherConditions	residue:unported species body	3f	no species dispatch in the step-2 tree: the port runs FElysiumNpc::GatherConditions for this class; the species body is not ported (rule 7, story 8)
CNPC_VMingXiaoTentacle	433	0x1039ec10	rule	FElysiumNpc::GatherConditions	FElysiumNpcMingXiaoTentacle	GatherConditions	residue:unported species body	3f	no species dispatch in the step-2 tree: the port runs FElysiumNpc::GatherConditions for this class; the species body is not ported (rule 7, story 8)
CNPC_VPedestrian	433	0x103a2c30	rule	FElysiumNpc::GatherConditions	FElysiumNpcPedestrian	GatherConditions	residue:unported species body	3f	no species dispatch in the step-2 tree: the port runs FElysiumNpc::GatherConditions for this class; the species body is not ported (rule 7, story 8)
CNPC_VSabbatLeader	433	0x103a77f0	rule	FElysiumNpc::GatherConditions	FElysiumNpcSabbatLeader	GatherConditions	residue:unported species body	3f	no species dispatch in the step-2 tree: the port runs FElysiumNpc::GatherConditions for this class; the species body is not ported (rule 7, story 8)
CNPC_VScurrying	433	0x103ac500	rule	FElysiumNpc::GatherConditions	FElysiumNpcScurrying	GatherConditions	residue:unported species body	3f	no species dispatch in the step-2 tree: the port runs FElysiumNpc::GatherConditions for this class; the species body is not ported (rule 7, story 8)
CNPC_VSheriffMan	433	0x103aeb50	present	FElysiumNpc::GatherConditions	FElysiumNpcSheriffMan	GatherConditions	step4:equivalent to the inherited body	3f	verdict present: the body is a wrapper over the inherited FElysiumNpc::GatherConditions, which the class already runs; no dispatch to replace, step 4 declares it on the class
CNPC_VTzimisce	433	0x103bce40	rule	FElysiumNpc::GatherConditions	FElysiumNpcTzimisce	GatherConditions	residue:unported species body	3f	no species dispatch in the step-2 tree: the port runs FElysiumNpc::GatherConditions for this class; the species body is not ported (rule 7, story 8)
CNPC_VTzimisceHeadClaw	433	0x103c17f0	rule	FElysiumNpc::GatherConditions	FElysiumNpcTzimisceHeadClaw	GatherConditions	residue:unported species body	3f	no species dispatch in the step-2 tree: the port runs FElysiumNpc::GatherConditions for this class; the species body is not ported (rule 7, story 8)
CNPC_VTzimisceRunner	433	0x103c35a0	rule	FElysiumNpc::GatherConditions	FElysiumNpcTzimisceRunner	GatherConditions	residue:unported species body	3f	no species dispatch in the step-2 tree: the port runs FElysiumNpc::GatherConditions for this class; the species body is not ported (rule 7, story 8)
CNPC_VWerewolf	433	0x103d0410	rule	FElysiumNpc::GatherConditions	FElysiumNpcWerewolf	GatherConditions	residue:unported species body	3f	no species dispatch in the step-2 tree: the port runs FElysiumNpc::GatherConditions for this class; the species body is not ported (rule 7, story 8)
CNPC_VCamera	434	0x10369100	rule	FElysiumNpc::PrescheduleThink	FElysiumNpcCamera	PrescheduleThink	override:FElysiumNpcCamera::PrescheduleThink	3f	
CNPC_VGargoyle	435	0x10378fc0	rule	FElysiumNpc::OnScheduleChange	FElysiumNpcGargoyle	OnScheduleChange	override:FElysiumNpcGargoyle::OnScheduleChange	3f	
CNPC_VHengeyokai	435	0x10383090	rule	FElysiumNpc::OnScheduleChange	FElysiumNpcHengeyokai	OnScheduleChange	override:FElysiumNpcHengeyokai::OnScheduleChange	3f	
CNPC_VTzimisce	435	0x103bf610	present	FElysiumNpc::OnScheduleChange	FElysiumNpcTzimisce	OnScheduleChange	override:FElysiumNpcTzimisce::OnScheduleChange	3f	
CNPC_VWerewolf	435	0x103ced10	rule	FElysiumNpc::OnScheduleChange	FElysiumNpcWerewolf	OnScheduleChange	override:FElysiumNpcWerewolf::OnScheduleChange	3f	
CNPC_VCamera	437	0x10368f20	rule	FElysiumNpc::PreSelectSchedule	FElysiumNpcCamera	PreSelectSchedule	override:FElysiumNpcCamera::PreSelectSchedule	3f	
CNPC_VMingXiao	437	0x10394120	rule	FElysiumNpc::PreSelectSchedule	FElysiumNpcMingXiao	PreSelectSchedule	residue:unported species body	3f	no species dispatch in the step-2 tree: the port runs FElysiumNpc::PreSelectSchedule for this class; the species body is not ported (rule 7, story 8)
CNPC_VMingXiaoTentacle	437	0x1039de00	rule	FElysiumNpc::PreSelectSchedule	FElysiumNpcMingXiaoTentacle	PreSelectSchedule	override:FElysiumNpcMingXiaoTentacle::PreSelectSchedule	3f	
CNPC_VPlaceholder	437	0x103a43f0	rule	FElysiumNpc::PreSelectSchedule	FElysiumNpcPlaceholder	PreSelectSchedule	override:FElysiumNpcPlaceholder::PreSelectSchedule	3f	
CNPC_VSabbatLeader	437	0x103aa510	rule	FElysiumNpc::PreSelectSchedule	FElysiumNpcSabbatLeader	PreSelectSchedule	residue:unported species body	3f	no species dispatch in the step-2 tree: the port runs FElysiumNpc::PreSelectSchedule for this class; the species body is not ported (rule 7, story 8)
CNPC_VAndreiBlood	438	0x1035d010	rule	FElysiumNpc::SelectSchedule	FElysiumNpcAndreiBlood	SelectSchedule	override:FElysiumNpcAndreiBlood::SpeciesSelectSchedule	3f	
CNPC_VAnimal	438	0x1035fb50	rule	FElysiumNpc::SelectSchedule	FElysiumNpcAnimal	SelectSchedule	residue:unported species body	3f	no species dispatch in the step-2 tree: the port runs FElysiumNpc::SelectSchedule for this class; the species body is not ported (rule 7, story 8)
CNPC_VAsianVampire	438	0x10360eb0	rule	FElysiumNpc::SelectSchedule	FElysiumNpcAsianVampire	SelectSchedule	residue:unported species body	3f	no species dispatch in the step-2 tree: the port runs FElysiumNpc::SelectSchedule for this class; the species body is not ported (rule 7, story 8)
CNPC_VCamera	438	0x10368f40	rule	FElysiumNpc::SelectSchedule	FElysiumNpcCamera	SelectSchedule	override:FElysiumNpcCamera::SpeciesSelectSchedule	3f	
CNPC_VChangBros	438	0x1036b250	rule	FElysiumNpc::SelectSchedule	FElysiumNpcChangBros	SelectSchedule	residue:unported species body	3f	no species dispatch in the step-2 tree: the port runs FElysiumNpc::SelectSchedule for this class; the species body is not ported (rule 7, story 8)
CNPC_VCop	438	0x10371ee0	rule	FElysiumNpc::SelectSchedule	FElysiumNpcCop	SelectSchedule	residue:unported species body	3f	no species dispatch in the step-2 tree: the port runs FElysiumNpc::SelectSchedule for this class; the species body is not ported (rule 7, story 8)
CNPC_VDog	438	0x103742d0	rule	FElysiumNpc::SelectSchedule	FElysiumNpcDog	SelectSchedule	residue:unported species body	3f	no species dispatch in the step-2 tree: the port runs FElysiumNpc::SelectSchedule for this class; the species body is not ported (rule 7, story 8)
CNPC_VGargoyle	438	0x103788d0	rule	FElysiumNpc::SelectSchedule	FElysiumNpcGargoyle	SelectSchedule	residue:unported species body	3f	no species dispatch in the step-2 tree: the port runs FElysiumNpc::SelectSchedule for this class; the species body is not ported (rule 7, story 8)
CNPC_VGhoulCroucher	438	0x1037bd60	rule	FElysiumNpc::SelectSchedule	FElysiumNpcGhoulCroucher	SelectSchedule	residue:unported species body	3f	no species dispatch in the step-2 tree: the port runs FElysiumNpc::SelectSchedule for this class; the species body is not ported (rule 7, story 8)
CNPC_VGuard1	438	0x1037d130	rule	FElysiumNpc::SelectSchedule	FElysiumNpcGuard1	SelectSchedule	residue:unported species body	3f	no species dispatch in the step-2 tree: the port runs FElysiumNpc::SelectSchedule for this class; the species body is not ported (rule 7, story 8)
CNPC_VHengeyokai	438	0x1037fca0	rule	FElysiumNpc::SelectSchedule	FElysiumNpcHengeyokai	SelectSchedule	residue:unported species body	3f	no species dispatch in the step-2 tree: the port runs FElysiumNpc::SelectSchedule for this class; the species body is not ported (rule 7, story 8)
CNPC_VHuman	438	0x10384ee0	rule	FElysiumNpc::SelectSchedule	FElysiumNpcHuman	SelectSchedule	residue:unported species body	3f	no species dispatch in the step-2 tree: the port runs FElysiumNpc::SelectSchedule for this class; the species body is not ported (rule 7, story 8)
CNPC_VHumanCombatPatrol	438	0x10387d20	rule	FElysiumNpc::SelectSchedule	FElysiumNpcHumanCombatPatrol	SelectSchedule	residue:unported species body	3f	no species dispatch in the step-2 tree: the port runs FElysiumNpc::SelectSchedule for this class; the species body is not ported (rule 7, story 8)
CNPC_VHumanCombatant	438	0x103872d0	rule	FElysiumNpc::SelectSchedule	FElysiumNpcHumanCombatant	SelectSchedule	residue:unported species body	3f	no species dispatch in the step-2 tree: the port runs FElysiumNpc::SelectSchedule for this class; the species body is not ported (rule 7, story 8)
CNPC_VManBat	438	0x1038e340	rule	FElysiumNpc::SelectSchedule	FElysiumNpcManBat	SelectSchedule	override:FElysiumNpcManBat::SpeciesSelectSchedule	3f	
CNPC_VMingXiao	438	0x103941e0	rule	FElysiumNpc::SelectSchedule	FElysiumNpcMingXiao	SelectSchedule	residue:unported species body	3f	no species dispatch in the step-2 tree: the port runs FElysiumNpc::SelectSchedule for this class; the species body is not ported (rule 7, story 8)
CNPC_VMingXiaoTentacle	438	0x1039de20	rule	FElysiumNpc::SelectSchedule	FElysiumNpcMingXiaoTentacle	SelectSchedule	override:FElysiumNpcMingXiaoTentacle::SpeciesSelectSchedule	3f	
CNPC_VPedestrian	438	0x103a29f0	rule	FElysiumNpc::SelectSchedule	FElysiumNpcPedestrian	SelectSchedule	residue:unported species body	3f	no species dispatch in the step-2 tree: the port runs FElysiumNpc::SelectSchedule for this class; the species body is not ported (rule 7, story 8)
CNPC_VPlaceholder	438	0x103a4410	rule	FElysiumNpc::SelectSchedule	FElysiumNpcPlaceholder	SelectSchedule	override:FElysiumNpcPlaceholder::SpeciesSelectSchedule	3f	
CNPC_VSabbatLeader	438	0x103a70c0	rule	FElysiumNpc::SelectSchedule	FElysiumNpcSabbatLeader	SelectSchedule	residue:unported species body	3f	no species dispatch in the step-2 tree: the port runs FElysiumNpc::SelectSchedule for this class; the species body is not ported (rule 7, story 8)
CNPC_VScurrying	438	0x103ac610	rule	FElysiumNpc::SelectSchedule	FElysiumNpcScurrying	SelectSchedule	residue:unported species body	3f	no species dispatch in the step-2 tree: the port runs FElysiumNpc::SelectSchedule for this class; the species body is not ported (rule 7, story 8)
CNPC_VSheriffMan	438	0x103ae8c0	rule	FElysiumNpc::SelectSchedule	FElysiumNpcSheriffMan	SelectSchedule	residue:unported species body	3f	no species dispatch in the step-2 tree: the port runs FElysiumNpc::SelectSchedule for this class; the species body is not ported (rule 7, story 8)
CNPC_VTzimisce	438	0x103bb7c0	rule	FElysiumNpc::SelectSchedule	FElysiumNpcTzimisce	SelectSchedule	residue:unported species body	3f	no species dispatch in the step-2 tree: the port runs FElysiumNpc::SelectSchedule for this class; the species body is not ported (rule 7, story 8)
CNPC_VTzimisceHeadClaw	438	0x103c1610	rule	FElysiumNpc::SelectSchedule	FElysiumNpcTzimisceHeadClaw	SelectSchedule	residue:unported species body	3f	no species dispatch in the step-2 tree: the port runs FElysiumNpc::SelectSchedule for this class; the species body is not ported (rule 7, story 8)
CNPC_VTzimisceRunner	438	0x103c3310	rule	FElysiumNpc::SelectSchedule	FElysiumNpcTzimisceRunner	SelectSchedule	residue:unported species body	3f	no species dispatch in the step-2 tree: the port runs FElysiumNpc::SelectSchedule for this class; the species body is not ported (rule 7, story 8)
CNPC_VWerewolf	438	0x103cee70	rule	FElysiumNpc::SelectSchedule	FElysiumNpcWerewolf	SelectSchedule	residue:unported species body	3f	no species dispatch in the step-2 tree: the port runs FElysiumNpc::SelectSchedule for this class; the species body is not ported (rule 7, story 8)
CNPC_VYukie	438	0x103dd6b0	rule	FElysiumNpc::SelectSchedule	FElysiumNpcYukie	SelectSchedule	residue:unported species body	3f	no species dispatch in the step-2 tree: the port runs FElysiumNpc::SelectSchedule for this class; the species body is not ported (rule 7, story 8)
CNPC_VZombie	438	0x103df2e0	rule	FElysiumNpc::SelectSchedule	FElysiumNpcZombie	SelectSchedule	residue:unported species body	3f	no species dispatch in the step-2 tree: the port runs FElysiumNpc::SelectSchedule for this class; the species body is not ported (rule 7, story 8)
CNPC_VAsianVampire	440	0x10362910	rule	FElysiumNpc::TranslateSchedule	FElysiumNpcAsianVampire	TranslateSchedule	override:FElysiumNpcAsianVampire::TranslateScheduleRetail	3f	
CNPC_VBach	440	0x10363a30	rule	FElysiumNpc::TranslateSchedule	FElysiumNpcBach	TranslateSchedule	override:FElysiumNpcBach::TranslateScheduleRetail	3f	
CNPC_VChangBros	440	0x1036b460	rule	FElysiumNpc::TranslateSchedule	FElysiumNpcChangBros	TranslateSchedule	override:FElysiumNpcChangBros::TranslateScheduleRetail	3f	
CNPC_VCop	440	0x10372150	rule	FElysiumNpc::TranslateSchedule	FElysiumNpcCop	TranslateSchedule	override:FElysiumNpcCop::TranslateScheduleRetail	3f	
CNPC_VDog	440	0x10374370	rule	FElysiumNpc::TranslateSchedule	FElysiumNpcDog	TranslateSchedule	override:FElysiumNpcDog::TranslateScheduleRetail	3f	
CNPC_VGargoyle	440	0x10378a30	rule	FElysiumNpc::TranslateSchedule	FElysiumNpcGargoyle	TranslateSchedule	override:FElysiumNpcGargoyle::TranslateScheduleRetail	3f	
CNPC_VGuard1	440	0x1037d240	rule	FElysiumNpc::TranslateSchedule	FElysiumNpcGuard1	TranslateSchedule	override:FElysiumNpcGuard1::TranslateScheduleRetail	3f	
CNPC_VHengeyokai	440	0x1037ffa0	rule	FElysiumNpc::TranslateSchedule	FElysiumNpcHengeyokai	TranslateSchedule	override:FElysiumNpcHengeyokai::TranslateScheduleRetail	3f	
CNPC_VHunter	440	0x10388a40	rule	FElysiumNpc::TranslateSchedule	FElysiumNpcHunter	TranslateSchedule	override:FElysiumNpcHunter::TranslateScheduleRetail	3f	
CNPC_VMingXiao	440	0x10394570	rule	FElysiumNpc::TranslateSchedule	FElysiumNpcMingXiao	TranslateSchedule	override:FElysiumNpcMingXiao::TranslateScheduleRetail	3f	
CNPC_VMingXiaoTentacle	440	0x1039e2d0	rule	FElysiumNpc::TranslateSchedule	FElysiumNpcMingXiaoTentacle	TranslateSchedule	override:FElysiumNpcMingXiaoTentacle::TranslateScheduleRetail	3f	
CNPC_VSabbatLeader	440	0x103a7390	rule	FElysiumNpc::TranslateSchedule	FElysiumNpcSabbatLeader	TranslateSchedule	override:FElysiumNpcSabbatLeader::TranslateScheduleRetail	3f	
CNPC_VScurrying	440	0x103ac490	rule	FElysiumNpc::TranslateSchedule	FElysiumNpcScurrying	TranslateSchedule	override:FElysiumNpcScurrying::TranslateScheduleRetail	3f	
CNPC_VSheriffMan	440	0x103b0320	rule	FElysiumNpc::TranslateSchedule	FElysiumNpcSheriffMan	TranslateSchedule	override:FElysiumNpcSheriffMan::TranslateScheduleRetail	3f	
CNPC_VTzimisce	440	0x103bd390	rule	FElysiumNpc::TranslateSchedule	FElysiumNpcTzimisce	TranslateSchedule	override:FElysiumNpcTzimisce::TranslateScheduleRetail	3f	
CNPC_VTzimisceHeadClaw	440	0x103c1720	rule	FElysiumNpc::TranslateSchedule	FElysiumNpcTzimisceHeadClaw	TranslateSchedule	override:FElysiumNpcTzimisceHeadClaw::TranslateScheduleRetail	3f	
CNPC_VTzimisceRunner	440	0x103c3560	rule	FElysiumNpc::TranslateSchedule	FElysiumNpcTzimisceRunner	TranslateSchedule	override:FElysiumNpcTzimisceRunner::TranslateScheduleRetail	3f	
CNPC_VWerewolf	440	0x103d5e00	rule	FElysiumNpc::TranslateSchedule	FElysiumNpcWerewolf	TranslateSchedule	override:FElysiumNpcWerewolf::TranslateScheduleRetail	3f	
CNPC_VZombie	440	0x103df580	rule	FElysiumNpc::TranslateSchedule	FElysiumNpcZombie	TranslateSchedule	override:FElysiumNpcZombie::TranslateScheduleRetail	3f	
CNPC_VAndreiBlood	442	0x1035d1b0	rule	FElysiumNpc::StartTaskSlot442	FElysiumNpcAndreiBlood	StartTaskSlot442	data-query:ElysiumActionTables GTaskHandlers	3f	the task body is an animation-policy row keyed by its retail address (Visual/ElysiumNpcActivityTables.cpp); slot 442/444 is a generated stub with no species dispatch
CNPC_VAnimal	442	0x1035f650	rule	FElysiumNpc::StartTaskSlot442	FElysiumNpcAnimal	StartTaskSlot442	data-query:ElysiumActionTables GTaskHandlers	3f	the task body is an animation-policy row keyed by its retail address (Visual/ElysiumNpcActivityTables.cpp); slot 442/444 is a generated stub with no species dispatch
CNPC_VAsianVampire	442	0x103611a0	rule	FElysiumNpc::StartTaskSlot442	FElysiumNpcAsianVampire	StartTaskSlot442	data-query:ElysiumActionTables GTaskHandlers	3f	the task body is an animation-policy row keyed by its retail address (Visual/ElysiumNpcActivityTables.cpp); slot 442/444 is a generated stub with no species dispatch
CNPC_VBach	442	0x103645a0	rule	FElysiumNpc::StartTaskSlot442	FElysiumNpcBach	StartTaskSlot442	data-query:ElysiumActionTables GTaskHandlers	3f	the task body is an animation-policy row keyed by its retail address (Visual/ElysiumNpcActivityTables.cpp); slot 442/444 is a generated stub with no species dispatch
CNPC_VChangBros	442	0x1036b750	rule	FElysiumNpc::StartTaskSlot442	FElysiumNpcChangBros	StartTaskSlot442	data-query:ElysiumActionTables GTaskHandlers	3f	the task body is an animation-policy row keyed by its retail address (Visual/ElysiumNpcActivityTables.cpp); slot 442/444 is a generated stub with no species dispatch
CNPC_VCop	442	0x10371b70	rule	FElysiumNpc::StartTaskSlot442	FElysiumNpcCop	StartTaskSlot442	data-query:ElysiumActionTables GTaskHandlers	3f	the task body is an animation-policy row keyed by its retail address (Visual/ElysiumNpcActivityTables.cpp); slot 442/444 is a generated stub with no species dispatch
CNPC_VDog	442	0x10374940	rule	FElysiumNpc::StartTaskSlot442	FElysiumNpcDog	StartTaskSlot442	data-query:ElysiumActionTables GTaskHandlers	3f	the task body is an animation-policy row keyed by its retail address (Visual/ElysiumNpcActivityTables.cpp); slot 442/444 is a generated stub with no species dispatch
CNPC_VGargoyle	442	0x103790d0	rule	FElysiumNpc::StartTaskSlot442	FElysiumNpcGargoyle	StartTaskSlot442	data-query:ElysiumActionTables GTaskHandlers	3f	the task body is an animation-policy row keyed by its retail address (Visual/ElysiumNpcActivityTables.cpp); slot 442/444 is a generated stub with no species dispatch
CNPC_VGhoulCroucher	442	0x1037b8b0	rule	FElysiumNpc::StartTaskSlot442	FElysiumNpcGhoulCroucher	StartTaskSlot442	data-query:ElysiumActionTables GTaskHandlers	3f	the task body is an animation-policy row keyed by its retail address (Visual/ElysiumNpcActivityTables.cpp); slot 442/444 is a generated stub with no species dispatch
CNPC_VHengeyokai	442	0x103805d0	rule	FElysiumNpc::StartTaskSlot442	FElysiumNpcHengeyokai	StartTaskSlot442	data-query:ElysiumActionTables GTaskHandlers	3f	the task body is an animation-policy row keyed by its retail address (Visual/ElysiumNpcActivityTables.cpp); slot 442/444 is a generated stub with no species dispatch
CNPC_VHuman	442	0x103847f0	rule	FElysiumNpc::StartTaskSlot442	FElysiumNpcHuman	StartTaskSlot442	data-query:ElysiumActionTables GTaskHandlers	3f	the task body is an animation-policy row keyed by its retail address (Visual/ElysiumNpcActivityTables.cpp); slot 442/444 is a generated stub with no species dispatch
CNPC_VManBat	442	0x1038c390	rule	FElysiumNpc::StartTaskSlot442	FElysiumNpcManBat	StartTaskSlot442	data-query:ElysiumActionTables GTaskHandlers	3f	the task body is an animation-policy row keyed by its retail address (Visual/ElysiumNpcActivityTables.cpp); slot 442/444 is a generated stub with no species dispatch
CNPC_VMingXiao	442	0x10392d80	rule	FElysiumNpc::StartTaskSlot442	FElysiumNpcMingXiao	StartTaskSlot442	data-query:ElysiumActionTables GTaskHandlers	3f	the task body is an animation-policy row keyed by its retail address (Visual/ElysiumNpcActivityTables.cpp); slot 442/444 is a generated stub with no species dispatch
CNPC_VMingXiaoTentacle	442	0x1039c4c0	rule	FElysiumNpc::StartTaskSlot442	FElysiumNpcMingXiaoTentacle	StartTaskSlot442	data-query:ElysiumActionTables GTaskHandlers	3f	the task body is an animation-policy row keyed by its retail address (Visual/ElysiumNpcActivityTables.cpp); slot 442/444 is a generated stub with no species dispatch
CNPC_VSabbatGunman	442	0x103a5650	rule	FElysiumNpc::StartTaskSlot442	FElysiumNpcSabbatGunman	StartTaskSlot442	data-query:ElysiumActionTables GTaskHandlers	3f	the task body is an animation-policy row keyed by its retail address (Visual/ElysiumNpcActivityTables.cpp); slot 442/444 is a generated stub with no species dispatch
CNPC_VSabbatLeader	442	0x103a78c0	rule	FElysiumNpc::StartTaskSlot442	FElysiumNpcSabbatLeader	StartTaskSlot442	data-query:ElysiumActionTables GTaskHandlers	3f	the task body is an animation-policy row keyed by its retail address (Visual/ElysiumNpcActivityTables.cpp); slot 442/444 is a generated stub with no species dispatch
CNPC_VScurrying	442	0x103ac740	rule	FElysiumNpc::StartTaskSlot442	FElysiumNpcScurrying	StartTaskSlot442	data-query:ElysiumActionTables GTaskHandlers	3f	the task body is an animation-policy row keyed by its retail address (Visual/ElysiumNpcActivityTables.cpp); slot 442/444 is a generated stub with no species dispatch
CNPC_VSheriffMan	442	0x103aec70	rule	FElysiumNpc::StartTaskSlot442	FElysiumNpcSheriffMan	StartTaskSlot442	data-query:ElysiumActionTables GTaskHandlers	3f	the task body is an animation-policy row keyed by its retail address (Visual/ElysiumNpcActivityTables.cpp); slot 442/444 is a generated stub with no species dispatch
CNPC_VTaxiDriver	442	0x103b36d0	rule	FElysiumNpc::StartTaskSlot442	FElysiumNpcTaxiDriver	StartTaskSlot442	data-query:ElysiumActionTables GTaskHandlers	3f	the task body is an animation-policy row keyed by its retail address (Visual/ElysiumNpcActivityTables.cpp); slot 442/444 is a generated stub with no species dispatch
CNPC_VTzimisce	442	0x103ba7c0	rule	FElysiumNpc::StartTaskSlot442	FElysiumNpcTzimisce	StartTaskSlot442	data-query:ElysiumActionTables GTaskHandlers	3f	the task body is an animation-policy row keyed by its retail address (Visual/ElysiumNpcActivityTables.cpp); slot 442/444 is a generated stub with no species dispatch
CNPC_VTzimisceHeadClaw	442	0x103c1820	rule	FElysiumNpc::StartTaskSlot442	FElysiumNpcTzimisceHeadClaw	StartTaskSlot442	data-query:ElysiumActionTables GTaskHandlers	3f	the task body is an animation-policy row keyed by its retail address (Visual/ElysiumNpcActivityTables.cpp); slot 442/444 is a generated stub with no species dispatch
CNPC_VTzimisceRunner	442	0x103c35d0	rule	FElysiumNpc::StartTaskSlot442	FElysiumNpcTzimisceRunner	StartTaskSlot442	data-query:ElysiumActionTables GTaskHandlers	3f	the task body is an animation-policy row keyed by its retail address (Visual/ElysiumNpcActivityTables.cpp); slot 442/444 is a generated stub with no species dispatch
CNPC_VVampireBoss	442	0x103c5ac0	rule	FElysiumNpc::StartTaskSlot442	FElysiumNpcVampireBoss	StartTaskSlot442	data-query:ElysiumActionTables GTaskHandlers	3f	the task body is an animation-policy row keyed by its retail address (Visual/ElysiumNpcActivityTables.cpp); slot 442/444 is a generated stub with no species dispatch
CNPC_VWerewolf	442	0x103ccda0	rule	FElysiumNpc::StartTaskSlot442	FElysiumNpcWerewolf	StartTaskSlot442	data-query:ElysiumActionTables GTaskHandlers	3f	the task body is an animation-policy row keyed by its retail address (Visual/ElysiumNpcActivityTables.cpp); slot 442/444 is a generated stub with no species dispatch
CNPC_VZombie	442	0x103dfd80	rule	FElysiumNpc::StartTaskSlot442	FElysiumNpcZombie	StartTaskSlot442	data-query:ElysiumActionTables GTaskHandlers	3f	the task body is an animation-policy row keyed by its retail address (Visual/ElysiumNpcActivityTables.cpp); slot 442/444 is a generated stub with no species dispatch
CNPC_VAndreiBlood	444	0x1035d8b0	rule	FElysiumNpc::RunTaskSlot444	FElysiumNpcAndreiBlood	RunTaskSlot444	data-query:ElysiumActionTables GTaskHandlers	3f	the task body is an animation-policy row keyed by its retail address (Visual/ElysiumNpcActivityTables.cpp); slot 442/444 is a generated stub with no species dispatch
CNPC_VAnimal	444	0x1035f940	rule	FElysiumNpc::RunTaskSlot444	FElysiumNpcAnimal	RunTaskSlot444	data-query:ElysiumActionTables GTaskHandlers	3f	the task body is an animation-policy row keyed by its retail address (Visual/ElysiumNpcActivityTables.cpp); slot 442/444 is a generated stub with no species dispatch
CNPC_VAsianVampire	444	0x103612e0	rule	FElysiumNpc::RunTaskSlot444	FElysiumNpcAsianVampire	RunTaskSlot444	data-query:ElysiumActionTables GTaskHandlers	3f	the task body is an animation-policy row keyed by its retail address (Visual/ElysiumNpcActivityTables.cpp); slot 442/444 is a generated stub with no species dispatch
CNPC_VBach	444	0x103652b0	rule	FElysiumNpc::RunTaskSlot444	FElysiumNpcBach	RunTaskSlot444	data-query:ElysiumActionTables GTaskHandlers	3f	the task body is an animation-policy row keyed by its retail address (Visual/ElysiumNpcActivityTables.cpp); slot 442/444 is a generated stub with no species dispatch
CNPC_VChangBros	444	0x1036bfc0	rule	FElysiumNpc::RunTaskSlot444	FElysiumNpcChangBros	RunTaskSlot444	data-query:ElysiumActionTables GTaskHandlers	3f	the task body is an animation-policy row keyed by its retail address (Visual/ElysiumNpcActivityTables.cpp); slot 442/444 is a generated stub with no species dispatch
CNPC_VDog	444	0x10374a20	rule	FElysiumNpc::RunTaskSlot444	FElysiumNpcDog	RunTaskSlot444	data-query:ElysiumActionTables GTaskHandlers	3f	the task body is an animation-policy row keyed by its retail address (Visual/ElysiumNpcActivityTables.cpp); slot 442/444 is a generated stub with no species dispatch
CNPC_VGargoyle	444	0x103793e0	rule	FElysiumNpc::RunTaskSlot444	FElysiumNpcGargoyle	RunTaskSlot444	data-query:ElysiumActionTables GTaskHandlers	3f	the task body is an animation-policy row keyed by its retail address (Visual/ElysiumNpcActivityTables.cpp); slot 442/444 is a generated stub with no species dispatch
CNPC_VGhoulCroucher	444	0x1037b9f0	rule	FElysiumNpc::RunTaskSlot444	FElysiumNpcGhoulCroucher	RunTaskSlot444	data-query:ElysiumActionTables GTaskHandlers	3f	the task body is an animation-policy row keyed by its retail address (Visual/ElysiumNpcActivityTables.cpp); slot 442/444 is a generated stub with no species dispatch
CNPC_VHengeyokai	444	0x10380cb0	rule	FElysiumNpc::RunTaskSlot444	FElysiumNpcHengeyokai	RunTaskSlot444	data-query:ElysiumActionTables GTaskHandlers	3f	the task body is an animation-policy row keyed by its retail address (Visual/ElysiumNpcActivityTables.cpp); slot 442/444 is a generated stub with no species dispatch
CNPC_VHuman	444	0x10384ab0	rule	FElysiumNpc::RunTaskSlot444	FElysiumNpcHuman	RunTaskSlot444	data-query:ElysiumActionTables GTaskHandlers	3f	the task body is an animation-policy row keyed by its retail address (Visual/ElysiumNpcActivityTables.cpp); slot 442/444 is a generated stub with no species dispatch
CNPC_VManBat	444	0x1038d130	rule	FElysiumNpc::RunTaskSlot444	FElysiumNpcManBat	RunTaskSlot444	data-query:ElysiumActionTables GTaskHandlers	3f	the task body is an animation-policy row keyed by its retail address (Visual/ElysiumNpcActivityTables.cpp); slot 442/444 is a generated stub with no species dispatch
CNPC_VMingXiao	444	0x10393930	rule	FElysiumNpc::RunTaskSlot444	FElysiumNpcMingXiao	RunTaskSlot444	data-query:ElysiumActionTables GTaskHandlers	3f	the task body is an animation-policy row keyed by its retail address (Visual/ElysiumNpcActivityTables.cpp); slot 442/444 is a generated stub with no species dispatch
CNPC_VMingXiaoTentacle	444	0x1039d750	rule	FElysiumNpc::RunTaskSlot444	FElysiumNpcMingXiaoTentacle	RunTaskSlot444	data-query:ElysiumActionTables GTaskHandlers	3f	the task body is an animation-policy row keyed by its retail address (Visual/ElysiumNpcActivityTables.cpp); slot 442/444 is a generated stub with no species dispatch
CNPC_VSabbatLeader	444	0x103a8990	rule	FElysiumNpc::RunTaskSlot444	FElysiumNpcSabbatLeader	RunTaskSlot444	data-query:ElysiumActionTables GTaskHandlers	3f	the task body is an animation-policy row keyed by its retail address (Visual/ElysiumNpcActivityTables.cpp); slot 442/444 is a generated stub with no species dispatch
CNPC_VSheriffMan	444	0x103af780	rule	FElysiumNpc::RunTaskSlot444	FElysiumNpcSheriffMan	RunTaskSlot444	data-query:ElysiumActionTables GTaskHandlers	3f	the task body is an animation-policy row keyed by its retail address (Visual/ElysiumNpcActivityTables.cpp); slot 442/444 is a generated stub with no species dispatch
CNPC_VTaxiDriver	444	0x103b38a0	rule	FElysiumNpc::RunTaskSlot444	FElysiumNpcTaxiDriver	RunTaskSlot444	data-query:ElysiumActionTables GTaskHandlers	3f	the task body is an animation-policy row keyed by its retail address (Visual/ElysiumNpcActivityTables.cpp); slot 442/444 is a generated stub with no species dispatch
CNPC_VTzimisce	444	0x103bb1e0	rule	FElysiumNpc::RunTaskSlot444	FElysiumNpcTzimisce	RunTaskSlot444	data-query:ElysiumActionTables GTaskHandlers	3f	the task body is an animation-policy row keyed by its retail address (Visual/ElysiumNpcActivityTables.cpp); slot 442/444 is a generated stub with no species dispatch
CNPC_VTzimisceRunner	444	0x103c3870	rule	FElysiumNpc::RunTaskSlot444	FElysiumNpcTzimisceRunner	RunTaskSlot444	data-query:ElysiumActionTables GTaskHandlers	3f	the task body is an animation-policy row keyed by its retail address (Visual/ElysiumNpcActivityTables.cpp); slot 442/444 is a generated stub with no species dispatch
CNPC_VVampireBoss	444	0x103c5f40	rule	FElysiumNpc::RunTaskSlot444	FElysiumNpcVampireBoss	RunTaskSlot444	data-query:ElysiumActionTables GTaskHandlers	3f	the task body is an animation-policy row keyed by its retail address (Visual/ElysiumNpcActivityTables.cpp); slot 442/444 is a generated stub with no species dispatch
CNPC_VWerewolf	444	0x103cdfb0	rule	FElysiumNpc::RunTaskSlot444	FElysiumNpcWerewolf	RunTaskSlot444	data-query:ElysiumActionTables GTaskHandlers	3f	the task body is an animation-policy row keyed by its retail address (Visual/ElysiumNpcActivityTables.cpp); slot 442/444 is a generated stub with no species dispatch
CNPC_VZombie	444	0x103e01d0	rule	FElysiumNpc::RunTaskSlot444	FElysiumNpcZombie	RunTaskSlot444	data-query:ElysiumActionTables GTaskHandlers	3f	the task body is an animation-policy row keyed by its retail address (Visual/ElysiumNpcActivityTables.cpp); slot 442/444 is a generated stub with no species dispatch
CNPC_VAsianVampire	448	0x10362390	rule	FElysiumNpc::TaskFail	FElysiumNpcAsianVampire	TaskFail	override:FElysiumNpcAsianVampire::TaskFail	3f	
CNPC_VChangBros	448	0x1036d1d0	rule	FElysiumNpc::TaskFail	FElysiumNpcChangBros	TaskFail	override:FElysiumNpcChangBros::TaskFail	3f	
CNPC_VGargoyle	448	0x10379060	rule	FElysiumNpc::TaskFail	FElysiumNpcGargoyle	TaskFail	override:FElysiumNpcGargoyle::TaskFail	3f	
CNPC_VHengeyokai	448	0x10380510	rule	FElysiumNpc::TaskFail	FElysiumNpcHengeyokai	TaskFail	override:FElysiumNpcHengeyokai::TaskFail	3f	
CNPC_VMingXiao	448	0x10394090	rule	FElysiumNpc::TaskFail	FElysiumNpcMingXiao	TaskFail	override:FElysiumNpcMingXiao::TaskFail	3f	
CNPC_VSabbatLeader	448	0x103a9400	rule	FElysiumNpc::TaskFail	FElysiumNpcSabbatLeader	TaskFail	override:FElysiumNpcSabbatLeader::TaskFail	3f	
CNPC_VSheriffMan	448	0x103b0290	rule	FElysiumNpc::TaskFail	FElysiumNpcSheriffMan	TaskFail	override:FElysiumNpcSheriffMan::TaskFail	3f	
CNPC_VTzimisce	448	0x103ba350	rule	FElysiumNpc::TaskFail	FElysiumNpcTzimisce	TaskFail	override:FElysiumNpcTzimisce::TaskFail	3f	
CNPC_VWerewolf	448	0x103ce750	rule	FElysiumNpc::WerewolfTaskFail	FElysiumNpcWerewolf	TaskFail	override:FElysiumNpcWerewolf::TaskFail	3f	
CNPC_VBrujah	452	0x103679b0	dead	FElysiumNpc::LoadedSchedules	FElysiumNpcBrujah	LoadedSchedules	data-query:ElysiumNpcKernelSchedule LoadedSchedules	3f	class-keyed schedule-set table (rule 4); the census row names the class, no dispatch
CNPC_VCamera	452	0x103684f0	dead	FElysiumNpc::LoadedSchedules	FElysiumNpcCamera	LoadedSchedules	data-query:ElysiumNpcKernelSchedule LoadedSchedules	3f	class-keyed schedule-set table (rule 4); the census row names the class, no dispatch
CNPC_VChangBros	452	0x1036a390	dead	FElysiumNpc::LoadedSchedules	FElysiumNpcChangBros	LoadedSchedules	data-query:ElysiumNpcKernelSchedule LoadedSchedules	3f	class-keyed schedule-set table (rule 4); the census row names the class, no dispatch
CNPC_VChangBrosBlade	452	0x1036ec90	dead	FElysiumNpc::LoadedSchedules	FElysiumNpcChangBrosBlade	LoadedSchedules	data-query:ElysiumNpcKernelSchedule LoadedSchedules	3f	class-keyed schedule-set table (rule 4); the census row names the class, no dispatch
CNPC_VChangBrosClaw	452	0x1036f490	dead	FElysiumNpc::LoadedSchedules	FElysiumNpcChangBrosClaw	LoadedSchedules	data-query:ElysiumNpcKernelSchedule LoadedSchedules	3f	class-keyed schedule-set table (rule 4); the census row names the class, no dispatch
CNPC_VCop	452	0x10370a70	dead	FElysiumNpc::LoadedSchedules	FElysiumNpcCop	LoadedSchedules	data-query:ElysiumNpcKernelSchedule LoadedSchedules	3f	class-keyed schedule-set table (rule 4); the census row names the class, no dispatch
CNPC_VDog	452	0x10373670	dead	FElysiumNpc::LoadedSchedules	FElysiumNpcDog	LoadedSchedules	data-query:ElysiumNpcKernelSchedule LoadedSchedules	3f	class-keyed schedule-set table (rule 4); the census row names the class, no dispatch
CNPC_VGargoyle	452	0x10377c70	dead	FElysiumNpc::LoadedSchedules	FElysiumNpcGargoyle	LoadedSchedules	data-query:ElysiumNpcKernelSchedule LoadedSchedules	3f	class-keyed schedule-set table (rule 4); the census row names the class, no dispatch
CNPC_VGuard1	453	0x1037cdf0	rule	FElysiumNpc::BuildScheduleTestBits	FElysiumNpcGuard1	BuildScheduleTestBits	override:FElysiumNpcGuard1::BuildScheduleTestBits	3f	
CNPC_VHumanCombatant	453	0x10387520	rule	FElysiumNpc::BuildScheduleTestBits	FElysiumNpcHumanCombatant	BuildScheduleTestBits	override:FElysiumNpcHumanCombatant::BuildScheduleTestBits	3f	
CNPC_VPedestrian	453	0x103a2980	rule	FElysiumNpc::BuildScheduleTestBits	FElysiumNpcPedestrian	BuildScheduleTestBits	override:FElysiumNpcPedestrian::BuildScheduleTestBits	3f	
CNPC_VTzimisceHeadClaw	453	0x103c16f0	rule	FElysiumNpc::BuildScheduleTestBits	FElysiumNpcTzimisceHeadClaw	BuildScheduleTestBits	override:FElysiumNpcTzimisceHeadClaw::BuildScheduleTestBits	3f	
CNPC_VCamera	460	0x10368f80	rule	FElysiumNpc::PreSelectIdealState	FElysiumNpcCamera	PreSelectIdealState	override:FElysiumNpcCamera::PreSelectIdealStateRetail	3f	
CNPC_VDog	460	0x10374d80	rule	FElysiumNpc::PreSelectIdealState	FElysiumNpcDog	PreSelectIdealState	override:FElysiumNpcDog::PreSelectIdealStateRetail	3f	
CNPC_VAndreiBlood	461	0x1035d150	rule	FElysiumNpc::CNPC_VAndreiBlood_vfunc461	FElysiumNpcAndreiBlood	SelectIdealState	override:FElysiumNpcAndreiBlood::SelectIdealStateRetail	3e	
CNPC_VAnimal	461	0x1035fe80	rule	FElysiumNpc::SelectIdealState	FElysiumNpcAnimal	SelectIdealState	override:FElysiumNpcAnimal::SelectIdealStateRetail	3e	
CNPC_VAsianVampire	461	0x10361060	rule	FElysiumNpc::SelectIdealState	FElysiumNpcAsianVampire	SelectIdealState	override:FElysiumNpcAsianVampire::SelectIdealStateRetail	3e	
CNPC_VBach	461	0x10363b40	dead	FElysiumNpc::SelectIdealState	FElysiumNpcBach	SelectIdealState	override:FElysiumNpcBach::SelectIdealStateRetail	3e	
CNPC_VCamera	461	0x10369060	rule	FElysiumNpc::SelectIdealState	FElysiumNpcCamera	SelectIdealState	override:FElysiumNpcCamera::SelectIdealStateRetail	3e	
CNPC_VChangBros	461	0x1036b500	dead	FElysiumNpc::SelectIdealState	FElysiumNpcChangBros	SelectIdealState	override:FElysiumNpcChangBros::SelectIdealStateRetail	3e	
CNPC_VCop	461	0x103726c0	rule	FElysiumNpc::SelectIdealState	FElysiumNpcCop	SelectIdealState	override:FElysiumNpcCop::SelectIdealStateRetail	3e	
CNPC_VDog	461	0x103743c0	rule	FElysiumNpc::SelectIdealState	FElysiumNpcDog	SelectIdealState	override:FElysiumNpcDog::SelectIdealStateRetail	3e	
CNPC_VGargoyle	461	0x10378b60	dead	FElysiumNpc::SelectIdealState	FElysiumNpcGargoyle	SelectIdealState	override:FElysiumNpcGargoyle::SelectIdealStateRetail	3e	
CNPC_VGuard1	461	0x1037d290	rule	FElysiumNpc::SelectIdealState	FElysiumNpcGuard1	SelectIdealState	override:FElysiumNpcGuard1::SelectIdealStateRetail	3e	
CNPC_VHengeyokai	461	0x10380100	dead	FElysiumNpc::SelectIdealState	FElysiumNpcHengeyokai	SelectIdealState	override:FElysiumNpcHengeyokai::SelectIdealStateRetail	3e	
CNPC_VHuman	461	0x103851e0	rule	FElysiumNpc::SelectIdealState	FElysiumNpcHuman	SelectIdealState	override:FElysiumNpcHuman::SelectIdealStateRetail	3e	
CNPC_VHumanCombatant	461	0x10387380	rule	FElysiumNpc::SelectIdealState	FElysiumNpcHumanCombatant	SelectIdealState	override:FElysiumNpcHumanCombatant::SelectIdealStateRetail	3e	
CNPC_VHunter	461	0x10388ab0	dead	FElysiumNpc::SelectIdealState	FElysiumNpcHunter	SelectIdealState	override:FElysiumNpcHunter::SelectIdealStateRetail	3e	
CNPC_VMingXiao	461	0x103945a0	rule	FElysiumNpc::SelectIdealState	FElysiumNpcMingXiao	SelectIdealState	override:FElysiumNpcMingXiao::SelectIdealStateRetail	3e	
CNPC_VMingXiaoTentacle	461	0x1039e310	rule	FElysiumNpc::SelectIdealState	FElysiumNpcMingXiaoTentacle	SelectIdealState	override:FElysiumNpcMingXiaoTentacle::SelectIdealStateRetail	3e	
CNPC_VPedestrian	461	0x103a2e30	rule	FElysiumNpc::SelectIdealState	FElysiumNpcPedestrian	SelectIdealState	override:FElysiumNpcPedestrian::SelectIdealStateRetail	3e	
CNPC_VSabbatLeader	461	0x103a7450	rule	FElysiumNpc::SelectIdealState	FElysiumNpcSabbatLeader	SelectIdealState	override:FElysiumNpcSabbatLeader::SelectIdealStateRetail	3e	
CNPC_VSheriffMan	461	0x103aeac0	rule	FElysiumNpc::SelectIdealState	FElysiumNpcSheriffMan	SelectIdealState	override:FElysiumNpcSheriffMan::SelectIdealStateRetail	3e	
CNPC_VTzimisce	461	0x103bd690	rule	FElysiumNpc::SelectIdealState	FElysiumNpcTzimisce	SelectIdealState	override:FElysiumNpcTzimisce::SelectIdealStateRetail	3e	
CNPC_VWerewolf	461	0x103d0820	rule	FElysiumNpc::SelectIdealState	FElysiumNpcWerewolf	SelectIdealState	override:FElysiumNpcWerewolf::SelectIdealStateRetail	3e	
CNPC_VYukie	461	0x103dd780	dead	FElysiumNpc::SelectIdealState	FElysiumNpcYukie	SelectIdealState	override:FElysiumNpcYukie::SelectIdealStateRetail	3e	
CNPC_VZombie	461	0x103df5f0	rule	FElysiumNpc::SelectIdealState	FElysiumNpcZombie	SelectIdealState	override:FElysiumNpcZombie::SelectIdealStateRetail	3e	
CNPC_VBach	463	0x103639b0	rule	FElysiumNpc::OnStateChange	FElysiumNpcBach	OnStateChange	override:FElysiumNpcBach::OnStateChange	3f	
CNPC_VCamera	463	0x10368ea0	rule	FElysiumNpc::OnStateChange	FElysiumNpcCamera	OnStateChange	override:FElysiumNpcCamera::OnStateChange	3f	
CNPC_VCop	463	0x10371c20	rule	FElysiumNpc::OnStateChange	FElysiumNpcCop	OnStateChange	override:FElysiumNpcCop::OnStateChange	3f	
CNPC_VGuard1	463	0x1037d020	rule	FElysiumNpc::StateChangeSpeciesPreStep	FElysiumNpcGuard1	OnStateChange	override:FElysiumNpcGuard1::OnStateChange	3f	
CNPC_VHumanCombatant	463	0x103871c0	present	ElysiumNpc.cpp:FElysiumNpc::ApplyStateWeaponVisibility	FElysiumNpcHumanCombatant	OnStateChange	override:FElysiumNpcHumanCombatant::OnStateChange	3f	
CNPC_VHunter	463	0x10388880	rule	FElysiumNpc::StateChangeSpeciesPreStep	FElysiumNpcHunter	OnStateChange	override:FElysiumNpcHunter::OnStateChange	3f	
CNPC_VTzimisce	463	0x103ba2c0	rule	FElysiumNpc::OnStateChange	FElysiumNpcTzimisce	OnStateChange	override:FElysiumNpcTzimisce::OnStateChange	3f	
CNPC_VMingXiao	465	0x103947b0	rule	FElysiumNpc::OnChangeActivity	FElysiumNpcMingXiao	OnChangeActivity	override:FElysiumNpcMingXiao::OnChangeActivity	3f	
CNPC_VSabbatGunman	465	0x103a56f0	rule	FElysiumNpc::OnChangeActivity	FElysiumNpcSabbatGunman	OnChangeActivity	override:FElysiumNpcSabbatGunman::OnChangeActivity	3f	
CNPC_VWerewolf	465	0x103d5f60	rule	FElysiumNpc::OnChangeActivity	FElysiumNpcWerewolf	OnChangeActivity	override:FElysiumNpcWerewolf::OnChangeActivity	3f	
CNPC_VCameraSecurity	468	0x1036a030	rule	FElysiumNpc::QuerySeeEntity	FElysiumNpcCameraSecurity	QuerySeeEntity	override:FElysiumNpcCameraSecurity::QuerySeeEntity	3f	
CNPC_VCop	472	0x10371ae0	rule	FElysiumNpc::OnSeeEntity	FElysiumNpcCop	OnSeeEntity	override:FElysiumNpcCop::OnSeeEntity	3f	
CNPC_VHunter	472	0x103887d0	rule	FElysiumNpc::OnSeeEntity	FElysiumNpcHunter	OnSeeEntity	override:FElysiumNpcHunter::OnSeeEntity	3f	
CNPC_VAnimal	482	0x1035fd40	rule	FElysiumNpc::FUN_1035fd40	FElysiumNpcAnimal	CanPlaySequence	override:FElysiumNpcAnimal::CanPlaySequence	3c	
CNPC_VHuman	482	0x103850a0	rule	FElysiumNpc::CanPlaySequenceSpecies	FElysiumNpcHuman	CanPlaySequence	override:FElysiumNpcHuman::CanPlaySequence	3c	
CNPC_VMingXiao	482	0x10396e90	rule	FElysiumNpc::CanPlaySequenceSpecies	FElysiumNpcMingXiao	CanPlaySequence	override:FElysiumNpcMingXiao::CanPlaySequence	3c	
CNPC_VTzimisce	482	0x103bd270	rule	FElysiumNpc::FUN_103bd270	FElysiumNpcTzimisce	CanPlaySequence	override:FElysiumNpcTzimisce::CanPlaySequence	3c	
CNPC_VTzimisce	487	0x103b9f10	rule	FElysiumNpc::JustMadeSound	FElysiumNpcTzimisce	JustMadeSound	override:FElysiumNpcTzimisce::JustMadeSound	3g	
CNPC_VCamera	488	0x103680b0	rule	FElysiumNpc::DeathSound	FElysiumNpcCamera	DeathSound	override:FElysiumNpcCamera::DeathSound	3g	
CNPC_VTzimisce	488	0x103b92a0	rule	FElysiumNpc::FUN_103b92a0	FElysiumNpcTzimisce	DeathSound	override:FElysiumNpcTzimisce::DeathSound	3g	
CNPC_VCamera	489	0x103680d0	rule	FElysiumNpc::AlertSound	FElysiumNpcCamera	AlertSound	override:FElysiumNpcCamera::AlertSound	3g	
CNPC_VCamera	490	0x103680f0	rule	FElysiumNpc::IdleSound	FElysiumNpcCamera	IdleSound	override:FElysiumNpcCamera::IdleSound	3g	
CNPC_VTzimisce	490	0x103b9380	rule	FElysiumNpc::IdleSound	FElysiumNpcTzimisce	IdleSound	override:FElysiumNpcTzimisce::IdleSound	3g	
CNPC_VCamera	491	0x10368110	rule	FElysiumNpc::PainSound	FElysiumNpcCamera	PainSound	override:FElysiumNpcCamera::PainSound	3g	
CNPC_VTzimisce	491	0x103b9500	rule	FElysiumNpc::PainSound	FElysiumNpcTzimisce	PainSound	override:FElysiumNpcTzimisce::PainSound	3g	
CNPC_VWerewolf	491	0x103d87a0	rule	FElysiumNpc::PainSound	FElysiumNpcWerewolf	PainSound	override:FElysiumNpcWerewolf::PainSound	3g	
CNPC_VCamera	492	0x10368130	rule	FElysiumNpc::FearSound	FElysiumNpcCamera	FearSound	override:FElysiumNpcCamera::FearSound	3g	
CNPC_VCamera	493	0x10368150	rule	FElysiumNpc::LostEnemySound	FElysiumNpcCamera	LostEnemySound	override:FElysiumNpcCamera::LostEnemySound	3g	
CNPC_VCamera	494	0x10368170	rule	FElysiumNpc::FoundEnemySound	FElysiumNpcCamera	FoundEnemySound	override:FElysiumNpcCamera::FoundEnemySound	3g	
CNPC_VCamera	495	0x10368190	rule	FElysiumNpc::SurprisedSound	FElysiumNpcCamera	SurprisedSound	override:FElysiumNpcCamera::SurprisedSound	3g	
CNPC_VCamera	496	0x103681b0	dead	FElysiumNpc::TargetAcquiredSound	FElysiumNpcCamera	TargetAcquiredSound	override:FElysiumNpcCamera::TargetAcquiredSound	3g	
CNPC_VCamera	497	0x103681d0	dead	FElysiumNpc::Slot497	FElysiumNpcCamera	Slot497	override:FElysiumNpcCamera::Slot497	3g	
CNPC_VCamera	498	0x103681f0	rule	FElysiumNpc::FleeSound	FElysiumNpcCamera	FleeSound	override:FElysiumNpcCamera::FleeSound	3g	
CNPC_VCamera	499	0x10368210	rule	FElysiumNpc::IdleAgitatedSound	FElysiumNpcCamera	IdleAgitatedSound	override:FElysiumNpcCamera::IdleAgitatedSound	3g	
CNPC_VCamera	500	0x10368230	dead	FElysiumNpc::ExertHvySound	FElysiumNpcCamera	ExertHvySound	override:FElysiumNpcCamera::ExertHvySound	3g	
CNPC_VWerewolf	500	0x103d8660	rule	FElysiumNpc::ExertHvySound	FElysiumNpcWerewolf	ExertHvySound	override:FElysiumNpcWerewolf::ExertHvySound	3g	
CNPC_VCamera	501	0x10368250	dead	FElysiumNpc::ExertLightSound	FElysiumNpcCamera	ExertLightSound	override:FElysiumNpcCamera::ExertLightSound	3g	
CNPC_VCamera	502	0x10368270	dead	FElysiumNpc::RiledSound	FElysiumNpcCamera	RiledSound	override:FElysiumNpcCamera::RiledSound	3g	
CNPC_VCamera	503	0x10368290	rule	FElysiumNpc::ComfortSound	FElysiumNpcCamera	ComfortSound	override:FElysiumNpcCamera::ComfortSound	3g	
CNPC_VCamera	504	0x103682b0	rule	FElysiumNpc::UpsetSound	FElysiumNpcCamera	UpsetSound	override:FElysiumNpcCamera::UpsetSound	3g	
CNPC_VCamera	505	0x103682d0	dead	FElysiumNpc::TargetGiveUpSound	FElysiumNpcCamera	TargetGiveUpSound	override:FElysiumNpcCamera::TargetGiveUpSound	3g	
CNPC_VCamera	506	0x103682f0	dead	FElysiumNpc::Slot506	FElysiumNpcCamera	Slot506	override:FElysiumNpcCamera::Slot506	3g	
CNPC_VCamera	507	0x10368310	rule	FElysiumNpc::FloatSound	FElysiumNpcCamera	FloatSound	override:FElysiumNpcCamera::FloatSound	3g	
CNPC_VCamera	508	0x10368330	dead	FElysiumNpc::SpeakSentence	FElysiumNpcCamera	SpeakSentence	override:FElysiumNpcCamera::SpeakSentence	3g	
CNPC_VZombie	509	0x103e0fa0	rule	FElysiumNpc::ShouldPlayIdleSound	FElysiumNpcZombie	ShouldPlayIdleSound	override:FElysiumNpcZombie::ShouldPlayIdleSound	3g	
CNPC_VZombie	510	0x103e1080	rule	FElysiumNpc::FUN_103e1080	FElysiumNpcZombie	ShouldPlayFloatSound	override:FElysiumNpcZombie::ShouldPlayFloatSound	3c	
CNPC_VDog	516	0x10374130	mechanism	FElysiumNpc::MaxYawSpeed	FElysiumNpcDog	MaxYawSpeed	override:FElysiumNpcDog::MaxYawSpeed	3f	
CNPC_VMingXiao	516	0x10394930	mechanism	FElysiumNpc::MaxYawSpeed	FElysiumNpcMingXiao	MaxYawSpeed	override:FElysiumNpcMingXiao::MaxYawSpeed	3f	
CNPC_VTzimisce	516	0x103ba020	mechanism	FElysiumNpc::MaxYawSpeed	FElysiumNpcTzimisce	MaxYawSpeed	override:FElysiumNpcTzimisce::MaxYawSpeed	3f	
CNPC_VWerewolf	516	0x103d0a30	mechanism	FElysiumNpc::MaxYawSpeed	FElysiumNpcWerewolf	MaxYawSpeed	override:FElysiumNpcWerewolf::MaxYawSpeed	3f	
CNPC_VManBat	525	0x1038b120	rule	FElysiumNpc::OverrideMove	FElysiumNpcManBat	OverrideMove	residue:unported species body	3f	no species dispatch in the step-2 tree: the port runs FElysiumNpc::OverrideMove for this class; the species body is not ported (rule 7, story 8)
CNPC_VVampireBoss	525	0x103c5fe0	rule	FElysiumNpc::OverrideMove	FElysiumNpcVampireBoss	OverrideMove	residue:unported species body	3f	no species dispatch in the step-2 tree: the port runs FElysiumNpc::OverrideMove for this class; the species body is not ported (rule 7, story 8)
CNPC_VChangBros	530	0x1036e6f0	rule	FElysiumNpc::IsUnreachable	FElysiumNpcChangBros	IsUnreachable	residue:unported species body	3f	no species dispatch in the step-2 tree: the port runs FElysiumNpc::IsUnreachable for this class; the species body is not ported (rule 7, story 8)
CNPC_VCamera	545	0x10369bd0	rule	FElysiumNpc::InitSquad	FElysiumNpcCamera	InitSquad	override:FElysiumNpcCamera::InitSquad	3f	
CNPC_VAndreiBlood	546	0x1035c460	dead	FElysiumNpc::SquadSlotName	FElysiumNpcAndreiBlood	SquadSlotName	override:FElysiumNpcAndreiBlood::SquadSlotName	3f	
CNPC_VAnimal	546	0x1035edb0	dead	FElysiumNpc::SquadSlotName	FElysiumNpcAnimal	SquadSlotName	override:FElysiumNpcAnimal::SquadSlotName	3f	
CNPC_VAsianVampire	546	0x10360610	dead	FElysiumNpc::SquadSlotName	FElysiumNpcAsianVampire	SquadSlotName	override:FElysiumNpcAsianVampire::SquadSlotName	3f	
CNPC_VBach	546	0x10362df0	dead	FElysiumNpc::SquadSlotName	FElysiumNpcBach	SquadSlotName	override:FElysiumNpcBach::SquadSlotName	3f	
CNPC_VBrujah	546	0x10367a10	dead	FElysiumNpc::SquadSlotName	FElysiumNpcBrujah	SquadSlotName	override:FElysiumNpcBrujah::SquadSlotName	3f	
CNPC_VCamera	546	0x10368550	dead	FElysiumNpc::SquadSlotName	FElysiumNpcCamera	SquadSlotName	override:FElysiumNpcCamera::SquadSlotName	3f	
CNPC_VChangBros	546	0x1036a3f0	dead	FElysiumNpc::SquadSlotName	FElysiumNpcChangBros	SquadSlotName	override:FElysiumNpcChangBros::SquadSlotName	3f	
CNPC_VChangBrosBlade	546	0x1036ecf0	dead	FElysiumNpc::SquadSlotName	FElysiumNpcChangBrosBlade	SquadSlotName	override:FElysiumNpcChangBrosBlade::SquadSlotName	3f	
CNPC_VChangBrosClaw	546	0x1036f4f0	dead	FElysiumNpc::SquadSlotName	FElysiumNpcChangBrosClaw	SquadSlotName	override:FElysiumNpcChangBrosClaw::SquadSlotName	3f	
CNPC_VCop	546	0x10370ad0	dead	FElysiumNpc::SquadSlotName	FElysiumNpcCop	SquadSlotName	override:FElysiumNpcCop::SquadSlotName	3f	
CNPC_VDog	546	0x103736d0	dead	FElysiumNpc::SquadSlotName	FElysiumNpcDog	SquadSlotName	override:FElysiumNpcDog::SquadSlotName	3f	
CNPC_VGargoyle	546	0x10377cd0	dead	FElysiumNpc::SquadSlotName	FElysiumNpcGargoyle	SquadSlotName	override:FElysiumNpcGargoyle::SquadSlotName	3f	
CNPC_VGhoulCroucher	546	0x1037a950	dead	FElysiumNpc::SquadSlotName	FElysiumNpcGhoulCroucher	SquadSlotName	override:FElysiumNpcGhoulCroucher::SquadSlotName	3f	
CNPC_VGuard1	546	0x1037c800	dead	FElysiumNpc::SquadSlotName	FElysiumNpcGuard1	SquadSlotName	override:FElysiumNpcGuard1::SquadSlotName	3f	
CNPC_VHengeyokai	546	0x1037ea60	dead	FElysiumNpc::SquadSlotName	FElysiumNpcHengeyokai	SquadSlotName	override:FElysiumNpcHengeyokai::SquadSlotName	3f	
CNPC_VHuman	546	0x10384200	dead	FElysiumNpc::SquadSlotName	FElysiumNpcHuman	SquadSlotName	override:FElysiumNpcHuman::SquadSlotName	3f	
CNPC_VHumanCombatPatrol	546	0x103878b0	dead	FElysiumNpc::SquadSlotName	FElysiumNpcHumanCombatPatrol	SquadSlotName	override:FElysiumNpcHumanCombatPatrol::SquadSlotName	3f	
CNPC_VHumanCombatant	546	0x10386c80	dead	FElysiumNpc::SquadSlotName	FElysiumNpcHumanCombatant	SquadSlotName	override:FElysiumNpcHumanCombatant::SquadSlotName	3f	
CNPC_VHunter	546	0x10388200	dead	FElysiumNpc::SquadSlotName	FElysiumNpcHunter	SquadSlotName	override:FElysiumNpcHunter::SquadSlotName	3f	
CNPC_VLasombra	546	0x10388f80	dead	FElysiumNpc::SquadSlotName	FElysiumNpcLasombra	SquadSlotName	override:FElysiumNpcLasombra::SquadSlotName	3f	
CNPC_VManBat	546	0x10389f50	dead	FElysiumNpc::SquadSlotName	FElysiumNpcManBat	SquadSlotName	override:FElysiumNpcManBat::SquadSlotName	3f	
CNPC_VMingXiao	546	0x10391390	dead	FElysiumNpc::SquadSlotName	FElysiumNpcMingXiao	SquadSlotName	override:FElysiumNpcMingXiao::SquadSlotName	3f	
CNPC_VMingXiaoTentacle	546	0x1039b230	dead	FElysiumNpc::SquadSlotName	FElysiumNpcMingXiaoTentacle	SquadSlotName	override:FElysiumNpcMingXiaoTentacle::SquadSlotName	3f	
CNPC_VPedestrian	546	0x103a1fa0	dead	FElysiumNpc::SquadSlotName	FElysiumNpcPedestrian	SquadSlotName	override:FElysiumNpcPedestrian::SquadSlotName	3f	
CNPC_VPlaceholder	546	0x103a3c50	dead	FElysiumNpc::SquadSlotName	FElysiumNpcPlaceholder	SquadSlotName	override:FElysiumNpcPlaceholder::SquadSlotName	3f	
CNPC_VSabbatGunman	546	0x103a5240	dead	FElysiumNpc::SquadSlotName	FElysiumNpcSabbatGunman	SquadSlotName	override:FElysiumNpcSabbatGunman::SquadSlotName	3f	
CNPC_VSabbatLeader	546	0x103a5e50	dead	FElysiumNpc::SquadSlotName	FElysiumNpcSabbatLeader	SquadSlotName	override:FElysiumNpcSabbatLeader::SquadSlotName	3f	
CNPC_VScurrying	546	0x103abd40	dead	FElysiumNpc::SquadSlotName	FElysiumNpcScurrying	SquadSlotName	override:FElysiumNpcScurrying::SquadSlotName	3f	
CNPC_VSheriffMan	546	0x103adcb0	dead	FElysiumNpc::SquadSlotName	FElysiumNpcSheriffMan	SquadSlotName	override:FElysiumNpcSheriffMan::SquadSlotName	3f	
CNPC_VTaxiDriver	546	0x103b3170	dead	FElysiumNpc::SquadSlotName	FElysiumNpcTaxiDriver	SquadSlotName	override:FElysiumNpcTaxiDriver::SquadSlotName	3f	
CNPC_VTzimisce	546	0x103b70f0	dead	FElysiumNpc::SquadSlotName	FElysiumNpcTzimisce	SquadSlotName	override:FElysiumNpcTzimisce::SquadSlotName	3f	
CNPC_VTzimisceHeadClaw	546	0x103c0c90	dead	FElysiumNpc::SquadSlotName	FElysiumNpcTzimisceHeadClaw	SquadSlotName	override:FElysiumNpcTzimisceHeadClaw::SquadSlotName	3f	
CNPC_VTzimisceRunner	546	0x103c2a60	dead	FElysiumNpc::SquadSlotName	FElysiumNpcTzimisceRunner	SquadSlotName	override:FElysiumNpcTzimisceRunner::SquadSlotName	3f	
CNPC_VVampire	546	0x103c4a80	dead	FElysiumNpc::SquadSlotName	FElysiumNpcVampire	SquadSlotName	override:FElysiumNpcVampire::SquadSlotName	3f	
CNPC_VVampireBoss	546	0x103c5270	dead	FElysiumNpc::SquadSlotName	FElysiumNpcVampireBoss	SquadSlotName	override:FElysiumNpcVampireBoss::SquadSlotName	3f	
CNPC_VWerewolf	546	0x103c8ed0	dead	FElysiumNpc::SquadSlotName	FElysiumNpcWerewolf	SquadSlotName	override:FElysiumNpcWerewolf::SquadSlotName	3f	
CNPC_VYukie	546	0x103dd1f0	dead	FElysiumNpc::SquadSlotName	FElysiumNpcYukie	SquadSlotName	override:FElysiumNpcYukie::SquadSlotName	3f	
CNPC_VZombie	546	0x103de4d0	dead	FElysiumNpc::SquadSlotName	FElysiumNpcZombie	SquadSlotName	override:FElysiumNpcZombie::SquadSlotName	3f	
CNPC_VBach	553	0x10364500	rule	FElysiumNpc::BachRangeAttack1Conditions	FElysiumNpcBach	RangeAttack1Conditions	residue:unwired helper	3f	the body is ported as FElysiumNpc::BachRangeAttack1Conditions but no production path reaches it; wiring the slot is new behaviour (story 8, rule 7)
CNPC_VBach	561	0x10363db0	rule	FElysiumNpc::GatherAttackConditions	FElysiumNpcBach	GatherAttackConditions	override:FElysiumNpcBach::GatherAttackConditions	3f	
CNPC_VAnimal	563	0x1035f5c0	rule	FElysiumNpc::TranslateEnemyChasePosition	FElysiumNpcAnimal	TranslateEnemyChasePosition	override:FElysiumNpcAnimal::TranslateEnemyChasePosition	3f	
CNPC_VCamera	563	0x10368ee0	rule	FElysiumNpc::TranslateEnemyChasePosition	FElysiumNpcCamera	TranslateEnemyChasePosition	override:FElysiumNpcCamera::TranslateEnemyChasePosition	3f	
CNPC_VHuman	563	0x10384760	rule	FElysiumNpc::TranslateEnemyChasePosition	FElysiumNpcHuman	TranslateEnemyChasePosition	override:FElysiumNpcHuman::TranslateEnemyChasePosition	3f	
CNPC_VMingXiao	563	0x10392c40	rule	FElysiumNpc::TranslateEnemyChasePosition	FElysiumNpcMingXiao	TranslateEnemyChasePosition	override:FElysiumNpcMingXiao::TranslateEnemyChasePosition	3f	
CNPC_VTzimisce	563	0x103ba640	rule	FElysiumNpc::TranslateEnemyChasePosition	FElysiumNpcTzimisce	TranslateEnemyChasePosition	override:FElysiumNpcTzimisce::TranslateEnemyChasePosition	3f	
CNPC_VWerewolf	563	0x103d9e00	rule	FElysiumNpc::TranslateEnemyChasePosition	FElysiumNpcWerewolf	TranslateEnemyChasePosition	override:FElysiumNpcWerewolf::TranslateEnemyChasePosition	3f	
CNPC_VAndreiBlood	566	0x1035db00	rule	registry:566	FElysiumNpcAndreiBlood	FValidateHintType	override:FElysiumNpcAndreiBlood::FValidateHintType	3f	
CNPC_VAsianVampire	566	0x10361470	rule	registry:566	FElysiumNpcAsianVampire	FValidateHintType	override:FElysiumNpcAsianVampire::FValidateHintType	3f	
CNPC_VBach	566	0x10365800	rule	registry:566	FElysiumNpcBach	FValidateHintType	override:FElysiumNpcBach::FValidateHintType	3f	
CNPC_VChangBros	566	0x1036c6a0	rule	registry:566	FElysiumNpcChangBros	FValidateHintType	override:FElysiumNpcChangBros::FValidateHintType	3f	
CNPC_VDog	566	0x10374aa0	rule	FElysiumNpc::FValidateHintType	FElysiumNpcDog	FValidateHintType	override:FElysiumNpcDog::FValidateHintType	3f	
CNPC_VManBat	566	0x1038e480	rule	FElysiumNpc::FValidateHintType	FElysiumNpcManBat	FValidateHintType	override:FElysiumNpcManBat::FValidateHintType	3f	
CNPC_VSabbatLeader	566	0x103a9340	rule	FElysiumNpc::FValidateHintType	FElysiumNpcSabbatLeader	FValidateHintType	override:FElysiumNpcSabbatLeader::FValidateHintType	3f	
CNPC_VSheriffMan	566	0x103af810	rule	registry:566	FElysiumNpcSheriffMan	FValidateHintType	override:FElysiumNpcSheriffMan::FValidateHintType	3f	
CNPC_VTzimisce	566	0x103ba780	rule	FElysiumNpc::FValidateHintType	FElysiumNpcTzimisce	FValidateHintType	override:FElysiumNpcTzimisce::FValidateHintType	3f	
CNPC_VWerewolf	566	0x103d7ce0	rule	FElysiumNpc::FValidateHintType	FElysiumNpcWerewolf	FValidateHintType	override:FElysiumNpcWerewolf::FValidateHintType	3f	
CNPC_VZombie	566	0x103e03b0	rule	registry:566	FElysiumNpcZombie	FValidateHintType	override:FElysiumNpcZombie::FValidateHintType	3f	
CNPC_VMingXiao	574	0x10395d00	rule	FElysiumNpc::GetShootEnemyDir	FElysiumNpcMingXiao	GetShootEnemyDir	override:FElysiumNpcMingXiao::GetShootEnemyDir	3f	
CNPC_VBrujah	580	0x10367870	rule	FElysiumNpc::GetClassScheduleIdSpace	FElysiumNpcBrujah	GetClassScheduleIdSpace	data-query:ElysiumNpcKernelSchedule GetClassScheduleIdSpace	3f	class-keyed id-space table (rule 4); the consumer is the schedule registrar
CNPC_VCamera	580	0x103683b0	rule	FElysiumNpc::GetClassScheduleIdSpace	FElysiumNpcCamera	GetClassScheduleIdSpace	data-query:ElysiumNpcKernelSchedule GetClassScheduleIdSpace	3f	class-keyed id-space table (rule 4); the consumer is the schedule registrar
CNPC_VChangBros	580	0x1036a1b0	rule	FElysiumNpc::GetClassScheduleIdSpace	FElysiumNpcChangBros	GetClassScheduleIdSpace	data-query:ElysiumNpcKernelSchedule GetClassScheduleIdSpace	3f	class-keyed id-space table (rule 4); the consumer is the schedule registrar
CNPC_VChangBrosBlade	580	0x1036eab0	rule	FElysiumNpc::GetClassScheduleIdSpace	FElysiumNpcChangBrosBlade	GetClassScheduleIdSpace	data-query:ElysiumNpcKernelSchedule GetClassScheduleIdSpace	3f	class-keyed id-space table (rule 4); the consumer is the schedule registrar
CNPC_VChangBrosClaw	580	0x1036f2b0	rule	FElysiumNpc::GetClassScheduleIdSpace	FElysiumNpcChangBrosClaw	GetClassScheduleIdSpace	data-query:ElysiumNpcKernelSchedule GetClassScheduleIdSpace	3f	class-keyed id-space table (rule 4); the consumer is the schedule registrar
CNPC_VCop	580	0x10370930	rule	FElysiumNpc::GetClassScheduleIdSpace	FElysiumNpcCop	GetClassScheduleIdSpace	data-query:ElysiumNpcKernelSchedule GetClassScheduleIdSpace	3f	class-keyed id-space table (rule 4); the consumer is the schedule registrar
CNPC_VDog	580	0x10373530	rule	FElysiumNpc::GetClassScheduleIdSpace	FElysiumNpcDog	GetClassScheduleIdSpace	data-query:ElysiumNpcKernelSchedule GetClassScheduleIdSpace	3f	class-keyed id-space table (rule 4); the consumer is the schedule registrar
CNPC_VGargoyle	580	0x10377b20	rule	FElysiumNpc::GetClassScheduleIdSpace	FElysiumNpcGargoyle	GetClassScheduleIdSpace	data-query:ElysiumNpcKernelSchedule GetClassScheduleIdSpace	3f	class-keyed id-space table (rule 4); the consumer is the schedule registrar
CNPC_VVampire	580	0x103750e0	rule	FElysiumNpc::GetClassScheduleIdSpace	FElysiumNpcVampire	GetClassScheduleIdSpace	data-query:ElysiumNpcKernelSchedule GetClassScheduleIdSpace	3f	class-keyed id-space table (rule 4); the consumer is the schedule registrar
CNPC_VTzimisceRunner	588	0x103c3fd0	rule	FElysiumNpc::Slot588	FElysiumNpcTzimisceRunner	Slot588	override:FElysiumNpcTzimisceRunner::Slot588	3d	
CNPC_VSabbatLeader	590	0x103ab400	rule	FElysiumNpc::OkToInterruptForMelee	FElysiumNpcSabbatLeader	OkToInterruptForMelee	override:FElysiumNpcSabbatLeader::OkToInterruptForMelee	3f	
CNPC_VLasombra	592	0x103893c0	rule	FElysiumNpc::CanSeekCover	FElysiumNpcLasombra	CanSeekCover	override:FElysiumNpcLasombra::CanSeekCover	3f	
CNPC_VTzimisce	593	0x103b9180	rule	FElysiumNpc::Slot593	FElysiumNpcTzimisce	Slot593	override:FElysiumNpcTzimisce::Slot593	3c	
CNPC_VCop	596	0x10372c50	rule	FElysiumNpc::Slot596	FElysiumNpcCop	Slot596	residue:unported species body	3d	no species dispatch in the step-2 tree: the port runs FElysiumNpc::Slot596 for this class; the species body is not ported (rule 7, story 8)
CNPC_VCop	597	0x10372cc0	rule	FElysiumNpc::Slot597	FElysiumNpcCop	Slot597	override:FElysiumNpcCop::Slot597	3d	
CNPC_VCop	598	0x10372dd0	rule	FElysiumNpc::Slot598	FElysiumNpcCop	Slot598	residue:unported species body	3d	no species dispatch in the step-2 tree: the port runs FElysiumNpc::Slot598 for this class; the species body is not ported (rule 7, story 8)
CNPC_VGargoyle	599	0x10379ef0	rule	FElysiumNpc::Slot599	FElysiumNpcGargoyle	Slot599	override:FElysiumNpcGargoyle::Slot599	3d	
CNPC_VHuman	599	0x10385ab0	rule	FElysiumNpc::Slot599	FElysiumNpcHuman	Slot599	override:FElysiumNpcHuman::Slot599	3d	
CNPC_VTzimisceHeadClaw	599	0x103c19e0	rule	FElysiumNpc::Slot599	FElysiumNpcTzimisceHeadClaw	Slot599	override:FElysiumNpcTzimisceHeadClaw::Slot599	3d	
CNPC_VTzimisceRunner	599	0x103c3960	rule	FElysiumNpc::Slot599	FElysiumNpcTzimisceRunner	Slot599	override:FElysiumNpcTzimisceRunner::Slot599	3d	
CNPC_VYukie	599	0x103dd8b0	rule	FElysiumNpc::YukieEnterMelee	FElysiumNpcYukie	Slot599	override:FElysiumNpcYukie::Slot599	3d	
CNPC_VGargoyle	600	0x10379f20	rule	FElysiumNpc::Slot600	FElysiumNpcGargoyle	Slot600	override:FElysiumNpcGargoyle::Slot600	3d	
CNPC_VHuman	600	0x10385c30	rule	FElysiumNpc::Slot600	FElysiumNpcHuman	Slot600	override:FElysiumNpcHuman::Slot600	3d	
CNPC_VTzimisceHeadClaw	600	0x103c1a60	rule	FElysiumNpc::Slot600	FElysiumNpcTzimisceHeadClaw	Slot600	override:FElysiumNpcTzimisceHeadClaw::Slot600	3d	
CNPC_VTzimisceRunner	600	0x103c39e0	rule	FElysiumNpc::Slot600	FElysiumNpcTzimisceRunner	Slot600	override:FElysiumNpcTzimisceRunner::Slot600	3d	
CNPC_VYukie	600	0x103dd900	rule	FElysiumNpc::FUN_103dd900	FElysiumNpcYukie	Slot600	override:FElysiumNpcYukie::Slot600	3d	
CNPC_VHuman	601	0x10385cf0	rule	FElysiumNpc::FUN_10385cf0	FElysiumNpcHuman	Slot601	override:FElysiumNpcHuman::Slot601	3d	
CNPC_VTzimisceHeadClaw	601	0x103c1ad0	rule	FElysiumNpc::FUN_103c1ad0	FElysiumNpcTzimisceHeadClaw	Slot601	override:FElysiumNpcTzimisceHeadClaw::Slot601	3d	
CNPC_VTzimisceRunner	601	0x103c3a70	rule	FElysiumNpc::FUN_103c3a70	FElysiumNpcTzimisceRunner	Slot601	override:FElysiumNpcTzimisceRunner::Slot601	3d	
CNPC_VYukie	601	0x103dd9a0	rule	FElysiumNpc::YukieLeaveMelee	FElysiumNpcYukie	Slot601	override:FElysiumNpcYukie::Slot601	3d	
CNPC_VHuman	602	0x10385d70	rule	FElysiumNpc::Slot602	FElysiumNpcHuman	Slot602	override:FElysiumNpcHuman::Slot602	3d	
CNPC_VTzimisceHeadClaw	602	0x103c1b10	rule	FElysiumNpc::FUN_103c1b10	FElysiumNpcTzimisceHeadClaw	Slot602	override:FElysiumNpcTzimisceHeadClaw::Slot602	3d	
CNPC_VTzimisceRunner	602	0x103c3ab0	rule	FElysiumNpc::FUN_103c3ab0	FElysiumNpcTzimisceRunner	Slot602	override:FElysiumNpcTzimisceRunner::Slot602	3d	
CNPC_VYukie	602	0x103dda10	rule	FElysiumNpc::YukieShouldLeaveMelee	FElysiumNpcYukie	Slot602	override:FElysiumNpcYukie::Slot602	3d	
CNPC_VAsianVampire	604	0x10361be0	rule	FElysiumNpc::SelectScheduleMeleeCombat	FElysiumNpcAsianVampire	SelectScheduleMeleeCombat	override:FElysiumNpcAsianVampire::SelectScheduleMeleeCombat	3f	
CNPC_VBach	604	0x10364080	rule	FElysiumNpc::SelectScheduleMeleeCombat	FElysiumNpcBach	SelectScheduleMeleeCombat	override:FElysiumNpcBach::SelectScheduleMeleeCombat	3f	
CNPC_VChangBros	604	0x1036d800	rule	FElysiumNpc::SelectScheduleMeleeCombat	FElysiumNpcChangBros	SelectScheduleMeleeCombat	override:FElysiumNpcChangBros::SelectScheduleMeleeCombat	3f	
CNPC_VHuman	604	0x10385e40	rule	FElysiumNpc::SelectScheduleMeleeCombat	FElysiumNpcHuman	SelectScheduleMeleeCombat	override:FElysiumNpcHuman::SelectScheduleMeleeCombat	3f	
CNPC_VMingXiao	604	0x10396050	rule	FElysiumNpc::SelectScheduleMeleeCombat	FElysiumNpcMingXiao	SelectScheduleMeleeCombat	override:FElysiumNpcMingXiao::SelectScheduleMeleeCombat	3f	
CNPC_VSabbatLeader	604	0x103aa060	rule	FElysiumNpc::SelectScheduleMeleeCombat	FElysiumNpcSabbatLeader	SelectScheduleMeleeCombat	override:FElysiumNpcSabbatLeader::SelectScheduleMeleeCombat	3f	
CNPC_VSheriffMan	604	0x103af960	rule	FElysiumNpc::SelectScheduleMeleeCombat	FElysiumNpcSheriffMan	SelectScheduleMeleeCombat	override:FElysiumNpcSheriffMan::SelectScheduleMeleeCombat	3f	
CNPC_VTzimisceRunner	604	0x103c4430	rule	FElysiumNpc::SelectScheduleMeleeCombat	FElysiumNpcTzimisceRunner	SelectScheduleMeleeCombat	override:FElysiumNpcTzimisceRunner::SelectScheduleMeleeCombat	3f	
CNPC_VAsianVampire	605	0x103620d0	rule	FElysiumNpc::SelectScheduleRangedCombat	FElysiumNpcAsianVampire	SelectScheduleRangedCombat	override:FElysiumNpcAsianVampire::SelectScheduleRangedCombat	3f	
CNPC_VBach	605	0x103642f0	rule	FElysiumNpc::SelectScheduleRangedCombat	FElysiumNpcBach	SelectScheduleRangedCombat	override:FElysiumNpcBach::SelectScheduleRangedCombat	3f	
CNPC_VHuman	605	0x10386560	rule	FElysiumNpc::SelectScheduleRangedCombat	FElysiumNpcHuman	SelectScheduleRangedCombat	override:FElysiumNpcHuman::SelectScheduleRangedCombat	3f	
CNPC_VMingXiao	605	0x103967d0	rule	FElysiumNpc::SelectScheduleRangedCombat	FElysiumNpcMingXiao	SelectScheduleRangedCombat	override:FElysiumNpcMingXiao::SelectScheduleRangedCombat	3f	
CNPC_VSheriffMan	605	0x103afdb0	rule	FElysiumNpc::SelectScheduleRangedCombat	FElysiumNpcSheriffMan	SelectScheduleRangedCombat	override:FElysiumNpcSheriffMan::SelectScheduleRangedCombat	3f	
CNPC_VBach	606	0x10364280	rule	FElysiumNpc::Slot606	FElysiumNpcBach	Slot606	override:FElysiumNpcBach::Slot606	3c	
CNPC_VBach	609	0x103661f0	rule	FElysiumNpc::Slot609	FElysiumNpcBach	Slot609	override:FElysiumNpcBach::Slot609	3d	
CPayphone	612	0x101aadb0	mechanism	FElysiumNpc::PayphoneSpeechSoundFlags	FElysiumNpcPayphone	Slot612	residue:unwired helper	3f	the body is ported as FElysiumNpc::PayphoneSpeechSoundFlags but no production path reaches it; wiring the slot is new behaviour (story 8, rule 7)
CNPC_VGhoulCroucher	615	0x1037c420	rule	FElysiumNpc::CanBeSetOnFire	FElysiumNpcGhoulCroucher	CanBeSetOnFire	override:FElysiumNpcGhoulCroucher::CanBeSetOnFire	3f	
CNPC_VBaseBoss	617	0x10366510	rule	FElysiumNpc::EnemyCouldSeeHull	FElysiumNpcBaseBoss	EnemyCouldSeeHull	residue:unported species body	3f	no species dispatch in the step-2 tree: the port runs FElysiumNpc::EnemyCouldSeeHull for this class; the species body is not ported (rule 7, story 8)
CNPC_VWerewolf	617	0x103da230	rule	FElysiumNpc::EnemyCouldSeeHull	FElysiumNpcWerewolf	EnemyCouldSeeHull	residue:unported species body	3f	no species dispatch in the step-2 tree: the port runs FElysiumNpc::EnemyCouldSeeHull for this class; the species body is not ported (rule 7, story 8)
CNPC_VAndreiBlood	619	0x1035dba0	dead	FElysiumNpc::ChangeSchedule	FElysiumNpcAndreiBlood	SetSchedule	data-query:FElysiumNpcScheduleHost SetSchedule trace names	3f	the five own SetSchedule bodies differ only in their scope-trace name; the schedule host reads the row by class
CNPC_VAsianVampire	619	0x10361530	dead	FElysiumNpc::ChangeSchedule	FElysiumNpcAsianVampire	SetSchedule	data-query:FElysiumNpcScheduleHost SetSchedule trace names	3f	the five own SetSchedule bodies differ only in their scope-trace name; the schedule host reads the row by class
CNPC_VChangBros	619	0x1036c760	dead	FElysiumNpcScheduleHost::SetScheduleTraceName	FElysiumNpcChangBros	SetSchedule	data-query:FElysiumNpcScheduleHost SetSchedule trace names	3f	the five own SetSchedule bodies differ only in their scope-trace name; the schedule host reads the row by class
CNPC_VSabbatLeader	619	0x103a9fd0	dead	FElysiumNpcScheduleHost::SetScheduleTraceName	FElysiumNpcSabbatLeader	SetSchedule	data-query:FElysiumNpcScheduleHost SetSchedule trace names	3f	the five own SetSchedule bodies differ only in their scope-trace name; the schedule host reads the row by class
CNPC_VSheriffMan	619	0x103af8d0	dead	FElysiumNpcScheduleHost::SetScheduleTraceName	FElysiumNpcSheriffMan	SetSchedule	data-query:FElysiumNpcScheduleHost SetSchedule trace names	3f	the five own SetSchedule bodies differ only in their scope-trace name; the schedule host reads the row by class
CNPC_VSabbatLeader	620	0x103aa5e0	rule	FElysiumNpc::EmitVocalization	FElysiumNpcSabbatLeader	FootstepSound	own:FElysiumNpcSabbatLeader::FootstepSound	3g	
CNPC_VWerewolf	620	0x103d5050	dead	FElysiumNpc::DrawBBoxOverlay	FElysiumNpcWerewolf	DrawBBoxOverlay	own:FElysiumNpcWerewolf::DrawBBoxOverlay	3g	
CNPC_VSabbatLeader	621	0x103aa7a0	rule	FElysiumNpc::EmitVocalization	FElysiumNpcSabbatLeader	AttackSound	own:FElysiumNpcSabbatLeader::AttackSound	3g	
