caller	callee	kind
10026850	10027160	virtual
10026890	10027160	virtual
10026a10	100b2be0	virtual
10026a50	100b2d00	virtual
10026b50	10146700	direct
10026b70	10146790	direct
10026f20	100b5110	direct
10026fb0	10026f80	virtual
10027020	10027000	virtual
10027160	10137fe0	direct
10027160	10430923	direct
1002ee60	100d13d0	direct
1004fbb0	1009eca0	direct
1004fbf0	1009ebb0	direct
10050b90	10050e70	direct
10050c70	10050e70	direct
10050c70	100eb420	direct
10050d90	10050e70	direct
10050e70	10051650	direct
10050e70	10090580	slot-candidate
10050e70	100a9ab0	direct
10050e70	101d1280	direct
10050e70	10430b64	direct
100511e0	10051810	direct
100511e0	100fb7d0	virtual
100511e0	100fbac0	direct
100511e0	100fbbb0	direct
100511e0	10200610	direct
100511e0	102012d0	direct
100511e0	1033c9c0	direct
100511e0	1033d330	direct
100511e0	10430923	direct
10051650	10027470	virtual
10051650	10055000	direct
10051650	10055ec0	direct
10051810	10430fa0	direct
10052030	100fbbb0	direct
10052030	101cd940	direct
100521e0	10050d90	direct
100521e0	100511e0	direct
100521e0	100532b0	direct
100521e0	100a6fa0	direct
100521e0	100ac4e0	direct
100521e0	100b4dc0	virtual
100521e0	10147710	direct
100521e0	10147960	direct
100521e0	1015d680	direct
100521e0	1017e760	direct
100521e0	1017e840	direct
100521e0	10183120	direct
100521e0	101d1a90	direct
100521e0	101e4220	direct
100521e0	10200610	direct
100521e0	10201100	direct
100521e0	102012d0	direct
100521e0	1032fe60	virtual
100521e0	1033cef0	virtual
100521e0	10430923	direct
100521e0	10430fa0	direct
100532b0	10050e70	direct
100532b0	10051810	direct
100532b0	10054ad0	direct
100532b0	10054c00	direct
100532b0	10055050	direct
100532b0	10055170	direct
100532b0	10055520	direct
100532b0	1006caa0	direct
100532b0	1006cf30	direct
100532b0	1006cff0	direct
100532b0	100952d0	direct
100532b0	100b39c0	direct
100532b0	100b4b40	virtual
100532b0	100b4dc0	virtual
100532b0	100f7060	direct
100532b0	100f79b0	direct
100532b0	100fb7d0	virtual
100532b0	1014f910	virtual
100532b0	1015d680	direct
100532b0	101d1a90	direct
100532b0	10200610	direct
100532b0	102012d0	direct
100532b0	10337f30	direct
100532b0	10430923	direct
10054060	10091fe0	direct
10054060	1013d450	direct
10054060	1013d650	direct
100544f0	10050b90	direct
100544f0	100eb3d0	direct
100544f0	100fbbb0	direct
100544f0	1015d680	direct
100544f0	1033c6b0	direct
10054c00	10055520	direct
10054c00	10055590	direct
10055000	10430fa0	direct
10055170	10055520	direct
10055170	10055f50	direct
10055170	100561a0	direct
10055590	10055520	direct
10055f50	10055520	direct
100561a0	10055520	direct
100576a0	1043e780	direct
10057740	10431590	direct
1006c770	10204270	direct
1006c770	10205380	direct
1006c9d0	10431320	direct
1006ca50	1006c9d0	direct
1006ca50	10204900	direct
1006ca50	10204c60	direct
1006cba0	10431320	direct
1006cf30	1043e780	direct
1006cff0	1006c770	direct
1006cff0	10430923	direct
1006edb0	10072b10	direct
10071ba0	10430fa0	direct
10074160	10074070	direct
10074160	10074090	direct
10074160	10074110	direct
10074160	10076b30	direct
100741f0	10074110	direct
100741f0	100742b0	direct
100741f0	10075e70	direct
100741f0	10075f10	direct
100741f0	10075f30	direct
100742b0	10074070	direct
100742b0	10074110	direct
100742b0	10074160	direct
100742b0	10075f30	direct
100742b0	1013bd20	direct
100745b0	100741f0	direct
100745d0	100741f0	direct
100745d0	10074a50	direct
10074610	100745b0	direct
10074610	100745d0	direct
10074610	10074a50	direct
100749a0	10074a50	direct
10076280	10075f30	direct
10076280	10078630	direct
10076b30	10075e70	direct
10076b30	10075f10	direct
10076b30	10075f30	direct
10077450	10077430	direct
10077e80	10073b00	direct
10077e80	10077ac0	direct
10077e80	10077af0	direct
10077f10	10075b70	direct
10077f10	10077ac0	direct
10077f10	10077e80	direct
10077f10	1013bd20	direct
1007a310	1007a2f0	direct
1007a340	1007a2f0	direct
1007a340	1007a310	direct
1007bef0	10075e70	direct
1007bef0	10075f10	direct
1007bef0	10075f30	direct
10081980	1007bef0	direct
10084b40	10081980	direct
10084b40	10082e40	direct
10084b40	100a9ab0	direct
1008bc50	10158af0	direct
1008bd30	1008bc50	direct
1008f540	100952d0	direct
1008f540	10427d90	direct
10090950	10090ef0	direct
10090950	10091310	direct
10090950	10091490	direct
10090950	100963d0	direct
10090950	101cd940	direct
10095be0	10095cb0	direct
10095cb0	100952d0	direct
10095cb0	100c4160	direct
10098830	10090ef0	direct
10098830	10091230	direct
10098830	10431320	direct
10098a90	1008b530	direct
10098a90	1009b640	direct
10098a90	1009b8a0	direct
10098a90	1009b980	direct
10098a90	1009ba60	direct
10098a90	1009bb40	direct
10098bb0	10026bd0	slot-candidate
10098bb0	10026bd0	virtual
10098bb0	1008f120	direct
10098bb0	10098830	direct
10098c80	10091880	direct
10098c80	10098cd0	direct
10098cd0	1008cfc0	direct
10098cd0	1008d990	direct
10098cd0	10091230	direct
10098cd0	100ab4f0	direct
10098eb0	1008e770	direct
10098eb0	1008eb70	direct
10098eb0	100b17f0	virtual
10098eb0	100c2ce0	direct
10098eb0	100c32e0	direct
10098eb0	104312f0	direct
10099020	1008d990	direct
100990f0	10099020	slot-candidate
100990f0	10099470	slot-candidate
100991b0	1008dc40	direct
100991b0	100990f0	direct
100991b0	100994c0	slot-candidate
100991b0	10099540	slot-candidate
100991b0	1025d730	direct
10099250	10091080	direct
10099250	100991b0	direct
10099470	10098a40	slot-candidate
10099470	10098a40	virtual
100994c0	10098a40	slot-candidate
100994c0	10098a40	virtual
10099540	100994c0	slot-candidate
10099540	100994c0	virtual
10099570	100991b0	direct
10099570	100994c0	slot-candidate
10099570	100994c0	virtual
100995e0	100994c0	slot-candidate
100995e0	100994c0	virtual
10099690	1008dc40	direct
10099690	10092270	direct
10099690	100952d0	direct
10099690	100b4dc0	slot-candidate
10099690	100b4dc0	virtual
10099690	100c43e0	direct
1009b2c0	1009b1d0	direct
1009b380	1009b1d0	direct
1009b500	1009b440	direct
1009b5a0	1009b440	direct
1009c390	1009b980	direct
1009c390	10431c2f	direct
1009d820	101d5f10	direct
1009e430	100b2300	virtual
1009e430	100b2510	virtual
1009e430	100b3110	virtual
1009e430	100dc770	direct
1009e430	101a5a80	direct
1009e430	101bb4a0	virtual
1009e430	101d03e0	direct
1009e430	101d0630	direct
1009e430	10431320	direct
1009e430	1043136f	direct
1009e430	10431447	direct
1009e430	10431f30	direct
1009e430	1043e780	direct
1009ebb0	1009e430	virtual
1009eca0	1009e430	virtual
100a0670	100290c0	direct
100a0670	100a0990	direct
100a0670	100a0a10	direct
100a0670	100a0ae0	direct
100a0670	100ab4f0	direct
100a0670	100b2d00	slot-candidate
100a0670	100b3070	slot-candidate
100a0670	100b5340	direct
100a0670	1012c7a0	direct
100a0670	1012c840	direct
100a0670	10137ed0	direct
100a0670	101cf5c0	direct
100a0670	101d1530	direct
100a0670	101d15f0	direct
100a0670	1024cf80	direct
100a0670	1024da80	direct
100a4fe0	100cd660	direct
100a5030	100cd660	direct
100aa5a0	100b11d0	virtual
100ab450	101cd110	direct
100b4340	100b4320	direct
100b4b40	100b31b0	virtual
100b4bc0	100b3280	virtual
100b4be0	100b3110	virtual
100b4c00	100b4b40	virtual
100b4c30	10137fe0	direct
100b4c30	10430923	direct
100b4f30	100342c0	direct
100b4f30	100a53d0	direct
100b4f30	100a55b0	direct
100b4f30	100aac30	virtual
100b4f30	100b2300	virtual
100b4f30	100b2510	virtual
100b5040	1002ee60	direct
100b5040	10158520	direct
100b50a0	100274d0	virtual
100b50a0	10027570	virtual
100b50a0	100b5110	direct
100b5b60	100b5d10	direct
100b5ba0	10094520	direct
100b5ba0	100952d0	direct
100b5c20	100b5d10	direct
100b5c50	10094520	direct
100b5c50	100952d0	direct
100b5d10	10094520	direct
100b5d10	100946b0	direct
100b5d10	1043e780	direct
100b5d80	10075b70	direct
100b5d80	10430fa0	direct
100b5e60	10075b70	direct
100b5e60	10075c50	direct
100b5e60	10075e70	direct
100b5e60	100766d0	direct
100b5e60	10076b30	direct
100b5e60	10077f10	direct
100b5e60	1007a340	direct
100b5e60	1007dfa0	direct
100b5e60	1008f7b0	direct
100b5e60	10090ef0	direct
100b5e60	10091080	direct
100b5e60	100b1690	slot-candidate
100b5e60	100b1690	virtual
100b5e60	10430fa0	direct
100b6180	10075b70	direct
100b6180	10430fa0	direct
100b6250	10094520	direct
100b6250	100b5ba0	slot-candidate
100b6250	100b5ba0	virtual
100b6250	10105f30	slot-candidate
100b6250	10105f30	virtual
100b62a0	100b5d10	direct
100b62a0	100b7130	direct
100b62a0	10430fa0	direct
100b62a0	104312d5	direct
100b62a0	1043e780	direct
100b6480	10430964	direct
100b6480	10430fa0	direct
100b6850	1043e780	direct
100b6960	10074050	direct
100b6960	100740d0	direct
100b6960	10074610	direct
100b6960	100749a0	direct
100b6960	10074a00	direct
100b6960	10074a50	direct
100b6960	10076280	direct
100b6960	10077430	direct
100b6960	10077450	direct
100b6960	10077710	direct
100b6960	10077730	direct
100b6960	1007dfa0	direct
100b6960	100b5ba0	slot-candidate
100b6960	100b5ba0	virtual
100b6960	100b5c50	slot-candidate
100b6960	100b5c50	virtual
100b6960	100b5d10	direct
100b6cf0	100b5c50	slot-candidate
100b6cf0	100b5c50	virtual
100b6cf0	100b6850	direct
100b6cf0	100b68d0	direct
100b6cf0	100b6f10	direct
100b6cf0	100b6f80	direct
100b6cf0	1043e780	direct
100b7040	10076280	direct
100b7040	10076b30	direct
100b7040	10077f10	direct
100b7040	1007dfa0	direct
100b7040	10091080	direct
100b70e0	10076280	direct
100b70e0	1007dfa0	direct
100bf5b0	104320f7	direct
100bf6a0	10431641	direct
100c0e50	1013aab0	direct
100c1230	1013ad40	direct
100c1230	1013add0	direct
100c1230	1013af60	direct
100c12b0	1013ad40	direct
100c12b0	1013add0	direct
100c12b0	1013af60	direct
100c13a0	100c1230	direct
100c13a0	100c12b0	direct
100c13a0	100c17e0	direct
100c13a0	1013ab70	direct
100c17e0	100c1870	direct
100c1990	1013aab0	direct
100c1c60	10431320	direct
100c1c60	10432449	direct
100c1f40	100c1990	direct
100c1f40	100c1c60	direct
100c1f40	100c2420	direct
100c1f40	10430923	direct
100c1f40	10431320	direct
100c2420	100c0e50	direct
100c2420	100c1070	direct
100c2420	10431320	direct
100c25c0	100c13a0	direct
100c25c0	100c1f40	direct
100c25c0	100c80d0	direct
100c25c0	10137e40	direct
100c25c0	10137fe0	direct
100c25c0	10138630	direct
100c25c0	10138df0	direct
100c25c0	10139a90	direct
100c25c0	1013b090	direct
100c25c0	104312f0	direct
100c2ce0	100c1230	direct
100c2ce0	1013b390	direct
100c32e0	100c13a0	direct
100c32e0	100c25c0	direct
100c32e0	10430923	direct
100c3600	10138df0	direct
100c3600	10139b50	direct
100c3600	1013b090	direct
100c4160	100c4340	direct
100c4160	10431320	direct
100c43e0	100c73b0	direct
100c43e0	10432449	direct
100c4a40	10241620	direct
100c4d50	100c4a40	direct
100c4d50	100c5020	direct
100c4d50	10139500	direct
100c5020	10137fe0	direct
100c5020	10138130	direct
100c5020	10240cb0	direct
100c5400	100c1c60	direct
100c5400	100c7650	direct
100c57e0	10431320	direct
100c6020	100c5400	direct
100c6020	100c57e0	direct
100cd240	1013dce0	direct
100cd2d0	100cd240	direct
100cd300	1002ca10	direct
100cd300	100ab980	direct
100cd300	100cd240	direct
100cd300	100cd640	direct
100cd300	100cddf0	direct
100cd660	1002ca10	direct
100cd660	100cd300	direct
100cd660	100d0390	direct
100cddf0	100ce210	direct
100cddf0	10204270	direct
100cddf0	104312d5	direct
100cdf10	100ce210	direct
100cdf10	10204270	direct
100cdf10	104312d5	direct
100ce040	1002ca10	direct
100ce040	100cdf10	direct
100ce040	100d0390	direct
100ce450	100ce810	direct
100ce630	100ce210	direct
100d1210	1013dce0	direct
100d13d0	100d1210	direct
100dbc60	10430fa0	direct
100dc480	100dc430	direct
100dc480	100dda20	direct
100dc480	100ddc40	direct
100dc580	100dc430	direct
100dc580	100dda20	direct
100dc580	100ddc40	direct
100dc770	100dda20	direct
100dc770	101371d0	direct
100dcd90	100b1690	slot-candidate
100dcd90	100b1750	slot-candidate
100dcd90	100b17f0	slot-candidate
100dcd90	1013c0e0	direct
100dd000	100b1690	slot-candidate
100dd000	100b1750	slot-candidate
100dd000	100b17f0	slot-candidate
100dd000	10137fe0	direct
100dd000	10138130	direct
100dd000	1013c8c0	direct
100dd990	100dda20	direct
100dda20	100ddd20	direct
100ddd20	100dbc60	direct
100ddd90	100ddbd0	direct
100ddd90	100ddc40	direct
100df850	100df7b0	direct
100df850	101d1070	direct
100df850	101d3730	direct
100dfaf0	100df850	direct
100e0a40	10182c40	direct
100e0f90	1002cbd0	direct
100e0f90	10032b00	direct
100e0f90	1019ce00	direct
100e0f90	1019cf50	direct
100e0f90	1019d040	direct
100e1220	1002cbd0	direct
100e1220	10032b00	direct
100e1220	1019ce00	direct
100e1220	1019cf50	direct
100e1220	1019d040	direct
100e13d0	1002cbd0	direct
100e13d0	10032b00	direct
100e13d0	1019ce00	direct
100e13d0	1019cf50	direct
100e13d0	1019d040	direct
100e1880	100e1680	direct
100e4780	100e4bd0	direct
100e4780	100e5240	direct
100e4780	100e5c70	direct
100e4840	100dfaf0	direct
100e49b0	10092550	direct
100e49b0	101d26b0	direct
100e4bd0	100290c0	direct
100e4bd0	1002cbd0	direct
100e4bd0	10032b00	direct
100e4bd0	100dfaf0	direct
100e4bd0	100e4840	direct
100e4bd0	100e49b0	direct
100e4bd0	100e4f30	direct
100e4bd0	100e5240	direct
100e4bd0	100e58e0	direct
100e4bd0	100e7da0	direct
100e4bd0	100e8b90	direct
100e4bd0	1019ce00	direct
100e4bd0	1019cf50	direct
100e4bd0	1019d040	direct
100e4bd0	102c0aa0	direct
100e4bd0	102c0bb0	direct
100e4ef0	100e4f30	direct
100e4f30	100dfaf0	direct
100e4f30	100e8e60	direct
100e4f30	100e8ef0	direct
100e4f30	100ea2d0	direct
100e5240	100ab4f0	direct
100e5240	100dfaf0	direct
100e5240	100e0f90	direct
100e5240	100e4ef0	direct
100e5240	100e5770	direct
100e5240	100e5c70	direct
100e5240	100e7310	direct
100e5240	102c0360	direct
100e5770	100e7c20	direct
100e5770	10430964	direct
100e58e0	1002cbd0	direct
100e58e0	10032b00	direct
100e58e0	100dfaf0	direct
100e58e0	100e0a40	direct
100e58e0	100e1220	direct
100e58e0	100e13d0	direct
100e58e0	100e1880	direct
100e58e0	100e58b0	direct
100e58e0	100e5d00	direct
100e58e0	1019ce00	direct
100e58e0	1019cf50	direct
100e58e0	1019d040	direct
100e58e0	102c0470	direct
100e5c70	100e4f30	direct
100e5d00	1002cbd0	direct
100e5d00	10032b00	direct
100e5d00	1019ce00	direct
100e5d00	1019cf50	direct
100e5d00	1019d040	direct
100e7310	10433464	direct
100e7c20	10430964	direct
100e7da0	100e8100	direct
100e7da0	100e82d0	direct
100e7da0	100e8520	direct
100e7da0	100e8ef0	direct
100e8100	100df030	direct
100e8100	100e1580	direct
100e8100	100e4f30	direct
100e8100	100e5690	direct
100e8100	100e65d0	direct
100e8100	100e7d10	direct
100e8100	100e8060	direct
100e8100	10336920	direct
100e82d0	100df010	direct
100e82d0	100df240	direct
100e82d0	100dfaf0	direct
100e82d0	100e8980	direct
100e82d0	10432abe	direct
100e8520	100df030	direct
100e8520	100df120	direct
100e8520	100df1b0	direct
100e8520	100df240	direct
100e8520	100e1580	direct
100e8520	100e1880	direct
100e8520	100e5690	direct
100e8520	100e65d0	direct
100e8520	100e7d10	direct
100e8520	100e84e0	direct
100e8520	100e8fc0	direct
100e8520	100e94e0	direct
100e8520	100ea5e0	direct
100e8520	10336920	direct
100e8b90	10200610	direct
100e8b90	102008e0	direct
100e8b90	10200ca0	direct
100e8b90	1033e0a0	direct
100e8b90	10430923	direct
100e8e60	100e8ef0	direct
100e8e60	10230ed0	direct
100e8ef0	10204270	direct
100ea2d0	10432bab	direct
100ec2e0	10106a40	direct
100ec2e0	10106f90	direct
100ec360	10106a40	direct
100ec360	10106f90	direct
100ec640	1008f7b0	direct
100ec640	100952d0	direct
100ec640	100ec410	direct
100ec640	100ecb10	direct
100ec640	100ecc10	direct
100ec640	100ed2c0	direct
100ec640	100ed460	direct
100ec640	100ed4d0	direct
100ec640	100ed500	direct
100ec640	101d1240	direct
100ec640	101d3730	direct
100ec640	10430fa0	direct
100ecb10	1008dd30	direct
100ecc10	100ed2c0	direct
100ed150	1008f7b0	direct
100ed150	100ab4f0	direct
100ed150	100ecc10	direct
100ed150	100ed2c0	direct
100ed150	101d3730	direct
100ed460	10430fa0	direct
100ee950	100290c0	direct
100eec70	100ee950	direct
100eec70	100eef10	direct
100eec70	10224100	direct
100eef10	1017f770	direct
100eef10	101cd9e0	direct
100f6bb0	10430fa0	direct
100f6d80	100f9940	direct
100f6d80	10430fa0	direct
100f6e40	10430fa0	direct
100f7380	100f7060	direct
100f7380	10432740	direct
100f7380	1043e780	direct
100f7460	100ab250	direct
100f7460	101618a0	direct
100f7460	10172710	direct
100f7460	101cd9e0	direct
100f7460	101d1800	direct
100f7460	1043e780	direct
100f7770	100f7060	direct
100f7770	100f7460	direct
100f7770	10432740	direct
100f7770	1043e780	direct
100f79b0	100f7060	direct
100f79b0	10138130	direct
100f79b0	1023fd00	direct
100f7b20	100f7770	direct
100f7c30	100f7770	direct
100f7d50	100f7380	direct
100f7f20	100f7380	direct
100f7f20	100f7770	direct
100f7fe0	100f7b20	direct
100f7fe0	100f7d50	direct
100f81f0	100f7060	direct
100f81f0	10137220	direct
100f81f0	1043e780	direct
100f8370	100f7060	direct
100f8420	100b5190	direct
100f8420	100f7060	direct
100f8490	100f8370	direct
100f8580	100f8420	direct
100faf60	10090580	slot-candidate
100fb1f0	10026a10	slot-candidate
100fb1f0	1009ee80	direct
100fb1f0	100a0670	direct
100fb1f0	100aad70	slot-candidate
100fb1f0	1042bff0	direct
100fb980	100ab4f0	direct
100fba40	100ab4f0	direct
100fbac0	100fb980	direct
100fbac0	100fba40	direct
100fbaf0	100ac4e0	direct
100fbb40	100ac4e0	direct
100fbbb0	100ac4e0	direct
100fbc90	100a9ab0	direct
100fbc90	100ac4e0	direct
100fbc90	101d1280	direct
100fbc90	1042bff0	direct
10105090	10104ff0	direct
10105090	1024b830	direct
10105270	1024b400	direct
101053a0	100952d0	direct
101053a0	100ab4f0	direct
101053a0	100b62a0	direct
101053a0	100b68d0	direct
101053a0	100b6f10	direct
101053a0	100b6f80	direct
101053a0	10105830	direct
101053a0	10106a40	direct
101053a0	10107550	direct
101053a0	1024b5e0	direct
101053a0	10430fa0	direct
101053a0	104329c0	direct
10105870	10105270	direct
10105f30	10075b70	direct
10105f30	10075f30	direct
10105f30	100b6960	virtual
10106050	10076280	direct
10106050	1007dfa0	direct
10106050	100952d0	direct
10106050	101051b0	direct
10106050	10105a60	direct
10106050	10105e20	direct
10106050	10106e20	direct
10106050	10107480	direct
10106050	102c0aa0	direct
10106050	10430fa0	direct
10106580	101063a0	direct
10106580	101067e0	direct
10106580	101f1d80	direct
101067e0	10106a40	direct
101067e0	101074c0	direct
101067e0	10430fa0	direct
10106a40	100952d0	direct
10106a40	10105870	direct
10106b30	100952d0	direct
10106b30	100b6510	direct
10106c40	100952d0	direct
10106c40	100ab4f0	direct
10106c40	100b1690	virtual
10106c40	100b6480	direct
10106c40	101053a0	direct
10106c40	10106b30	direct
10106f90	10104ff0	direct
101072b0	101067e0	direct
101072b0	10107120	virtual
101073c0	10105090	direct
101075e0	101d3190	direct
1010e530	10431351	direct
10116970	1019ce00	direct
10116970	1019d280	direct
101193b0	10119390	direct
101193b0	101cd9e0	direct
10119750	10119940	direct
10119750	1011d6a0	direct
10119750	10430fa0	direct
10119750	104329c0	direct
10129870	100b1d10	direct
10129870	100b2e30	direct
10129870	101371d0	direct
10129870	10137220	direct
10129dc0	100ab250	direct
10129dc0	100b1d10	direct
10129dc0	100b2e30	direct
10129dc0	100b2f50	direct
10129dc0	100b3070	slot-candidate
10129dc0	10129870	direct
10129dc0	1012b080	direct
10129dc0	10136580	direct
10129dc0	10137220	direct
10129dc0	101cf600	direct
10129dc0	101d1800	direct
10129dc0	10430b64	direct
1012a1d0	1009edc0	direct
1012a1d0	100aaa40	direct
1012a1d0	100b2be0	slot-candidate
1012a1d0	100b2e30	direct
1012a1d0	100b2f50	direct
1012a1d0	100b3b00	direct
1012a1d0	100dc480	direct
1012a1d0	10129870	direct
1012a6e0	1012a1d0	direct
1012a6e0	1012b080	direct
1012a6e0	10136580	direct
1012a6e0	10430b64	direct
1012b080	100aaa40	direct
1012b080	100ac4e0	direct
1012b080	100dc480	direct
1012b080	100dc580	direct
1012b080	101cf390	direct
1012c840	1012c6c0	direct
1012c840	1012c7f0	direct
101364e0	100cd260	direct
101364e0	100cd660	direct
101364e0	100ce040	direct
101364e0	101cd940	direct
10137e40	10137ed0	direct
10137e40	10138720	direct
10137e40	1013b390	direct
10138630	10138600	direct
10138a90	10137220	direct
10138df0	10138600	direct
10139970	101371d0	direct
10139b50	10138760	direct
10139b50	10139b90	direct
1013aab0	1013a9f0	direct
1013aab0	1013ab00	direct
1013ab70	1013a9f0	direct
1013ab70	1013abc0	direct
1013abc0	10432520	direct
1013add0	104325f0	direct
1013af60	1013a9f0	direct
1013b090	1013b0d0	direct
1013bd20	1013b610	direct
1013c0e0	10137fe0	direct
1013cb80	1013c940	direct
1013d450	10431320	direct
1013dbb0	104320f7	direct
1013dc40	1013dc60	direct
1013dc60	1013dbb0	direct
10142aa0	10142b80	direct
10142af0	10142b80	direct
10142af0	101d2c70	direct
10142b80	1002cbd0	direct
10142b80	1019ce00	direct
10142b80	1019d040	direct
10142e90	1002cbd0	direct
10142e90	100ab250	direct
10142e90	1019ce00	direct
10142e90	1019d040	direct
101434b0	1019ce00	direct
101434b0	1019cff0	direct
10143710	1002cbd0	direct
10143710	1019ce00	direct
10143710	1019d040	direct
10143920	1019ce00	direct
10143920	1019d040	direct
10143b70	10142e90	direct
10143d80	10142e90	direct
10144290	1002cbd0	direct
10144290	1019ce00	direct
10144290	1019d040	direct
10144790	1002cbd0	direct
10144790	1019ce00	direct
10144790	1019d040	direct
10144a30	1002cbd0	direct
10144a30	1019ce00	direct
10144a30	1019d040	direct
10144cd0	10144a30	direct
10144db0	1002cbd0	direct
10144db0	1019ce00	direct
10144db0	1019d040	direct
10146150	101371d0	direct
10146570	10142e90	direct
10146700	10431320	direct
10146a80	10200610	direct
10146a80	102012d0	direct
10146a80	10430923	direct
10146b20	100b31b0	slot-candidate
10146b20	101371d0	direct
10146b20	10146a80	direct
10146b20	101d5f10	direct
10146b20	10200610	direct
10146b20	102012d0	direct
10146b20	10430923	direct
10147710	100fbaf0	direct
10147710	100fbc90	direct
10147710	101cebc0	direct
10147710	101e8fe0	direct
10147710	10200610	direct
10147710	102012d0	direct
10147710	1033c6b0	direct
10147710	10430923	direct
10147960	10050d90	direct
1014ebd0	100f6d80	direct
1014f210	1008bb70	direct
1014f210	100ac4e0	direct
1014f210	10139b50	direct
1014f210	1014ebd0	direct
1014f970	10331cb0	virtual
1014f9a0	10331b30	virtual
10155010	100dc580	direct
10155010	100dd990	direct
10155380	1008dc40	direct
10155380	10260a50	direct
10155460	1008dc40	direct
101554a0	100952d0	direct
101554a0	100a6490	direct
101554a0	100aaa40	direct
101554a0	100aad70	slot-candidate
101554a0	100ac4e0	direct
101554a0	100ac610	direct
101554a0	100b17f0	slot-candidate
101554a0	100dc480	direct
101554a0	100dc580	direct
101554a0	10155010	direct
101554a0	101563b0	direct
101554a0	1019bfd0	direct
101554a0	1019c0b0	direct
101563b0	100a53d0	direct
101563b0	100b2300	slot-candidate
10157da0	10092b50	virtual
10157da0	100952d0	direct
10157da0	10097310	direct
10157da0	100a0bc0	slot-candidate
10157da0	100a9ab0	direct
10157da0	100b1d10	direct
10157da0	100b31b0	virtual
10157da0	100b3900	direct
10157da0	100ddd90	direct
10157da0	10138720	direct
10157da0	10138760	direct
10157da0	10155380	direct
10157da0	10155460	direct
10157da0	101554a0	direct
10157da0	10156ce0	direct
10157da0	101a8de0	slot-candidate
10157da0	1028e310	slot-candidate
10157da0	1034b140	slot-candidate
10157da0	1035dc30	slot-candidate
10157da0	103cb200	slot-candidate
10157da0	104312f0	direct
10158af0	10158ab0	direct
1015f9e0	10200610	direct
1015f9e0	102008e0	direct
1015f9e0	10207c40	direct
1015f9e0	10430923	direct
1015f9e0	10431320	direct
10160560	102517e0	direct
10160560	1032e7b0	direct
10160560	10346070	direct
101618e0	100ac4e0	direct
101618e0	100b1d10	direct
101618e0	100b2770	direct
101618e0	100b31b0	virtual
101618e0	100b3280	virtual
10161a70	10027470	virtual
10161a70	10095030	virtual
10161a70	10097310	direct
10161a70	1009f200	direct
10161a70	100aab10	virtual
10161a70	100b1690	slot-candidate
10161a70	100b3110	slot-candidate
10161a70	100b31b0	slot-candidate
10161a70	10136580	direct
10161a70	101618e0	direct
10161a70	101d1280	direct
10161a70	1043e780	direct
10161f10	100ac4e0	direct
101644f0	1008dc40	direct
101644f0	1008dd30	direct
101644f0	10090950	direct
101644f0	10091490	direct
101644f0	10099660	slot-candidate
101644f0	100b3640	direct
101644f0	100b3700	direct
101644f0	101371d0	direct
101644f0	1015fbb0	direct
101644f0	101a6460	slot-candidate
101644f0	101aa6f0	slot-candidate
101644f0	10271f70	slot-candidate
101644f0	102725d0	slot-candidate
101644f0	10295710	slot-candidate
101644f0	10295750	slot-candidate
101644f0	10324500	direct
101644f0	10327ec0	slot-candidate
101644f0	103690c0	slot-candidate
101644f0	103858b0	slot-candidate
101644f0	10394690	slot-candidate
101644f0	103c1cd0	slot-candidate
101644f0	103c3d80	slot-candidate
101671a0	100b3700	direct
101671a0	10146a80	direct
101671a0	101672d0	direct
101672d0	101800e0	direct
101672d0	10180100	direct
10167fd0	1009f200	direct
10167fd0	1032e7b0	direct
10167fd0	10336cd0	slot-candidate
10167fd0	1043e780	direct
101681a0	101618a0	direct
101681a0	10175180	direct
101681a0	1017cf90	direct
101681a0	1023bd00	direct
10170090	1002cbd0	direct
10170090	101618e0	direct
10170090	10161f10	direct
10170090	10167fd0	direct
10170090	10175180	direct
10170090	1017cef0	direct
10170090	1019ce00	direct
10170090	1019cf50	direct
10170090	1019d040	direct
10170090	101cd940	direct
10170090	10329560	direct
10170090	1033f6d0	direct
10172410	10139610	direct
10172410	10146570	direct
10172410	101d3190	direct
10172710	100f81f0	direct
10172710	10139610	direct
10172710	10172410	direct
10176520	10139610	direct
10176520	101764d0	direct
10176520	10176930	direct
10176930	10037300	direct
10176930	1003ff80	direct
10176930	1004f7a0	direct
10176930	1004f860	direct
10176930	1005f190	direct
10176930	1009f2c0	virtual
10176930	100b3700	direct
10176930	100b4dc0	virtual
10176930	101371d0	direct
10176930	10137220	direct
10176930	10139610	direct
10176930	10139970	direct
10176930	10146570	direct
10176930	101764d0	direct
10176930	101d3190	direct
10176930	10299da0	slot-candidate
10176930	10333340	slot-candidate
10176930	10372b70	slot-candidate
10176930	10388bb0	slot-candidate
10176930	103a01b0	slot-candidate
10176930	103a2930	slot-candidate
10176930	103a48b0	slot-candidate
10176930	103dd880	slot-candidate
1017a2b0	101ed130	direct
1017a2b0	10430923	direct
1017b330	101ed130	direct
1017b330	10200610	direct
1017b330	10200fc0	direct
1017b330	1021fee0	direct
1017b330	10430923	direct
1017c600	10323cc0	direct
1017c600	10324080	direct
1017c6d0	1002ca10	direct
1017cef0	1017cf90	direct
1017cef0	101cd940	direct
1017d630	1017d900	direct
1017d680	1017d900	direct
1017ddd0	1042fd40	direct
1017df50	1017deb0	direct
1017df50	10246160	direct
1017e150	1017deb0	direct
1017e150	101841f0	direct
1017e150	10184220	direct
1017e150	10246160	direct
1017e150	1042fc90	direct
1017e150	1042fd40	direct
1017e6f0	10246160	direct
1017e760	1017df50	direct
1017e760	101d3730	direct
1017e840	1017df50	direct
1017ed00	1017f8b0	direct
1017f2a0	100ab4f0	direct
1017f2a0	1017ed00	direct
1017f2a0	101cebc0	direct
1017f2a0	1023bd00	direct
1017f4a0	100ab4f0	direct
1017f4a0	1017ed00	direct
1017f4a0	1022dea0	direct
1017f4a0	1023bd00	direct
1017f650	1017f980	direct
1017f650	103705e0	direct
1017f6e0	1017f9c0	direct
1017f6e0	10370630	direct
1017f7b0	1017fa40	direct
1017f830	1017fa70	direct
1017f900	100cd660	direct
1017f900	101cebc0	direct
1017f900	1023dcd0	direct
1017f900	10370650	direct
1017f980	100cd660	direct
1017f980	1023dcd0	direct
1017f9c0	100cd660	direct
1017f9c0	1017f900	direct
1017f9c0	1023dcd0	direct
1017fa40	100cd660	direct
1017fa40	1023dcd0	direct
1017fa70	100cd660	direct
1017fa70	1023dcd0	direct
1017fd60	10185910	direct
1017fd60	10430fa0	direct
1017ff40	100b31b0	slot-candidate
1017ff40	101371d0	direct
10181680	100b3580	direct
10181680	102cc350	slot-candidate
101828b0	100952d0	direct
101828b0	100b5190	direct
101828b0	10182a90	direct
10182a90	101e9000	direct
10182a90	1029c970	direct
10182a90	1029c9f0	direct
10182a90	1029ca30	direct
10182a90	10431320	direct
10182dd0	10204100	direct
10182e00	1015d680	direct
10182e00	101d4ef0	direct
10182e00	10207c40	direct
10182e00	10256220	direct
10182e00	10256250	direct
10182e00	10336920	direct
10183120	100ce450	direct
10183120	100ce600	direct
10183120	100ce630	direct
10183120	10200610	direct
10183120	102012d0	direct
10183120	10230f00	direct
10183120	10430923	direct
10183880	10200610	direct
10183880	10430923	direct
1018e2a0	100ac4e0	direct
1018e790	100976e0	direct
1018e790	100a9ab0	direct
1018e790	100b15f0	slot-candidate
1018e790	1018e2a0	direct
1018e790	1018e910	direct
1018e790	101d1280	direct
1018e790	1042bff0	direct
1018e790	10430b64	direct
1018e910	100f7380	direct
1018e910	1018e2a0	direct
1018e910	101cd940	direct
1018e910	10430b64	direct
1018eab0	100f7380	direct
1018eab0	10430b64	direct
1018eb50	100f7380	direct
1018eb50	10430b64	direct
1018ec20	100f7380	direct
1018ec20	10430b64	direct
1018ecf0	100f7380	direct
1018ecf0	10139610	direct
1018ecf0	101cf5c0	direct
1018ecf0	10430b64	direct
1018f690	100ab4f0	direct
10190e50	100952d0	direct
10190e50	100a9ab0	direct
10190e50	100b15f0	slot-candidate
10190e50	10191170	direct
10190e50	101cd940	direct
10190e50	101d1280	direct
10191170	1009d380	slot-candidate
10191170	1009ee80	direct
10191170	100a0670	direct
10191170	100aab10	slot-candidate
10191170	100aad70	slot-candidate
10191170	100ab4f0	direct
10191170	100b3b00	direct
10191170	101cd940	direct
10191ac0	10191cc0	direct
10191ac0	10194330	direct
10191ac0	101945f0	direct
10191ac0	10194750	direct
10191ac0	10194780	direct
10191ac0	101948c0	direct
10191ac0	1042bff0	direct
10191cc0	10194da0	direct
10191cc0	10430fa0	direct
10191cc0	1043e780	direct
101948c0	10194d20	direct
101948c0	10194e40	direct
101948c0	10194f30	direct
101948c0	10195160	direct
10194f30	10194d20	direct
10195160	10194d20	direct
1019c0b0	1019c330	direct
1019c0b0	1019c6f0	direct
1019c330	100c1e20	direct
1019c330	100c6520	direct
1019c330	10138720	direct
1019c330	10139a90	direct
1019c330	10158c00	direct
1019c330	1043e780	direct
1019c6f0	100c2f30	direct
1019c6f0	10138460	direct
1019ce00	1019ced0	direct
1019cff0	1019d040	direct
1019cff0	101cd9e0	direct
1019d040	100eb280	direct
1019d040	10430fa0	direct
1019d130	10430fa0	direct
1019d1c0	1019d040	direct
1019d1c0	101cd9e0	direct
1019d210	1019cff0	direct
1019d210	1019d1c0	direct
1019d280	1019cff0	direct
1019d280	1019d1c0	direct
1019d4b0	10027610	slot-candidate
1019d4b0	10027630	slot-candidate
1019d4b0	10037300	direct
1019d4b0	100ab250	direct
1019d4b0	101371d0	direct
1019d4b0	1019d130	direct
101a5a80	101d03e0	direct
101a5a80	101d0630	direct
101a5a80	1042bff0	direct
101a5a80	1043136f	direct
101a5a80	10431447	direct
101a5a80	1043e780	direct
101a6440	100ac720	direct
101a6460	100ac720	direct
101a6480	100ac720	direct
101a64a0	100ac720	direct
101a65a0	102827f0	slot-candidate
101a65a0	102827f0	virtual
101a65a0	102a1910	slot-candidate
101a65a0	10358330	slot-candidate
101a65a0	1035d1b0	slot-candidate
101a65a0	1035f650	slot-candidate
101a65a0	103611a0	slot-candidate
101a65a0	103645a0	slot-candidate
101a65a0	1036b750	slot-candidate
101a65a0	10371b70	slot-candidate
101a65a0	10374940	slot-candidate
101a65a0	10375f50	slot-candidate
101a65a0	103790d0	slot-candidate
101a65a0	1037b8b0	slot-candidate
101a65a0	103805d0	slot-candidate
101a65a0	103847f0	slot-candidate
101a65a0	1038c390	slot-candidate
101a65a0	10392d80	slot-candidate
101a65a0	1039c4c0	slot-candidate
101a65a0	103a5650	slot-candidate
101a65a0	103a78c0	slot-candidate
101a65a0	103ac740	slot-candidate
101a65a0	103aec70	slot-candidate
101a65a0	103b36d0	slot-candidate
101a65a0	103ba7c0	slot-candidate
101a65a0	103c1820	slot-candidate
101a65a0	103c35d0	slot-candidate
101a65a0	103c5ac0	slot-candidate
101a65a0	103ccda0	slot-candidate
101a65a0	103dfd80	slot-candidate
101a65e0	10288780	slot-candidate
101a65e0	10288780	virtual
101a65e0	102aacf0	slot-candidate
101a65e0	103587b0	slot-candidate
101a65e0	1035d8b0	slot-candidate
101a65e0	1035f940	slot-candidate
101a65e0	103612e0	slot-candidate
101a65e0	103652b0	slot-candidate
101a65e0	1036bfc0	slot-candidate
101a65e0	10374a20	slot-candidate
101a65e0	103793e0	slot-candidate
101a65e0	1037b9f0	slot-candidate
101a65e0	10380cb0	slot-candidate
101a65e0	10384ab0	slot-candidate
101a65e0	1038d130	slot-candidate
101a65e0	10393930	slot-candidate
101a65e0	1039d750	slot-candidate
101a65e0	103a8990	slot-candidate
101a65e0	103af780	slot-candidate
101a65e0	103b38a0	slot-candidate
101a65e0	103bb1e0	slot-candidate
101a65e0	103c3870	slot-candidate
101a65e0	103c5f40	slot-candidate
101a65e0	103cdfb0	slot-candidate
101a65e0	103e01d0	slot-candidate
101a6620	101a6d00	slot-candidate
101a6620	101a6d00	virtual
101a6620	101aa790	slot-candidate
101a6620	102ea280	direct
101a6620	10357370	slot-candidate
101a6620	10359f00	slot-candidate
101a6620	1035ad70	slot-candidate
101a6620	1035b560	slot-candidate
101a6620	1035c1b0	slot-candidate
101a6620	1035c230	slot-candidate
101a6620	1035ec10	slot-candidate
101a6620	103603d0	slot-candidate
101a6620	10362c50	slot-candidate
101a6620	10366c70	slot-candidate
101a6620	10367870	slot-candidate
101a6620	103683b0	slot-candidate
101a6620	1036a1b0	slot-candidate
101a6620	1036eab0	slot-candidate
101a6620	1036f2b0	slot-candidate
101a6620	1036fb10	slot-candidate
101a6620	10370930	slot-candidate
101a6620	10373530	slot-candidate
101a6620	103750e0	slot-candidate
101a6620	10375240	slot-candidate
101a6620	10377070	slot-candidate
101a6620	10377b20	slot-candidate
101a6620	1037afb0	slot-candidate
101a6620	1037c660	slot-candidate
101a6620	1037e830	slot-candidate
101a6620	10384060	slot-candidate
101a6620	10386ae0	slot-candidate
101a6620	10387710	slot-candidate
101a6620	10388060	slot-candidate
101a6620	10388de0	slot-candidate
101a6620	10389560	slot-candidate
101a6620	10389db0	slot-candidate
101a6620	10391070	slot-candidate
101a6620	1039b090	slot-candidate
101a6620	1039f600	slot-candidate
101a6620	103a14a0	slot-candidate
101a6620	103a1e00	slot-candidate
101a6620	103a42e0	slot-candidate
101a6620	103a50a0	slot-candidate
101a6620	103a5ca0	slot-candidate
101a6620	103abba0	slot-candidate
101a6620	103ae4b0	slot-candidate
101a6620	103b1c20	slot-candidate
101a6620	103b28b0	slot-candidate
101a6620	103b2f70	slot-candidate
101a6620	103b3b20	slot-candidate
101a6620	103b5330	slot-candidate
101a6620	103b5ad0	slot-candidate
101a6620	103b6e50	slot-candidate
101a6620	103c1300	slot-candidate
101a6620	103c30e0	slot-candidate
101a6620	103c77b0	slot-candidate
101a6620	103ca750	slot-candidate
101a6620	103dc750	slot-candidate
101a6620	103dd050	slot-candidate
101a6620	103de2b0	slot-candidate
101a6640	101a6d00	slot-candidate
101a6640	101a6d00	virtual
101a6640	101aa790	slot-candidate
101a6640	102ea280	direct
101a6640	10357370	slot-candidate
101a6640	10359f00	slot-candidate
101a6640	1035ad70	slot-candidate
101a6640	1035b560	slot-candidate
101a6640	1035c1b0	slot-candidate
101a6640	1035c230	slot-candidate
101a6640	1035ec10	slot-candidate
101a6640	103603d0	slot-candidate
101a6640	10362c50	slot-candidate
101a6640	10366c70	slot-candidate
101a6640	10367870	slot-candidate
101a6640	103683b0	slot-candidate
101a6640	1036a1b0	slot-candidate
101a6640	1036eab0	slot-candidate
101a6640	1036f2b0	slot-candidate
101a6640	1036fb10	slot-candidate
101a6640	10370930	slot-candidate
101a6640	10373530	slot-candidate
101a6640	103750e0	slot-candidate
101a6640	10375240	slot-candidate
101a6640	10377070	slot-candidate
101a6640	10377b20	slot-candidate
101a6640	1037afb0	slot-candidate
101a6640	1037c660	slot-candidate
101a6640	1037e830	slot-candidate
101a6640	10384060	slot-candidate
101a6640	10386ae0	slot-candidate
101a6640	10387710	slot-candidate
101a6640	10388060	slot-candidate
101a6640	10388de0	slot-candidate
101a6640	10389560	slot-candidate
101a6640	10389db0	slot-candidate
101a6640	10391070	slot-candidate
101a6640	1039b090	slot-candidate
101a6640	1039f600	slot-candidate
101a6640	103a14a0	slot-candidate
101a6640	103a1e00	slot-candidate
101a6640	103a42e0	slot-candidate
101a6640	103a50a0	slot-candidate
101a6640	103a5ca0	slot-candidate
101a6640	103abba0	slot-candidate
101a6640	103ae4b0	slot-candidate
101a6640	103b1c20	slot-candidate
101a6640	103b28b0	slot-candidate
101a6640	103b2f70	slot-candidate
101a6640	103b3b20	slot-candidate
101a6640	103b5330	slot-candidate
101a6640	103b5ad0	slot-candidate
101a6640	103b6e50	slot-candidate
101a6640	103c1300	slot-candidate
101a6640	103c30e0	slot-candidate
101a6640	103c77b0	slot-candidate
101a6640	103ca750	slot-candidate
101a6640	103dc750	slot-candidate
101a6640	103dd050	slot-candidate
101a6640	103de2b0	slot-candidate
101a6840	100b4dc0	slot-candidate
101a6840	100b4dc0	virtual
101a6c00	102ea020	direct
101a6ce0	100b4dc0	slot-candidate
101a6ce0	100b4dc0	virtual
101a6d20	100b4320	direct
101a6d40	10331950	slot-candidate
101a6d40	10331950	virtual
101a6d70	10331a40	slot-candidate
101a6d70	10331a40	virtual
101a6e40	100aa7b0	direct
101a6e40	100cd2d0	direct
101a6e40	1027c820	direct
101a6f10	100aad70	slot-candidate
101a6f10	100aad70	virtual
101a6f10	100ac4e0	direct
101a6f10	100b3840	direct
101a6f10	100b3b00	direct
101a6f10	100dc480	direct
101a6f10	100dc580	direct
101a7140	101a7170	direct
101a7140	1027ca30	direct
101a7170	1027d170	direct
101a7170	1027f270	direct
101a7230	100cd660	direct
101a77a0	100ab4f0	direct
101a7880	10027470	slot-candidate
101a7880	10027470	virtual
101a7880	100274d0	virtual
101a7880	10027570	virtual
101a7880	100aac30	virtual
101a7880	100aacd0	virtual
101a7880	100ab4f0	direct
101a7880	100b2d00	virtual
101a7880	100b2f50	direct
101a7880	100b3070	slot-candidate
101a7880	100b3070	virtual
101a7880	100b3110	slot-candidate
101a7880	100b3110	virtual
101a7880	100b5190	direct
101a7880	101a6ec0	direct
101a7880	101a77a0	direct
101a7880	101a8cf0	direct
101a7880	1026d130	direct
101a7880	10279cc0	direct
101a7880	1027f270	direct
101a7880	102e0a80	direct
101a7880	102e0b40	direct
101a8130	100f7770	direct
101a8130	10430b64	direct
101a81a0	100cd660	direct
101a81a0	101a8130	direct
101a81a0	10273e80	direct
101a81a0	10280d30	direct
101a82d0	1008f7b0	direct
101a82d0	10090950	direct
101a82d0	100ab4f0	direct
101a82d0	101a6ec0	direct
101a82d0	101a8460	direct
101a8460	100ab4f0	direct
101a8460	100cd660	direct
101a8460	101a6ec0	direct
101a8460	101a82d0	slot-candidate
101a8460	101a8640	direct
101a8460	101a9510	slot-candidate
101a8460	10260dc0	slot-candidate
101a8460	1027f270	direct
101a8460	1028d910	slot-candidate
101a8640	100ac4e0	direct
101a8640	101a82d0	slot-candidate
101a8640	101a8840	slot-candidate
101a8640	101a9510	slot-candidate
101a8640	101a95d0	slot-candidate
101a8640	101a98c0	slot-candidate
101a8640	101aa5d0	slot-candidate
101a8640	1025f1a0	slot-candidate
101a8640	10260dc0	slot-candidate
101a8640	10279cc0	direct
101a8640	1027d170	direct
101a8640	1027f270	direct
101a8640	1028d910	slot-candidate
101a8840	10280d30	direct
101a8890	10007ea0	direct
101a8890	1026d130	direct
101a89a0	101a8930	direct
101a89a0	10269b50	direct
101a8ac0	100ab4f0	direct
101a8c30	100f7770	direct
101a8c30	101a7170	direct
101a8cf0	100f7770	direct
101a8cf0	1043e780	direct
101a8de0	100952d0	direct
101a8de0	100a0bc0	direct
101a8de0	100ab4f0	direct
101a8de0	100f7770	direct
101a8de0	100f7f20	direct
101a8de0	10428880	direct
101a9080	10027470	slot-candidate
101a9080	10027470	virtual
101a9080	100274d0	virtual
101a9080	10027570	virtual
101a9080	100aac30	virtual
101a9080	100aacd0	virtual
101a9080	100ab4f0	direct
101a9080	100b2d00	virtual
101a9080	100b2f50	direct
101a9080	100b3070	slot-candidate
101a9080	100b3070	virtual
101a9080	100b3110	slot-candidate
101a9080	100b3110	virtual
101a9080	100b3640	direct
101a9080	100b5190	direct
101a9080	101a77a0	direct
101a9080	1026d130	direct
101a9080	10279cc0	direct
101a9080	1027f270	direct
101a9080	10280de0	direct
101a9080	102e0a80	direct
101a9080	102e0b40	direct
101a9510	1008f7b0	direct
101a9510	10090950	direct
101a9510	100ab4f0	direct
101a9510	101a8460	direct
101a95d0	10280d30	direct
101a95d0	10280de0	direct
101a9730	101a6f10	direct
101a9790	100ab4f0	direct
101a9790	101a8840	slot-candidate
101a9790	101a95d0	slot-candidate
101a9790	101a98c0	slot-candidate
101a9790	101a98c0	virtual
101a9790	101aa5d0	slot-candidate
101a9790	1025f1a0	slot-candidate
101a9790	1026d130	direct
101a98c0	100ab4f0	direct
101a98c0	100f7f20	direct
101a98c0	10269a20	direct
101a98c0	1026e340	direct
101a98c0	10279a50	direct
101a98c0	102800c0	direct
101a98c0	102801e0	direct
101aa7d0	100b4320	direct
101aa7f0	10331950	slot-candidate
101aa7f0	10331950	virtual
101aa820	10331a40	slot-candidate
101aa820	10331a40	virtual
101aa950	101aaee0	slot-candidate
101aa950	101aaee0	virtual
101aa950	102c21c0	slot-candidate
101aa950	103417b0	slot-candidate
101aa950	103ad7b0	slot-candidate
101aa9c0	10090950	direct
101aa9c0	100aad70	slot-candidate
101aa9c0	100aad70	virtual
101aa9c0	100b3580	direct
101aa9c0	100b3840	direct
101aa9c0	100b3900	direct
101aa9c0	100dc480	direct
101aa9c0	100dc580	direct
101aa9c0	10298d30	direct
101aab90	1029a0b0	direct
101aabf0	1008dc40	direct
101aabf0	10090950	direct
101aabf0	10098bb0	slot-candidate
101aabf0	10098bb0	virtual
101aabf0	1025e4e0	slot-candidate
101aabf0	10272650	direct
101aabf0	102c1170	direct
101aabf0	102c1400	direct
101aade0	1026cdc0	direct
101aae60	10092550	direct
101aae60	100926e0	direct
101aae60	100b4b40	direct
101aaee0	100b5190	direct
101aaee0	102c1170	direct
101aaf80	100b4b40	slot-candidate
101aaf80	101aae60	slot-candidate
101aaf80	101aae60	virtual
101aaf80	10240250	direct
101aaf80	1025e8e0	slot-candidate
101ab060	100aa7b0	direct
101ab060	100cd2d0	direct
101ab060	1027c820	direct
101ab0e0	100aa7b0	direct
101ab0e0	100cd2d0	direct
101ab0e0	1027c820	direct
101ab1b0	100aa7b0	direct
101ab1b0	1028d610	direct
101aeb60	1002cca0	direct
101aeb60	1019ce00	direct
101aeb60	1019d280	direct
101aeb60	1019d4b0	direct
101aeb60	101af070	direct
101b0c10	1002cca0	direct
101b0c10	1019ce00	direct
101b0c10	1019d280	direct
101b0c10	1019d4b0	direct
101b0c10	101b0dc0	direct
101b0c10	101b19e0	direct
101b0d80	101b1040	direct
101b0dc0	10037300	direct
101b0dc0	101b33f0	direct
101b0dc0	101b3b90	direct
101b1040	101b33f0	direct
101b14d0	10037300	direct
101b14d0	100ab250	direct
101b14d0	101b33f0	direct
101b14d0	101b3b90	direct
101b19e0	101b4170	direct
101b2f60	101b30d0	direct
101b2f60	101b6120	direct
101b2f60	101b65e0	direct
101b2f60	101b6b90	direct
101b2f60	101b78f0	direct
101b2f60	1024b5e0	direct
101b3240	10071ae0	direct
101b3240	10071ba0	direct
101b33f0	1012f700	direct
101b33f0	101b2f60	direct
101b33f0	101b3240	direct
101b33f0	101b36f0	direct
101b33f0	101b3730	direct
101b33f0	1024b2d0	direct
101b33f0	1024b400	direct
101b33f0	1024b5e0	direct
101b33f0	1024b830	direct
101b33f0	10430923	direct
101b33f0	10431320	direct
101b4170	101b33f0	direct
101b9840	101cf250	direct
101b9860	101cf2f0	direct
101b9a50	100290c0	direct
101b9a50	1009d850	direct
101b9a50	100b5190	direct
101b9a50	10143710	direct
101b9a50	10144290	direct
101b9a50	10144a30	direct
101b9a50	10144db0	direct
101b9a50	101671a0	direct
101b9a50	101bea90	direct
101b9a50	101bf060	direct
101b9a50	101cca80	direct
101b9a50	101cd9e0	direct
101b9a50	101d3730	direct
101b9a50	102703f0	direct
101b9a50	10430923	direct
101babc0	101b9a50	direct
101babc0	101bab50	direct
101bac90	101b9a50	direct
101bac90	101bab50	direct
101bac90	10227a30	direct
101bac90	10431320	direct
101bb5b0	1000cb8a	direct
101bb5b0	100aa7b0	direct
101be710	101371d0	direct
101be710	101671a0	direct
101be710	101be930	direct
101be710	101bf060	direct
101be710	101d1120	direct
101be930	101e4f30	direct
101be930	101e56e0	direct
101be930	102517e0	direct
101be930	1032e7b0	direct
101be930	10430923	direct
101bea90	101e4f30	direct
101bea90	101e56e0	direct
101bea90	102517e0	direct
101bea90	1032e7b0	direct
101bea90	10430923	direct
101bef50	101beed0	direct
101bf060	1006caa0	direct
101bf060	1006cf30	direct
101bf060	1006cff0	direct
101bf060	101bef50	direct
101bf060	101e4f30	direct
101bf060	101e56e0	direct
101bf060	10430923	direct
101bf860	101bfd60	direct
101bf860	101c01c0	direct
101bf860	101c0240	direct
101bf860	1043e327	direct
101bfd60	101c01c0	direct
101bfd60	101c02d0	direct
101bfd60	101c03c0	direct
101bfd60	101c05f0	direct
101c03c0	101c01c0	direct
101c05f0	101c01c0	direct
101c0820	100b3b00	direct
101c0820	100dc480	direct
101c10d0	100b2e30	direct
101c10d0	100b2f50	direct
101c10d0	100b3070	slot-candidate
101c10d0	100b3070	virtual
101c10d0	100b3110	slot-candidate
101c10d0	100b3110	virtual
101c1480	1009e430	direct
101c1480	1043136f	direct
101c1480	1043e780	direct
101c1720	101c1790	direct
101c1720	101c19e0	direct
101c1790	100b2e30	direct
101c1790	100cd660	direct
101c1790	101cf5c0	direct
101c19e0	100b2f50	direct
101c19e0	100cd660	direct
101c2690	101c2910	direct
101c26d0	101c2910	direct
101c2910	101c2890	direct
101c2bc0	101c2910	direct
101c2c30	101c2bc0	direct
101c2c60	100a1250	direct
101c2c60	101c2c30	direct
101c2c60	101faa70	direct
101c2d20	100290c0	direct
101c2d20	101c2a10	direct
101c2d20	101c2a30	direct
101c2d20	101c2a90	direct
101c2d20	101c2ab0	direct
101c2d20	101c2ad0	direct
101c2d20	101c2af0	direct
101c2d20	101c2b10	direct
101c2d20	101c2b30	direct
101c2d20	101c2bc0	direct
101c2d20	101c2c60	direct
101c2d20	101faa70	direct
101c4dd0	100a53d0	direct
101c4dd0	100dc580	direct
101c7b80	100a0420	direct
101c7b80	10136580	direct
101c7b80	10170090	direct
101c7b80	101cd9e0	direct
101c7b80	1042bff0	direct
101cca80	101cc950	direct
101ccaf0	101cc950	direct
101ccc80	101ccb60	direct
101cccf0	101ccaf0	direct
101ccec0	101d3190	direct
101ccf50	101cd070	direct
101ccf50	101d3190	direct
101cd110	101ccf50	direct
101cd250	101cd110	direct
101cd8c0	100a0420	direct
101cd8c0	100f6bb0	direct
101cd8c0	101a7140	slot-candidate
101cd8c0	1027ca30	slot-candidate
101cd8c0	1028d6e0	slot-candidate
101cd8c0	10371a90	slot-candidate
101cd8c0	10391230	slot-candidate
101cd8c0	103a03a0	slot-candidate
101cd940	101cd8c0	direct
101cda50	101cd9e0	direct
101cdba0	10027160	slot-candidate
101cdba0	100b3700	direct
101cdba0	101371d0	direct
101cdba0	1019ce00	direct
101cdba0	1019cf50	direct
101cdba0	1019d040	direct
101cdba0	101cd9e0	direct
101cdba0	10357760	slot-candidate
101ce290	101cdfa0	direct
101ce290	101ce060	direct
101ce2e0	1019ce00	direct
101ce2e0	1019cf50	direct
101ce2e0	1019d040	direct
101ce3d0	101cd9e0	direct
101ce3d0	101ce2e0	direct
101ce620	1019ce00	direct
101ce620	1019cf50	direct
101ce620	1019d040	direct
101cebc0	1019ce00	direct
101cebc0	1019cf50	direct
101cebc0	1019d040	direct
101cecf0	1019ce00	direct
101cecf0	1019cf50	direct
101cecf0	1019d040	direct
101cee20	10139610	direct
101cee20	101ceef0	direct
101ceef0	10142e90	direct
101cf390	101cf3c0	direct
101cf3c0	1009edc0	direct
101cf5c0	100a53d0	direct
101cf600	100b3b00	direct
101cfb30	1019ce00	direct
101cfb30	1019d210	direct
101cfb30	101cf640	direct
101cfb30	101cf9b0	direct
101cfe10	101cf9b0	direct
101cfe10	101cfea0	direct
101cfef0	101af2d0	direct
101cfef0	101d0e90	direct
101cfef0	103300c0	direct
101cfef0	10330220	direct
101cfef0	1033c900	direct
101d0310	1043136f	direct
101d03e0	101d0310	direct
101d0570	10431447	direct
101d0630	101d0570	direct
101d0b70	1019ce00	direct
101d0b70	1019cff0	direct
101d0b70	101d08e0	direct
101d0ec0	10136580	direct
101d0ec0	101cd970	direct
101d0f10	101cf720	direct
101d0f10	101d3730	direct
101d1120	101371d0	direct
101d1280	100576a0	direct
101d1280	10057740	direct
101d1280	100a8060	direct
101d1280	100aaf30	direct
101d1280	100b3b00	direct
101d1280	1043e780	direct
101d1530	10092ef0	direct
101d1530	1024c630	direct
101d1530	1024cef0	direct
101d1530	1024ddf0	direct
101d15f0	1024c630	direct
101d15f0	1024cef0	direct
101d15f0	1024ddf0	direct
101d1800	101d1960	direct
101d1960	100b3700	direct
101d1a90	100b3700	direct
101d1a90	10430923	direct
101d2560	1019ce00	direct
101d2560	1019d210	direct
101d2640	10092550	direct
101d2640	101d26b0	direct
101d26b0	1019ce00	direct
101d26b0	1019d210	direct
101d2ce0	101371d0	direct
101d5bd0	1043e780	direct
101d5e80	101d3850	direct
101d5e80	10430923	direct
101d5f10	101d3850	direct
101d5f10	10337860	direct
101d5f10	10430923	direct
101d8670	101d96d0	direct
101d8720	101d88b0	direct
101d8720	10204900	direct
101d8720	10205380	direct
101d8770	101d88b0	direct
101d8770	10205380	direct
101d8820	101d88b0	direct
101d8820	10204900	direct
101d8820	10204ad0	direct
101d8820	10205380	direct
101d88b0	101e4f30	direct
101d88b0	101e5e10	direct
101d88b0	10430923	direct
101d8a70	101d8b40	direct
101d8b40	101d8670	direct
101d8b40	101d9190	direct
101d8b40	101d9610	direct
101d8b40	101d9640	direct
101d8b40	101d96a0	direct
101d8b40	101d9870	direct
101d8b40	101ec450	direct
101d8b40	101ec480	direct
101d8b40	101ec4b0	direct
101d8b40	10203dd0	direct
101d8b40	102043a0	direct
101d8b40	10431c2f	direct
101d9610	10203190	direct
101d9640	10202a10	direct
101d9640	10203190	direct
101d96a0	10202a10	direct
101d96a0	10203190	direct
101d96d0	10202a10	direct
101d96d0	10203190	direct
101d9870	101d9840	direct
101daad0	100b3700	direct
101daad0	101d5f10	direct
101daad0	101da980	direct
101daad0	10337860	direct
101daad0	10337ff0	direct
101daad0	103380d0	direct
101db410	101daad0	direct
101db430	101daf60	direct
101db430	101db870	direct
101db870	101db410	direct
101db870	101db430	direct
101db960	101da880	direct
101db960	101db5f0	direct
101dbc10	101daad0	direct
101dbc10	101db870	direct
101dbed0	1002cca0	direct
101dbed0	1009f200	direct
101dbed0	1019ce00	direct
101dbed0	1019d280	direct
101dbed0	1019d4b0	direct
101dbed0	101dbe10	direct
101dc0b0	101dbe10	direct
101dc120	101dbe10	direct
101dc120	101dc0b0	direct
101dc790	101dbed0	direct
101dc810	101dc120	direct
101dcb20	101dc1c0	direct
101dd090	10050c70	direct
101dd090	1009f200	direct
101dd090	100eb420	direct
101dd090	100fb1f0	direct
101dd090	100fbaf0	direct
101dd090	100fbc90	direct
101dd090	1015d680	direct
101dd090	101dc790	direct
101dd090	101e1720	direct
101dd3a0	101dc810	direct
101dd480	101dc1c0	direct
101dd480	101dcb20	direct
101dd620	10137220	direct
101dd620	10176520	direct
101dd620	101dc790	direct
101dd620	101ef540	direct
101dd620	101ef880	direct
101dd620	101ef900	direct
101dd620	101fa5b0	direct
101dd620	101fa680	direct
101dd620	1032e7b0	direct
101ddcd0	101e11c0	direct
101ddcd0	101e12f0	direct
101ddcd0	101e33c0	direct
101ddcd0	1033d460	direct
101ddec0	101dc1c0	direct
101ddec0	101dcb20	direct
101ddec0	101dda30	direct
101ddec0	101ddbe0	direct
101de2f0	1009f200	direct
101de2f0	101c26d0	direct
101de2f0	101fa5b0	direct
101de2f0	101fa680	direct
101de2f0	101fa8d0	direct
101de2f0	101fa960	direct
101de2f0	101fb3e0	direct
101de2f0	10200610	direct
101de2f0	102012d0	direct
101de2f0	10430923	direct
101de660	1008dc40	direct
101de660	10099250	direct
101de660	10106580	direct
101de660	1018e910	direct
101de660	101c26d0	direct
101de660	101dc790	direct
101de660	101dd090	direct
101de660	101dd3a0	direct
101de660	101ddaf0	direct
101de660	101ddcd0	direct
101de660	101de2f0	direct
101de660	101e11c0	direct
101de660	101e12a0	direct
101de660	101e1720	direct
101de660	101f9ff0	direct
101de660	101fa5b0	direct
101de660	101fa680	direct
101de660	101fa8d0	direct
101de660	101fa960	direct
101de660	10200610	direct
101de660	10200be0	direct
101de660	102012d0	direct
101de660	1029f370	direct
101de660	102ae750	direct
101de660	10323630	direct
101de660	10338cb0	direct
101de660	10338df0	direct
101de660	103392c0	direct
101de660	1033c6b0	direct
101de660	10344f80	direct
101de660	10430923	direct
101def10	10009601	direct
101def10	101dd3a0	direct
101def10	10273e80	direct
101def10	1028a150	direct
101def10	10323770	direct
101df260	101dda30	direct
101df260	101ddec0	direct
101dfb80	1009f200	direct
101dfb80	101dd090	direct
101dfc20	1009f200	direct
101dfc20	101bac90	direct
101dfc20	101ddaf0	direct
101dfc20	101de660	direct
101dfc20	101e11c0	direct
101dfc20	101e12a0	direct
101dfc20	101e1720	direct
101dfc20	101f9a00	direct
101dfc20	101f9ff0	direct
101dfc20	102c51a0	direct
101dfc20	102c5310	direct
101dfc20	1033cfb0	direct
101dfe20	101de660	direct
101dfe50	101de660	direct
101dfe80	101de660	direct
101dfe80	101def10	direct
101dfe80	101f9a40	direct
101dfe80	1033d380	direct
101e0410	101df260	direct
101e0410	10430923	direct
101e0520	101db960	direct
101e0520	101dcb20	direct
101e0520	101dd480	direct
101e0520	101e0040	direct
101e11c0	101e0520	direct
101e11c0	10430923	direct
101e12a0	101e1850	direct
101e12f0	1043e780	direct
101e1590	1043e780	direct
101e1720	101e12a0	direct
101e1a60	100952d0	direct
101e1a60	101371d0	direct
101e1a60	10146570	direct
101e1a60	101d3190	direct
101e1a60	101d5f10	direct
101e1a60	101da980	direct
101e1a60	101e1590	direct
101e1a60	101e1870	direct
101e1a60	102781a0	direct
101e1a60	102c1170	direct
101e1a60	1033d2f0	direct
101e28e0	101e22d0	direct
101e2990	100f79b0	direct
101e2990	101e1a60	direct
101e2990	101e28e0	direct
101e2990	101e48f0	direct
101e2990	101e49b0	direct
101e2990	101e4a00	direct
101e2990	103268e0	direct
101e2990	10430fa0	direct
101e2f50	1017df50	direct
101e2f50	1017e150	direct
101e2f50	101cebc0	direct
101e2f50	101cecf0	direct
101e2f50	101e2990	direct
101e2f50	101e3560	direct
101e2f50	101e3730	direct
101e2f50	101e48b0	direct
101e2f50	10200610	direct
101e2f50	10201100	direct
101e2f50	10227a30	direct
101e2f50	10430923	direct
101e2f50	10431c2f	direct
101e3310	101e12f0	direct
101e3310	101e2f50	direct
101e33c0	101e3560	direct
101e33c0	101e3730	direct
101e34c0	101e1250	direct
101e34c0	101e1a60	direct
101e34c0	101e22b0	direct
101e34c0	101e3730	direct
101e34c0	101e3be0	direct
101e3560	1019ce00	direct
101e3560	1019cf50	direct
101e3560	1019d040	direct
101e3560	101bac90	direct
101e3560	101dd090	direct
101e3560	101e12a0	direct
101e3560	1033c6b0	direct
101e3560	1033cfb0	direct
101e3560	1033d2f0	direct
101e3730	101dbc10	direct
101e3730	101dd4f0	direct
101e3730	101dd620	direct
101e3730	101dfb80	direct
101e3730	101e0410	direct
101e3730	101e12a0	direct
101e3730	101e1870	direct
101e3730	101e3850	direct
101e3730	101e3af0	direct
101e3730	1033d2f0	direct
101e3850	101dd090	direct
101e3850	101dfc20	direct
101e3850	101e0410	direct
101e3850	101e12a0	direct
101e3850	101e1870	direct
101e3910	101dfe20	direct
101e3910	101e0410	direct
101e3910	101e12a0	direct
101e3910	101e1870	direct
101e3a30	101dfe50	direct
101e3a30	101e0410	direct
101e3a30	101e12a0	direct
101e3a30	101e1870	direct
101e3a30	1033d380	direct
101e3a30	1033d410	direct
101e3af0	101dd3a0	direct
101e3af0	101dfe80	direct
101e3af0	101e0410	direct
101e3af0	101e12a0	direct
101e3af0	101e18c0	direct
101e3af0	1033d190	direct
101e3af0	1033d2f0	direct
101e3af0	1033d410	direct
101e3be0	101e1870	direct
101e3be0	101e3af0	direct
101e3c10	101e12f0	direct
101e3c10	101e3be0	direct
101e3c80	101e1870	direct
101e3c80	101e3af0	direct
101e3cf0	101e1870	direct
101e3cf0	101e3af0	direct
101e3d70	101e1870	direct
101e3d70	101e3af0	direct
101e3df0	101e1870	direct
101e3df0	101e3af0	direct
101e3e70	101e1590	direct
101e3e70	101e1870	direct
101e3e70	101e3910	direct
101e3e70	1033d380	direct
101e3e70	1033d410	direct
101e3ee0	101e1870	direct
101e3ee0	101e3a30	direct
101e3f50	101e1520	direct
101e3f50	101e1610	direct
101e3ff0	101e1520	direct
101e3ff0	101e1610	direct
101e3ff0	101e1870	direct
101e3ff0	101e3af0	direct
101e40b0	101e1520	direct
101e40b0	101e1610	direct
101e40b0	101e3af0	direct
101e4220	1017df50	direct
101e4220	101e12f0	direct
101e4220	10200610	direct
101e4220	102012d0	direct
101e4220	10430923	direct
101e45b0	101434b0	direct
101e45b0	101e44c0	direct
101e45b0	10200370	direct
101e45b0	10200610	direct
101e45b0	102012d0	direct
101e45b0	10430923	direct
101e49b0	10430fa0	direct
101e56e0	101f9bf0	direct
101e56e0	10200610	direct
101e56e0	102012d0	direct
101e56e0	10204c20	direct
101e56e0	10323210	direct
101e56e0	103232b0	direct
101e56e0	1032fab0	direct
101e56e0	10430923	direct
101e5b30	10200610	direct
101e5b30	102012d0	direct
101e5b30	10204c20	direct
101e5b30	10430923	direct
101e8430	10337f30	direct
101e8c90	1043e780	direct
101e90f0	101f9ff0	direct
101e9170	10200610	direct
101e9170	102012d0	direct
101e9170	10430923	direct
101e9290	10200610	direct
101e9290	102012d0	direct
101e9290	10430923	direct
101e9470	10337f30	direct
101ea0b0	101e9570	direct
101ea0b0	101e9f10	direct
101ea0b0	10430923	direct
101ef540	10027470	virtual
101ef540	1002cbd0	direct
101ef540	10032b00	direct
101ef540	100a9eb0	slot-candidate
101ef540	1019ce00	direct
101ef540	1019d280	direct
101ef540	1019d4b0	direct
101ef540	101fa700	direct
101ef540	102517e0	direct
101ef540	1032e7b0	direct
101ef900	100fbc90	direct
101ef900	10136580	direct
101f1aa0	101f0b50	direct
101f1aa0	101f18f0	direct
101f1aa0	10430923	direct
101f1be0	101f18f0	direct
101f1be0	10430964	direct
101f1be0	104312d5	direct
101f1c70	101f18f0	direct
101f1c70	10430964	direct
101f1da0	1006cba0	direct
101f1da0	1006cff0	direct
101f1da0	101f1d80	direct
101f1da0	102030a0	direct
101f1da0	10431c2f	direct
101f1f50	101f2090	direct
101f2090	101f2f70	direct
101f2180	1013dc60	direct
101f2180	101f1f50	direct
101f2180	101f2090	direct
101f2180	101f2360	direct
101f2180	101f2c60	direct
101f2180	101f2cd0	direct
101f2180	101f2f30	direct
101f2180	10431641	direct
101f2180	104320f7	direct
101f2360	101f2cf0	direct
101f2360	101f2f30	direct
101f2360	101f2f70	direct
101f2360	1043190e	direct
101f2360	104319a8	direct
101f2c60	10431641	direct
101f2e20	1013dc60	direct
101f2e20	101f1f50	direct
101f2e20	101f2180	direct
101f2e20	101f2ec0	direct
101f2e20	101f2f00	direct
101f2ec0	10430b64	direct
101f2f30	10247280	direct
101f39d0	10431f30	direct
101f39d0	1043e780	direct
101f3b00	101f4530	direct
101f42a0	101f39d0	direct
101f42d0	101f3b00	direct
101f4600	1009d6a0	direct
101f4600	1009d760	direct
101f4600	101cd9e0	direct
101f4600	101f42d0	direct
101f4600	101f4c80	direct
101f4600	10336920	direct
101f4600	10430923	direct
101f4600	10431c2f	direct
101f55a0	1009d5e0	direct
101f55a0	101d5f10	direct
101f55a0	101f42a0	direct
101f55a0	102517b0	direct
101f55a0	10430b64	direct
101f55a0	10431c2f	direct
101f55a0	1043e780	direct
101f5950	1002cca0	direct
101f5950	1009d5e0	direct
101f5950	1019ce00	direct
101f5950	1019d280	direct
101f5950	1019d4b0	direct
101f5950	101f4600	direct
101f5b60	1002cca0	direct
101f5b60	1009d5e0	direct
101f5b60	1019ce00	direct
101f5b60	1019d280	direct
101f5b60	1019d4b0	direct
101f5b60	101f4600	direct
101f6010	101f5950	direct
101f6010	101f5b60	direct
101f6910	102042a0	direct
101f6910	10205380	direct
101f6c50	10205430	direct
101f6e70	10205430	direct
101f75a0	101f6c50	direct
101f7690	101f6e70	direct
101f8480	101f7310	direct
101f8480	101f82d0	direct
101f8480	10430923	direct
101f8510	101f1c70	direct
101f8510	101f8480	direct
101f8510	101f9af0	direct
101f8620	10027470	virtual
101f8620	10050d90	direct
101f8620	1008dc40	direct
101f8620	10090890	direct
101f8620	10095030	virtual
101f8620	100952d0	direct
101f8620	1015d680	direct
101f8620	10161a70	direct
101f8620	101644f0	direct
101f8620	101cdba0	direct
101f8620	101ce290	direct
101f8620	101e1520	direct
101f8620	101e3560	direct
101f8620	101f1be0	direct
101f8620	101f8480	direct
101f8620	101f9a80	direct
101f8620	10200610	direct
101f8620	102008e0	direct
101f8620	102012d0	direct
101f8620	10227a30	direct
101f8620	10230260	direct
101f8620	102ca2a0	direct
101f8620	10323370	direct
101f8620	1032e7b0	direct
101f8620	10336920	direct
101f8620	1033c830	direct
101f8620	10430923	direct
101f8620	10431c2f	direct
101f8e20	101f1c70	direct
101f8e20	101f8480	direct
101f8e20	101f9af0	direct
101f8f30	10050d90	direct
101f8f30	1015d680	direct
101f8f30	10161a70	direct
101f8f30	101644f0	direct
101f8f30	101ce290	direct
101f8f30	101e1520	direct
101f8f30	101e40b0	direct
101f8f30	101f1be0	direct
101f8f30	101f8480	direct
101f8f30	101f9a80	direct
101f8f30	10200610	direct
101f8f30	102012d0	direct
101f8f30	10227a30	direct
101f8f30	10230260	direct
101f8f30	10246270	direct
101f8f30	103234a0	direct
101f8f30	1032e7b0	direct
101f8f30	1033c830	direct
101f8f30	10430923	direct
101f96b0	1019ce00	direct
101f96b0	1019cf50	direct
101f96b0	1019d040	direct
101f96b0	101f82d0	direct
101f96b0	101f8510	direct
101f96b0	101f8620	direct
101f9830	1019ce00	direct
101f9830	1019cf50	direct
101f9830	1019d040	direct
101f9830	101f82d0	direct
101f9830	101f8e20	direct
101f9830	101f8f30	direct
101f9a00	101f96b0	direct
101f9a40	101f9830	direct
101f9a80	1024f7b0	direct
101f9a80	1032e120	direct
101f9a80	10334c20	direct
101f9af0	1024f7b0	direct
101f9af0	1032e7b0	direct
101f9af0	10335470	direct
101f9af0	10335950	direct
101f9bf0	101f6910	direct
101f9bf0	101f69a0	direct
101f9bf0	101f75a0	direct
101f9bf0	101f8480	direct
101f9d60	101f6910	direct
101f9d60	101f75a0	direct
101f9d60	101f8480	direct
101f9df0	101f6910	direct
101f9df0	101f75a0	direct
101f9df0	101f8480	direct
101f9ff0	101f6910	direct
101f9ff0	101f7690	direct
101f9ff0	101f8480	direct
101fa5b0	10205380	direct
101fa960	10204250	direct
101fa960	10204900	direct
101fb7a0	101fb830	direct
101fb830	10430964	direct
101fdaf0	101fb7a0	direct
101fdaf0	101fd430	direct
101fdaf0	102056d0	direct
101fdda0	102030a0	direct
101ff010	101f9d60	direct
101ff010	10205730	direct
101ff060	101f9df0	direct
101ff060	10205730	direct
10200370	101fdaf0	direct
10200370	10430923	direct
102008e0	101fd940	direct
102008e0	10200370	direct
102008e0	102008b0	direct
102008e0	10202060	direct
10200a70	102008e0	direct
10200a70	102012d0	direct
10200b10	101ff060	direct
10200b10	10200370	direct
10200b10	102008b0	direct
10200b10	10202060	direct
10200be0	102008b0	direct
10200be0	10200b10	direct
10200ca0	102008b0	direct
10200d60	101fd940	direct
10200d60	101ff060	direct
10200d60	10200370	direct
10200d60	102008b0	direct
10200d60	10202060	direct
10200d60	10206140	direct
10200ea0	101fd940	direct
10200ea0	101ff010	direct
10200ea0	10200370	direct
10200ea0	102008b0	direct
10200ea0	10202060	direct
10200fc0	101fd940	direct
10200fc0	10200370	direct
10200fc0	102008b0	direct
10200fc0	102012d0	direct
10200fc0	10202060	direct
10200fc0	10206140	direct
10201100	10200fc0	direct
102012d0	101f9bf0	direct
102012d0	101ff010	direct
102012d0	101ff060	direct
102012d0	10200370	direct
102012d0	102008b0	direct
102012d0	10202060	direct
102013a0	101fdda0	direct
102013a0	10200370	direct
102013a0	102008b0	direct
102013a0	10200ca0	direct
10201470	101fdda0	direct
10201470	10200370	direct
10201470	102008b0	direct
10201470	102012d0	direct
10201540	102012d0	direct
102017b0	102012d0	direct
10201a40	101fdf40	direct
10201a40	10200370	direct
10201a40	10200ca0	direct
10201a40	102012d0	direct
10201a40	102013a0	direct
10201a40	10201470	direct
10201a40	10202060	direct
10201a40	10431c2f	direct
10201fa0	10201540	direct
10202a10	10202ac0	direct
102030a0	10202a10	direct
10203190	102029c0	direct
10203190	10430923	direct
10203240	102029c0	direct
10203240	10430923	direct
10203240	1043e780	direct
10203ed0	101bf860	direct
10204100	10200610	direct
10204100	102012d0	direct
10204100	10430923	direct
102043a0	101e4f30	direct
102043a0	101f1aa0	direct
102043a0	10200370	direct
102043a0	10202a10	direct
102043a0	10203240	direct
102043a0	10430923	direct
10204900	101e4f30	direct
10204900	101e56e0	direct
10204900	10200610	direct
10204900	102012d0	direct
10204900	10202780	direct
10204900	10204c20	direct
10204900	10430923	direct
10204ad0	101e4f30	direct
10204ad0	101e5b30	direct
10204ad0	10430923	direct
10204c60	10200370	direct
10204c60	10205840	direct
10205380	10204270	direct
102053a0	102042a0	direct
10205730	1006ca50	direct
10205730	1006cff0	direct
10205730	10204900	direct
10205730	10204c60	direct
10205730	10205380	direct
10205730	10205400	direct
10205840	1006c9d0	direct
10205840	1006cff0	direct
10205840	10204c60	direct
10205840	10205380	direct
10205840	10205400	direct
10205e60	10204250	direct
10205e60	10204900	direct
10205e60	10205730	direct
10206140	10205e60	direct
10206aa0	1015f9e0	direct
10206aa0	101ecae0	direct
10206aa0	101ecb10	direct
10206aa0	10206da0	direct
10206aa0	10207680	direct
10206aa0	1032e7b0	direct
10206aa0	10337860	direct
10206aa0	10337980	direct
10206aa0	10341510	direct
10206c30	101d5bd0	direct
10206c30	10206aa0	direct
10206da0	1017a2b0	direct
10206da0	1017b330	direct
10206da0	10181680	direct
10206da0	10182dd0	direct
10206da0	10182e00	direct
10206da0	10183880	direct
10206da0	101d4e70	direct
10206da0	101d4eb0	direct
10206da0	101d5e80	direct
10206da0	101f9a00	direct
10206da0	10200610	direct
10206da0	102008e0	direct
10206da0	10200ca0	direct
10206da0	102012d0	direct
10206da0	1032e7b0	direct
10206da0	10336920	direct
10206da0	10430923	direct
10207680	10183880	direct
10207680	101d5e80	direct
10207680	101f9a40	direct
10207680	10200610	direct
10207680	102008e0	direct
10207680	10200ca0	direct
10207680	10336920	direct
10207680	10430923	direct
10207c40	101d5e80	direct
10207c40	10337860	direct
10207c70	10181680	direct
10207c70	10182e00	direct
10207c70	101d4e70	direct
10207c70	101d4eb0	direct
10207c70	101d5f10	direct
10207c70	10200610	direct
10207c70	102012d0	direct
10207c70	1032e7b0	direct
10207c70	10336920	direct
10207c70	103409a0	virtual
10207c70	10430923	direct
10207dd0	10207c70	direct
10207df0	101d5f10	direct
10207df0	10337f30	direct
10207e60	101d4f20	direct
10207e60	10207c40	direct
1020a0a0	100a0420	direct
1020a0a0	100a9ab0	direct
1020a0a0	101cf390	direct
1020a0a0	101d1280	direct
1020a0a0	1042bff0	direct
1020cc60	100b3110	slot-candidate
1020cc60	100b31b0	slot-candidate
1020cc60	10139610	direct
1020cc60	101d1120	direct
1020cd00	1020cd30	direct
1020cd30	101371d0	direct
1020cd30	10146570	direct
1020cd30	10146a80	direct
1020cd30	101cd9e0	direct
1020cd30	101d1800	direct
1020cd30	101d3190	direct
1020cd30	1020cc60	direct
10217080	10430fa0	direct
1021e750	101ea0b0	direct
1021e750	101ecae0	direct
1021e750	101ecb10	direct
1021e750	101f9a00	direct
1021e7e0	101ea0b0	direct
1021e7e0	101ecae0	direct
1021e7e0	101ecb10	direct
1021e7e0	101f9a40	direct
1021fe50	1024f7b0	direct
1021fe50	10258620	direct
1021fe50	1032e120	direct
1021fe50	10334c20	direct
1021fee0	1024f7b0	direct
1021fee0	10335470	direct
1021fee0	10335950	direct
102271d0	100cd660	direct
10227a30	102271d0	direct
10227a30	10430fa0	direct
10228350	10431320	direct
1022dea0	100cd660	direct
1022dea0	10183880	direct
1022dea0	101c7b80	direct
1022dea0	101cebc0	direct
1022dea0	101d2850	direct
1022dea0	10200610	direct
1022dea0	10200d60	direct
1022dea0	10200ea0	direct
1022dea0	102012d0	direct
1022dea0	1023dcd0	direct
1022dea0	10337860	direct
1022dea0	10430923	direct
1022f4f0	101d8720	direct
1022f4f0	101d8a70	direct
1022f4f0	101e8430	direct
1022f4f0	101e8ec0	direct
1022f4f0	102053a0	direct
10230260	10335b80	direct
10230880	1024b5e0	direct
10230880	10433464	direct
10230ed0	10204270	direct
10230ed0	10205380	direct
10230f00	102042a0	direct
10230f00	10205380	direct
1023b570	1023bd00	direct
1023e4b0	104312d5	direct
1023ffa0	10139500	direct
10240cb0	10139500	direct
10240cb0	1023f3d0	direct
10241100	1011e010	direct
10241100	10137fe0	direct
10241100	10138130	direct
10241100	1023f3d0	direct
10241100	10240cb0	direct
10241620	101371d0	direct
10241620	10138130	direct
10241620	10138460	direct
10241620	10138720	direct
10241620	10139500	direct
10241620	1023f3d0	direct
10241620	1023ffa0	direct
10241620	10241100	direct
102455c0	10027630	slot-candidate
10245660	102456b0	direct
10245660	10245700	direct
10245660	102457b0	direct
10245660	1043e780	direct
10245a40	102454e0	direct
10245a40	10245fe0	direct
10245ac0	102454e0	direct
10245ac0	10245fe0	direct
10245d80	10430964	direct
10245d80	104312d5	direct
10245d80	104312f0	direct
10245f50	10245d80	virtual
10245f50	10245e60	virtual
10245f50	10431320	direct
10245fe0	102455c0	direct
10245fe0	104312d5	direct
10245fe0	10431320	direct
10245fe0	1043136f	direct
10246160	10245f50	virtual
10249aa0	1024a900	direct
10249aa0	1024b5e0	direct
10249c70	1024a2e0	direct
10249c70	1024a900	direct
10249c70	1024b830	direct
10249fc0	1024a2e0	direct
10249fc0	1024b830	direct
1024b5e0	1024b400	direct
1024b5e0	1024b590	direct
1024b5e0	1024b9e0	direct
1024b5e0	1024bb20	direct
1024b5e0	1024bf80	direct
1024b5e0	1024c000	direct
1024b5e0	1024c050	direct
1024b5e0	104320f7	direct
1024bb20	1024bf80	direct
1024bb20	1024c0e0	direct
1024bb20	1024c1d0	direct
1024bb20	1024c400	direct
1024c000	10430fa0	direct
1024c1d0	1024bf80	direct
1024c400	1024bf80	direct
1024f7b0	10252240	direct
10251790	102517b0	direct
102517b0	10259de0	direct
102517e0	101fa5b0	direct
102517e0	102517b0	direct
102517e0	102518f0	direct
102517e0	1025b610	direct
102517e0	10430923	direct
102525e0	102517b0	direct
102525e0	102521f0	direct
102525e0	103346c0	direct
102525e0	10427620	direct
10255cf0	101eb000	direct
10255cf0	101eb190	direct
10255cf0	102517b0	direct
10255cf0	10430923	direct
10256220	102517b0	direct
10256250	102517b0	direct
10256280	102517b0	direct
10256280	10256200	direct
102562b0	101f9a00	direct
102562b0	102517b0	direct
102562b0	102521f0	direct
10256300	101f9a40	direct
10256300	102517b0	direct
10256300	102521f0	direct
102577e0	102517b0	direct
102577e0	102517e0	direct
10258230	102517e0	direct
10258230	10346070	direct
10258230	10431320	direct
10258270	102517e0	direct
10258290	10258230	direct
10258290	10258270	direct
10258290	1032fe60	slot-candidate
10258290	103970d0	slot-candidate
102585c0	102517b0	direct
10258620	102517b0	direct
1025d730	10249c70	direct
1025d760	10249aa0	direct
1025db70	1025d840	direct
1025db70	1025dca0	direct
1025db70	1025e140	direct
1025db70	10430fa0	direct
1025dca0	1025db70	direct
1025dca0	1025ddd0	direct
1025ddd0	10430fa0	direct
1025df40	1013d580	direct
1025e4e0	10098bb0	direct
1025e510	10092270	direct
1025e510	100b5d10	direct
1025e510	103409a0	direct
1025e780	100b5b00	direct
1025e7b0	10092e20	direct
1025e7b0	100b4b40	direct
1025e7b0	10137220	direct
1025e7b0	10139550	direct
1025e8e0	1025e7b0	direct
1025e920	100b4b40	slot-candidate
1025e920	10137220	direct
1025e920	101a6d70	slot-candidate
1025e920	101aa820	slot-candidate
1025e920	101aae60	slot-candidate
1025e920	1025e8e0	slot-candidate
1025e920	1025e8e0	virtual
1025e920	1025f160	slot-candidate
1025e920	1025f160	virtual
1025e920	10331b30	slot-candidate
1025e920	1034ae20	slot-candidate
1025e920	1034bec0	slot-candidate
1025e920	1034cb00	slot-candidate
1025e920	103ad820	slot-candidate
1025ea00	100b4b40	slot-candidate
1025ea00	10137220	direct
1025ea00	101aae60	slot-candidate
1025ea00	1025e8e0	slot-candidate
1025ea00	1025e8e0	virtual
1025ea00	10331a40	slot-candidate
1025ea00	10331a40	virtual
1025eaf0	10092190	direct
1025eaf0	10092e20	direct
1025eaf0	100955c0	direct
1025eaf0	100b5c50	slot-candidate
1025eaf0	100b5c50	virtual
1025eaf0	1013d580	direct
1025eaf0	101d2ce0	direct
1025eaf0	1026db30	slot-candidate
1025eaf0	1026db30	virtual
1025eaf0	1027db80	direct
1025eaf0	1032fc50	slot-candidate
1025eaf0	1032fc50	virtual
1025efc0	100955c0	direct
1025f040	10137220	direct
1025f040	1025f0b0	slot-candidate
1025f040	1025f0b0	virtual
1025f040	1026b240	slot-candidate
1025f0b0	1025e7b0	direct
1025f0f0	10137220	direct
1025f0f0	101a6d70	slot-candidate
1025f0f0	101aa820	slot-candidate
1025f0f0	1025f160	slot-candidate
1025f0f0	1025f160	virtual
1025f0f0	10331b30	slot-candidate
1025f0f0	1034ae20	slot-candidate
1025f0f0	1034bec0	slot-candidate
1025f0f0	1034cb00	slot-candidate
1025f0f0	103ad820	slot-candidate
1025f160	1025e7b0	direct
1025f1c0	10026e70	virtual
1025f1c0	100a6fa0	slot-candidate
1025f1c0	100a6fa0	virtual
1025f1c0	100a9800	virtual
1025f1c0	100b3070	slot-candidate
1025f1c0	100b3070	virtual
1025f1c0	100b31b0	slot-candidate
1025f1c0	100b31b0	virtual
1025f1c0	100b3700	direct
1025f1c0	100b4b40	slot-candidate
1025f1c0	100b4b40	virtual
1025f1c0	101371d0	direct
1025f1c0	10137220	direct
1025f1c0	101a6720	slot-candidate
1025f1c0	101a6720	virtual
1025f1c0	101a67e0	slot-candidate
1025f1c0	101a67e0	virtual
1025f1c0	101a6bc0	slot-candidate
1025f1c0	101aae60	slot-candidate
1025f1c0	101cccf0	direct
1025f1c0	101ccd40	direct
1025f1c0	1025e8e0	slot-candidate
1025f1c0	1025e8e0	virtual
1025f1c0	1025f760	slot-candidate
1025f1c0	1025f760	virtual
1025f1c0	102b4630	slot-candidate
1025f1c0	102ee680	direct
1025f1c0	102ee6a0	direct
1025f1c0	102ee6d0	direct
1025f1c0	10369ff0	slot-candidate
1025f1c0	1038fb00	slot-candidate
1025f1c0	103ba290	slot-candidate
1025f1c0	103cb810	slot-candidate
1025f1c0	103ddaf0	slot-candidate
1025f1c0	103e0bc0	slot-candidate
1025f760	10260870	direct
1025f760	10260930	direct
1025f760	10260980	direct
1025f760	10430fa0	direct
1025f8e0	10260870	direct
1025f8e0	10260930	direct
1025f8e0	10260980	direct
1025f8e0	10430fa0	direct
1025fa50	100290c0	direct
1025fa50	1003e4b0	direct
1025fa50	10084b40	direct
1025fa50	100b4b40	slot-candidate
1025fa50	100b5b00	slot-candidate
1025fa50	100b6250	slot-candidate
1025fa50	100b6250	virtual
1025fa50	10137220	direct
1025fa50	10138a90	direct
1025fa50	101a6720	slot-candidate
1025fa50	101a6720	virtual
1025fa50	101a6d70	slot-candidate
1025fa50	101a7210	slot-candidate
1025fa50	101a8840	slot-candidate
1025fa50	101a9060	slot-candidate
1025fa50	101a95d0	slot-candidate
1025fa50	101a9770	slot-candidate
1025fa50	101a98c0	slot-candidate
1025fa50	101aa5d0	slot-candidate
1025fa50	101aa820	slot-candidate
1025fa50	101aae60	slot-candidate
1025fa50	101cd9e0	direct
1025fa50	1025e780	slot-candidate
1025fa50	1025e780	virtual
1025fa50	1025e8e0	slot-candidate
1025fa50	1025e8e0	virtual
1025fa50	1025e920	slot-candidate
1025fa50	1025e920	virtual
1025fa50	1025eaf0	slot-candidate
1025fa50	1025eaf0	virtual
1025fa50	1025efc0	direct
1025fa50	1025f160	slot-candidate
1025fa50	1025f160	virtual
1025fa50	1025f1a0	slot-candidate
1025fa50	1025f1a0	virtual
1025fa50	1025f1c0	slot-candidate
1025fa50	1025f1c0	virtual
1025fa50	10260820	direct
1025fa50	1026af70	slot-candidate
1025fa50	1028ef20	slot-candidate
1025fa50	1029aa10	slot-candidate
1025fa50	10331b30	slot-candidate
1025fa50	1034ae20	slot-candidate
1025fa50	1034aed0	slot-candidate
1025fa50	1034bec0	slot-candidate
1025fa50	1034cb00	slot-candidate
1025fa50	1035ebf0	slot-candidate
1025fa50	1038fb00	slot-candidate
1025fa50	10391010	slot-candidate
1025fa50	103a01d0	slot-candidate
1025fa50	103a4220	slot-candidate
1025fa50	103ad820	slot-candidate
1025fa50	1043e780	direct
10260630	10260540	slot-candidate
10260630	10260540	virtual
10260630	10260670	direct
10260630	1026e3e0	direct
10260630	102c2ec0	slot-candidate
10260670	10084b40	direct
10260670	10260750	direct
10260670	1042bff0	direct
10260670	1043e780	direct
10260820	10430fa0	direct
10260930	10430fa0	direct
10260a50	1008d990	direct
10260a50	1008fe80	direct
10260a50	10090950	direct
10260a50	1009f200	direct
10260a50	101d3730	direct
10260d70	100aa7b0	direct
10260d70	10312c80	direct
10260dc0	10311c10	direct
10260de0	100aa7b0	direct
10260de0	10264330	direct
10260de0	10312c80	direct
10260f40	102e0900	direct
10260f40	104312d5	direct
102623c0	10273e80	direct
10262430	102eca50	direct
10262430	104312d5	direct
102653f0	10430fa0	direct
10265680	100f8370	direct
102658f0	100544f0	direct
102658f0	100a8710	slot-candidate
102658f0	100a8710	virtual
102658f0	101cd940	direct
102658f0	102c1ce0	slot-candidate
102658f0	10326040	slot-candidate
102658f0	10326040	virtual
102658f0	10327a90	slot-candidate
102658f0	10327a90	virtual
102658f0	10348a60	slot-candidate
102658f0	10348a60	virtual
102658f0	10358c40	slot-candidate
102658f0	1037c1c0	slot-candidate
10265970	1008dc40	direct
10265970	10139610	direct
10265a90	100cd660	direct
10265ad0	100290c0	direct
10265ad0	1003e4b0	direct
10265ad0	10094870	slot-candidate
10265ad0	10094870	virtual
10265ad0	100b31b0	slot-candidate
10265ad0	100b31b0	virtual
10265ad0	100b3700	direct
10265ad0	101a6880	slot-candidate
10265ad0	101a6880	virtual
10265ad0	101a8c30	direct
10265ad0	101babc0	direct
10265ad0	10265a40	direct
10265ad0	10265a90	direct
10265ad0	102695d0	direct
10265ad0	10269a20	direct
10265ad0	1026e340	direct
10265ad0	1027a400	slot-candidate
10265ad0	1027a400	virtual
10265ad0	1027caa0	slot-candidate
10265ad0	1027caa0	virtual
10265ad0	1028ae60	direct
10265ad0	10293ec0	slot-candidate
10265ad0	102cc1f0	direct
10265ad0	103158f0	direct
10265ad0	1032b9b0	direct
10265ad0	10357800	slot-candidate
10265ad0	10358f50	slot-candidate
10265ad0	1035a500	slot-candidate
10265ad0	1035b020	slot-candidate
10265ad0	1035bb70	slot-candidate
10265ad0	103680b0	slot-candidate
10265ad0	1039fff0	slot-candidate
10265ad0	103a4730	slot-candidate
10265ad0	103b4320	slot-candidate
10265ad0	103b92a0	slot-candidate
10265e90	101a89a0	slot-candidate
10265e90	1026d7f0	slot-candidate
10265e90	1026d7f0	virtual
10265e90	1032ef60	direct
10265ed0	100a6fa0	slot-candidate
10265ed0	100a6fa0	virtual
10265ed0	100b31b0	slot-candidate
10265ed0	100b31b0	virtual
10265ed0	100b3700	direct
10265ed0	100cd660	direct
10265ed0	101a67e0	slot-candidate
10265ed0	101a67e0	virtual
10265ed0	101a68e0	slot-candidate
10265ed0	101a68e0	virtual
10265ed0	101a6da0	slot-candidate
10265ed0	101aa850	slot-candidate
10265ed0	101bac90	direct
10265ed0	101faa70	direct
10265ed0	10266630	slot-candidate
10265ed0	10266630	virtual
10265ed0	10266660	slot-candidate
10265ed0	10266660	virtual
10265ed0	10269a20	direct
10265ed0	10269aa0	direct
10265ed0	102709c0	slot-candidate
10265ed0	102709c0	virtual
10265ed0	10273e10	slot-candidate
10265ed0	10273e10	virtual
10265ed0	10294340	slot-candidate
10265ed0	102b4540	slot-candidate
10265ed0	102b4630	slot-candidate
10265ed0	102dfa20	direct
10265ed0	102dfed0	direct
10265ed0	102e0b40	direct
10265ed0	102e2020	direct
10265ed0	10326750	slot-candidate
10265ed0	10326750	virtual
10265ed0	103302e0	direct
10265ed0	1034ae50	slot-candidate
10265ed0	1034bef0	slot-candidate
10265ed0	1034cb30	slot-candidate
10265ed0	10356f30	slot-candidate
10265ed0	10358f30	slot-candidate
10265ed0	1035a670	slot-candidate
10265ed0	1035b040	slot-candidate
10265ed0	1035bce0	slot-candidate
10265ed0	10368110	slot-candidate
10265ed0	10369fb0	slot-candidate
10265ed0	10369ff0	slot-candidate
10265ed0	10375120	slot-candidate
10265ed0	103a0050	slot-candidate
10265ed0	103a0130	slot-candidate
10265ed0	103a4260	slot-candidate
10265ed0	103a4790	slot-candidate
10265ed0	103b4780	slot-candidate
10265ed0	103b9500	slot-candidate
10265ed0	103ba290	slot-candidate
10265ed0	103cb810	slot-candidate
10265ed0	103d87a0	slot-candidate
10265ed0	103ddaa0	slot-candidate
10265ed0	103ddaf0	slot-candidate
10265ed0	103e0bc0	slot-candidate
102664c0	10027160	slot-candidate
102664c0	10027160	virtual
102664c0	10137220	direct
102664c0	101faa70	direct
102664c0	10357760	slot-candidate
102664c0	10431320	direct
10266780	1014fa10	slot-candidate
10266780	1014fa10	virtual
10266780	101c29b0	direct
10266780	101c2a10	direct
10266780	101c2d20	direct
10266780	101faa70	direct
10266780	101fb200	direct
10266780	101fb340	direct
10266780	10268ef0	slot-candidate
10266780	10268ef0	virtual
10266780	102699e0	direct
10266780	103229d0	slot-candidate
10266780	103229d0	virtual
10266780	10378cb0	slot-candidate
10266780	103802a0	slot-candidate
10266b10	10137220	direct
10266b10	101cd9e0	direct
10266c80	101371d0	direct
10266c80	101cd9e0	direct
10266ef0	101faa70	direct
10266ef0	10431320	direct
10267260	1019ce00	direct
10267260	1019d280	direct
10267b60	1005f190	direct
10267b60	1006dec0	direct
10267b60	10092e20	direct
10267b60	10096b50	direct
10267b60	10146570	direct
10267b60	101bac90	direct
10267b60	101c26d0	direct
10267b60	101c29e0	direct
10267b60	101d0b70	direct
10267b60	101d3190	direct
10267b60	101fa680	direct
10267b60	101fa960	direct
10267b60	101faa70	direct
10267b60	101fb3e0	direct
10267b60	10258290	direct
10267b60	10266ef0	direct
10267b60	104276a0	direct
10267b60	104276d0	direct
10267b60	10430b64	direct
10267b60	10431320	direct
10268170	10160680	direct
10268330	10027470	virtual
10268330	1014f870	virtual
10268330	101c26d0	direct
10268330	101c29e0	direct
10268330	101c2a50	direct
10268330	101c2a70	direct
10268330	101c2c30	direct
10268330	101c2c60	direct
10268330	101cfef0	direct
10268330	101d8820	direct
10268330	101d8a70	direct
10268330	101e8ef0	direct
10268330	101fa680	direct
10268330	101fa960	direct
10268330	101faa70	direct
10268330	101fb3e0	direct
10268330	102053a0	direct
10268330	10258270	direct
10268330	10258290	direct
10268330	10337f30	direct
10268330	10431320	direct
10268900	100270c0	virtual
10268900	10138a90	direct
10268900	10160560	direct
10268900	101c2c30	direct
10268900	101c2c60	direct
10268900	101cda50	direct
10268900	101ef540	direct
10268900	101ef900	direct
10268900	10200610	direct
10268900	102012d0	direct
10268900	10267b60	direct
10268900	10268170	direct
10268900	10268330	direct
10268900	1027f940	direct
10268900	1027fae0	direct
10268900	1027fba0	direct
10268900	1027fc10	direct
10268900	104276a0	direct
10268900	10430923	direct
10268ef0	10026d90	virtual
10268ef0	100b4dc0	virtual
10268ef0	10146570	direct
10268ef0	101cfe10	direct
10268ef0	101d3190	direct
102695d0	100ac4e0	direct
102695d0	100b2f50	direct
102695d0	100b3b00	direct
102695d0	100dc580	direct
102699e0	101cfb30	direct
102699e0	10431320	direct
10269a20	101a6d00	slot-candidate
10269a20	101aa790	slot-candidate
10269a20	102ea2d0	direct
10269a20	10357370	slot-candidate
10269a20	10359f00	slot-candidate
10269a20	1035ad70	slot-candidate
10269a20	1035b560	slot-candidate
10269a20	1035c1b0	slot-candidate
10269a20	1035c230	slot-candidate
10269a20	1035ec10	slot-candidate
10269a20	103603d0	slot-candidate
10269a20	10362c50	slot-candidate
10269a20	10366c70	slot-candidate
10269a20	10367870	slot-candidate
10269a20	103683b0	slot-candidate
10269a20	1036a1b0	slot-candidate
10269a20	1036eab0	slot-candidate
10269a20	1036f2b0	slot-candidate
10269a20	1036fb10	slot-candidate
10269a20	10370930	slot-candidate
10269a20	10373530	slot-candidate
10269a20	103750e0	slot-candidate
10269a20	10375240	slot-candidate
10269a20	10377070	slot-candidate
10269a20	10377b20	slot-candidate
10269a20	1037afb0	slot-candidate
10269a20	1037c660	slot-candidate
10269a20	1037e830	slot-candidate
10269a20	10384060	slot-candidate
10269a20	10386ae0	slot-candidate
10269a20	10387710	slot-candidate
10269a20	10388060	slot-candidate
10269a20	10388de0	slot-candidate
10269a20	10389560	slot-candidate
10269a20	10389db0	slot-candidate
10269a20	10391070	slot-candidate
10269a20	1039b090	slot-candidate
10269a20	1039f600	slot-candidate
10269a20	103a14a0	slot-candidate
10269a20	103a1e00	slot-candidate
10269a20	103a42e0	slot-candidate
10269a20	103a50a0	slot-candidate
10269a20	103a5ca0	slot-candidate
10269a20	103abba0	slot-candidate
10269a20	103ae4b0	slot-candidate
10269a20	103b1c20	slot-candidate
10269a20	103b28b0	slot-candidate
10269a20	103b2f70	slot-candidate
10269a20	103b3b20	slot-candidate
10269a20	103b5330	slot-candidate
10269a20	103b5ad0	slot-candidate
10269a20	103b6e50	slot-candidate
10269a20	103c1300	slot-candidate
10269a20	103c30e0	slot-candidate
10269a20	103c77b0	slot-candidate
10269a20	103ca750	slot-candidate
10269a20	103dc750	slot-candidate
10269a20	103dd050	slot-candidate
10269a20	103de2b0	slot-candidate
10269aa0	101a6d00	slot-candidate
10269aa0	101aa790	slot-candidate
10269aa0	102ea2d0	direct
10269aa0	10357370	slot-candidate
10269aa0	10359f00	slot-candidate
10269aa0	1035ad70	slot-candidate
10269aa0	1035b560	slot-candidate
10269aa0	1035c1b0	slot-candidate
10269aa0	1035c230	slot-candidate
10269aa0	1035ec10	slot-candidate
10269aa0	103603d0	slot-candidate
10269aa0	10362c50	slot-candidate
10269aa0	10366c70	slot-candidate
10269aa0	10367870	slot-candidate
10269aa0	103683b0	slot-candidate
10269aa0	1036a1b0	slot-candidate
10269aa0	1036eab0	slot-candidate
10269aa0	1036f2b0	slot-candidate
10269aa0	1036fb10	slot-candidate
10269aa0	10370930	slot-candidate
10269aa0	10373530	slot-candidate
10269aa0	103750e0	slot-candidate
10269aa0	10375240	slot-candidate
10269aa0	10377070	slot-candidate
10269aa0	10377b20	slot-candidate
10269aa0	1037afb0	slot-candidate
10269aa0	1037c660	slot-candidate
10269aa0	1037e830	slot-candidate
10269aa0	10384060	slot-candidate
10269aa0	10386ae0	slot-candidate
10269aa0	10387710	slot-candidate
10269aa0	10388060	slot-candidate
10269aa0	10388de0	slot-candidate
10269aa0	10389560	slot-candidate
10269aa0	10389db0	slot-candidate
10269aa0	10391070	slot-candidate
10269aa0	1039b090	slot-candidate
10269aa0	1039f600	slot-candidate
10269aa0	103a14a0	slot-candidate
10269aa0	103a1e00	slot-candidate
10269aa0	103a42e0	slot-candidate
10269aa0	103a50a0	slot-candidate
10269aa0	103a5ca0	slot-candidate
10269aa0	103abba0	slot-candidate
10269aa0	103ae4b0	slot-candidate
10269aa0	103b1c20	slot-candidate
10269aa0	103b28b0	slot-candidate
10269aa0	103b2f70	slot-candidate
10269aa0	103b3b20	slot-candidate
10269aa0	103b5330	slot-candidate
10269aa0	103b5ad0	slot-candidate
10269aa0	103b6e50	slot-candidate
10269aa0	103c1300	slot-candidate
10269aa0	103c30e0	slot-candidate
10269aa0	103c77b0	slot-candidate
10269aa0	103ca750	slot-candidate
10269aa0	103dc750	slot-candidate
10269aa0	103dd050	slot-candidate
10269aa0	103de2b0	slot-candidate
10269b30	10269aa0	direct
10269b50	101a6d00	slot-candidate
10269b50	101aa790	slot-candidate
10269b50	102ea2d0	direct
10269b50	10357370	slot-candidate
10269b50	10359f00	slot-candidate
10269b50	1035ad70	slot-candidate
10269b50	1035b560	slot-candidate
10269b50	1035c1b0	slot-candidate
10269b50	1035c230	slot-candidate
10269b50	1035ec10	slot-candidate
10269b50	103603d0	slot-candidate
10269b50	10362c50	slot-candidate
10269b50	10366c70	slot-candidate
10269b50	10367870	slot-candidate
10269b50	103683b0	slot-candidate
10269b50	1036a1b0	slot-candidate
10269b50	1036eab0	slot-candidate
10269b50	1036f2b0	slot-candidate
10269b50	1036fb10	slot-candidate
10269b50	10370930	slot-candidate
10269b50	10373530	slot-candidate
10269b50	103750e0	slot-candidate
10269b50	10375240	slot-candidate
10269b50	10377070	slot-candidate
10269b50	10377b20	slot-candidate
10269b50	1037afb0	slot-candidate
10269b50	1037c660	slot-candidate
10269b50	1037e830	slot-candidate
10269b50	10384060	slot-candidate
10269b50	10386ae0	slot-candidate
10269b50	10387710	slot-candidate
10269b50	10388060	slot-candidate
10269b50	10388de0	slot-candidate
10269b50	10389560	slot-candidate
10269b50	10389db0	slot-candidate
10269b50	10391070	slot-candidate
10269b50	1039b090	slot-candidate
10269b50	1039f600	slot-candidate
10269b50	103a14a0	slot-candidate
10269b50	103a1e00	slot-candidate
10269b50	103a42e0	slot-candidate
10269b50	103a50a0	slot-candidate
10269b50	103a5ca0	slot-candidate
10269b50	103abba0	slot-candidate
10269b50	103ae4b0	slot-candidate
10269b50	103b1c20	slot-candidate
10269b50	103b28b0	slot-candidate
10269b50	103b2f70	slot-candidate
10269b50	103b3b20	slot-candidate
10269b50	103b5330	slot-candidate
10269b50	103b5ad0	slot-candidate
10269b50	103b6e50	slot-candidate
10269b50	103c1300	slot-candidate
10269b50	103c30e0	slot-candidate
10269b50	103c77b0	slot-candidate
10269b50	103ca750	slot-candidate
10269b50	103dc750	slot-candidate
10269b50	103dd050	slot-candidate
10269b50	103de2b0	slot-candidate
10269bd0	101a6d00	slot-candidate
10269bd0	101aa790	slot-candidate
10269bd0	102ea2d0	direct
10269bd0	10357370	slot-candidate
10269bd0	10359f00	slot-candidate
10269bd0	1035ad70	slot-candidate
10269bd0	1035b560	slot-candidate
10269bd0	1035c1b0	slot-candidate
10269bd0	1035c230	slot-candidate
10269bd0	1035ec10	slot-candidate
10269bd0	103603d0	slot-candidate
10269bd0	10362c50	slot-candidate
10269bd0	10366c70	slot-candidate
10269bd0	10367870	slot-candidate
10269bd0	103683b0	slot-candidate
10269bd0	1036a1b0	slot-candidate
10269bd0	1036eab0	slot-candidate
10269bd0	1036f2b0	slot-candidate
10269bd0	1036fb10	slot-candidate
10269bd0	10370930	slot-candidate
10269bd0	10373530	slot-candidate
10269bd0	103750e0	slot-candidate
10269bd0	10375240	slot-candidate
10269bd0	10377070	slot-candidate
10269bd0	10377b20	slot-candidate
10269bd0	1037afb0	slot-candidate
10269bd0	1037c660	slot-candidate
10269bd0	1037e830	slot-candidate
10269bd0	10384060	slot-candidate
10269bd0	10386ae0	slot-candidate
10269bd0	10387710	slot-candidate
10269bd0	10388060	slot-candidate
10269bd0	10388de0	slot-candidate
10269bd0	10389560	slot-candidate
10269bd0	10389db0	slot-candidate
10269bd0	10391070	slot-candidate
10269bd0	1039b090	slot-candidate
10269bd0	1039f600	slot-candidate
10269bd0	103a14a0	slot-candidate
10269bd0	103a1e00	slot-candidate
10269bd0	103a42e0	slot-candidate
10269bd0	103a50a0	slot-candidate
10269bd0	103a5ca0	slot-candidate
10269bd0	103abba0	slot-candidate
10269bd0	103ae4b0	slot-candidate
10269bd0	103b1c20	slot-candidate
10269bd0	103b28b0	slot-candidate
10269bd0	103b2f70	slot-candidate
10269bd0	103b3b20	slot-candidate
10269bd0	103b5330	slot-candidate
10269bd0	103b5ad0	slot-candidate
10269bd0	103b6e50	slot-candidate
10269bd0	103c1300	slot-candidate
10269bd0	103c30e0	slot-candidate
10269bd0	103c77b0	slot-candidate
10269bd0	103ca750	slot-candidate
10269bd0	103dc750	slot-candidate
10269bd0	103dd050	slot-candidate
10269bd0	103de2b0	slot-candidate
10269c70	101a6d00	slot-candidate
10269c70	101aa790	slot-candidate
10269c70	102ea2d0	direct
10269c70	10357370	slot-candidate
10269c70	10359f00	slot-candidate
10269c70	1035ad70	slot-candidate
10269c70	1035b560	slot-candidate
10269c70	1035c1b0	slot-candidate
10269c70	1035c230	slot-candidate
10269c70	1035ec10	slot-candidate
10269c70	103603d0	slot-candidate
10269c70	10362c50	slot-candidate
10269c70	10366c70	slot-candidate
10269c70	10367870	slot-candidate
10269c70	103683b0	slot-candidate
10269c70	1036a1b0	slot-candidate
10269c70	1036eab0	slot-candidate
10269c70	1036f2b0	slot-candidate
10269c70	1036fb10	slot-candidate
10269c70	10370930	slot-candidate
10269c70	10373530	slot-candidate
10269c70	103750e0	slot-candidate
10269c70	10375240	slot-candidate
10269c70	10377070	slot-candidate
10269c70	10377b20	slot-candidate
10269c70	1037afb0	slot-candidate
10269c70	1037c660	slot-candidate
10269c70	1037e830	slot-candidate
10269c70	10384060	slot-candidate
10269c70	10386ae0	slot-candidate
10269c70	10387710	slot-candidate
10269c70	10388060	slot-candidate
10269c70	10388de0	slot-candidate
10269c70	10389560	slot-candidate
10269c70	10389db0	slot-candidate
10269c70	10391070	slot-candidate
10269c70	1039b090	slot-candidate
10269c70	1039f600	slot-candidate
10269c70	103a14a0	slot-candidate
10269c70	103a1e00	slot-candidate
10269c70	103a42e0	slot-candidate
10269c70	103a50a0	slot-candidate
10269c70	103a5ca0	slot-candidate
10269c70	103abba0	slot-candidate
10269c70	103ae4b0	slot-candidate
10269c70	103b1c20	slot-candidate
10269c70	103b28b0	slot-candidate
10269c70	103b2f70	slot-candidate
10269c70	103b3b20	slot-candidate
10269c70	103b5330	slot-candidate
10269c70	103b5ad0	slot-candidate
10269c70	103b6e50	slot-candidate
10269c70	103c1300	slot-candidate
10269c70	103c30e0	slot-candidate
10269c70	103c77b0	slot-candidate
10269c70	103ca750	slot-candidate
10269c70	103dc750	slot-candidate
10269c70	103dd050	slot-candidate
10269c70	103de2b0	slot-candidate
10269d30	101a6d00	slot-candidate
10269d30	101aa790	slot-candidate
10269d30	102ea2d0	direct
10269d30	10357370	slot-candidate
10269d30	10359f00	slot-candidate
10269d30	1035ad70	slot-candidate
10269d30	1035b560	slot-candidate
10269d30	1035c1b0	slot-candidate
10269d30	1035c230	slot-candidate
10269d30	1035ec10	slot-candidate
10269d30	103603d0	slot-candidate
10269d30	10362c50	slot-candidate
10269d30	10366c70	slot-candidate
10269d30	10367870	slot-candidate
10269d30	103683b0	slot-candidate
10269d30	1036a1b0	slot-candidate
10269d30	1036eab0	slot-candidate
10269d30	1036f2b0	slot-candidate
10269d30	1036fb10	slot-candidate
10269d30	10370930	slot-candidate
10269d30	10373530	slot-candidate
10269d30	103750e0	slot-candidate
10269d30	10375240	slot-candidate
10269d30	10377070	slot-candidate
10269d30	10377b20	slot-candidate
10269d30	1037afb0	slot-candidate
10269d30	1037c660	slot-candidate
10269d30	1037e830	slot-candidate
10269d30	10384060	slot-candidate
10269d30	10386ae0	slot-candidate
10269d30	10387710	slot-candidate
10269d30	10388060	slot-candidate
10269d30	10388de0	slot-candidate
10269d30	10389560	slot-candidate
10269d30	10389db0	slot-candidate
10269d30	10391070	slot-candidate
10269d30	1039b090	slot-candidate
10269d30	1039f600	slot-candidate
10269d30	103a14a0	slot-candidate
10269d30	103a1e00	slot-candidate
10269d30	103a42e0	slot-candidate
10269d30	103a50a0	slot-candidate
10269d30	103a5ca0	slot-candidate
10269d30	103abba0	slot-candidate
10269d30	103ae4b0	slot-candidate
10269d30	103b1c20	slot-candidate
10269d30	103b28b0	slot-candidate
10269d30	103b2f70	slot-candidate
10269d30	103b3b20	slot-candidate
10269d30	103b5330	slot-candidate
10269d30	103b5ad0	slot-candidate
10269d30	103b6e50	slot-candidate
10269d30	103c1300	slot-candidate
10269d30	103c30e0	slot-candidate
10269d30	103c77b0	slot-candidate
10269d30	103ca750	slot-candidate
10269d30	103dc750	slot-candidate
10269d30	103dd050	slot-candidate
10269d30	103de2b0	slot-candidate
10269eb0	101a6d00	slot-candidate
10269eb0	101aa790	slot-candidate
10269eb0	102ea2d0	direct
10269eb0	10357370	slot-candidate
10269eb0	10359f00	slot-candidate
10269eb0	1035ad70	slot-candidate
10269eb0	1035b560	slot-candidate
10269eb0	1035c1b0	slot-candidate
10269eb0	1035c230	slot-candidate
10269eb0	1035ec10	slot-candidate
10269eb0	103603d0	slot-candidate
10269eb0	10362c50	slot-candidate
10269eb0	10366c70	slot-candidate
10269eb0	10367870	slot-candidate
10269eb0	103683b0	slot-candidate
10269eb0	1036a1b0	slot-candidate
10269eb0	1036eab0	slot-candidate
10269eb0	1036f2b0	slot-candidate
10269eb0	1036fb10	slot-candidate
10269eb0	10370930	slot-candidate
10269eb0	10373530	slot-candidate
10269eb0	103750e0	slot-candidate
10269eb0	10375240	slot-candidate
10269eb0	10377070	slot-candidate
10269eb0	10377b20	slot-candidate
10269eb0	1037afb0	slot-candidate
10269eb0	1037c660	slot-candidate
10269eb0	1037e830	slot-candidate
10269eb0	10384060	slot-candidate
10269eb0	10386ae0	slot-candidate
10269eb0	10387710	slot-candidate
10269eb0	10388060	slot-candidate
10269eb0	10388de0	slot-candidate
10269eb0	10389560	slot-candidate
10269eb0	10389db0	slot-candidate
10269eb0	10391070	slot-candidate
10269eb0	1039b090	slot-candidate
10269eb0	1039f600	slot-candidate
10269eb0	103a14a0	slot-candidate
10269eb0	103a1e00	slot-candidate
10269eb0	103a42e0	slot-candidate
10269eb0	103a50a0	slot-candidate
10269eb0	103a5ca0	slot-candidate
10269eb0	103abba0	slot-candidate
10269eb0	103ae4b0	slot-candidate
10269eb0	103b1c20	slot-candidate
10269eb0	103b28b0	slot-candidate
10269eb0	103b2f70	slot-candidate
10269eb0	103b3b20	slot-candidate
10269eb0	103b5330	slot-candidate
10269eb0	103b5ad0	slot-candidate
10269eb0	103b6e50	slot-candidate
10269eb0	103c1300	slot-candidate
10269eb0	103c30e0	slot-candidate
10269eb0	103c77b0	slot-candidate
10269eb0	103ca750	slot-candidate
10269eb0	103dc750	slot-candidate
10269eb0	103dd050	slot-candidate
10269eb0	103de2b0	slot-candidate
10269f30	101a6d00	slot-candidate
10269f30	101aa790	slot-candidate
10269f30	102ea2d0	direct
10269f30	10357370	slot-candidate
10269f30	10359f00	slot-candidate
10269f30	1035ad70	slot-candidate
10269f30	1035b560	slot-candidate
10269f30	1035c1b0	slot-candidate
10269f30	1035c230	slot-candidate
10269f30	1035ec10	slot-candidate
10269f30	103603d0	slot-candidate
10269f30	10362c50	slot-candidate
10269f30	10366c70	slot-candidate
10269f30	10367870	slot-candidate
10269f30	103683b0	slot-candidate
10269f30	1036a1b0	slot-candidate
10269f30	1036eab0	slot-candidate
10269f30	1036f2b0	slot-candidate
10269f30	1036fb10	slot-candidate
10269f30	10370930	slot-candidate
10269f30	10373530	slot-candidate
10269f30	103750e0	slot-candidate
10269f30	10375240	slot-candidate
10269f30	10377070	slot-candidate
10269f30	10377b20	slot-candidate
10269f30	1037afb0	slot-candidate
10269f30	1037c660	slot-candidate
10269f30	1037e830	slot-candidate
10269f30	10384060	slot-candidate
10269f30	10386ae0	slot-candidate
10269f30	10387710	slot-candidate
10269f30	10388060	slot-candidate
10269f30	10388de0	slot-candidate
10269f30	10389560	slot-candidate
10269f30	10389db0	slot-candidate
10269f30	10391070	slot-candidate
10269f30	1039b090	slot-candidate
10269f30	1039f600	slot-candidate
10269f30	103a14a0	slot-candidate
10269f30	103a1e00	slot-candidate
10269f30	103a42e0	slot-candidate
10269f30	103a50a0	slot-candidate
10269f30	103a5ca0	slot-candidate
10269f30	103abba0	slot-candidate
10269f30	103ae4b0	slot-candidate
10269f30	103b1c20	slot-candidate
10269f30	103b28b0	slot-candidate
10269f30	103b2f70	slot-candidate
10269f30	103b3b20	slot-candidate
10269f30	103b5330	slot-candidate
10269f30	103b5ad0	slot-candidate
10269f30	103b6e50	slot-candidate
10269f30	103c1300	slot-candidate
10269f30	103c30e0	slot-candidate
10269f30	103c77b0	slot-candidate
10269f30	103ca750	slot-candidate
10269f30	103dc750	slot-candidate
10269f30	103dd050	slot-candidate
10269f30	103de2b0	slot-candidate
1026a0f0	10269eb0	direct
1026a0f0	10280fb0	slot-candidate
1026a0f0	10280fb0	virtual
1026a0f0	10280fd0	slot-candidate
1026a0f0	10280fd0	virtual
1026a0f0	102ad140	slot-candidate
1026a0f0	1037cdf0	slot-candidate
1026a0f0	10387520	slot-candidate
1026a0f0	103a2980	slot-candidate
1026a0f0	103c16f0	slot-candidate
1026a2c0	10027470	virtual
1026a2c0	100290c0	direct
1026a2c0	1009f200	direct
1026a2c0	100b31b0	virtual
1026a2c0	1017ff40	direct
1026a2c0	101a67e0	slot-candidate
1026a2c0	101a67e0	virtual
1026a2c0	10269a20	direct
1026a2c0	10269bd0	direct
1026a2c0	102707d0	direct
1026a2c0	10299da0	slot-candidate
1026a2c0	1030fc90	direct
1026a2c0	1030fd20	direct
1026a2c0	10333340	slot-candidate
1026a2c0	10333340	virtual
1026a2c0	10333700	slot-candidate
1026a2c0	10333700	virtual
1026a2c0	10372b70	slot-candidate
1026a2c0	10388bb0	slot-candidate
1026a2c0	103a01b0	slot-candidate
1026a2c0	103a2930	slot-candidate
1026a2c0	103a48b0	slot-candidate
1026a2c0	103dd880	slot-candidate
1026a5e0	1009f200	direct
1026a5e0	100cd660	direct
1026a5e0	101b9920	direct
1026a5e0	10269aa0	direct
1026a5e0	10269bd0	direct
1026a5e0	1026a8a0	slot-candidate
1026a5e0	1026a8a0	virtual
1026a5e0	102cc6c0	direct
1026a5e0	102cc760	direct
1026a5e0	10310440	direct
1026a5e0	10310480	direct
1026a5e0	103aca60	slot-candidate
1026ab50	10146570	direct
1026ab50	101d3190	direct
1026ab50	10273070	direct
1026ab50	102d6100	direct
1026ab50	102d6120	direct
1026aef0	103104f0	direct
1026af30	103104f0	direct
1026af70	10095cb0	direct
1026af70	100b3070	slot-candidate
1026af70	100b3070	virtual
1026af70	100b3110	slot-candidate
1026af70	100b3110	virtual
1026af70	100b4b40	slot-candidate
1026af70	100b4b40	virtual
1026af70	101371d0	direct
1026af70	1013d580	direct
1026af70	101aae60	slot-candidate
1026af70	1025e8e0	slot-candidate
1026af70	1026db30	slot-candidate
1026af70	1026db30	virtual
1026af70	1027db80	direct
1026b210	101a6d40	slot-candidate
1026b210	101aa7f0	slot-candidate
1026b210	1025f0f0	slot-candidate
1026b210	10331cb0	slot-candidate
1026b210	10331cb0	virtual
1026b210	1034adf0	slot-candidate
1026b210	1034be90	slot-candidate
1026b210	1034cad0	slot-candidate
1026b210	103ad7f0	slot-candidate
1026b240	101a6d70	slot-candidate
1026b240	101aa820	slot-candidate
1026b240	1025f160	slot-candidate
1026b240	10331b30	slot-candidate
1026b240	10331b30	virtual
1026b240	1034ae20	slot-candidate
1026b240	1034bec0	slot-candidate
1026b240	1034cb00	slot-candidate
1026b240	103ad820	slot-candidate
1026b270	10027470	slot-candidate
1026b270	10027470	virtual
1026b270	100b31b0	slot-candidate
1026b270	100b31b0	virtual
1026b270	100b3700	direct
1026b270	100b4b40	slot-candidate
1026b270	100b4b40	virtual
1026b270	101371d0	direct
1026b270	101aae60	slot-candidate
1026b270	101cccf0	direct
1026b270	101ccd40	direct
1026b270	1025e8e0	slot-candidate
1026b270	10325da0	direct
1026b480	10139970	direct
1026b480	1032fb80	slot-candidate
1026b480	1032fb80	virtual
1026b4f0	101a67e0	slot-candidate
1026b4f0	101a67e0	virtual
1026b4f0	1026b480	slot-candidate
1026b4f0	1026b480	virtual
1026b4f0	10278900	slot-candidate
1026b4f0	10278900	virtual
1026b4f0	10395d00	slot-candidate
1026b580	1003e4b0	direct
1026b580	100a19c0	direct
1026b580	1011e060	direct
1026b580	10139550	direct
1026b580	10139970	direct
1026b580	1026b7a0	direct
1026b580	10331da0	direct
1026b810	10027470	slot-candidate
1026b810	10027470	virtual
1026b810	100290c0	direct
1026b810	1006edb0	direct
1026b810	100b3070	slot-candidate
1026b810	100b3070	virtual
1026b810	100b3700	direct
1026b810	100b4b40	slot-candidate
1026b810	100b4b40	virtual
1026b810	100b5b00	slot-candidate
1026b810	100b5b00	virtual
1026b810	100f79b0	direct
1026b810	101371d0	direct
1026b810	1017cf90	direct
1026b810	101a67e0	slot-candidate
1026b810	101a67e0	virtual
1026b810	101aae60	slot-candidate
1026b810	1025e780	slot-candidate
1026b810	1025e8e0	slot-candidate
1026b810	1025eaf0	slot-candidate
1026b810	10269aa0	direct
1026b810	10269c70	direct
1026b810	1026aef0	slot-candidate
1026b810	1026aef0	virtual
1026b810	1026af70	slot-candidate
1026b810	1026af70	virtual
1026b810	1026b580	direct
1026b810	102b4520	slot-candidate
1026b810	102ee5e0	direct
1026b810	102ee6a0	direct
1026b810	10325da0	direct
1026b810	10331950	slot-candidate
1026b810	10331950	virtual
1026b810	10331da0	direct
1026c3d0	101ce3d0	direct
1026c3d0	102ee6a0	direct
1026c540	1008dc40	direct
1026c540	1008dd30	direct
1026c540	10260a50	direct
1026c540	102ee6a0	direct
1026c7c0	1026c540	direct
1026c7c0	1032aa40	direct
1026ca80	1026a0f0	direct
1026ca80	1026c120	direct
1026ca80	1026c3d0	direct
1026ca80	1026c7c0	direct
1026ca80	1026f110	slot-candidate
1026ca80	1026f110	virtual
1026ca80	1027efb0	direct
1026ca80	1028fcc0	slot-candidate
1026ca80	1035a900	slot-candidate
1026ca80	1035b160	slot-candidate
1026ca80	1035bf70	slot-candidate
1026ca80	1035e980	slot-candidate
1026ca80	10360160	slot-candidate
1026ca80	10361110	slot-candidate
1026ca80	10363b60	slot-candidate
1026ca80	103674c0	slot-candidate
1026ca80	103690e0	slot-candidate
1026ca80	10370340	slot-candidate
1026ca80	10372aa0	slot-candidate
1026ca80	103747e0	slot-candidate
1026ca80	10378b80	slot-candidate
1026ca80	1037e1e0	slot-candidate
1026ca80	10380120	slot-candidate
1026ca80	10385a10	slot-candidate
1026ca80	10387500	slot-candidate
1026ca80	10388ad0	slot-candidate
1026ca80	1038e990	slot-candidate
1026ca80	10394970	slot-candidate
1026ca80	1039e3d0	slot-candidate
1026ca80	1039fe30	slot-candidate
1026ca80	103a3670	slot-candidate
1026ca80	103a4870	slot-candidate
1026ca80	103a75c0	slot-candidate
1026ca80	103aebd0	slot-candidate
1026ca80	103b2470	slot-candidate
1026ca80	103b3650	slot-candidate
1026ca80	103b51a0	slot-candidate
1026ca80	103bdef0	slot-candidate
1026ca80	103c1d20	slot-candidate
1026ca80	103dd7a0	slot-candidate
1026ca80	103df850	slot-candidate
1026cdc0	100cd660	direct
1026cdc0	1026d130	direct
1026cdc0	10329760	direct
1026ce30	10007ea0	direct
1026ce30	100cd660	direct
1026ce30	101a64c0	slot-candidate
1026ce30	101a64c0	virtual
1026ce30	101aa750	slot-candidate
1026ce30	10329a70	direct
1026cec0	100cd660	direct
1026cec0	1026d130	direct
1026cf90	10007ea0	direct
1026cf90	100cd660	direct
1026d050	101d3730	direct
1026d050	102dfc10	direct
1026d050	10316700	direct
1026d130	1026d050	direct
1026d130	10279a50	direct
1026d460	1002cbd0	direct
1026d460	1002cca0	direct
1026d460	100a9eb0	slot-candidate
1026d460	1017cf90	direct
1026d460	1017d630	direct
1026d460	1017d680	direct
1026d460	1019ce00	direct
1026d460	1019d280	direct
1026d460	1019d4b0	direct
1026d460	101cda50	direct
1026d460	10207c40	direct
1026d460	10228350	direct
1026d9a0	100b3700	direct
1026d9a0	101a67e0	slot-candidate
1026d9a0	101a67e0	virtual
1026da90	101a67e0	slot-candidate
1026da90	101a67e0	virtual
1026db30	1032e7b0	direct
1026dc80	10269b50	direct
1026dd10	100b31b0	slot-candidate
1026dd10	100b31b0	virtual
1026dd10	10137220	direct
1026dd10	10252410	direct
1026dd10	10269a20	direct
1026dd10	10269aa0	direct
1026dd10	10269b50	direct
1026dd10	1026d890	slot-candidate
1026dd10	1026d890	virtual
1026dd10	1026d9a0	slot-candidate
1026dd10	1026d9a0	virtual
1026dd10	1026db30	slot-candidate
1026dd10	1026db30	virtual
1026dd10	1026dc80	slot-candidate
1026dd10	1026dc80	virtual
1026dd10	1032e7b0	direct
1026dd10	10331950	slot-candidate
1026dd10	10331950	virtual
1026dd10	10364500	slot-candidate
1026dd10	103675e0	slot-candidate
1026dd10	103b2590	slot-candidate
1026e340	101a67e0	slot-candidate
1026e340	10260630	slot-candidate
1026e340	1026e3e0	slot-candidate
1026e340	10279a50	direct
1026e340	102ae140	slot-candidate
1026e340	103639b0	slot-candidate
1026e340	10368ea0	slot-candidate
1026e340	10371c20	slot-candidate
1026e340	1037d020	slot-candidate
1026e340	103871c0	slot-candidate
1026e340	10388880	slot-candidate
1026e340	103a6f70	slot-candidate
1026e340	103ba2c0	slot-candidate
1026e4f0	101a89a0	slot-candidate
1026e4f0	1026d7f0	slot-candidate
1026e4f0	1026d7f0	virtual
1026e4f0	10310710	direct
1026e5c0	10269bd0	direct
1026e5e0	100aac30	slot-candidate
1026e5e0	100aac30	virtual
1026e5e0	100b1420	slot-candidate
1026e5e0	100b1420	virtual
1026e5e0	100b1510	slot-candidate
1026e5e0	100b1510	virtual
1026e5e0	100b31b0	slot-candidate
1026e5e0	100b31b0	virtual
1026e5e0	100b3700	direct
1026e5e0	10269a20	direct
1026e5e0	10269aa0	direct
1026e5e0	10269b50	direct
1026e5e0	1026e940	direct
1026e5e0	1027d990	direct
1026e5e0	102e3290	direct
1026e940	10146570	direct
1026ec30	101a6620	slot-candidate
1026ec30	101a6620	virtual
1026ec30	101a67e0	slot-candidate
1026ec30	101a67e0	virtual
1026ec30	101a68c0	slot-candidate
1026ec30	101a68c0	virtual
1026ec30	101a69e0	slot-candidate
1026ec30	101a69e0	virtual
1026ec30	101a6a60	slot-candidate
1026ec30	101a6a60	virtual
1026ec30	101a6a80	slot-candidate
1026ec30	101a6a80	virtual
1026ec30	101a6ca0	slot-candidate
1026ec30	101a6ca0	virtual
1026ec30	101d1800	direct
1026ec30	10269a20	direct
1026ec30	1026e4f0	direct
1026ec30	1026e5c0	slot-candidate
1026ec30	1026e5c0	virtual
1026ec30	1026e5e0	direct
1026ec30	1026fb40	direct
1026ec30	10271d10	direct
1026ec30	10273e10	slot-candidate
1026ec30	10273e10	virtual
1026ec30	10279dd0	direct
1026ec30	1027a420	slot-candidate
1026ec30	1027a420	virtual
1026ec30	1028e480	direct
1026ec30	1028e790	direct
1026ec30	1028e980	direct
1026ec30	10294040	slot-candidate
1026ec30	10294280	slot-candidate
1026ec30	10294930	slot-candidate
1026ec30	10294c30	slot-candidate
1026ec30	10294cf0	slot-candidate
1026ec30	102cc760	direct
1026ec30	102df320	direct
1026ec30	10358ef0	slot-candidate
1026ec30	103680f0	slot-candidate
1026ec30	10368210	slot-candidate
1026ec30	10368290	slot-candidate
1026ec30	103682b0	slot-candidate
1026ec30	10368350	slot-candidate
1026ec30	103a0030	slot-candidate
1026ec30	103a4770	slot-candidate
1026ec30	103b4600	slot-candidate
1026ec30	103b9380	slot-candidate
1026ec30	103b9ef0	slot-candidate
1026ec30	103e0fa0	slot-candidate
1026f110	100335e0	direct
1026f110	1009f3c0	direct
1026f110	101a6560	slot-candidate
1026f110	101a6560	virtual
1026f110	10269b50	direct
1026f110	1026ab50	direct
1026f110	1026ec30	slot-candidate
1026f110	1026ec30	virtual
1026f110	102817c0	direct
1026f110	102b27f0	slot-candidate
1026f110	10358310	slot-candidate
1026f110	1035a920	slot-candidate
1026f110	1035b1a0	slot-candidate
1026f110	1035bfb0	slot-candidate
1026f110	1035d180	slot-candidate
1026f110	10360180	slot-candidate
1026f110	10365a70	slot-candidate
1026f110	10369100	slot-candidate
1026f110	1036b590	slot-candidate
1026f110	10374b00	slot-candidate
1026f110	10375ed0	slot-candidate
1026f110	10378df0	slot-candidate
1026f110	1037b570	slot-candidate
1026f110	103803d0	slot-candidate
1026f110	10385a30	slot-candidate
1026f110	10394e40	slot-candidate
1026f110	10395290	slot-candidate
1026f110	1039e7e0	slot-candidate
1026f110	1039ec10	slot-candidate
1026f110	103a2c30	slot-candidate
1026f110	103a7650	slot-candidate
1026f110	103a77f0	slot-candidate
1026f110	103ac500	slot-candidate
1026f110	103aeb50	slot-candidate
1026f110	103bce40	slot-candidate
1026f110	103bdf60	slot-candidate
1026f110	103c17f0	slot-candidate
1026f110	103c35a0	slot-candidate
1026f110	103d0410	slot-candidate
1026f590	101a67e0	slot-candidate
1026f590	101a67e0	virtual
1026f590	10269aa0	direct
1026f590	103161a0	direct
1026f660	101a6700	slot-candidate
1026f660	101a6700	virtual
1026f660	101a67e0	slot-candidate
1026f660	101a67e0	virtual
1026f660	101aa6b0	slot-candidate
1026f660	101b99d0	direct
1026f660	101e3d70	direct
1026f660	10269d30	direct
1026f660	1026aef0	slot-candidate
1026f660	1026aef0	virtual
1026f660	10273e10	slot-candidate
1026f660	10273e10	virtual
1026f660	1027d0a0	direct
1026f660	102b4520	slot-candidate
1026f660	102dfed0	direct
1026f660	102e0b40	direct
1026f660	102e2020	direct
1026fb40	1032e7b0	direct
1026fb40	10333ad0	direct
1026fbe0	10266b10	direct
1026fbe0	10269a20	direct
1026fbe0	1026db30	slot-candidate
1026fbe0	1026db30	virtual
1026fbe0	1026fcf0	slot-candidate
1026fbe0	1026fcf0	virtual
1026fbe0	1032e7b0	direct
1026fcf0	1004f7a0	direct
1026fcf0	10146570	direct
1026fcf0	101a67e0	slot-candidate
1026fcf0	101a67e0	virtual
1026fcf0	101d3190	direct
1026fcf0	10269a20	direct
1026fcf0	10270aa0	direct
1026fcf0	10299da0	slot-candidate
1026fcf0	10333340	slot-candidate
1026fcf0	10333340	virtual
1026fcf0	10372b70	slot-candidate
1026fcf0	10388bb0	slot-candidate
1026fcf0	103a01b0	slot-candidate
1026fcf0	103a2930	slot-candidate
1026fcf0	103a48b0	slot-candidate
1026fcf0	103dd880	slot-candidate
1026ff00	1026ff80	direct
1026ff80	10146570	direct
1026ff80	101d3190	direct
102702d0	10431320	direct
102703f0	100b4b40	slot-candidate
102703f0	10146570	direct
102703f0	101aae60	slot-candidate
102703f0	1025e8e0	slot-candidate
10270820	10341710	direct
10270840	10269aa0	direct
10270840	1027d990	direct
10270890	100b31b0	slot-candidate
10270890	101371d0	direct
102709c0	101a6940	slot-candidate
102709c0	101a6940	virtual
102709c0	10273e10	slot-candidate
102709c0	10273e10	virtual
102709c0	10294590	slot-candidate
102709c0	102df700	direct
102709c0	102e0210	direct
102709c0	10368170	slot-candidate
102709c0	103a00b0	slot-candidate
102709c0	103a47f0	slot-candidate
102709c0	103b4bd0	slot-candidate
102709c0	103b9620	slot-candidate
10270b20	1002ca10	direct
10270b20	100335e0	direct
10270b20	100a6fa0	slot-candidate
10270b20	100a6fa0	virtual
10270b20	100b31b0	slot-candidate
10270b20	100b31b0	virtual
10270b20	100b4b40	slot-candidate
10270b20	100b4b40	virtual
10270b20	100cd300	direct
10270b20	100cd660	direct
10270b20	100d0390	direct
10270b20	101371d0	direct
10270b20	10146570	direct
10270b20	101a6780	slot-candidate
10270b20	101a6780	virtual
10270b20	101a67e0	slot-candidate
10270b20	101a67e0	virtual
10270b20	101a6da0	slot-candidate
10270b20	101aa850	slot-candidate
10270b20	101aae60	slot-candidate
10270b20	101d3190	direct
10270b20	1025e8e0	slot-candidate
10270b20	10269a20	direct
10270b20	10269aa0	direct
10270b20	10269b50	direct
10270b20	1026dc80	slot-candidate
10270b20	1026dc80	virtual
10270b20	10270180	direct
10270b20	10270840	slot-candidate
10270b20	10270840	virtual
10270b20	10270890	direct
10270b20	102709c0	slot-candidate
10270b20	102709c0	virtual
10270b20	10270aa0	direct
10270b20	102718e0	direct
10270b20	10271900	direct
10270b20	10273e10	slot-candidate
10270b20	10273e10	virtual
10270b20	102953a0	slot-candidate
10270b20	102b38b0	slot-candidate
10270b20	102b4540	slot-candidate
10270b20	102b4630	slot-candidate
10270b20	102dfd90	direct
10270b20	102dfed0	direct
10270b20	102e0150	direct
10270b20	102e0210	direct
10270b20	10326750	slot-candidate
10270b20	10326750	virtual
10270b20	1032e7b0	direct
10270b20	1034ae50	slot-candidate
10270b20	1034bef0	slot-candidate
10270b20	1034cb30	slot-candidate
10270b20	10368f00	slot-candidate
10270b20	10369fb0	slot-candidate
10270b20	10369ff0	slot-candidate
10270b20	1036a030	slot-candidate
10270b20	10375120	slot-candidate
10270b20	103a0130	slot-candidate
10270b20	103a4260	slot-candidate
10270b20	103ba290	slot-candidate
10270b20	103cb810	slot-candidate
10270b20	103ddaa0	slot-candidate
10270b20	103ddaf0	slot-candidate
10270b20	103e0bc0	slot-candidate
10271900	10007b4e	direct
10271900	100290c0	direct
10271900	101371d0	direct
10271900	102dfed0	direct
10271900	102ed310	direct
10271900	102ee140	direct
10271900	102ee160	direct
10271900	102ee1a0	direct
10271900	102ee1c0	direct
10271900	102ee620	direct
10271900	102f2fc0	direct
10271900	102f2fe0	direct
10271b10	10007b4e	direct
10271b10	101371d0	direct
10271b10	102ed310	direct
10271b10	102ee140	direct
10271b10	102ee160	direct
10271b10	102ee620	direct
10271b10	102ee640	direct
10271d10	100a6fa0	slot-candidate
10271d10	10269a20	direct
10271d10	10269b50	direct
10271d10	10271b10	direct
10271d10	102b4630	slot-candidate
10271d10	10369ff0	slot-candidate
10271d10	103ba290	slot-candidate
10271d10	103cb810	slot-candidate
10271d10	103ddaf0	slot-candidate
10271d10	103e0bc0	slot-candidate
10271f70	1026db30	slot-candidate
10271f70	1026db30	virtual
10271f70	10274820	slot-candidate
10271f70	10274820	virtual
10271f70	10274aa0	slot-candidate
10271f70	10274aa0	virtual
10271f70	102954b0	slot-candidate
10271f70	10297560	slot-candidate
10271ff0	1008dd30	direct
10271ff0	10271f50	slot-candidate
10271ff0	10271f70	slot-candidate
10271ff0	10295590	slot-candidate
10271ff0	10295710	slot-candidate
10271ff0	10327ec0	slot-candidate
10271ff0	103690a0	slot-candidate
10271ff0	103690c0	slot-candidate
10271ff0	10374ad0	slot-candidate
10271ff0	10381b50	slot-candidate
10271ff0	103854f0	slot-candidate
10271ff0	103858b0	slot-candidate
10271ff0	10394690	slot-candidate
10271ff0	103b2e60	slot-candidate
10271ff0	103bde40	slot-candidate
10271ff0	103c3e10	slot-candidate
10271ff0	103dcdc0	slot-candidate
10272130	1008dc40	direct
10272130	1008f7b0	direct
10272130	1009f200	direct
10272130	100b1690	slot-candidate
10272130	10271ff0	direct
10272130	10295a80	direct
10272130	10412550	direct
10272400	101a6740	slot-candidate
10272400	101a6740	virtual
10272400	10260a50	direct
10272400	10295a60	slot-candidate
10272400	10357b30	slot-candidate
10272400	103947b0	slot-candidate
10272400	103a56f0	slot-candidate
10272400	103d5f60	slot-candidate
10272490	10091080	direct
10272490	1009f380	direct
10272490	101a6740	slot-candidate
10272490	101f6010	direct
10272490	10260a50	direct
10272490	10274db0	slot-candidate
10272490	10295a60	slot-candidate
10272490	102b4ab0	slot-candidate
10272490	102e1cf0	direct
10272490	1032a910	direct
10272490	10357b30	slot-candidate
10272490	103947b0	slot-candidate
10272490	103a56f0	slot-candidate
10272490	103ba250	slot-candidate
10272490	103d5f60	slot-candidate
102725d0	10272130	direct
102725d0	10272490	direct
10272650	10272130	direct
10272650	102725d0	slot-candidate
10272650	10295750	slot-candidate
10272650	103c1cd0	slot-candidate
10272650	103c3d80	slot-candidate
102726a0	10090020	direct
102726a0	100936e0	direct
102726a0	10272130	direct
102726a0	10272490	direct
10272790	101a6720	slot-candidate
10272790	101a6720	virtual
10272790	1038fb00	slot-candidate
102727d0	10272130	direct
102727d0	102726a0	direct
102727d0	10272790	slot-candidate
102727d0	10272790	virtual
102727d0	102bf510	slot-candidate
102729d0	102ee620	direct
10272f40	100952d0	direct
10272f40	100a6150	direct
10272f40	100c65b0	direct
10272f40	10336920	direct
10273070	100ab4f0	direct
10273070	101cf390	direct
10273070	10272f40	direct
10273070	102d6100	direct
10273070	102d6120	direct
10273070	102d6210	direct
10273070	102d6230	direct
10273070	102f9950	direct
10273180	101cf390	direct
10273180	10272f40	direct
10273180	102d6140	direct
10273180	102d6160	direct
10273200	101cd940	direct
10273200	1026db30	slot-candidate
10273200	1026db30	virtual
10273200	10273720	slot-candidate
10273200	10273720	virtual
10273200	10323a90	direct
10273200	1032d380	slot-candidate
10273200	1032d380	virtual
10273200	1032e120	direct
10273390	1008dd30	direct
10273390	1008f540	direct
10273390	100904a0	direct
10273390	10095be0	direct
10273390	100a9290	direct
10273390	100ac4e0	direct
10273390	100b3110	slot-candidate
10273390	100b3110	virtual
10273390	100b3580	direct
10273390	1026a2a0	direct
10273390	10270180	direct
10273390	10272650	direct
10273390	10273aa0	direct
10273390	10274ca0	direct
10273390	10279a50	direct
10273390	10280d30	direct
10273390	102cc7e0	direct
10273390	102e0a80	direct
10273390	102e0b40	direct
10273390	102ee270	direct
10273720	100b4dc0	slot-candidate
10273720	100b4dc0	virtual
10273720	10272f40	direct
10273760	10273790	direct
10273790	100f7770	direct
10273790	10136580	direct
10273790	101cd970	direct
10273790	10332aa0	direct
10273790	10332ca0	direct
10273790	10431447	direct
10273790	10432c14	direct
10273790	1043e780	direct
10273aa0	10273760	direct
10273ad0	1009f200	direct
10273ad0	100aac30	slot-candidate
10273ad0	100aac30	virtual
10273ad0	100ac4e0	direct
10273ad0	100b2be0	slot-candidate
10273ad0	100b2be0	virtual
10273ad0	100b3070	slot-candidate
10273ad0	100b3070	virtual
10273ad0	100b3640	direct
10273ad0	100f7770	direct
10273ad0	1026db30	slot-candidate
10273ad0	1026db30	virtual
10273ad0	1026e340	direct
10273ad0	102725d0	slot-candidate
10273ad0	102725d0	virtual
10273ad0	10273d30	slot-candidate
10273ad0	10273d30	virtual
10273ad0	10280de0	direct
10273ad0	10295750	slot-candidate
10273ad0	102e7880	direct
10273ad0	10369bd0	slot-candidate
10273ad0	103c1cd0	slot-candidate
10273ad0	103c3d80	slot-candidate
10273d30	1009f200	direct
10273d30	1026db30	slot-candidate
10273d30	1026db30	virtual
10273d30	10273dd0	slot-candidate
10273d30	10273dd0	virtual
10273d30	10315800	direct
10273dd0	102e0730	direct
10273dd0	10430964	direct
10273e40	102e0730	direct
10273e40	10430964	direct
10273e80	10269aa0	direct
10273ec0	10272650	direct
10273ec0	10273e80	direct
10273ec0	1027a6c0	direct
10273ec0	102ee270	direct
10273ec0	102ee6a0	direct
10273ec0	102f0400	direct
10273fc0	10269a20	direct
10273fc0	10316fa0	direct
10274080	1027f990	direct
10274080	1027fa50	direct
102741e0	10430fa0	direct
102743c0	100a6fa0	slot-candidate
102743c0	100a6fa0	virtual
102743c0	100b31b0	slot-candidate
102743c0	100b31b0	virtual
102743c0	100b3700	direct
102743c0	100b4dc0	slot-candidate
102743c0	100b4dc0	virtual
102743c0	101a6820	slot-candidate
102743c0	101a6820	virtual
102743c0	10273e10	slot-candidate
102743c0	10273e10	virtual
102743c0	102741e0	slot-candidate
102743c0	102741e0	virtual
102743c0	10299da0	slot-candidate
102743c0	102b4630	slot-candidate
102743c0	102e0210	direct
102743c0	1030fb10	direct
102743c0	10333340	slot-candidate
102743c0	10333340	virtual
102743c0	10333700	slot-candidate
102743c0	10333700	virtual
102743c0	10369ff0	slot-candidate
102743c0	1036e6f0	slot-candidate
102743c0	10372b70	slot-candidate
102743c0	10388bb0	slot-candidate
102743c0	103a01b0	slot-candidate
102743c0	103a2930	slot-candidate
102743c0	103a48b0	slot-candidate
102743c0	103ba290	slot-candidate
102743c0	103cb810	slot-candidate
102743c0	103dd880	slot-candidate
102743c0	103ddaf0	slot-candidate
102743c0	103e0bc0	slot-candidate
102743c0	10431320	direct
10274820	1008dc40	direct
10274820	100b31b0	slot-candidate
10274820	100b31b0	virtual
10274820	10146570	direct
10274820	101a67e0	slot-candidate
10274820	101a67e0	virtual
10274820	101d3190	direct
10274820	10274db0	slot-candidate
10274820	10274db0	virtual
10274820	102b4ab0	slot-candidate
10274820	103ba250	slot-candidate
10274aa0	1008dc40	direct
10274b30	100b3070	slot-candidate
10274b30	100b3070	virtual
10274b30	101d2c70	direct
10274b30	102ee3f0	direct
10274ca0	100952d0	direct
10274ca0	1009f200	direct
10274ca0	1009f380	direct
10274ca0	10428310	direct
10274db0	1026db30	slot-candidate
10274db0	1026db30	virtual
10274e30	1008f6c0	direct
10274e30	1008f7b0	direct
10274e30	10095cb0	direct
10274e30	100b3110	slot-candidate
10274e30	100b3110	virtual
10274e30	100b31b0	slot-candidate
10274e30	100b31b0	virtual
10274e30	100b3280	slot-candidate
10274e30	100b3280	virtual
10274e30	100b3700	direct
10274e30	100f7f20	direct
10274e30	100f7fe0	direct
10274e30	101a7230	direct
10274e30	101a8890	direct
10274e30	101aeb60	direct
10274e30	101b0c10	direct
10274e30	102521f0	direct
10274e30	10260a50	direct
10274e30	1026d460	direct
10274e30	10272650	direct
10274e30	10273e80	direct
10274e30	10273fc0	slot-candidate
10274e30	10273fc0	virtual
10274e30	1029adb0	slot-candidate
10274e30	102d09b0	direct
10274e30	102db3e0	direct
10274e30	102e0b40	direct
10274e30	102e1c10	direct
10274e30	1032a910	direct
10274e30	1032d380	slot-candidate
10274e30	1032d380	virtual
10274e30	1032d9b0	slot-candidate
10274e30	1032d9b0	virtual
10274e30	1032e210	direct
10274e30	1032e330	direct
10274e30	1032e7b0	direct
10274e30	10362390	slot-candidate
10274e30	1036d1d0	slot-candidate
10274e30	10379060	slot-candidate
10274e30	10380510	slot-candidate
10274e30	10394090	slot-candidate
10274e30	103a9400	slot-candidate
10274e30	103b0290	slot-candidate
10274e30	103ba350	slot-candidate
10274e30	103ce750	slot-candidate
10274e30	10431447	direct
10275760	100a0130	direct
10275760	100ac4e0	direct
10275760	100ad320	direct
10275760	100b3070	slot-candidate
10275760	100b3070	virtual
10275760	100b31b0	slot-candidate
10275760	100b31b0	virtual
10275760	100b4b40	slot-candidate
10275760	100b4b40	virtual
10275760	101371d0	direct
10275760	10142aa0	direct
10275760	10142af0	direct
10275760	10142e90	direct
10275760	10143710	direct
10275760	10143b70	direct
10275760	101a67e0	slot-candidate
10275760	101a67e0	virtual
10275760	101aae60	slot-candidate
10275760	1025e8e0	slot-candidate
10275760	1025f040	slot-candidate
10275760	1026b210	slot-candidate
10275760	1026b210	virtual
10275760	10273e10	slot-candidate
10275760	10273e10	virtual
10275760	102741e0	slot-candidate
10275760	102741e0	virtual
10275760	1028ae60	direct
10275760	102cc1f0	direct
10275760	102d6100	direct
10275760	102d6120	direct
10275760	102f28e0	direct
10275760	102f3c10	direct
10275760	102fb0d0	direct
10275760	103061e0	direct
10275760	1032e7b0	direct
10275760	1036e6f0	slot-candidate
10275760	10431320	direct
10275760	10432520	direct
102767d0	1008dc40	direct
102767d0	1008ff50	direct
102767d0	100ab4f0	direct
102767d0	100b1d10	direct
102767d0	101434b0	direct
102767d0	101a67e0	slot-candidate
102767d0	101a67e0	virtual
102767d0	101a6c00	slot-candidate
102767d0	101a6c00	virtual
102767d0	10269aa0	direct
102767d0	10271f50	slot-candidate
102767d0	10271f50	virtual
102767d0	10271f70	slot-candidate
102767d0	10271f70	virtual
102767d0	10273e10	slot-candidate
102767d0	10273e10	virtual
102767d0	1027d990	direct
102767d0	1027e740	slot-candidate
102767d0	1027e740	virtual
102767d0	1027e7d0	slot-candidate
102767d0	1027e7d0	virtual
102767d0	1028a150	direct
102767d0	10295590	slot-candidate
102767d0	10295710	slot-candidate
102767d0	102cc350	slot-candidate
102767d0	102cc350	virtual
102767d0	10327ec0	slot-candidate
102767d0	10327ec0	virtual
102767d0	1032e7b0	direct
102767d0	103346c0	direct
102767d0	1033e4a0	direct
102767d0	10359240	slot-candidate
102767d0	10359e90	slot-candidate
102767d0	1035ace0	slot-candidate
102767d0	1035b4f0	slot-candidate
102767d0	1035c460	slot-candidate
102767d0	1035edb0	slot-candidate
102767d0	10360610	slot-candidate
102767d0	10362df0	slot-candidate
102767d0	10366e10	slot-candidate
102767d0	10367a10	slot-candidate
102767d0	10368550	slot-candidate
102767d0	103690a0	slot-candidate
102767d0	103690c0	slot-candidate
102767d0	1036a3f0	slot-candidate
102767d0	1036ecf0	slot-candidate
102767d0	1036f4f0	slot-candidate
102767d0	1036fcb0	slot-candidate
102767d0	10370ad0	slot-candidate
102767d0	103736d0	slot-candidate
102767d0	10374ad0	slot-candidate
102767d0	10375440	slot-candidate
102767d0	10377210	slot-candidate
102767d0	10377cd0	slot-candidate
102767d0	1037a950	slot-candidate
102767d0	1037c800	slot-candidate
102767d0	1037ea60	slot-candidate
102767d0	10381b50	slot-candidate
102767d0	10384200	slot-candidate
102767d0	103854f0	slot-candidate
102767d0	103858b0	slot-candidate
102767d0	10386c80	slot-candidate
102767d0	103878b0	slot-candidate
102767d0	10388200	slot-candidate
102767d0	10388f80	slot-candidate
102767d0	10389700	slot-candidate
102767d0	10389f50	slot-candidate
102767d0	10391390	slot-candidate
102767d0	10394690	slot-candidate
102767d0	1039b230	slot-candidate
102767d0	1039f7a0	slot-candidate
102767d0	103a1640	slot-candidate
102767d0	103a1fa0	slot-candidate
102767d0	103a3c50	slot-candidate
102767d0	103a5240	slot-candidate
102767d0	103a5e50	slot-candidate
102767d0	103abd40	slot-candidate
102767d0	103adcb0	slot-candidate
102767d0	103b1dc0	slot-candidate
102767d0	103b2a50	slot-candidate
102767d0	103b2e60	slot-candidate
102767d0	103b3170	slot-candidate
102767d0	103b3cc0	slot-candidate
102767d0	103b54d0	slot-candidate
102767d0	103b5c70	slot-candidate
102767d0	103b70f0	slot-candidate
102767d0	103bde40	slot-candidate
102767d0	103c0c90	slot-candidate
102767d0	103c2a60	slot-candidate
102767d0	103c3e10	slot-candidate
102767d0	103c4a80	slot-candidate
102767d0	103c5270	slot-candidate
102767d0	103c7950	slot-candidate
102767d0	103c8ed0	slot-candidate
102767d0	103dc950	slot-candidate
102767d0	103dcdc0	slot-candidate
102767d0	103dd1f0	slot-candidate
102767d0	103de4d0	slot-candidate
102767d0	10433510	direct
102775e0	1008d990	direct
102775e0	1008dc40	direct
102775e0	1008ff50	direct
102775e0	100952d0	direct
102775e0	10119750	direct
102775e0	10271f50	slot-candidate
102775e0	10271f50	virtual
102775e0	10271f70	slot-candidate
102775e0	10271f70	virtual
102775e0	1027d990	direct
102775e0	1027e740	slot-candidate
102775e0	1027e740	virtual
102775e0	1027e7d0	slot-candidate
102775e0	1027e7d0	virtual
102775e0	1028a150	direct
102775e0	10295590	slot-candidate
102775e0	10295710	slot-candidate
102775e0	102cc350	slot-candidate
102775e0	102cc350	virtual
102775e0	10327ec0	slot-candidate
102775e0	10327ec0	virtual
102775e0	103690a0	slot-candidate
102775e0	103690c0	slot-candidate
102775e0	10374ad0	slot-candidate
102775e0	10381b50	slot-candidate
102775e0	103854f0	slot-candidate
102775e0	103858b0	slot-candidate
102775e0	10394690	slot-candidate
102775e0	103b2e60	slot-candidate
102775e0	103bde40	slot-candidate
102775e0	103c3e10	slot-candidate
102775e0	103dcdc0	slot-candidate
102779a0	1008dc40	direct
102779a0	1008ff50	direct
102779a0	1009f200	direct
102779a0	100b1510	slot-candidate
102779a0	100b1510	virtual
102779a0	101a67e0	slot-candidate
102779a0	101a67e0	virtual
102779a0	1027a6c0	direct
102779a0	1027e740	slot-candidate
102779a0	1027e740	virtual
102779a0	10280300	slot-candidate
102779a0	10280300	virtual
102779a0	1028a150	direct
10277d90	1005f190	direct
10277d90	100ab4f0	direct
10277d90	100b3070	slot-candidate
10277d90	100b3070	virtual
10277d90	100dcd90	direct
10277d90	10143710	direct
10277d90	1027f5d0	direct
10277d90	10280c80	direct
10277d90	1028a150	direct
10277d90	102cc350	slot-candidate
10277d90	102cc350	virtual
10278090	100b4dc0	slot-candidate
10278090	100b4dc0	virtual
10278090	101a8ac0	direct
10278220	1004f7a0	direct
10278220	1005f190	direct
10278220	100b3070	slot-candidate
10278220	10146570	direct
10278220	101ccd70	direct
10278220	1028af20	slot-candidate
10278220	102e6d70	direct
10278220	102ecd20	direct
102784a0	100b3070	slot-candidate
102784a0	100b3110	slot-candidate
102784a0	10139610	direct
102784a0	10278220	direct
10278650	100b3110	slot-candidate
10278650	10139610	direct
10278650	101a67e0	slot-candidate
10278650	10200610	direct
10278650	102012d0	direct
10278650	10273e10	slot-candidate
10278650	102dfed0	direct
10278650	10430923	direct
10278900	10137220	direct
10278900	10278650	direct
102789c0	10027160	slot-candidate
102789c0	10027160	virtual
102789c0	100b31b0	slot-candidate
102789c0	100b31b0	virtual
102789c0	100b4b40	slot-candidate
102789c0	100b4b40	virtual
102789c0	101aae60	slot-candidate
102789c0	1025e8e0	slot-candidate
102789c0	10357760	slot-candidate
10278c60	1026db30	slot-candidate
10278c60	1026db30	virtual
10278c80	102e1f90	direct
10278e30	1002cbd0	direct
10278e30	10032b00	direct
10278e30	100a9eb0	slot-candidate
10278e30	100a9eb0	virtual
10278e30	100b4dc0	slot-candidate
10278e30	100b4dc0	virtual
10278e30	1019ce00	direct
10278e30	1019d280	direct
10278e30	1019d4b0	direct
10278e30	101aeb60	direct
10278e30	101af070	direct
10279000	10278e30	slot-candidate
10279000	10278e30	virtual
10279000	10312ef0	slot-candidate
10279060	10084b40	direct
10279090	100f7770	direct
10279090	101618a0	direct
10279090	101a67e0	slot-candidate
10279090	101a67e0	virtual
10279090	101cd9e0	direct
10279090	1043e780	direct
10279420	1004f7a0	direct
10279420	1005f190	direct
10279420	10146150	direct
10279420	10146570	direct
10279420	101d3190	direct
10279a50	101e3d70	direct
10279a50	1026dc80	slot-candidate
10279a50	10279b70	direct
10279bb0	101a67e0	slot-candidate
10279bb0	10273e10	slot-candidate
10279bb0	102dfed0	direct
10279c20	102dfd90	direct
10279d00	101a67e0	slot-candidate
10279d00	101a67e0	virtual
10279d00	10269aa0	direct
10279d00	10273e10	slot-candidate
10279d00	10273e10	virtual
10279d00	102e0210	direct
10279dd0	100cd660	direct
10279dd0	101a67e0	slot-candidate
10279dd0	101a67e0	virtual
10279dd0	101a6920	slot-candidate
10279dd0	101a6920	virtual
10279dd0	10269a20	direct
10279dd0	10269b50	direct
10279dd0	10269c70	direct
10279dd0	102707d0	direct
10279dd0	10273e10	slot-candidate
10279dd0	10273e10	virtual
10279dd0	102743c0	slot-candidate
10279dd0	102743c0	virtual
10279dd0	10279a50	direct
10279dd0	10279d00	slot-candidate
10279dd0	10279d00	virtual
10279dd0	1028ae60	direct
10279dd0	102944c0	slot-candidate
10279dd0	102e0210	direct
10279dd0	10368150	slot-candidate
10279dd0	103766d0	slot-candidate
10279dd0	103a0090	slot-candidate
10279dd0	103a47d0	slot-candidate
10279dd0	103b4a60	slot-candidate
10279dd0	103b9600	slot-candidate
1027a420	101a6620	slot-candidate
1027a420	101a6620	virtual
1027a420	101a6ae0	slot-candidate
1027a420	101a6ae0	virtual
1027a420	1027a530	slot-candidate
1027a420	1027a530	virtual
1027a420	10294070	slot-candidate
1027a420	10294f40	slot-candidate
1027a420	1033e2b0	direct
1027a420	10368310	slot-candidate
1027a420	10368370	slot-candidate
1027a420	103e1080	slot-candidate
1027a6c0	102ee510	direct
1027a6c0	102ee6a0	direct
1027a700	1028ae60	direct
1027bb20	1027cae0	slot-candidate
1027bb20	1027cae0	virtual
1027bb20	10312cd0	slot-candidate
1027bb20	10337d80	direct
1027bb50	100ab4f0	direct
1027bb50	101cd940	direct
1027bb50	101d0ec0	direct
1027bb50	1027c2e0	slot-candidate
1027bb50	1027c2e0	virtual
1027bb50	102b97f0	slot-candidate
1027bb50	10340360	direct
1027bb50	103591e0	slot-candidate
1027bb50	10359e30	slot-candidate
1027bb50	1035ac80	slot-candidate
1027bb50	1035b490	slot-candidate
1027bb50	1035c400	slot-candidate
1027bb50	1035ed50	slot-candidate
1027bb50	103605b0	slot-candidate
1027bb50	10362d90	slot-candidate
1027bb50	10366db0	slot-candidate
1027bb50	103679b0	slot-candidate
1027bb50	103684f0	slot-candidate
1027bb50	1036a390	slot-candidate
1027bb50	1036ec90	slot-candidate
1027bb50	1036f490	slot-candidate
1027bb50	1036fc50	slot-candidate
1027bb50	10370a70	slot-candidate
1027bb50	10373670	slot-candidate
1027bb50	103753e0	slot-candidate
1027bb50	103771b0	slot-candidate
1027bb50	10377c70	slot-candidate
1027bb50	1037a8f0	slot-candidate
1027bb50	1037c7a0	slot-candidate
1027bb50	1037ea00	slot-candidate
1027bb50	103841a0	slot-candidate
1027bb50	10386c20	slot-candidate
1027bb50	10387850	slot-candidate
1027bb50	103881a0	slot-candidate
1027bb50	10388f20	slot-candidate
1027bb50	103896a0	slot-candidate
1027bb50	10389ef0	slot-candidate
1027bb50	10391330	slot-candidate
1027bb50	1039b1d0	slot-candidate
1027bb50	1039f740	slot-candidate
1027bb50	103a15e0	slot-candidate
1027bb50	103a1f40	slot-candidate
1027bb50	103a3bf0	slot-candidate
1027bb50	103a51e0	slot-candidate
1027bb50	103a5df0	slot-candidate
1027bb50	103abce0	slot-candidate
1027bb50	103adc50	slot-candidate
1027bb50	103b1d60	slot-candidate
1027bb50	103b29f0	slot-candidate
1027bb50	103b3110	slot-candidate
1027bb50	103b3c60	slot-candidate
1027bb50	103b5470	slot-candidate
1027bb50	103b5c10	slot-candidate
1027bb50	103b7090	slot-candidate
1027bb50	103c0c30	slot-candidate
1027bb50	103c2a00	slot-candidate
1027bb50	103c4a20	slot-candidate
1027bb50	103c5210	slot-candidate
1027bb50	103c78f0	slot-candidate
1027bb50	103c8e70	slot-candidate
1027bb50	103dc8f0	slot-candidate
1027bb50	103dd190	slot-candidate
1027bb50	103de470	slot-candidate
1027bc60	101a67e0	slot-candidate
1027bc60	101a67e0	virtual
1027bc60	101cf250	direct
1027bc60	101cf2f0	direct
1027bc60	1023f040	direct
1027bc60	1023f060	direct
1027bc60	1023f0c0	direct
1027bc60	102e0b60	direct
1027bc60	102e0b80	direct
1027bc60	102e8aa0	direct
1027bc60	102e8ac0	direct
1027bc60	102ee6a0	direct
1027bc60	10348980	direct
1027be60	100ab4f0	direct
1027be60	1026e340	direct
1027be60	10280d30	direct
1027be60	102ee270	direct
1027bf50	101a67e0	slot-candidate
1027bf50	101a67e0	virtual
1027bf50	1023f040	direct
1027bf50	1023f060	direct
1027bf50	1023f0c0	direct
1027bf50	1027be60	direct
1027bf50	102ee1e0	direct
1027bf50	102ee270	direct
1027bf50	1030f350	direct
1027bf50	10323b60	direct
1027c160	101cf2f0	direct
1027c160	102e0b80	direct
1027c160	102e8ac0	direct
1027c160	10348890	direct
1027c790	10430964	direct
1027c7f0	100aa7b0	direct
1027c7f0	1027c820	direct
1027c820	100078c4	direct
1027c820	100cd2d0	direct
1027c820	102653f0	direct
1027c820	10273e40	direct
1027c820	1027faa0	direct
1027c820	102cc6a0	direct
1027ca30	1027caa0	slot-candidate
1027ca30	1027caa0	virtual
1027ca30	102d1420	direct
1027ca30	103158f0	direct
1027ca30	10315ec0	direct
1027ca30	10327790	direct
1027ca30	10357800	slot-candidate
1027cae0	10260f40	slot-candidate
1027cae0	10262430	slot-candidate
1027cae0	1027cc10	slot-candidate
1027cae0	1027cc10	virtual
1027cae0	1027cec0	slot-candidate
1027cae0	1027cec0	virtual
1027cae0	1027cef0	slot-candidate
1027cae0	1027cef0	virtual
1027cae0	1027cf60	slot-candidate
1027cae0	1027cf60	virtual
1027cae0	1027cf90	slot-candidate
1027cae0	1027cf90	virtual
1027cae0	1027cfc0	slot-candidate
1027cae0	1027cfc0	virtual
1027cae0	102ddc00	direct
1027cae0	102e0ba0	direct
1027cae0	103ad6a0	slot-candidate
1027cc10	1027cd50	direct
1027cc10	1027cda0	direct
1027cc10	1027f8f0	direct
1027cc10	104312d5	direct
1027cde0	10185100	direct
1027cde0	10430964	direct
1027cec0	102e0900	direct
1027cec0	104312d5	direct
1027cef0	104312d5	direct
1027cf60	102ddab0	direct
1027cf60	104312d5	direct
1027cf90	102eca50	direct
1027cf90	104312d5	direct
1027cfc0	104312d5	direct
1027d000	10430964	direct
1027d0a0	101a8c30	direct
1027d170	10007ea0	direct
1027d170	100290c0	direct
1027d170	10037300	direct
1027d170	100903e0	direct
1027d170	100926e0	direct
1027d170	100ac4e0	direct
1027d170	100b3580	direct
1027d170	100b3640	direct
1027d170	100b3700	direct
1027d170	100dc480	direct
1027d170	100dc580	direct
1027d170	101371d0	direct
1027d170	101cd250	direct
1027d170	101cf390	direct
1027d170	102695d0	direct
1027d170	10269a20	direct
1027d170	1026e340	direct
1027d170	10279cc0	direct
1027d170	1027f270	direct
1027d170	102d61e0	direct
1027d170	103281b0	direct
1027d9b0	102eeba0	direct
1027db30	101a6ba0	slot-candidate
1027db30	10293e80	slot-candidate
1027db80	100b3110	slot-candidate
1027db80	101d2c70	direct
1027de00	100b4dc0	slot-candidate
1027de00	100f0e30	direct
1027de00	100f0ec0	direct
1027de00	1027e0f0	slot-candidate
1027de00	10290570	slot-candidate
1027de00	102ee6a0	direct
1027de00	102f1fa0	direct
1027de00	10316660	direct
1027de00	103166b0	direct
1027e590	1009f200	direct
1027e590	1043373b	direct
1027e740	1027e660	direct
1027e7d0	1027e760	direct
1027ede0	1027e7f0	direct
1027ef20	10431c2f	direct
1027efb0	100ab4f0	direct
1027f550	100f0e90	direct
1027f550	1026db30	slot-candidate
1027f5d0	1043373b	direct
1027fa50	10430fa0	direct
1027fba0	10430fa0	direct
102800c0	10280de0	direct
102800c0	10289f20	slot-candidate
102800c0	10295300	slot-candidate
102800c0	102ecd20	direct
102800c0	1035f5c0	slot-candidate
102800c0	10368ee0	slot-candidate
102800c0	10384760	slot-candidate
102800c0	10392c40	slot-candidate
102800c0	103ba640	slot-candidate
102800c0	103d9e00	slot-candidate
102801e0	10280de0	direct
102801e0	10289f20	slot-candidate
102801e0	10295300	slot-candidate
102801e0	102ecd20	direct
102801e0	1035f5c0	slot-candidate
102801e0	10368ee0	slot-candidate
102801e0	10384760	slot-candidate
102801e0	10392c40	slot-candidate
102801e0	103ba640	slot-candidate
102801e0	103d9e00	slot-candidate
10280300	102ee680	direct
10280330	1028a150	direct
10280360	10146570	direct
10280360	101a67e0	slot-candidate
10280360	101a67e0	virtual
10280360	101d3190	direct
10280360	10269a20	direct
10280360	10269c70	direct
10280360	10273fc0	slot-candidate
10280360	10273fc0	virtual
10280360	10274aa0	slot-candidate
10280360	10274aa0	virtual
10280360	10274db0	slot-candidate
10280360	10274db0	virtual
10280360	10297560	slot-candidate
10280360	1029adb0	slot-candidate
10280360	102b4ab0	slot-candidate
10280360	102ee140	direct
10280360	102ee620	direct
10280360	102f9c70	direct
10280360	10362390	slot-candidate
10280360	1036d1d0	slot-candidate
10280360	10379060	slot-candidate
10280360	10380510	slot-candidate
10280360	10394090	slot-candidate
10280360	103a9400	slot-candidate
10280360	103b0290	slot-candidate
10280360	103ba250	slot-candidate
10280360	103ba350	slot-candidate
10280360	103ce750	slot-candidate
10280790	101371d0	direct
10280880	10280790	direct
10280a50	10094b70	direct
10280a50	10098bb0	slot-candidate
10280a50	10098bb0	virtual
10280a50	100aac30	slot-candidate
10280a50	100aac30	virtual
10280a50	100b3700	direct
10280a50	1025e4e0	slot-candidate
10280a50	102729d0	direct
10280a50	102e0bd0	direct
10280de0	101a6d00	slot-candidate
10280de0	101aa790	slot-candidate
10280de0	10280e50	direct
10280de0	102cc1f0	direct
10280de0	102ea2d0	direct
10280de0	10357370	slot-candidate
10280de0	10359f00	slot-candidate
10280de0	1035ad70	slot-candidate
10280de0	1035b560	slot-candidate
10280de0	1035c1b0	slot-candidate
10280de0	1035c230	slot-candidate
10280de0	1035ec10	slot-candidate
10280de0	103603d0	slot-candidate
10280de0	10362c50	slot-candidate
10280de0	10366c70	slot-candidate
10280de0	10367870	slot-candidate
10280de0	103683b0	slot-candidate
10280de0	1036a1b0	slot-candidate
10280de0	1036eab0	slot-candidate
10280de0	1036f2b0	slot-candidate
10280de0	1036fb10	slot-candidate
10280de0	10370930	slot-candidate
10280de0	10373530	slot-candidate
10280de0	103750e0	slot-candidate
10280de0	10375240	slot-candidate
10280de0	10377070	slot-candidate
10280de0	10377b20	slot-candidate
10280de0	1037afb0	slot-candidate
10280de0	1037c660	slot-candidate
10280de0	1037e830	slot-candidate
10280de0	10384060	slot-candidate
10280de0	10386ae0	slot-candidate
10280de0	10387710	slot-candidate
10280de0	10388060	slot-candidate
10280de0	10388de0	slot-candidate
10280de0	10389560	slot-candidate
10280de0	10389db0	slot-candidate
10280de0	10391070	slot-candidate
10280de0	1039b090	slot-candidate
10280de0	1039f600	slot-candidate
10280de0	103a14a0	slot-candidate
10280de0	103a1e00	slot-candidate
10280de0	103a42e0	slot-candidate
10280de0	103a50a0	slot-candidate
10280de0	103a5ca0	slot-candidate
10280de0	103abba0	slot-candidate
10280de0	103ae4b0	slot-candidate
10280de0	103b1c20	slot-candidate
10280de0	103b28b0	slot-candidate
10280de0	103b2f70	slot-candidate
10280de0	103b3b20	slot-candidate
10280de0	103b5330	slot-candidate
10280de0	103b5ad0	slot-candidate
10280de0	103b6e50	slot-candidate
10280de0	103c1300	slot-candidate
10280de0	103c30e0	slot-candidate
10280de0	103c77b0	slot-candidate
10280de0	103ca750	slot-candidate
10280de0	103dc750	slot-candidate
10280de0	103dd050	slot-candidate
10280de0	103de2b0	slot-candidate
10280e50	1027a700	slot-candidate
10280e50	1027d990	direct
10280e50	102a0940	slot-candidate
10280e50	102ee270	direct
10280e50	10378fc0	slot-candidate
10280e50	10383090	slot-candidate
10280e50	103bf610	slot-candidate
10280e50	103ced10	slot-candidate
10280f40	10269a20	direct
10280f40	10280db0	direct
10280ff0	101a6d00	slot-candidate
10280ff0	101aa790	slot-candidate
10280ff0	10269aa0	direct
10280ff0	1027d990	direct
10280ff0	1027f610	direct
10280ff0	102cc300	slot-candidate
10280ff0	102ea280	direct
10280ff0	10357370	slot-candidate
10280ff0	10359f00	slot-candidate
10280ff0	1035ad70	slot-candidate
10280ff0	1035b560	slot-candidate
10280ff0	1035c1b0	slot-candidate
10280ff0	1035c230	slot-candidate
10280ff0	1035ec10	slot-candidate
10280ff0	103603d0	slot-candidate
10280ff0	10362c50	slot-candidate
10280ff0	10366c70	slot-candidate
10280ff0	10367870	slot-candidate
10280ff0	103683b0	slot-candidate
10280ff0	1036a1b0	slot-candidate
10280ff0	1036eab0	slot-candidate
10280ff0	1036f2b0	slot-candidate
10280ff0	1036fb10	slot-candidate
10280ff0	10370930	slot-candidate
10280ff0	10373530	slot-candidate
10280ff0	103750e0	slot-candidate
10280ff0	10375240	slot-candidate
10280ff0	10377070	slot-candidate
10280ff0	10377b20	slot-candidate
10280ff0	1037afb0	slot-candidate
10280ff0	1037c660	slot-candidate
10280ff0	1037e830	slot-candidate
10280ff0	10384060	slot-candidate
10280ff0	10386ae0	slot-candidate
10280ff0	10387710	slot-candidate
10280ff0	10388060	slot-candidate
10280ff0	10388de0	slot-candidate
10280ff0	10389560	slot-candidate
10280ff0	10389db0	slot-candidate
10280ff0	10391070	slot-candidate
10280ff0	1039b090	slot-candidate
10280ff0	1039f600	slot-candidate
10280ff0	103a14a0	slot-candidate
10280ff0	103a1e00	slot-candidate
10280ff0	103a42e0	slot-candidate
10280ff0	103a50a0	slot-candidate
10280ff0	103a5ca0	slot-candidate
10280ff0	103abba0	slot-candidate
10280ff0	103ae4b0	slot-candidate
10280ff0	103b1c20	slot-candidate
10280ff0	103b28b0	slot-candidate
10280ff0	103b2f70	slot-candidate
10280ff0	103b3b20	slot-candidate
10280ff0	103b5330	slot-candidate
10280ff0	103b5ad0	slot-candidate
10280ff0	103b6e50	slot-candidate
10280ff0	103c1300	slot-candidate
10280ff0	103c30e0	slot-candidate
10280ff0	103c77b0	slot-candidate
10280ff0	103ca750	slot-candidate
10280ff0	103dc750	slot-candidate
10280ff0	103dd050	slot-candidate
10280ff0	103de2b0	slot-candidate
10281430	10269aa0	direct
102814d0	1026a0f0	direct
102814d0	1028a260	direct
102814d0	102cc1f0	direct
102814d0	102ea2d0	direct
10281730	1028a150	direct
10281730	102cc1f0	direct
102817c0	100290c0	direct
102817c0	100335e0	direct
102817c0	101a6580	slot-candidate
102817c0	101a6620	slot-candidate
102817c0	10269aa0	direct
102817c0	1026e340	direct
102817c0	1026f4d0	direct
102817c0	102725d0	slot-candidate
102817c0	102727d0	direct
102817c0	10273f90	direct
102817c0	10280330	slot-candidate
102817c0	10280e50	direct
102817c0	10280f40	direct
102817c0	10280ff0	direct
102817c0	10281430	direct
102817c0	102814d0	direct
102817c0	10281730	direct
102817c0	102827f0	slot-candidate
102817c0	10288710	slot-candidate
102817c0	10288780	slot-candidate
102817c0	10289c90	direct
102817c0	1028a150	direct
102817c0	10295750	slot-candidate
102817c0	102a1910	slot-candidate
102817c0	102aacf0	slot-candidate
102817c0	102cc350	slot-candidate
102817c0	102ee6a0	direct
102817c0	10358330	slot-candidate
102817c0	103587b0	slot-candidate
102817c0	1035d1b0	slot-candidate
102817c0	1035d8b0	slot-candidate
102817c0	1035f650	slot-candidate
102817c0	1035f940	slot-candidate
102817c0	103611a0	slot-candidate
102817c0	103612e0	slot-candidate
102817c0	103645a0	slot-candidate
102817c0	103652b0	slot-candidate
102817c0	1036b750	slot-candidate
102817c0	1036bfc0	slot-candidate
102817c0	10371b70	slot-candidate
102817c0	10374940	slot-candidate
102817c0	10374a20	slot-candidate
102817c0	10375f50	slot-candidate
102817c0	103790d0	slot-candidate
102817c0	103793e0	slot-candidate
102817c0	1037b8b0	slot-candidate
102817c0	1037b9f0	slot-candidate
102817c0	103805d0	slot-candidate
102817c0	10380cb0	slot-candidate
102817c0	103847f0	slot-candidate
102817c0	10384ab0	slot-candidate
102817c0	1038c390	slot-candidate
102817c0	1038d130	slot-candidate
102817c0	10392d80	slot-candidate
102817c0	10393930	slot-candidate
102817c0	1039c4c0	slot-candidate
102817c0	1039d750	slot-candidate
102817c0	103a5650	slot-candidate
102817c0	103a78c0	slot-candidate
102817c0	103a8990	slot-candidate
102817c0	103ac740	slot-candidate
102817c0	103aec70	slot-candidate
102817c0	103af780	slot-candidate
102817c0	103b36d0	slot-candidate
102817c0	103b38a0	slot-candidate
102817c0	103ba7c0	slot-candidate
102817c0	103bb1e0	slot-candidate
102817c0	103c1820	slot-candidate
102817c0	103c1cd0	slot-candidate
102817c0	103c35d0	slot-candidate
102817c0	103c3870	slot-candidate
102817c0	103c3d80	slot-candidate
102817c0	103c5ac0	slot-candidate
102817c0	103c5f40	slot-candidate
102817c0	103ccda0	slot-candidate
102817c0	103cdfb0	slot-candidate
102817c0	103dfd80	slot-candidate
102817c0	103e01d0	slot-candidate
102817c0	10430923	direct
102817c0	10431320	direct
102827f0	100290c0	direct
102827f0	1004f7a0	direct
102827f0	1008dc40	direct
102827f0	1008f7b0	direct
102827f0	10092270	direct
102827f0	10094eb0	direct
102827f0	100aac30	slot-candidate
102827f0	100aac30	virtual
102827f0	100ad320	direct
102827f0	100b3070	slot-candidate
102827f0	100b3070	virtual
102827f0	100b3110	slot-candidate
102827f0	100b3110	virtual
102827f0	100b31b0	slot-candidate
102827f0	100b31b0	virtual
102827f0	100b4b40	slot-candidate
102827f0	100b4b40	virtual
102827f0	100cd640	direct
102827f0	100d1590	direct
102827f0	100d15d0	direct
102827f0	100f2f90	direct
102827f0	100f7770	direct
102827f0	101371d0	direct
102827f0	10139610	direct
102827f0	10146570	direct
102827f0	101a6720	slot-candidate
102827f0	101a6720	virtual
102827f0	101a67e0	slot-candidate
102827f0	101a67e0	virtual
102827f0	101a6880	slot-candidate
102827f0	101a6880	virtual
102827f0	101a68a0	slot-candidate
102827f0	101a68a0	virtual
102827f0	101a68c0	slot-candidate
102827f0	101a68c0	virtual
102827f0	101a68e0	slot-candidate
102827f0	101a68e0	virtual
102827f0	101a6c20	slot-candidate
102827f0	101a6c20	virtual
102827f0	101a6e00	slot-candidate
102827f0	101a8cf0	direct
102827f0	101aa8b0	slot-candidate
102827f0	101aae60	slot-candidate
102827f0	101d3190	direct
102827f0	1025d760	direct
102827f0	1025e8e0	slot-candidate
102827f0	10265970	direct
102827f0	1026a8f0	slot-candidate
102827f0	1026a8f0	virtual
102827f0	1026aef0	slot-candidate
102827f0	1026aef0	virtual
102827f0	1026af30	slot-candidate
102827f0	1026af30	virtual
102827f0	102702d0	slot-candidate
102827f0	102702d0	virtual
102827f0	10272650	direct
102827f0	10272900	slot-candidate
102827f0	10272900	virtual
102827f0	10273180	direct
102827f0	10273e10	slot-candidate
102827f0	10273e10	virtual
102827f0	10273e80	direct
102827f0	10273fc0	slot-candidate
102827f0	10273fc0	virtual
102827f0	10274080	direct
102827f0	102741e0	slot-candidate
102827f0	102741e0	virtual
102827f0	10274aa0	slot-candidate
102827f0	10274aa0	virtual
102827f0	102784a0	direct
102827f0	10279cc0	direct
102827f0	1027a6c0	direct
102827f0	1027f270	direct
102827f0	10280360	slot-candidate
102827f0	10280360	virtual
102827f0	10280e50	direct
102827f0	10288510	direct
102827f0	10288540	direct
102827f0	10288560	direct
102827f0	10288590	direct
102827f0	102885d0	direct
102827f0	102885f0	direct
102827f0	10288610	direct
102827f0	10288630	direct
102827f0	10288650	direct
102827f0	10288670	direct
102827f0	102886f0	direct
102827f0	10289d10	slot-candidate
102827f0	10289d10	virtual
102827f0	10289ee0	direct
102827f0	10289f20	slot-candidate
102827f0	10289f20	virtual
102827f0	10289fe0	direct
102827f0	1028ac10	direct
102827f0	1028ac80	direct
102827f0	1028acc0	direct
102827f0	10293ec0	slot-candidate
102827f0	10293f80	slot-candidate
102827f0	10294280	slot-candidate
102827f0	10294340	slot-candidate
102827f0	10295300	slot-candidate
102827f0	10297560	slot-candidate
102827f0	10297640	slot-candidate
102827f0	1029adb0	slot-candidate
102827f0	102b4520	slot-candidate
102827f0	102bf6e0	slot-candidate
102827f0	102cc1f0	direct
102827f0	102cc350	slot-candidate
102827f0	102cc350	virtual
102827f0	102d1180	direct
102827f0	102d11f0	direct
102827f0	102d12e0	direct
102827f0	102d1350	direct
102827f0	102d1420	direct
102827f0	102d1af0	direct
102827f0	102dfed0	direct
102827f0	102e0a80	direct
102827f0	102e0b40	direct
102827f0	102e1f90	direct
102827f0	102e2020	direct
102827f0	102ecd20	direct
102827f0	102ed540	direct
102827f0	102ed940	direct
102827f0	102edaa0	direct
102827f0	102edae0	direct
102827f0	102edc80	direct
102827f0	102ee1c0	direct
102827f0	102ee250	direct
102827f0	102ee270	direct
102827f0	102ee2c0	direct
102827f0	102ee2e0	direct
102827f0	102ee410	direct
102827f0	102ee530	direct
102827f0	102ee550	direct
102827f0	102ee5e0	direct
102827f0	102ee620	direct
102827f0	102ee6a0	direct
102827f0	102f2fc0	direct
102827f0	102f2fe0	direct
102827f0	10326bd0	slot-candidate
102827f0	10326bd0	virtual
102827f0	1032e7b0	direct
102827f0	1032fb80	slot-candidate
102827f0	1032fb80	virtual
102827f0	10331950	slot-candidate
102827f0	10331950	virtual
102827f0	10333ad0	direct
102827f0	10337230	direct
102827f0	10337300	direct
102827f0	1034aeb0	slot-candidate
102827f0	1034bf50	slot-candidate
102827f0	1034cb90	slot-candidate
102827f0	10358c90	slot-candidate
102827f0	10358ef0	slot-candidate
102827f0	10358f10	slot-candidate
102827f0	10358f30	slot-candidate
102827f0	10358f50	slot-candidate
102827f0	1035a390	slot-candidate
102827f0	1035a500	slot-candidate
102827f0	1035a670	slot-candidate
102827f0	1035b000	slot-candidate
102827f0	1035b020	slot-candidate
102827f0	1035b040	slot-candidate
102827f0	1035ba00	slot-candidate
102827f0	1035bb70	slot-candidate
102827f0	1035bce0	slot-candidate
102827f0	1035f5c0	slot-candidate
102827f0	10362390	slot-candidate
102827f0	103680b0	slot-candidate
102827f0	103680d0	slot-candidate
102827f0	103680f0	slot-candidate
102827f0	10368110	slot-candidate
102827f0	10368ee0	slot-candidate
102827f0	1036d1d0	slot-candidate
102827f0	1036e6f0	slot-candidate
102827f0	10375180	slot-candidate
102827f0	10379060	slot-candidate
102827f0	10380510	slot-candidate
102827f0	10384760	slot-candidate
102827f0	1038fb00	slot-candidate
102827f0	10392a10	slot-candidate
102827f0	10392c40	slot-candidate
102827f0	10394090	slot-candidate
102827f0	1039fff0	slot-candidate
102827f0	103a0010	slot-candidate
102827f0	103a0030	slot-candidate
102827f0	103a0050	slot-candidate
102827f0	103a0190	slot-candidate
102827f0	103a1de0	slot-candidate
102827f0	103a42c0	slot-candidate
102827f0	103a4730	slot-candidate
102827f0	103a4750	slot-candidate
102827f0	103a4770	slot-candidate
102827f0	103a4790	slot-candidate
102827f0	103a9400	slot-candidate
102827f0	103b0290	slot-candidate
102827f0	103b4320	slot-candidate
102827f0	103b4490	slot-candidate
102827f0	103b4600	slot-candidate
102827f0	103b4780	slot-candidate
102827f0	103b6e30	slot-candidate
102827f0	103b9120	slot-candidate
102827f0	103b92a0	slot-candidate
102827f0	103b9360	slot-candidate
102827f0	103b9380	slot-candidate
102827f0	103b9500	slot-candidate
102827f0	103ba350	slot-candidate
102827f0	103ba640	slot-candidate
102827f0	103ce750	slot-candidate
102827f0	103d87a0	slot-candidate
102827f0	103d9e00	slot-candidate
102827f0	10431320	direct
10288560	1043e780	direct
10288590	10431320	direct
10288670	102e0a80	direct
10288710	101a6500	slot-candidate
10288710	101a6500	virtual
10288710	10278c60	slot-candidate
10288710	10278c60	virtual
10288710	10280330	slot-candidate
10288710	10280330	virtual
10288710	102bf4a0	slot-candidate
10288710	102c5500	slot-candidate
10288710	102e8250	direct
10288710	102e8270	direct
10288780	100274b0	slot-candidate
10288780	100274b0	virtual
10288780	100290c0	direct
10288780	100ab250	direct
10288780	100ab4f0	direct
10288780	100ac4e0	direct
10288780	100b3070	slot-candidate
10288780	100b3070	virtual
10288780	100b3700	direct
10288780	101371d0	direct
10288780	101a67e0	slot-candidate
10288780	101a67e0	virtual
10288780	101a6e00	slot-candidate
10288780	101a7540	direct
10288780	101a81a0	direct
10288780	101a8460	direct
10288780	101a8640	direct
10288780	101aa8b0	slot-candidate
10288780	101babc0	direct
10288780	101cf390	direct
10288780	101d1800	direct
10288780	101d2c70	direct
10288780	102521f0	direct
10288780	102695d0	direct
10288780	10269b50	direct
10288780	1026db30	slot-candidate
10288780	1026db30	virtual
10288780	102702d0	slot-candidate
10288780	102702d0	virtual
10288780	10272650	direct
10288780	10272900	slot-candidate
10288780	10272900	virtual
10288780	10273e10	slot-candidate
10288780	10273e10	virtual
10288780	10273e80	direct
10288780	10273fc0	slot-candidate
10288780	10273fc0	virtual
10288780	10278c80	direct
10288780	10279420	direct
10288780	1027a400	slot-candidate
10288780	1027a400	virtual
10288780	1027a6c0	direct
10288780	1027d990	direct
10288780	1027d9b0	direct
10288780	10280360	slot-candidate
10288780	10280360	virtual
10288780	10280a50	direct
10288780	10280d30	direct
10288780	10289ce0	slot-candidate
10288780	10289ce0	virtual
10288780	10289d10	slot-candidate
10288780	10289d10	virtual
10288780	10297640	slot-candidate
10288780	1029adb0	slot-candidate
10288780	102bf6e0	slot-candidate
10288780	102cc350	slot-candidate
10288780	102cc350	virtual
10288780	102dfed0	direct
10288780	102e0b40	direct
10288780	102e1c10	direct
10288780	102e1e20	direct
10288780	102e1f90	direct
10288780	102e20b0	direct
10288780	102ee140	direct
10288780	102ee220	direct
10288780	102ee250	direct
10288780	102ee270	direct
10288780	102ee620	direct
10288780	102ee6a0	direct
10288780	10326bd0	slot-candidate
10288780	10326bd0	virtual
10288780	1032e7b0	direct
10288780	1034aeb0	slot-candidate
10288780	1034bf50	slot-candidate
10288780	1034cb90	slot-candidate
10288780	10362390	slot-candidate
10288780	1036d1d0	slot-candidate
10288780	10375180	slot-candidate
10288780	10379060	slot-candidate
10288780	10380510	slot-candidate
10288780	10392a10	slot-candidate
10288780	10394090	slot-candidate
10288780	103a0190	slot-candidate
10288780	103a42c0	slot-candidate
10288780	103a9400	slot-candidate
10288780	103b0290	slot-candidate
10288780	103b9120	slot-candidate
10288780	103ba350	slot-candidate
10288780	103ce750	slot-candidate
10288780	10430b64	direct
10289c90	102e8560	direct
10289d10	1008dc40	direct
10289d10	10272650	direct
10289d10	102e1f90	direct
10289ee0	10272650	direct
10289f20	1027d990	direct
10289f20	102d61b0	direct
10289fe0	1008f6c0	direct
10289fe0	1008f7b0	direct
1028a190	101a8930	direct
1028a2a0	100b1420	slot-candidate
1028a2a0	100b1420	virtual
1028a2a0	10269aa0	direct
1028a380	1008dc40	direct
1028a380	10090180	direct
1028a380	1009f200	direct
1028a380	101a6900	slot-candidate
1028a380	101a6900	virtual
1028a380	10269aa0	direct
1028a380	10269b50	direct
1028a380	1026e340	direct
1028a380	10279a50	direct
1028a380	10279dd0	direct
1028a380	1027d170	direct
1028a380	1028a260	direct
1028a380	10294400	slot-candidate
1028a380	102e1f90	direct
1028a380	102ee620	direct
1028a380	10368130	slot-candidate
1028a380	103a0070	slot-candidate
1028a380	103a47b0	slot-candidate
1028a380	103b48f0	slot-candidate
1028a380	103b95e0	slot-candidate
1028af20	1005f190	direct
1028af20	1006dec0	direct
1028af20	10146570	direct
1028af20	101d3190	direct
1028af20	102d6100	direct
1028b190	1008d990	direct
1028b300	1008d990	direct
1028b300	1028b420	direct
1028b300	1028b460	direct
1028b300	10431320	direct
1028d5e0	100aa7b0	direct
1028d5e0	1028d610	direct
1028d610	100cd2d0	direct
1028d610	1027c820	direct
1028d610	1028d6e0	direct
1028d610	102c6bd0	direct
1028d610	102c6bf0	direct
1028d6e0	1027ca30	direct
1028d6e0	10295ab0	direct
1028d6e0	1029f5d0	direct
1028d6e0	102b53d0	direct
1028d6e0	102c0bb0	direct
1028d6e0	102c1170	direct
1028d860	100b31b0	slot-candidate
1028d860	100b31b0	virtual
1028d990	100ab4f0	direct
1028d990	10269aa0	direct
1028d990	1027d990	direct
1028d990	1027ede0	slot-candidate
1028d990	1027ee00	slot-candidate
1028d990	103951d0	slot-candidate
1028d990	10395270	slot-candidate
1028d990	1039ece0	slot-candidate
1028d990	1039ed30	slot-candidate
1028d990	103d0640	slot-candidate
1028d990	103d0780	slot-candidate
1028d990	10431c2f	direct
1028de10	1027ef20	direct
1028de10	1028d990	direct
1028de90	1027ee20	direct
1028de90	1028d990	direct
1028df30	1027ef20	direct
1028dfb0	1027ee20	direct
1028e030	100952d0	direct
1028e030	1028e090	direct
1028e060	100952d0	direct
1028e060	1028e090	direct
1028e060	1032e7b0	direct
1028e090	100927f0	slot-candidate
1028e090	10137ed0	direct
1028e090	10138720	direct
1028e090	10139610	direct
1028e090	10142e90	direct
1028e310	100a0bc0	direct
1028e310	100a7a80	slot-candidate
1028e310	101aabd0	slot-candidate
1028e310	10299d80	slot-candidate
1028e310	10299d80	virtual
1028e310	102c0f70	direct
1028e310	1034a2d0	slot-candidate
1028e310	10357660	slot-candidate
1028e310	1035a850	slot-candidate
1028e310	1035b0c0	slot-candidate
1028e310	1035bec0	slot-candidate
1028e310	1035f560	slot-candidate
1028e310	10363990	slot-candidate
1028e310	10367400	slot-candidate
1028e310	10367f00	slot-candidate
1028e310	10368e60	slot-candidate
1028e310	1036a190	slot-candidate
1028e310	103701d0	slot-candidate
1028e310	10371b50	slot-candidate
1028e310	10374080	slot-candidate
1028e310	10375d70	slot-candidate
1028e310	10377700	slot-candidate
1028e310	10378660	slot-candidate
1028e310	1037cdd0	slot-candidate
1028e310	1037fb00	slot-candidate
1028e310	10384700	slot-candidate
1028e310	103871a0	slot-candidate
1028e310	10388820	slot-candidate
1028e310	10389bf0	slot-candidate
1028e310	1038b0e0	slot-candidate
1028e310	103929f0	slot-candidate
1028e310	1039c460	slot-candidate
1028e310	1039fcc0	slot-candidate
1028e310	103a0500	slot-candidate
1028e310	103a1b30	slot-candidate
1028e310	103a2910	slot-candidate
1028e310	103a4120	slot-candidate
1028e310	103a4890	slot-candidate
1028e310	103a6ef0	slot-candidate
1028e310	103ac470	slot-candidate
1028e310	103ad660	slot-candidate
1028e310	103b23b0	slot-candidate
1028e310	103b3630	slot-candidate
1028e310	103b4ed0	slot-candidate
1028e310	103b59c0	slot-candidate
1028e310	103b6160	slot-candidate
1028e310	103ba230	slot-candidate
1028e310	103c4f20	slot-candidate
1028e310	103c7e40	slot-candidate
1028e310	103dce50	slot-candidate
1028e310	103dd650	slot-candidate
1028e310	103df280	slot-candidate
1028e480	10007b4e	direct
1028e480	100b31b0	slot-candidate
1028e480	101371d0	direct
1028e480	10137220	direct
1028e480	10289f20	slot-candidate
1028e480	10295300	slot-candidate
1028e480	102ed310	direct
1028e480	102ee140	direct
1028e480	102ee160	direct
1028e480	102ee1a0	direct
1028e480	102ee1c0	direct
1028e480	102ee620	direct
1028e480	102f2fc0	direct
1028e480	102f2fe0	direct
1028e480	1035f5c0	slot-candidate
1028e480	10368ee0	slot-candidate
1028e480	10384760	slot-candidate
1028e480	10392c40	slot-candidate
1028e480	103ba640	slot-candidate
1028e480	103d9e00	slot-candidate
1028e700	10269aa0	direct
1028e700	10269b50	direct
1028e790	10269aa0	direct
1028e790	10270180	direct
1028e790	1028e700	direct
1028e870	1028e830	direct
1028e8b0	101a67e0	slot-candidate
1028e8b0	1028e940	direct
1028e980	101371d0	direct
1028e980	102ee140	direct
1028e980	102ee220	direct
1028e980	102ee620	direct
1028ea60	1042fde0	direct
1028ebc0	100b4b40	slot-candidate
1028ebc0	101075e0	direct
1028ebc0	10142e90	direct
1028ebc0	10143d80	direct
1028ebc0	10146570	direct
1028ebc0	101aae60	slot-candidate
1028ebc0	1025e8e0	slot-candidate
1028ebc0	103268e0	direct
1028ef20	10337f30	direct
1028ef20	1033e2b0	direct
1028efc0	100290c0	direct
1028efc0	1017dd80	direct
1028efc0	1017ddd0	direct
1028efc0	1017de60	direct
1028efc0	1017e720	direct
1028efc0	1017e740	direct
1028efc0	1017fd60	direct
1028efc0	101d5bd0	direct
1028efc0	1023bd00	direct
1028efc0	10269a20	direct
1028efc0	10269aa0	direct
1028efc0	10269b50	direct
1028efc0	1028ea60	direct
1028efc0	1028eb30	direct
1028efc0	10293df0	direct
1028efc0	102ca780	direct
1028efc0	103268e0	direct
1028efc0	10337860	direct
1028efc0	1033e2b0	direct
1028fa50	10269a20	direct
1028fa50	10269b50	direct
1028fa50	102cabd0	direct
1028fb70	1006caa0	direct
1028fb70	1006cf30	direct
1028fb70	1006cff0	direct
1028fcc0	1026f110	direct
1028fcc0	1028fc90	direct
1028fcc0	102a0d20	direct
1028fd80	10280a50	direct
1028fd80	10290040	direct
1028fd80	10290200	direct
1028fd80	102902e0	direct
1028fd80	10290350	direct
10290040	100290c0	direct
10290040	101d2c70	direct
10290040	10278c80	direct
10290040	10298840	direct
10290040	102e0b40	direct
10290040	102e1c10	direct
10290200	102727d0	direct
10290200	102bf7e0	direct
10290200	102ee2e0	direct
102902e0	102727d0	direct
10290350	102727d0	direct
10290350	102bf7e0	direct
10290350	102e6d70	direct
10290570	10273fc0	slot-candidate
10290570	1027e0f0	direct
10290570	1029adb0	slot-candidate
10290570	1029adb0	virtual
10290570	102bf7e0	direct
10290570	102ee2e0	direct
10290570	10362390	slot-candidate
10290570	1036d1d0	slot-candidate
10290570	10379060	slot-candidate
10290570	10380510	slot-candidate
10290570	10394090	slot-candidate
10290570	103a9400	slot-candidate
10290570	103b0290	slot-candidate
10290570	103ba350	slot-candidate
10290570	103ce750	slot-candidate
102906a0	10290660	direct
102906c0	10290660	direct
10290700	10290660	direct
10290720	102906a0	direct
10290720	102c2430	direct
10290b60	102906c0	direct
10290b60	102c2430	direct
10291230	10290700	direct
10291610	100335e0	direct
10291610	1004f7a0	direct
10291610	1005f190	direct
10291610	100b31b0	slot-candidate
10291610	100b31b0	virtual
10291610	10146570	direct
10291610	101d1a90	direct
10291610	101d3190	direct
10292500	1004f7a0	direct
10292500	1005f190	direct
10292500	1009f4e0	direct
10292500	100ab4f0	direct
10292500	100b3070	slot-candidate
10292500	100b3070	virtual
10292500	100b31b0	slot-candidate
10292500	100b31b0	virtual
10292500	100b4b40	slot-candidate
10292500	100b4b40	virtual
10292500	10142e90	direct
10292500	10143710	direct
10292500	10143b70	direct
10292500	10146570	direct
10292500	101aae60	slot-candidate
10292500	101d3190	direct
10292500	1025e8e0	slot-candidate
10292500	10269aa0	direct
10292500	10278650	direct
10292500	1027efb0	direct
10292500	1028e030	direct
10292500	1028e060	direct
10292500	103338c0	slot-candidate
10292500	103338c0	virtual
10292500	103bfd80	slot-candidate
10292500	10431320	direct
10292500	10431c2f	direct
10292de0	100335e0	direct
10292de0	100a6fa0	direct
10292de0	100b3110	slot-candidate
10292de0	100b3110	virtual
10292de0	100b31b0	slot-candidate
10292de0	100b31b0	virtual
10292de0	101371d0	direct
10292de0	10139610	direct
10292de0	101a67e0	slot-candidate
10292de0	101a67e0	virtual
10292de0	101cd940	direct
10292de0	101d1a90	direct
10292de0	101f5950	direct
10292de0	10269a20	direct
10292de0	10269aa0	direct
10292de0	1026a0f0	direct
10292de0	1026a8d0	slot-candidate
10292de0	1026c120	direct
10292de0	1026c3d0	direct
10292de0	1026c7c0	direct
10292de0	1026f110	slot-candidate
10292de0	10273e10	slot-candidate
10292de0	10273e10	virtual
10292de0	10278d90	slot-candidate
10292de0	10278d90	virtual
10292de0	10280a50	direct
10292de0	1028fcc0	slot-candidate
10292de0	1028fcc0	virtual
10292de0	1028fd80	direct
10292de0	102906a0	direct
10292de0	102906c0	direct
10292de0	102906e0	direct
10292de0	10290700	direct
10292de0	10290720	direct
10292de0	10290b60	direct
10292de0	10290fc0	direct
10292de0	10291230	direct
10292de0	10291610	direct
10292de0	10292500	direct
10292de0	10293a80	direct
10292de0	10295ab0	direct
10292de0	10295c20	slot-candidate
10292de0	10295c20	virtual
10292de0	10298070	slot-candidate
10292de0	10298070	virtual
10292de0	1029bd40	direct
10292de0	102bf310	direct
10292de0	102bf820	direct
10292de0	102bfdf0	direct
10292de0	102bfe10	direct
10292de0	102c0aa0	direct
10292de0	102c0ca0	direct
10292de0	102dfed0	direct
10292de0	103246d0	slot-candidate
10292de0	10358c60	slot-candidate
10292de0	1035a900	slot-candidate
10292de0	1035b160	slot-candidate
10292de0	1035bf70	slot-candidate
10292de0	1035db00	slot-candidate
10292de0	1035e980	slot-candidate
10292de0	10360160	slot-candidate
10292de0	10361110	slot-candidate
10292de0	10361470	slot-candidate
10292de0	10363b60	slot-candidate
10292de0	10365800	slot-candidate
10292de0	103674c0	slot-candidate
10292de0	103690e0	slot-candidate
10292de0	1036c6a0	slot-candidate
10292de0	10370340	slot-candidate
10292de0	10372aa0	slot-candidate
10292de0	103747e0	slot-candidate
10292de0	10374aa0	slot-candidate
10292de0	10378b80	slot-candidate
10292de0	1037e1e0	slot-candidate
10292de0	10380120	slot-candidate
10292de0	10385a10	slot-candidate
10292de0	10387500	slot-candidate
10292de0	10388ad0	slot-candidate
10292de0	1038e480	slot-candidate
10292de0	1038e990	slot-candidate
10292de0	10394970	slot-candidate
10292de0	1039e3d0	slot-candidate
10292de0	1039fe30	slot-candidate
10292de0	103a3670	slot-candidate
10292de0	103a4870	slot-candidate
10292de0	103a75c0	slot-candidate
10292de0	103a9340	slot-candidate
10292de0	103aebd0	slot-candidate
10292de0	103af810	slot-candidate
10292de0	103b2470	slot-candidate
10292de0	103b3650	slot-candidate
10292de0	103b51a0	slot-candidate
10292de0	103ba780	slot-candidate
10292de0	103bdef0	slot-candidate
10292de0	103c1d20	slot-candidate
10292de0	103d7ce0	slot-candidate
10292de0	103dd7a0	slot-candidate
10292de0	103df850	slot-candidate
10292de0	103e03b0	slot-candidate
10292de0	1043e780	direct
10293a80	101371d0	direct
10293a80	101828b0	direct
10293a80	101cd9e0	direct
10293e20	10293d90	direct
10293e20	10293dc0	direct
10293e50	10272900	slot-candidate
10293e50	10272900	virtual
10293e50	10289ee0	direct
10293e80	102d1540	direct
10293ec0	101f5950	direct
10293ec0	1043e780	direct
10293f80	101f5950	direct
10293f80	1043e780	direct
10294040	1027a420	direct
10294040	102c1170	direct
10294070	1006caa0	direct
10294070	1006cf30	direct
10294070	1006cff0	direct
10294070	1027a530	direct
10294070	102c1170	direct
10294070	10341aa0	direct
10294280	101f5950	direct
10294280	1043e780	direct
10294340	101f5950	direct
10294340	1043e780	direct
10294400	101f5950	direct
10294400	1043e780	direct
102944c0	101f5950	direct
102944c0	1043e780	direct
10294590	101f5950	direct
10294590	1033e2b0	direct
10294590	1043e780	direct
10294660	101f5950	direct
10294660	1043e780	direct
10294720	101f5950	direct
10294720	1043e780	direct
102947e0	1043e780	direct
10294870	101f5950	direct
10294870	1043e780	direct
10294930	101f5950	direct
10294930	1043e780	direct
102949f0	101f5950	direct
102949f0	1043e780	direct
10294ab0	101f5950	direct
10294ab0	1043e780	direct
10294b70	101f5950	direct
10294b70	1043e780	direct
10294c30	101f5950	direct
10294c30	1043e780	direct
10294cf0	101f5950	direct
10294cf0	1043e780	direct
10294db0	101f5950	direct
10294db0	1043e780	direct
10294e70	101f5950	direct
10294e70	1033e2b0	direct
10294e70	1043e780	direct
10294f40	1006c9d0	direct
10294f40	1006cf30	direct
10294f40	1006cff0	direct
10294f40	101f5950	direct
10294f40	1043e780	direct
10295300	1027d990	direct
10295300	102d61b0	direct
102953a0	1026db30	slot-candidate
102953a0	1026db30	virtual
102953a0	10270840	direct
102953a0	1032e7b0	direct
102953e0	10269aa0	direct
10295460	1008dc40	direct
10295460	10271ff0	direct
102954b0	1008dc40	direct
102954b0	10295460	direct
10295590	1026db30	slot-candidate
10295590	1026db30	virtual
10295590	10274820	slot-candidate
10295590	10274aa0	slot-candidate
10295590	102954b0	slot-candidate
10295590	102954b0	virtual
10295590	10297560	slot-candidate
10295590	10297560	virtual
10295590	10328030	direct
10295750	10027020	slot-candidate
10295750	100b31b0	slot-candidate
10295750	100b31b0	virtual
10295750	102725d0	direct
10295750	10272900	slot-candidate
10295750	10272900	virtual
10295750	10273e10	slot-candidate
10295750	10273e10	virtual
10295750	102b5360	slot-candidate
10295750	102b5360	virtual
10295750	102dfa20	direct
10295750	102dfed0	direct
10295ab0	100ab4f0	direct
10295ab0	102d1420	direct
10295ab0	102d1450	direct
10295c20	100290c0	direct
10295c20	101d3730	direct
10295c20	10295ed0	direct
10295c20	102961a0	direct
10295c20	10297430	direct
10295c20	102974f0	direct
10295c20	102d0ab0	direct
10295c20	10431c2f	direct
10295ed0	100b31b0	slot-candidate
10295ed0	101371d0	direct
10295ed0	10137220	direct
10295ed0	101d2f40	direct
10295ed0	102968f0	direct
10295ed0	102d12e0	direct
102961a0	100290c0	direct
102961a0	1005f190	direct
102961a0	100ab4f0	direct
102961a0	100b31b0	slot-candidate
102961a0	101371d0	direct
102961a0	10146570	direct
102961a0	101d2f40	direct
102961a0	101d3190	direct
102961a0	101d3730	direct
102961a0	102d0ab0	direct
102961a0	102d1180	direct
102961a0	102d12e0	direct
102961a0	10431320	direct
102961a0	1043e780	direct
102968f0	1004f7a0	direct
102968f0	1005f190	direct
102968f0	1009f4e0	direct
102968f0	10142e90	direct
102968f0	10143d80	direct
102968f0	10146570	direct
102968f0	1023bd00	direct
102968f0	10296820	direct
102968f0	102d1180	direct
10296c40	100b31b0	slot-candidate
10296c40	101371d0	direct
10296c40	10137220	direct
10296c40	101d2f40	direct
10296c40	101d3730	direct
10296c40	102968f0	direct
10296c40	102d0ab0	direct
10296c40	102d0b20	direct
10296c40	102d12e0	direct
10296c40	1032e7b0	direct
10296c40	10431320	direct
10297430	10296c40	direct
102974f0	10296c40	direct
10297560	10274aa0	direct
10297560	10295460	direct
10297640	10272650	direct
10297640	10295460	direct
10297640	102e1f90	direct
10297940	10297a20	direct
10297940	102e0a80	direct
10297940	102e0b40	direct
10297940	102e2020	direct
10297a20	10272650	direct
10297a20	10295460	direct
10297a20	102e1f90	direct
10297a20	10431320	direct
10297ce0	10245a40	direct
10297ce0	10430923	direct
10298070	10027470	slot-candidate
10298070	10027470	virtual
10298070	100290c0	direct
10298070	101a6720	slot-candidate
10298070	101a6720	virtual
10298070	102c6b30	direct
10298070	102c6c30	direct
10298070	102c6cf0	direct
10298070	102c6d40	direct
10298070	103246d0	direct
10298070	1038fb00	slot-candidate
102984a0	100290c0	direct
102984a0	100b31b0	slot-candidate
102984a0	100b31b0	virtual
102984a0	100f0e70	direct
102984a0	100f0e90	direct
102984a0	101a6720	slot-candidate
102984a0	101a6720	virtual
102984a0	1026db30	slot-candidate
102984a0	1026db30	virtual
102984a0	1027f550	direct
102984a0	10298840	direct
102984a0	102bf770	direct
102984a0	10304130	direct
102984a0	103166b0	direct
102984a0	10319f30	direct
102984a0	1038fb00	slot-candidate
10298800	102ee2a0	direct
10298840	1002ca10	direct
10298840	100eec70	direct
10298840	1027de00	direct
10298840	10289ee0	direct
10298910	10431447	direct
102989e0	10431447	direct
10298ad0	100b15f0	slot-candidate
10298ad0	100b15f0	virtual
10298ad0	100b1690	slot-candidate
10298ad0	100b1690	virtual
10298ad0	100ec640	direct
10298ad0	101d0ec0	direct
10298ad0	101d0f10	direct
10298ad0	1027bb50	direct
10298ce0	100ec640	direct
10298ce0	10273070	direct
10298ce0	10274ca0	direct
10298ce0	103409a0	direct
10298d30	100aad70	slot-candidate
10298d30	100aad70	virtual
10298d30	100ab4f0	direct
10298d30	100b1690	slot-candidate
10298d30	100b1690	virtual
10298d30	100b31b0	slot-candidate
10298d30	100b31b0	virtual
10298d30	100b3280	slot-candidate
10298d30	100b3280	virtual
10298d30	100b3840	direct
10298d30	100dc480	direct
10298d30	100dc580	direct
10298d30	101aab90	slot-candidate
10298d30	101cf600	direct
10298d30	10206c30	direct
10298d30	10207e60	direct
10298d30	1025e510	slot-candidate
10298d30	1026dc00	direct
10298d30	10273070	direct
10298d30	10273200	direct
10298d30	10273390	slot-candidate
10298d30	1027bb50	slot-candidate
10298d30	10298910	direct
10298d30	102989e0	direct
10298d30	10298ad0	slot-candidate
10298d30	10298ad0	virtual
10298d30	10298ce0	slot-candidate
10298d30	10298ce0	virtual
10298d30	1029a0b0	slot-candidate
10298d30	1029a0b0	virtual
10298d30	1029f340	direct
10298d30	103239a0	direct
10298d30	1033df80	direct
10298d30	103409a0	slot-candidate
10298d30	1034aa40	slot-candidate
10298d30	1034b160	slot-candidate
10298d30	1034c180	slot-candidate
10298d30	1034cde0	slot-candidate
10298d30	10358ec0	slot-candidate
10298d30	10359f70	slot-candidate
10298d30	1035ade0	slot-candidate
10298d30	1035b5d0	slot-candidate
10298d30	1035cb90	slot-candidate
10298d30	1035cec0	slot-candidate
10298d30	10360bc0	slot-candidate
10298d30	10360ce0	slot-candidate
10298d30	103637b0	slot-candidate
10298d30	10363940	slot-candidate
10298d30	103673b0	slot-candidate
10298d30	103689c0	slot-candidate
10298d30	103692c0	slot-candidate
10298d30	1036ae60	slot-candidate
10298d30	1036b050	slot-candidate
10298d30	1036f100	slot-candidate
10298d30	1036f900	slot-candidate
10298d30	10372b00	slot-candidate
10298d30	10375c80	slot-candidate
10298d30	10378470	slot-candidate
10298d30	103785f0	slot-candidate
10298d30	1037b1a0	slot-candidate
10298d30	1037b1f0	slot-candidate
10298d30	1037b290	slot-candidate
10298d30	1037e240	slot-candidate
10298d30	1037f960	slot-candidate
10298d30	1037fa70	slot-candidate
10298d30	10387140	slot-candidate
10298d30	10388b30	slot-candidate
10298d30	1038aec0	slot-candidate
10298d30	1038b070	slot-candidate
10298d30	10392660	slot-candidate
10298d30	1039c220	slot-candidate
10298d30	103a03e0	slot-candidate
10298d30	103a0420	slot-candidate
10298d30	103a2570	slot-candidate
10298d30	103a4350	slot-candidate
10298d30	103a4580	slot-candidate
10298d30	103a6ab0	slot-candidate
10298d30	103a6d40	slot-candidate
10298d30	103ae540	slot-candidate
10298d30	103ae6c0	slot-candidate
10298d30	103b2360	slot-candidate
10298d30	103b35c0	slot-candidate
10298d30	103b41e0	slot-candidate
10298d30	103b8fa0	slot-candidate
10298d30	103b91d0	slot-candidate
10298d30	103c1400	slot-candidate
10298d30	103c1c80	slot-candidate
10298d30	103c31e0	slot-candidate
10298d30	103c5840	slot-candidate
10298d30	103caef0	slot-candidate
10298d30	103cb2a0	slot-candidate
10298d30	103dce00	slot-candidate
10298d30	103dd800	slot-candidate
10298d30	103defc0	slot-candidate
10298d30	103df120	slot-candidate
10298d30	103e0540	slot-candidate
102993c0	101b9840	direct
102993c0	101b9860	direct
102993c0	101cf250	direct
102993c0	101cf2f0	direct
102993c0	1027bc60	direct
10299700	101b9860	direct
10299700	101cf2f0	direct
10299700	1027c160	direct
102998c0	100ac4e0	direct
102998c0	100b5190	direct
102998c0	1027bf50	direct
102998c0	10299a80	direct
102998c0	1029a070	slot-candidate
102998c0	1029a070	virtual
102998c0	1029f340	direct
102998c0	1029f5d0	direct
102998c0	1029f610	direct
102998c0	102c44e0	direct
102998c0	102c4680	direct
102998c0	102db5e0	direct
102998c0	102f96e0	direct
102998c0	103b9180	slot-candidate
10299a80	100ab4f0	direct
10299a80	102da9a0	direct
10299da0	10027020	slot-candidate
10299da0	10299da0	slot-candidate
10299da0	102b5360	slot-candidate
10299da0	102b5360	virtual
10299da0	10333340	direct
10299da0	10333340	slot-candidate
10299da0	10372b70	slot-candidate
10299da0	10388bb0	slot-candidate
10299da0	103a01b0	slot-candidate
10299da0	103a2930	slot-candidate
10299da0	103a48b0	slot-candidate
10299da0	103dd880	slot-candidate
1029a050	10270820	direct
1029a0b0	101d5f10	direct
1029a0b0	101e8c30	direct
1029a0b0	101e8c50	direct
1029a0b0	101e8c70	direct
1029a0b0	10200610	direct
1029a0b0	102008e0	direct
1029a0b0	10200be0	direct
1029a0b0	1024f7b0	direct
1029a0b0	1026db30	slot-candidate
1029a0b0	1026db30	virtual
1029a0b0	10273390	direct
1029a0b0	10273790	direct
1029a0b0	1028fb70	direct
1029a0b0	1029a070	slot-candidate
1029a0b0	1029a070	virtual
1029a0b0	102ae7f0	direct
1029a0b0	102b53d0	direct
1029a0b0	102b5dc0	direct
1029a0b0	102c54c0	direct
1029a0b0	1032d380	slot-candidate
1029a0b0	1032d380	virtual
1029a0b0	1032e120	direct
1029a0b0	10334c20	direct
1029a0b0	103b9180	slot-candidate
1029a0b0	10430923	direct
1029a0b0	10431320	direct
1029a0b0	10431c2f	direct
1029a8b0	100ac4e0	direct
1029a8b0	10273ad0	direct
1029a8b0	10293a80	direct
1029a8b0	102c44e0	direct
1029a8b0	102c4680	direct
1029a930	102e06f0	direct
1029a930	102e0730	direct
1029a930	10315800	direct
1029a930	103158f0	direct
1029a930	10316700	direct
1029a930	10430964	direct
1029a930	104312d5	direct
1029aa10	100ab4f0	direct
1029aa10	1028fb70	direct
1029aa10	1028fc90	direct
1029aa10	10298910	direct
1029aa10	102989e0	direct
1029aa10	1029a930	direct
1029aa10	1043136f	direct
1029aa10	10431447	direct
1029aa10	1043e780	direct
1029adb0	100290c0	direct
1029adb0	1009af40	slot-candidate
1029adb0	1009af40	virtual
1029adb0	100a0ae0	direct
1029adb0	10273fc0	direct
1029adb0	1027d990	direct
1029adb0	10295ab0	direct
1029adb0	102b53d0	direct
1029adb0	102e0a60	direct
1029afc0	1008be20	direct
1029b180	1008be20	direct
1029b290	1002cbd0	direct
1029b290	10032b00	direct
1029b290	10091080	direct
1029b290	100a9eb0	slot-candidate
1029b290	100a9eb0	virtual
1029b290	10106580	direct
1029b290	1019ce00	direct
1029b290	1019d280	direct
1029b290	1019d4b0	direct
1029b290	101c26d0	direct
1029b290	101c2a90	direct
1029b290	101d3730	direct
1029b290	101fa5b0	direct
1029b290	101fa680	direct
1029b290	101fa960	direct
1029b290	10200610	direct
1029b290	10200a70	direct
1029b290	102521f0	direct
1029b290	10265ad0	slot-candidate
1029b290	10273e80	direct
1029b290	10273fc0	slot-candidate
1029b290	10274e30	direct
1029b290	1028a150	direct
1029b290	10293d70	direct
1029b290	1029adb0	slot-candidate
1029b290	1029adb0	virtual
1029b290	102bf340	slot-candidate
1029b290	102bf340	virtual
1029b290	1032bdf0	slot-candidate
1029b290	1032bdf0	virtual
1029b290	1032d380	slot-candidate
1029b290	1032d380	virtual
1029b290	1032d9b0	slot-candidate
1029b290	1032d9b0	virtual
1029b290	10336920	direct
1029b290	10356b50	slot-candidate
1029b290	1035a980	slot-candidate
1029b290	1035c010	slot-candidate
1029b290	10362390	slot-candidate
1029b290	1036d1d0	slot-candidate
1029b290	10376b50	slot-candidate
1029b290	10378da0	slot-candidate
1029b290	10379060	slot-candidate
1029b290	10380390	slot-candidate
1029b290	10380510	slot-candidate
1029b290	1038e8c0	slot-candidate
1029b290	10394090	slot-candidate
1029b290	10395ba0	slot-candidate
1029b290	1039e900	slot-candidate
1029b290	103a7760	slot-candidate
1029b290	103a9400	slot-candidate
1029b290	103b0290	slot-candidate
1029b290	103b3950	slot-candidate
1029b290	103ba350	slot-candidate
1029b290	103be010	slot-candidate
1029b290	103c1d50	slot-candidate
1029b290	103ce750	slot-candidate
1029b290	10430923	direct
1029b290	10430b64	direct
1029b290	1043270c	direct
1029bd40	101371d0	direct
1029bd40	10143920	direct
1029bd40	10431320	direct
1029bd40	10431c2f	direct
1029c010	10076280	direct
1029c010	1007dfa0	direct
1029c010	1008d990	direct
1029c010	100952d0	direct
1029c010	100ab4f0	direct
1029c010	100c7480	direct
1029c010	100ec410	direct
1029c010	100eccf0	direct
1029c010	101051b0	direct
1029c010	10106e20	direct
1029c010	10106f90	direct
1029c010	101073c0	direct
1029c010	10119750	direct
1029c010	102775e0	direct
1029c4a0	100b31b0	slot-candidate
1029c4a0	100b4b40	slot-candidate
1029c4a0	10142af0	direct
1029c4a0	10142e90	direct
1029c4a0	10144790	direct
1029c4a0	10144db0	direct
1029c4a0	101a8840	slot-candidate
1029c4a0	101a95d0	slot-candidate
1029c4a0	101a98c0	slot-candidate
1029c4a0	101aa5d0	slot-candidate
1029c4a0	101aae60	slot-candidate
1029c4a0	1025e8e0	slot-candidate
1029c4a0	1025f040	slot-candidate
1029c4a0	1025f0b0	slot-candidate
1029c4a0	1025f1a0	slot-candidate
1029c4a0	1026b210	slot-candidate
1029c4a0	1026b240	slot-candidate
1029c4a0	10432520	direct
1029ca50	10027160	slot-candidate
1029ca50	10027160	virtual
1029ca50	10092610	direct
1029ca50	100b3070	slot-candidate
1029ca50	100b3070	virtual
1029ca50	100b31b0	slot-candidate
1029ca50	100b31b0	virtual
1029ca50	100f8490	direct
1029ca50	10142aa0	direct
1029ca50	10142af0	direct
1029ca50	10142b80	direct
1029ca50	10142e90	direct
1029ca50	10143b70	direct
1029ca50	10144a30	direct
1029ca50	10144cd0	direct
1029ca50	101a67e0	slot-candidate
1029ca50	101a67e0	virtual
1029ca50	101d2f40	direct
1029ca50	10275760	direct
1029ca50	10299da0	slot-candidate
1029ca50	10299da0	virtual
1029ca50	1029c4a0	direct
1029ca50	1029c970	direct
1029ca50	1029c9f0	direct
1029ca50	1029ca30	direct
1029ca50	102d12e0	direct
1029ca50	102d6100	direct
1029ca50	102d6120	direct
1029ca50	1032e7b0	direct
1029ca50	10333340	slot-candidate
1029ca50	10333700	slot-candidate
1029ca50	10333700	virtual
1029ca50	10357760	slot-candidate
1029ca50	10372b70	slot-candidate
1029ca50	10388bb0	slot-candidate
1029ca50	103a01b0	slot-candidate
1029ca50	103a2930	slot-candidate
1029ca50	103a48b0	slot-candidate
1029ca50	103dd880	slot-candidate
1029d4e0	1007dfa0	direct
1029d4e0	1008d990	direct
1029d4e0	100920d0	direct
1029d4e0	100952d0	direct
1029d4e0	100b31b0	slot-candidate
1029d4e0	100b31b0	virtual
1029d4e0	100b3280	slot-candidate
1029d4e0	100b3280	virtual
1029d4e0	100ec410	direct
1029d4e0	101434b0	direct
1029d4e0	101c2a30	direct
1029d4e0	101d3730	direct
1029d4e0	10269aa0	direct
1029d4e0	102767d0	direct
1029d4e0	1027ede0	slot-candidate
1029d4e0	1027ede0	virtual
1029d4e0	103951d0	slot-candidate
1029d4e0	1039ece0	slot-candidate
1029d4e0	103d0640	slot-candidate
1029d4e0	10431c2f	direct
1029d4e0	1043366f	direct
1029e750	100a52a0	direct
1029e750	10299da0	slot-candidate
1029e750	10299da0	virtual
1029e750	10333340	slot-candidate
1029e750	10372b70	slot-candidate
1029e750	10388bb0	slot-candidate
1029e750	103a01b0	slot-candidate
1029e750	103a2930	slot-candidate
1029e750	103a48b0	slot-candidate
1029e750	103dd880	slot-candidate
1029f340	10412520	direct
1029f370	100ab4f0	direct
1029f370	101a6d00	slot-candidate
1029f370	101aa790	slot-candidate
1029f370	102cadb0	direct
1029f370	102ea280	direct
1029f370	10357370	slot-candidate
1029f370	10359f00	slot-candidate
1029f370	1035ad70	slot-candidate
1029f370	1035b560	slot-candidate
1029f370	1035c1b0	slot-candidate
1029f370	1035c230	slot-candidate
1029f370	1035ec10	slot-candidate
1029f370	103603d0	slot-candidate
1029f370	10362c50	slot-candidate
1029f370	10366c70	slot-candidate
1029f370	10367870	slot-candidate
1029f370	103683b0	slot-candidate
1029f370	1036a1b0	slot-candidate
1029f370	1036eab0	slot-candidate
1029f370	1036f2b0	slot-candidate
1029f370	1036fb10	slot-candidate
1029f370	10370930	slot-candidate
1029f370	10373530	slot-candidate
1029f370	103750e0	slot-candidate
1029f370	10375240	slot-candidate
1029f370	10377070	slot-candidate
1029f370	10377b20	slot-candidate
1029f370	1037afb0	slot-candidate
1029f370	1037c660	slot-candidate
1029f370	1037e830	slot-candidate
1029f370	10384060	slot-candidate
1029f370	10386ae0	slot-candidate
1029f370	10387710	slot-candidate
1029f370	10388060	slot-candidate
1029f370	10388de0	slot-candidate
1029f370	10389560	slot-candidate
1029f370	10389db0	slot-candidate
1029f370	10391070	slot-candidate
1029f370	1039b090	slot-candidate
1029f370	1039f600	slot-candidate
1029f370	103a14a0	slot-candidate
1029f370	103a1e00	slot-candidate
1029f370	103a42e0	slot-candidate
1029f370	103a50a0	slot-candidate
1029f370	103a5ca0	slot-candidate
1029f370	103abba0	slot-candidate
1029f370	103ae4b0	slot-candidate
1029f370	103b1c20	slot-candidate
1029f370	103b28b0	slot-candidate
1029f370	103b2f70	slot-candidate
1029f370	103b3b20	slot-candidate
1029f370	103b5330	slot-candidate
1029f370	103b5ad0	slot-candidate
1029f370	103b6e50	slot-candidate
1029f370	103c1300	slot-candidate
1029f370	103c30e0	slot-candidate
1029f370	103c77b0	slot-candidate
1029f370	103ca750	slot-candidate
1029f370	103dc750	slot-candidate
1029f370	103dd050	slot-candidate
1029f370	103de2b0	slot-candidate
1029f370	10431c2f	direct
1029f460	100ab4f0	direct
1029f460	1029f650	direct
1029f460	102ae750	direct
1029f460	10307aa0	direct
1029f460	10307b40	direct
1029f460	10307b60	direct
1029f460	10307bf0	direct
1029f460	10307d30	direct
1029f5d0	10307db0	direct
1029f610	10307ac0	direct
1029f650	1029f6c0	direct
1029f730	1029f6c0	direct
1029f780	100f7770	direct
1029f780	1029f730	direct
1029f800	10269a20	direct
1029f800	102bf5d0	direct
1029f850	10269a20	direct
1029f850	102bf5d0	direct
1029f890	10269a20	direct
1029f890	102bf5d0	direct
1029f8d0	1028b160	direct
1029f8f0	10269a20	direct
1029f8f0	102bf5d0	direct
1029f940	1028a190	direct
1029fa50	100b31b0	slot-candidate
1029fa50	100b31b0	virtual
1029fa50	1014f7f0	slot-candidate
1029fa50	1014f7f0	virtual
1029fa50	1014f810	slot-candidate
1029fa50	1014f810	virtual
1029fa50	10269a20	direct
1029fa50	1029f940	slot-candidate
1029fa50	1029f940	virtual
1029fa50	102ae750	direct
1029fa50	10345760	direct
1029fa50	10345d00	direct
1029fa50	103a41e0	slot-candidate
1029fa50	103ab400	slot-candidate
1029fa50	103ad8f0	slot-candidate
1029fa50	103b6d90	slot-candidate
1029fa50	103b6db0	slot-candidate
1029fa50	103c12c0	slot-candidate
1029fa50	103c12e0	slot-candidate
1029fa50	103c3080	slot-candidate
1029fa50	103c30a0	slot-candidate
1029fb70	10269a20	direct
1029fb70	10269c70	direct
1029fbe0	100b31b0	slot-candidate
1029fbe0	100b31b0	virtual
1029fbe0	10137220	direct
1029fbe0	102517e0	direct
1029fbe0	10344f80	direct
1029fcf0	1028a190	direct
1029fcf0	102ae750	direct
1029fcf0	103498b0	direct
1029fdb0	10272650	direct
1029fdb0	10345f10	direct
1029fdb0	10349830	direct
1029fec0	103482e0	direct
102a01b0	1008dd30	direct
102a01b0	10271ff0	direct
102a01b0	1028a190	direct
102a01b0	102a0290	direct
102a01b0	102ae750	direct
102a01b0	102c1170	direct
102a01b0	10344da0	direct
102a0290	100b1d10	direct
102a0290	100b31b0	slot-candidate
102a0290	100b3280	slot-candidate
102a0290	10137220	direct
102a0290	10139550	direct
102a0290	10344da0	direct
102a0290	10346070	direct
102a0490	1003e250	direct
102a0490	1004f7a0	direct
102a0490	1005f190	direct
102a0490	100b31b0	slot-candidate
102a0490	10137220	direct
102a0490	10146570	direct
102a0490	101d3190	direct
102a0490	10269aa0	direct
102a0870	1014f790	slot-candidate
102a0870	10269aa0	direct
102a0870	102a01b0	slot-candidate
102a0870	103449b0	direct
102a0870	10344da0	direct
102a0870	10378d30	slot-candidate
102a0870	10380320	slot-candidate
102a0870	103a41c0	slot-candidate
102a0870	103ad8d0	slot-candidate
102a0870	103c43f0	slot-candidate
102a0910	102bf5d0	direct
102a0940	10007ea0	direct
102a0940	100290c0	direct
102a0940	1009af40	slot-candidate
102a0940	1009af40	virtual
102a0940	100a0ae0	direct
102a0940	1018e910	direct
102a0940	101e3c80	direct
102a0940	1027a700	direct
102a0940	1027d990	direct
102a0940	1027e0f0	slot-candidate
102a0940	10290570	slot-candidate
102a0940	10290570	virtual
102a0940	102b53d0	direct
102a0940	102e0a60	direct
102a0940	102ee270	direct
102a0bc0	102a0b90	direct
102a0bc0	102ee620	direct
102a0bc0	102f96e0	direct
102a0bc0	10431320	direct
102a0d20	10269a20	direct
102a0d20	10269b50	direct
102a0d20	102ee620	direct
102a0d20	10431320	direct
102a0ed0	102e7270	direct
102a0fb0	1026e940	direct
102a0fb0	102e30d0	direct
102a1560	10289ee0	direct
102a1560	102a13d0	direct
102a1590	10289ee0	direct
102a1590	102a1420	direct
102a15c0	10289ee0	direct
102a15c0	102a1470	direct
102a15f0	10289ee0	direct
102a15f0	102a14c0	direct
102a1620	10289ee0	direct
102a1620	102a1510	direct
102a1650	100b31b0	slot-candidate
102a1650	102e6d70	direct
102a1910	10007ea0	direct
102a1910	10027020	slot-candidate
102a1910	1002c900	direct
102a1910	1003e4b0	direct
102a1910	1004f7a0	direct
102a1910	1005f190	direct
102a1910	1008dc40	direct
102a1910	10092610	direct
102a1910	10099250	direct
102a1910	100994c0	slot-candidate
102a1910	100994c0	virtual
102a1910	100995e0	slot-candidate
102a1910	100995e0	virtual
102a1910	100997f0	slot-candidate
102a1910	100997f0	virtual
102a1910	1009af40	slot-candidate
102a1910	1009af40	virtual
102a1910	1009b030	slot-candidate
102a1910	1009b030	virtual
102a1910	1009b060	direct
102a1910	100a19c0	direct
102a1910	100ab4f0	direct
102a1910	100b1420	slot-candidate
102a1910	100b1420	virtual
102a1910	100b2300	slot-candidate
102a1910	100b2300	virtual
102a1910	100b2770	direct
102a1910	100b3070	slot-candidate
102a1910	100b3070	virtual
102a1910	100b31b0	slot-candidate
102a1910	100b31b0	virtual
102a1910	100b4b40	slot-candidate
102a1910	100b4b40	virtual
102a1910	100cd660	direct
102a1910	100d1590	direct
102a1910	100d15d0	direct
102a1910	100f2f90	direct
102a1910	100f7770	direct
102a1910	101072b0	direct
102a1910	1010e530	direct
102a1910	1011d2e0	direct
102a1910	1011e060	direct
102a1910	10137220	direct
102a1910	10139610	direct
102a1910	10142aa0	direct
102a1910	10146190	direct
102a1910	10146570	direct
102a1910	1018e790	direct
102a1910	1018e910	direct
102a1910	1018e9d0	direct
102a1910	1018eab0	direct
102a1910	1018eb50	direct
102a1910	1018ec20	direct
102a1910	1018ecf0	direct
102a1910	101a6720	slot-candidate
102a1910	101a6720	virtual
102a1910	101a67e0	slot-candidate
102a1910	101a67e0	virtual
102a1910	101a6900	slot-candidate
102a1910	101a6b40	slot-candidate
102a1910	101a6b40	virtual
102a1910	101a6c20	slot-candidate
102a1910	101a6c20	virtual
102a1910	101a6e00	slot-candidate
102a1910	101a8840	slot-candidate
102a1910	101a95d0	slot-candidate
102a1910	101a98c0	slot-candidate
102a1910	101aa5d0	slot-candidate
102a1910	101aa5d0	virtual
102a1910	101aa8b0	slot-candidate
102a1910	101aae60	slot-candidate
102a1910	101aaee0	slot-candidate
102a1910	101b99d0	direct
102a1910	101bac90	direct
102a1910	101c26d0	direct
102a1910	101cd940	direct
102a1910	101d2c70	direct
102a1910	101d2f40	direct
102a1910	101d3190	direct
102a1910	101f5950	direct
102a1910	101fa5b0	direct
102a1910	101fa680	direct
102a1910	101fa8d0	direct
102a1910	101fa960	direct
102a1910	102517e0	direct
102a1910	10252450	direct
102a1910	1025df40	direct
102a1910	1025e8e0	slot-candidate
102a1910	1025f1a0	slot-candidate
102a1910	10265e90	slot-candidate
102a1910	1026aef0	slot-candidate
102a1910	1026d050	direct
102a1910	1026d130	direct
102a1910	102702d0	slot-candidate
102a1910	10271ff0	direct
102a1910	10272130	direct
102a1910	10272400	slot-candidate
102a1910	10272400	virtual
102a1910	102725d0	slot-candidate
102a1910	10272650	direct
102a1910	102726a0	direct
102a1910	10273e10	slot-candidate
102a1910	10273e10	virtual
102a1910	10273e80	direct
102a1910	10273fc0	slot-candidate
102a1910	10274080	direct
102a1910	102741e0	slot-candidate
102a1910	102741e0	virtual
102a1910	10274aa0	slot-candidate
102a1910	102784a0	direct
102a1910	10278c80	direct
102a1910	1027a6c0	direct
102a1910	1027d9b0	direct
102a1910	10280360	slot-candidate
102a1910	10280360	virtual
102a1910	10280a50	direct
102a1910	102827f0	direct
102a1910	10288590	direct
102a1910	102885d0	direct
102a1910	102885f0	direct
102a1910	10288630	direct
102a1910	10288650	direct
102a1910	10288670	direct
102a1910	10289d10	slot-candidate
102a1910	10289ee0	direct
102a1910	10289f20	slot-candidate
102a1910	1028ac10	direct
102a1910	1028ac80	direct
102a1910	10294400	slot-candidate
102a1910	10294400	virtual
102a1910	10295300	slot-candidate
102a1910	10295300	virtual
102a1910	10295460	direct
102a1910	10295750	slot-candidate
102a1910	10295750	virtual
102a1910	10295ab0	direct
102a1910	10297560	slot-candidate
102a1910	10297560	virtual
102a1910	10297640	slot-candidate
102a1910	10297640	virtual
102a1910	10297940	direct
102a1910	1029adb0	slot-candidate
102a1910	1029adb0	virtual
102a1910	1029f730	direct
102a1910	1029f780	direct
102a1910	102a1560	direct
102a1910	102a1590	direct
102a1910	102a15c0	direct
102a1910	102a15f0	direct
102a1910	102a1620	direct
102a1910	102a1650	direct
102a1910	102a18a0	direct
102a1910	102a9540	direct
102a1910	102a9570	direct
102a1910	102a95c0	direct
102a1910	102a95e0	direct
102a1910	102a9600	direct
102a1910	102a9620	direct
102a1910	102a9640	direct
102a1910	102a9670	direct
102a1910	102a9690	direct
102a1910	102a96b0	direct
102a1910	102a96f0	direct
102a1910	102a9710	direct
102a1910	102a9730	direct
102a1910	102a9750	direct
102a1910	102a9770	direct
102a1910	102a97a0	direct
102a1910	102a97d0	direct
102a1910	102a9800	direct
102a1910	102a9830	direct
102a1910	102a9860	direct
102a1910	102a9890	direct
102a1910	102a98c0	direct
102a1910	102a98e0	direct
102a1910	102a9910	direct
102a1910	102a9940	direct
102a1910	102a9960	direct
102a1910	102a99a0	direct
102a1910	102a99c0	direct
102a1910	102a99e0	direct
102a1910	102a9c40	direct
102a1910	102a9c60	direct
102a1910	102a9c80	direct
102a1910	102a9d20	direct
102a1910	102a9dc0	direct
102a1910	102a9e60	direct
102a1910	102a9e80	direct
102a1910	102a9ea0	direct
102a1910	102a9ec0	direct
102a1910	102a9ee0	direct
102a1910	102a9f00	direct
102a1910	102a9f20	direct
102a1910	102a9f40	direct
102a1910	102aa640	direct
102a1910	102aa9e0	direct
102a1910	102ae310	direct
102a1910	102b4520	slot-candidate
102a1910	102b4520	virtual
102a1910	102b52a0	direct
102a1910	102b5360	slot-candidate
102a1910	102b5360	virtual
102a1910	102b53d0	direct
102a1910	102b5b20	slot-candidate
102a1910	102b5b20	virtual
102a1910	102b6120	direct
102a1910	102b6890	direct
102a1910	102bed30	slot-candidate
102a1910	102bed30	virtual
102a1910	102bf6e0	slot-candidate
102a1910	102bf6e0	virtual
102a1910	102bf770	direct
102a1910	102bf7e0	direct
102a1910	102c1400	direct
102a1910	102c21c0	slot-candidate
102a1910	102c21c0	virtual
102a1910	102c41b0	direct
102a1910	102c4c50	direct
102a1910	102c4e80	direct
102a1910	102c5730	direct
102a1910	102c6370	direct
102a1910	102c63b0	direct
102a1910	102c6420	direct
102a1910	102c6460	direct
102a1910	102c64d0	direct
102a1910	102ca2a0	direct
102a1910	102d0910	direct
102a1910	102d1180	direct
102a1910	102d11f0	direct
102a1910	102d12e0	direct
102a1910	102d1350	direct
102a1910	102d1af0	direct
102a1910	102d61b0	direct
102a1910	102d72b0	slot-candidate
102a1910	102da0d0	direct
102a1910	102db590	direct
102a1910	102dfd90	direct
102a1910	102dfed0	direct
102a1910	102e0150	direct
102a1910	102e0290	direct
102a1910	102e0a80	direct
102a1910	102e0b40	direct
102a1910	102e1e20	direct
102a1910	102e2020	direct
102a1910	102e6d70	direct
102a1910	102e7880	direct
102a1910	102ecd20	direct
102a1910	102ed9c0	direct
102a1910	102edaa0	direct
102a1910	102edae0	direct
102a1910	102edbb0	direct
102a1910	102edc80	direct
102a1910	102edd50	direct
102a1910	102ee140	direct
102a1910	102ee1c0	direct
102a1910	102ee250	direct
102a1910	102ee270	direct
102a1910	102ee2e0	direct
102a1910	102ee300	direct
102a1910	102ee410	direct
102a1910	102ee530	direct
102a1910	102ee620	direct
102a1910	102ee6a0	direct
102a1910	102f2ea0	direct
102a1910	102f2fc0	direct
102a1910	102f2fe0	direct
102a1910	102fb0d0	direct
102a1910	10306700	direct
102a1910	10306f60	direct
102a1910	103161a0	direct
102a1910	10326bd0	slot-candidate
102a1910	10326bd0	virtual
102a1910	1032d2e0	slot-candidate
102a1910	1032d2e0	virtual
102a1910	1032e7b0	direct
102a1910	1033c6b0	direct
102a1910	1033dde0	slot-candidate
102a1910	103417b0	slot-candidate
102a1910	10345480	direct
102a1910	1034aeb0	slot-candidate
102a1910	1034bf50	slot-candidate
102a1910	1034cb90	slot-candidate
102a1910	10356ff0	slot-candidate
102a1910	1035f5c0	slot-candidate
102a1910	10362390	slot-candidate
102a1910	10368130	slot-candidate
102a1910	10368ee0	slot-candidate
102a1910	1036d1d0	slot-candidate
102a1910	1036e6f0	slot-candidate
102a1910	10375180	slot-candidate
102a1910	10376ae0	slot-candidate
102a1910	10379060	slot-candidate
102a1910	10380510	slot-candidate
102a1910	10384760	slot-candidate
102a1910	1038fb00	slot-candidate
102a1910	10390fd0	slot-candidate
102a1910	10391030	slot-candidate
102a1910	10392a10	slot-candidate
102a1910	10392c40	slot-candidate
102a1910	10394090	slot-candidate
102a1910	1039b050	slot-candidate
102a1910	103a0070	slot-candidate
102a1910	103a0190	slot-candidate
102a1910	103a1de0	slot-candidate
102a1910	103a42c0	slot-candidate
102a1910	103a47b0	slot-candidate
102a1910	103a9400	slot-candidate
102a1910	103ad7b0	slot-candidate
102a1910	103b0290	slot-candidate
102a1910	103b3910	slot-candidate
102a1910	103b48f0	slot-candidate
102a1910	103b6dd0	slot-candidate
102a1910	103b6e30	slot-candidate
102a1910	103b9120	slot-candidate
102a1910	103b95e0	slot-candidate
102a1910	103ba350	slot-candidate
102a1910	103ba640	slot-candidate
102a1910	103c1cd0	slot-candidate
102a1910	103c3d80	slot-candidate
102a1910	103cc9b0	slot-candidate
102a1910	103cccc0	slot-candidate
102a1910	103ce750	slot-candidate
102a1910	103d9e00	slot-candidate
102a1910	103e06d0	slot-candidate
102a1910	10430b64	direct
102a1910	10431320	direct
102a9570	101371d0	direct
102a9860	1024b830	direct
102a99e0	100335e0	direct
102a99e0	1005f190	direct
102a99e0	1006dec0	direct
102a99e0	10146570	direct
102a99e0	102e30d0	direct
102a99e0	102e3290	direct
102a9f40	100cd660	direct
102a9f40	10289ee0	direct
102a9f40	102d12e0	direct
102a9f40	102da7c0	direct
102a9f40	102dae70	direct
102a9f40	102daea0	direct
102a9f40	102e0a80	direct
102a9f40	102e0b40	direct
102a9f40	10411f90	direct
102a9f40	10412520	direct
102a9f40	10431320	direct
102aa210	100ab4f0	direct
102aa210	1025d730	direct
102aa210	10272900	slot-candidate
102aa210	10278c80	direct
102aa210	10279cc0	direct
102aa210	10289ee0	direct
102aa210	102daea0	direct
102aa210	102daef0	direct
102aa210	102db760	direct
102aa210	102dcc20	direct
102aa210	102e1e20	direct
102aa210	102e2020	direct
102aa210	103281b0	direct
102aa210	10411f90	direct
102aa210	10412520	direct
102aa210	10431320	direct
102aa640	100ab4f0	direct
102aa640	10273e80	direct
102aa640	10273fc0	slot-candidate
102aa640	1029adb0	slot-candidate
102aa640	102ecd20	direct
102aa640	102fb0d0	direct
102aa640	10362390	slot-candidate
102aa640	1036d1d0	slot-candidate
102aa640	10379060	slot-candidate
102aa640	10380510	slot-candidate
102aa640	10394090	slot-candidate
102aa640	103a9400	slot-candidate
102aa640	103b0290	slot-candidate
102aa640	103ba350	slot-candidate
102aa640	103ce750	slot-candidate
102aa860	10273fc0	slot-candidate
102aa860	1029adb0	slot-candidate
102aa860	102d61b0	direct
102aa860	102ecd20	direct
102aa860	102fb0d0	direct
102aa860	10362390	slot-candidate
102aa860	1036d1d0	slot-candidate
102aa860	10379060	slot-candidate
102aa860	10380510	slot-candidate
102aa860	10394090	slot-candidate
102aa860	103a9400	slot-candidate
102aa860	103b0290	slot-candidate
102aa860	103ba350	slot-candidate
102aa860	103ce750	slot-candidate
102aa9e0	10273e80	direct
102aa9e0	10273fc0	slot-candidate
102aa9e0	1029adb0	slot-candidate
102aa9e0	1029f5d0	direct
102aa9e0	1029f650	direct
102aa9e0	10307b80	direct
102aa9e0	10362390	slot-candidate
102aa9e0	1036d1d0	slot-candidate
102aa9e0	10379060	slot-candidate
102aa9e0	10380510	slot-candidate
102aa9e0	10394090	slot-candidate
102aa9e0	103a9400	slot-candidate
102aa9e0	103b0290	slot-candidate
102aa9e0	103ba350	slot-candidate
102aa9e0	103ce750	slot-candidate
102aaa60	10269aa0	direct
102aaa60	10289ee0	direct
102aaa60	102b5de0	direct
102aab70	102dfed0	direct
102aab70	102e20b0	direct
102aacf0	100274b0	slot-candidate
102aacf0	100274b0	virtual
102aacf0	1008d990	direct
102aacf0	1008dc40	direct
102aacf0	10092610	direct
102aacf0	100a1250	direct
102aacf0	100a8710	slot-candidate
102aacf0	100b1d10	direct
102aacf0	100b2510	slot-candidate
102aacf0	100b2510	virtual
102aacf0	100b31b0	slot-candidate
102aacf0	100b31b0	virtual
102aacf0	100b3280	slot-candidate
102aacf0	100b3280	virtual
102aacf0	100b3700	direct
102aacf0	100b4dc0	slot-candidate
102aacf0	100b4dc0	virtual
102aacf0	100cd660	direct
102aacf0	100fbbb0	direct
102aacf0	10137220	direct
102aacf0	10139970	direct
102aacf0	101a67e0	slot-candidate
102aacf0	101a67e0	virtual
102aacf0	101a6e00	slot-candidate
102aacf0	101aa690	slot-candidate
102aacf0	101aa690	virtual
102aacf0	101aa8b0	slot-candidate
102aacf0	101c26d0	direct
102aacf0	101d1a90	direct
102aacf0	101d2c70	direct
102aacf0	101fa5b0	direct
102aacf0	101fa680	direct
102aacf0	101fa960	direct
102aacf0	10200610	direct
102aacf0	10200a70	direct
102aacf0	10252450	direct
102aacf0	1025ea00	slot-candidate
102aacf0	102658f0	slot-candidate
102aacf0	102658f0	virtual
102aacf0	10265ad0	slot-candidate
102aacf0	10269aa0	direct
102aacf0	10269b50	direct
102aacf0	10271ff0	direct
102aacf0	10272400	slot-candidate
102aacf0	10272400	virtual
102aacf0	102725d0	slot-candidate
102aacf0	10272650	direct
102aacf0	10272900	slot-candidate
102aacf0	10272900	virtual
102aacf0	10273e10	slot-candidate
102aacf0	10273e10	virtual
102aacf0	10273e80	direct
102aacf0	10273fc0	slot-candidate
102aacf0	10278c80	direct
102aacf0	1027a6c0	direct
102aacf0	1027d990	direct
102aacf0	1027d9b0	direct
102aacf0	10280360	slot-candidate
102aacf0	10280360	virtual
102aacf0	10280a50	direct
102aacf0	10288780	direct
102aacf0	10289d10	slot-candidate
102aacf0	10289ee0	direct
102aacf0	10293e50	slot-candidate
102aacf0	10293e50	virtual
102aacf0	10295460	direct
102aacf0	10295750	slot-candidate
102aacf0	10295750	virtual
102aacf0	10297640	slot-candidate
102aacf0	10297640	virtual
102aacf0	1029adb0	slot-candidate
102aacf0	1029adb0	virtual
102aacf0	1029f780	direct
102aacf0	102a0490	direct
102aacf0	102a0870	direct
102aacf0	102a13d0	direct
102aacf0	102a1510	direct
102aacf0	102a15c0	direct
102aacf0	102a1620	direct
102aacf0	102aa210	direct
102aacf0	102aa860	direct
102aacf0	102aaa60	direct
102aacf0	102aab70	direct
102aacf0	102ae750	direct
102aacf0	102b53d0	direct
102aacf0	102bf340	slot-candidate
102aacf0	102bf340	virtual
102aacf0	102c1400	direct
102aacf0	102c1ce0	slot-candidate
102aacf0	102c1ce0	virtual
102aacf0	102c2430	direct
102aacf0	102c4e30	direct
102aacf0	102c4e80	direct
102aacf0	102c4eb0	direct
102aacf0	102da600	direct
102aacf0	102dfed0	direct
102aacf0	102e1c10	direct
102aacf0	102e1e20	direct
102aacf0	102e20b0	direct
102aacf0	102ee250	direct
102aacf0	102ee270	direct
102aacf0	102ee620	direct
102aacf0	102ee6a0	direct
102aacf0	102f2ea0	direct
102aacf0	10326bd0	slot-candidate
102aacf0	10326bd0	virtual
102aacf0	103281b0	direct
102aacf0	1032bdf0	slot-candidate
102aacf0	1032bdf0	virtual
102aacf0	1032e7b0	direct
102aacf0	103392c0	direct
102aacf0	1033d4b0	direct
102aacf0	10345480	direct
102aacf0	103454c0	direct
102aacf0	1034aeb0	slot-candidate
102aacf0	1034bf50	slot-candidate
102aacf0	1034cb90	slot-candidate
102aacf0	10356b50	slot-candidate
102aacf0	1035a980	slot-candidate
102aacf0	1035c010	slot-candidate
102aacf0	10362390	slot-candidate
102aacf0	1036d1d0	slot-candidate
102aacf0	10375180	slot-candidate
102aacf0	10376b50	slot-candidate
102aacf0	10378da0	slot-candidate
102aacf0	10379060	slot-candidate
102aacf0	1037c1c0	slot-candidate
102aacf0	10380390	slot-candidate
102aacf0	10380510	slot-candidate
102aacf0	1038e8c0	slot-candidate
102aacf0	10394090	slot-candidate
102aacf0	10395ba0	slot-candidate
102aacf0	1039e900	slot-candidate
102aacf0	103a0190	slot-candidate
102aacf0	103a42c0	slot-candidate
102aacf0	103a7760	slot-candidate
102aacf0	103a9400	slot-candidate
102aacf0	103b0290	slot-candidate
102aacf0	103b3950	slot-candidate
102aacf0	103ba350	slot-candidate
102aacf0	103be010	slot-candidate
102aacf0	103c1cd0	slot-candidate
102aacf0	103c1d50	slot-candidate
102aacf0	103c3d80	slot-candidate
102aacf0	103c3fd0	slot-candidate
102aacf0	103ce750	slot-candidate
102aacf0	103dcf00	slot-candidate
102aacf0	10412520	direct
102aacf0	10430923	direct
102aacf0	10430fa0	direct
102aacf0	10431320	direct
102ad140	101a67e0	slot-candidate
102ad140	101a67e0	virtual
102ad140	10269eb0	direct
102ad140	10269f30	direct
102ad140	10280fb0	direct
102ad140	1033e2b0	direct
102ad260	10269d30	direct
102ad2d0	10269d30	direct
102ad340	10269aa0	direct
102ad340	10269d30	direct
102ad340	10299da0	slot-candidate
102ad340	10299da0	virtual
102ad340	102ad260	direct
102ad340	102ad2d0	direct
102ad340	10333340	slot-candidate
102ad340	10372b70	slot-candidate
102ad340	10388bb0	slot-candidate
102ad340	103a01b0	slot-candidate
102ad340	103a2930	slot-candidate
102ad340	103a48b0	slot-candidate
102ad340	103dd880	slot-candidate
102ad340	1042fe90	direct
102ad660	101a6700	slot-candidate
102ad660	101a67e0	slot-candidate
102ad660	101a67e0	virtual
102ad660	101a6960	slot-candidate
102ad660	101aa6b0	slot-candidate
102ad660	101aa6b0	virtual
102ad660	10269aa0	direct
102ad660	10269d30	direct
102ad660	1026f660	direct
102ad660	1027d0a0	direct
102ad660	10294660	slot-candidate
102ad660	10294660	virtual
102ad660	1035a220	slot-candidate
102ad660	1035afe0	slot-candidate
102ad660	1035b890	slot-candidate
102ad660	10368190	slot-candidate
102ad660	103a00d0	slot-candidate
102ad660	103a4810	slot-candidate
102ad660	103b4d40	slot-candidate
102ad660	103b9640	slot-candidate
102ae140	100cd660	direct
102ae140	101a67e0	slot-candidate
102ae140	101a67e0	virtual
102ae140	1026e3e0	direct
102ae140	1027d990	direct
102ae140	10293d90	direct
102ae140	10295ab0	direct
102ae140	1029f5d0	direct
102ae140	102ae310	direct
102ae310	1032e7b0	direct
102ae490	100ab4f0	direct
102ae490	100b4dc0	slot-candidate
102ae490	101a8c30	direct
102ae490	1026e340	direct
102ae490	1026f4d0	direct
102ae490	1027a700	slot-candidate
102ae490	1027d990	direct
102ae490	1028a190	direct
102ae490	102a0940	slot-candidate
102ae490	10378fc0	slot-candidate
102ae490	10383090	slot-candidate
102ae490	103bf610	slot-candidate
102ae490	103ced10	slot-candidate
102ae750	102ae780	direct
102ae750	102cc1f0	direct
102ae780	100b4dc0	slot-candidate
102ae780	10280e50	direct
102ae780	102ae490	direct
102ae840	100b4dc0	slot-candidate
102ae920	1017e720	direct
102ae920	1017e740	direct
102ae920	1017f2a0	direct
102ae920	1017f4a0	direct
102ae920	101a67e0	slot-candidate
102ae920	101a67e0	virtual
102ae920	101b9880	direct
102ae920	101e3df0	direct
102ae920	101e3ee0	direct
102ae920	10269aa0	direct
102ae920	10269b50	direct
102ae920	10269d30	direct
102ae920	1026e340	direct
102ae920	1027d990	direct
102ae920	1028a260	direct
102ae920	1028a2a0	direct
102ae920	102953e0	slot-candidate
102ae920	102953e0	virtual
102ae920	102b4f60	slot-candidate
102ae920	102b4f60	virtual
102ae920	102b4fb0	slot-candidate
102ae920	102b4fb0	virtual
102ae920	102b7690	direct
102ae920	102b8a10	direct
102ae920	102cc1f0	direct
102ae920	103161a0	direct
102ae920	1033e2b0	direct
102ae920	10372c50	slot-candidate
102ae920	10372cc0	slot-candidate
102ae920	103893c0	slot-candidate
102ae920	1042fe90	direct
102af660	10027020	slot-candidate
102af660	1008dc40	direct
102af660	100ab4f0	direct
102af660	1017e720	direct
102af660	1017e740	direct
102af660	1017f2a0	direct
102af660	1017f4a0	direct
102af660	1017fd60	direct
102af660	101a6900	slot-candidate
102af660	101a69c0	slot-candidate
102af660	101bac90	direct
102af660	101e3f50	direct
102af660	10269aa0	direct
102af660	10269b50	direct
102af660	10269d30	direct
102af660	1026e340	direct
102af660	10279a50	direct
102af660	10279dd0	direct
102af660	1028a260	direct
102af660	1028a380	direct
102af660	10294400	slot-candidate
102af660	10294400	virtual
102af660	10294870	slot-candidate
102af660	10294870	virtual
102af660	1029f5d0	direct
102af660	1029f650	direct
102af660	102b4090	direct
102af660	102b4f60	slot-candidate
102af660	102b4f60	virtual
102af660	102b5360	slot-candidate
102af660	102b5360	virtual
102af660	102b7370	direct
102af660	102b7f40	direct
102af660	102b8a60	direct
102af660	102b8c40	direct
102af660	102b8d20	direct
102af660	102b9060	direct
102af660	102ee620	direct
102af660	1032e7b0	direct
102af660	103346c0	direct
102af660	1033e2b0	direct
102af660	10368130	slot-candidate
102af660	103681f0	slot-candidate
102af660	10372c50	slot-candidate
102af660	103a0070	slot-candidate
102af660	103a47b0	slot-candidate
102af660	103b48f0	slot-candidate
102af660	103b95e0	slot-candidate
102af660	1042fe90	direct
102b11c0	10027020	slot-candidate
102b11c0	102b5360	slot-candidate
102b12f0	1014f6f0	slot-candidate
102b12f0	102b11c0	direct
102b12f0	102c5470	slot-candidate
102b12f0	102c5470	virtual
102b12f0	102cc080	direct
102b15c0	100290c0	direct
102b15c0	10137220	direct
102b15c0	101671a0	direct
102b15c0	10269a20	direct
102b15c0	10269aa0	direct
102b15c0	10269b50	direct
102b15c0	10269c70	direct
102b15c0	1028e360	direct
102b15c0	102b3270	direct
102b1a20	100290c0	direct
102b1a20	101371d0	direct
102b1a20	10269a20	direct
102b1a20	10273e80	direct
102b1a20	10279cc0	direct
102b1a20	1033e2b0	direct
102b1cd0	101b99d0	direct
102b1cd0	10269a20	direct
102b1cd0	10269aa0	direct
102b1cd0	10269b50	direct
102b1cd0	10269c70	direct
102b1cd0	102b3270	direct
102b1cd0	102b8cd0	direct
102b2570	10269a20	direct
102b2570	10269aa0	direct
102b2570	10269b50	direct
102b2570	10269c70	direct
102b2570	1032e7b0	direct
102b2730	10269a20	direct
102b2730	10269aa0	direct
102b2730	102e0150	direct
102b27f0	10027020	slot-candidate
102b27f0	100b3070	slot-candidate
102b27f0	100b3070	virtual
102b27f0	100b31b0	slot-candidate
102b27f0	100b31b0	virtual
102b27f0	100b4b40	slot-candidate
102b27f0	100b4b40	virtual
102b27f0	10137220	direct
102b27f0	10146570	direct
102b27f0	1014f6f0	slot-candidate
102b27f0	101aae60	slot-candidate
102b27f0	101d3190	direct
102b27f0	1025e8e0	slot-candidate
102b27f0	10269a20	direct
102b27f0	10269aa0	direct
102b27f0	10269b50	direct
102b27f0	10269c70	direct
102b27f0	1026ec30	direct
102b27f0	1028efc0	direct
102b27f0	1028fa50	direct
102b27f0	102b15c0	direct
102b27f0	102b1a20	direct
102b27f0	102b1cd0	direct
102b27f0	102b2570	direct
102b27f0	102b2730	direct
102b27f0	102b5360	slot-candidate
102b27f0	102b5360	virtual
102b27f0	102c5470	slot-candidate
102b27f0	102c5470	virtual
102b27f0	102cc6c0	direct
102b27f0	102ee6a0	direct
102b3270	10027020	slot-candidate
102b3270	100b31b0	slot-candidate
102b3270	10299da0	slot-candidate
102b3270	102b5360	slot-candidate
102b3270	102b8cd0	direct
102b3270	10333340	slot-candidate
102b3270	10372b70	slot-candidate
102b3270	10388bb0	slot-candidate
102b3270	103a01b0	slot-candidate
102b3270	103a2930	slot-candidate
102b3270	103a48b0	slot-candidate
102b3270	103dd880	slot-candidate
102b35b0	100290c0	direct
102b35b0	1009d850	direct
102b35b0	100b4c00	slot-candidate
102b35b0	100b4c00	virtual
102b35b0	101371d0	direct
102b35b0	10146b20	direct
102b35b0	101a67c0	slot-candidate
102b35b0	101aa5f0	slot-candidate
102b35b0	101aa5f0	virtual
102b35b0	101be710	direct
102b38b0	10299da0	slot-candidate
102b38b0	10299da0	virtual
102b38b0	10333340	slot-candidate
102b38b0	10372b70	slot-candidate
102b38b0	10388bb0	slot-candidate
102b38b0	103a01b0	slot-candidate
102b38b0	103a2930	slot-candidate
102b38b0	103a48b0	slot-candidate
102b38b0	103dd880	slot-candidate
102b39a0	10269aa0	direct
102b39a0	1026a2c0	direct
102b39e0	100290c0	direct
102b39e0	1003e4b0	direct
102b39e0	10269aa0	direct
102b39e0	1026a5e0	direct
102b39e0	1028e8b0	direct
102b39e0	102b3d90	direct
102b39e0	102c66b0	direct
102b39e0	103105d0	direct
102b3e00	100290c0	direct
102b3e00	100cd660	direct
102b3e00	101671a0	direct
102b3e00	10269a20	direct
102b3e00	102b3270	direct
102b4090	1003e4b0	direct
102b4090	10269aa0	direct
102b4090	102b3d90	direct
102b4540	1014f6f0	slot-candidate
102b4540	102c5470	slot-candidate
102b4540	102c5470	virtual
102b4540	10326750	direct
102b4630	100a6fa0	direct
102b4630	101e1590	direct
102b4630	101e1870	direct
102b4630	102b4760	slot-candidate
102b4630	102b4760	virtual
102b4630	1033d2f0	direct
102b4760	100b3070	slot-candidate
102b4760	100b3070	virtual
102b4760	100b4b40	slot-candidate
102b4760	100b4b40	virtual
102b4760	101371d0	direct
102b4760	10142aa0	direct
102b4760	10146b20	direct
102b4760	101aae60	slot-candidate
102b4760	1025e8e0	slot-candidate
102b4ab0	100b31b0	slot-candidate
102b4ab0	100b31b0	virtual
102b4ab0	10274db0	direct
102b4ab0	102b6120	direct
102b4ab0	102d1180	direct
102b4c10	102c1170	direct
102b4cc0	100b31b0	slot-candidate
102b4cc0	100b31b0	virtual
102b4cc0	100b3700	direct
102b4cc0	100b4dc0	slot-candidate
102b4cc0	100b4dc0	virtual
102b4cc0	100b5190	direct
102b4cc0	101ccc80	direct
102b4cc0	10299da0	slot-candidate
102b4cc0	10299da0	virtual
102b4cc0	102b4f60	slot-candidate
102b4cc0	102b4f60	virtual
102b4cc0	10333340	slot-candidate
102b4cc0	10372b70	slot-candidate
102b4cc0	10372c50	slot-candidate
102b4cc0	10388bb0	slot-candidate
102b4cc0	103a01b0	slot-candidate
102b4cc0	103a2930	slot-candidate
102b4cc0	103a48b0	slot-candidate
102b4cc0	103dd880	slot-candidate
102b4cc0	10430923	direct
102b4f60	102707d0	direct
102b4f60	10279a50	direct
102b4fb0	10332ca0	direct
102b4fe0	101a67e0	slot-candidate
102b4fe0	101a67e0	virtual
102b4fe0	101d3730	direct
102b4fe0	10273e10	slot-candidate
102b4fe0	10273e10	virtual
102b4fe0	10279a50	direct
102b4fe0	10279b70	direct
102b4fe0	102dfaa0	direct
102b4fe0	10332ca0	direct
102b50b0	101a67e0	slot-candidate
102b50b0	101a67e0	virtual
102b50b0	10269c70	direct
102b5120	10279b70	direct
102b52a0	101d3730	direct
102b52a0	10273760	direct
102b52a0	10273e10	slot-candidate
102b52a0	10279a50	direct
102b52a0	10279b70	direct
102b52a0	102dfc10	direct
102b5360	101a67e0	slot-candidate
102b5360	101a67e0	virtual
102b53d0	1002cca0	direct
102b53d0	100cd660	direct
102b53d0	1019ce00	direct
102b53d0	1019d280	direct
102b53d0	1019d4b0	direct
102b53d0	1028a150	direct
102b53d0	10299a80	direct
102b53d0	102ae310	direct
102b53d0	102da600	direct
102b5650	1014f6f0	slot-candidate
102b5650	1025db70	direct
102b5650	10269aa0	direct
102b5650	102c5470	slot-candidate
102b5650	102c5470	virtual
102b5650	10336d70	slot-candidate
102b5650	10336d70	virtual
102b5b20	1021fe50	direct
102b5b20	10336cd0	slot-candidate
102b5b20	10336cd0	virtual
102b5b20	10336d70	slot-candidate
102b5b20	10336d70	virtual
102b5b20	1033c6b0	direct
102b5b70	1021fee0	direct
102b5b70	1033c770	direct
102b5b70	1033c9c0	direct
102b5c00	100a1250	direct
102b5c00	101a8c30	direct
102b5c00	101c2a10	direct
102b5c00	1026cdc0	direct
102b5c00	1026e340	direct
102b5c00	10280d30	direct
102b5c00	102c0bb0	direct
102b5c00	102c1170	direct
102b5d90	1026ce30	direct
102b5de0	1004f7a0	direct
102b5de0	10146570	direct
102b5de0	101d3190	direct
102b5de0	1023bd00	direct
102b5de0	10269aa0	direct
102b5de0	1028e870	direct
102b6120	100b1960	slot-candidate
102b6120	101d2f40	direct
102b6120	102d1180	direct
102b6120	102d12e0	direct
102b62e0	100b31b0	slot-candidate
102b62e0	10137220	direct
102b62e0	10146570	direct
102b62e0	101a67e0	slot-candidate
102b62e0	101d3190	direct
102b6650	101ccc80	direct
102b6650	102b62e0	direct
102b6650	10430923	direct
102b6890	100b3110	slot-candidate
102b6890	100b31b0	slot-candidate
102b6890	10137220	direct
102b6890	1013d580	direct
102b6890	101a67e0	slot-candidate
102b6890	101d2c70	direct
102b6890	101d2f40	direct
102b7110	1009b030	slot-candidate
102b7110	1009b060	direct
102b7110	10137220	direct
102b7110	101a6c20	slot-candidate
102b7110	101d2f40	direct
102b7110	102d12e0	direct
102b7110	102d1350	direct
102b7110	102d2980	direct
102b7110	103a1de0	slot-candidate
102b7110	103b6e30	slot-candidate
102b7370	10269aa0	direct
102b7370	10295ab0	direct
102b7370	102b7110	direct
102b7370	103166b0	direct
102b7690	101a67e0	slot-candidate
102b7690	10269aa0	direct
102b7690	10295ab0	direct
102b7690	102b5de0	direct
102b7690	102b6650	direct
102b7690	102b7110	direct
102b7690	102cc1f0	direct
102b7690	1032e7b0	direct
102b7f40	1008dc40	direct
102b7f40	101e3f50	direct
102b7f40	10269aa0	direct
102b8980	102b5dc0	direct
102b8a10	1008dc40	direct
102b8a10	10269aa0	direct
102b8a60	10269aa0	direct
102b8a60	10269d30	direct
102b8a60	102b5dc0	direct
102b8c40	10269d30	direct
102b8cd0	10299da0	slot-candidate
102b8cd0	10333340	slot-candidate
102b8cd0	10372b70	slot-candidate
102b8cd0	10388bb0	slot-candidate
102b8cd0	103a01b0	slot-candidate
102b8cd0	103a2930	slot-candidate
102b8cd0	103a48b0	slot-candidate
102b8cd0	103dd880	slot-candidate
102b8d20	100290c0	direct
102b8d20	10139610	direct
102b8d20	102dfa20	direct
102b8d20	102dfed0	direct
102b9060	10269aa0	direct
102b9060	10269d30	direct
102b9060	102b4090	direct
102b9060	102b5dc0	direct
102b9060	102b8980	direct
102b9060	102b8d20	direct
102bed30	100cd660	direct
102bed30	10265e90	direct
102beda0	1003e4b0	direct
102beda0	101072b0	direct
102beda0	101faa70	direct
102beda0	10265ad0	slot-candidate
102beda0	10265ed0	direct
102beda0	10269a20	direct
102beda0	1028e8b0	direct
102beda0	102ae750	direct
102beda0	102bf340	slot-candidate
102beda0	102bf340	virtual
102beda0	102daf20	direct
102beda0	102daf50	direct
102beda0	10356b50	slot-candidate
102beda0	1035a980	slot-candidate
102beda0	1035c010	slot-candidate
102beda0	10376b50	slot-candidate
102beda0	10378da0	slot-candidate
102beda0	10380390	slot-candidate
102beda0	1038e8c0	slot-candidate
102beda0	10395ba0	slot-candidate
102beda0	1039e900	slot-candidate
102beda0	103a7760	slot-candidate
102beda0	103b3950	slot-candidate
102beda0	103be010	slot-candidate
102beda0	103c1d50	slot-candidate
102beda0	10411f90	direct
102beda0	10412520	direct
102bf070	100290c0	direct
102bf070	10054060	direct
102bf070	100b3280	slot-candidate
102bf070	100b3280	virtual
102bf070	100b4b40	slot-candidate
102bf070	100b4b40	virtual
102bf070	10137220	direct
102bf070	10139970	direct
102bf070	1013d650	direct
102bf070	101a67e0	slot-candidate
102bf070	101a67e0	virtual
102bf070	101aae60	slot-candidate
102bf070	1025e8e0	slot-candidate
102bf070	10278650	direct
102bf340	100b31b0	slot-candidate
102bf340	100b31b0	virtual
102bf340	101828b0	direct
102bf340	101c2af0	direct
102bf340	101d3730	direct
102bf340	10265ad0	direct
102bf340	10295ab0	direct
102bf340	102b53d0	direct
102bf340	102c0bb0	direct
102bf340	102c1170	direct
102bf340	102ca2a0	direct
102bf4a0	101a67e0	slot-candidate
102bf4a0	101a67e0	virtual
102bf4a0	10278c60	direct
102bf4a0	1032e7b0	direct
102bf510	10272790	direct
102bf510	1028a150	direct
102bf560	102707d0	direct
102bf5d0	100a6fa0	slot-candidate
102bf5d0	100b31b0	slot-candidate
102bf5d0	101a6da0	slot-candidate
102bf5d0	101aa850	slot-candidate
102bf5d0	10299da0	slot-candidate
102bf5d0	102b4540	slot-candidate
102bf5d0	102b4630	slot-candidate
102bf5d0	102bf560	direct
102bf5d0	10326750	slot-candidate
102bf5d0	10333340	slot-candidate
102bf5d0	1034ae50	slot-candidate
102bf5d0	1034bef0	slot-candidate
102bf5d0	1034cb30	slot-candidate
102bf5d0	10369fb0	slot-candidate
102bf5d0	10369ff0	slot-candidate
102bf5d0	10372b70	slot-candidate
102bf5d0	10375120	slot-candidate
102bf5d0	10388bb0	slot-candidate
102bf5d0	103a0130	slot-candidate
102bf5d0	103a01b0	slot-candidate
102bf5d0	103a2930	slot-candidate
102bf5d0	103a4260	slot-candidate
102bf5d0	103a48b0	slot-candidate
102bf5d0	103ba290	slot-candidate
102bf5d0	103cb810	slot-candidate
102bf5d0	103dd880	slot-candidate
102bf5d0	103ddaa0	slot-candidate
102bf5d0	103ddaf0	slot-candidate
102bf5d0	103e0bc0	slot-candidate
102bf6e0	102702d0	direct
102bf6e0	10431320	direct
102bf770	10272650	direct
102bf770	1027a6c0	direct
102bf770	102ee2a0	direct
102bf770	102ee3f0	direct
102bf7e0	102ee2c0	direct
102bf7e0	102ee2e0	direct
102bf820	100290c0	direct
102bf820	100b2300	slot-candidate
102bf820	100b2300	virtual
102bf820	100b31b0	slot-candidate
102bf820	100b31b0	virtual
102bf820	100b3b00	direct
102bf820	10137220	direct
102bf820	1026e940	direct
102bf820	102e30d0	direct
102bfe10	100ab4f0	direct
102bfe10	1027efb0	direct
102bfe10	102e7880	direct
102bff20	100b5ce0	slot-candidate
102bff20	100b5ce0	virtual
102bff20	1026b810	direct
102bff20	102c0010	direct
102c0010	100ecc60	direct
102c0010	100eccf0	direct
102c0010	100ecdf0	direct
102c0010	100ece60	direct
102c0010	10431320	direct
102c0220	101aaee0	slot-candidate
102c0220	102c1170	direct
102c0220	102c21c0	slot-candidate
102c0220	102c21c0	virtual
102c0220	10336920	direct
102c0220	103417b0	slot-candidate
102c0220	103ad7b0	slot-candidate
102c0360	100cd660	direct
102c0360	10107050	direct
102c0360	10119900	direct
102c0360	10245660	direct
102c0420	102c1170	direct
102c0420	103407b0	direct
102c0520	100290c0	direct
102c0520	1002cbd0	direct
102c0520	10032b00	direct
102c0520	10099630	slot-candidate
102c0520	100a9ab0	direct
102c0520	100a9eb0	slot-candidate
102c0520	100b31b0	slot-candidate
102c0520	100b3280	slot-candidate
102c0520	100e0a40	direct
102c0520	101063a0	direct
102c0520	10119900	direct
102c0520	10178120	direct
102c0520	1019ce00	direct
102c0520	1019d280	direct
102c0520	1019d4b0	direct
102c0520	101cd940	direct
102c0520	101d1280	direct
102c0520	10245660	direct
102c0520	1042bff0	direct
102c0520	10431510	direct
102c0bb0	10090950	direct
102c0bb0	101063a0	direct
102c0bb0	102c0ca0	direct
102c0ca0	100a8ef0	direct
102c0ca0	100ac4e0	direct
102c0ca0	100e4780	direct
102c0ca0	100e5c70	direct
102c0ca0	10178120	direct
102c0ca0	101cd940	direct
102c0ca0	101cd9e0	direct
102c0f70	10090950	direct
102c0f70	100ab4f0	direct
102c0f70	100ec2e0	direct
102c0f70	100ec360	direct
102c0f70	100ec3d0	direct
102c0f70	100ec530	direct
102c0f70	100eccf0	direct
102c0f70	100ecd30	direct
102c0f70	100ecdf0	direct
102c0f70	100ed150	direct
102c1230	100ecfc0	direct
102c1400	100ab4f0	direct
102c1400	100e13d0	direct
102c1400	10178120	direct
102c1400	101cd940	direct
102c1400	10260a50	direct
102c1400	102c0360	direct
102c1400	102c0520	direct
102c1400	102c0aa0	direct
102c1400	102c0ca0	direct
102c1400	102c1170	direct
102c1680	10075b70	direct
102c1680	10075c50	direct
102c1680	10075ca0	direct
102c1680	1008f7b0	direct
102c1680	10090020	direct
102c1680	10090950	direct
102c1680	100b5e60	direct
102c1680	100ea2d0	direct
102c1680	100ec450	direct
102c1680	100ec5d0	direct
102c1680	101067e0	direct
102c1680	101cd9e0	direct
102c1680	101d3730	direct
102c1680	10272400	slot-candidate
102c1680	10272400	virtual
102c1680	102c1230	direct
102c1680	102c1a80	direct
102c1680	1043136f	direct
102c1a80	10075ca0	direct
102c1a80	10075e70	direct
102c1a80	10075f10	direct
102c1a80	10106a40	direct
102c1a80	10430fa0	direct
102c1c10	1008dd30	direct
102c1c10	10091080	direct
102c1c10	10107120	direct
102c1ce0	100a8710	direct
102c1ce0	100ab4f0	direct
102c1ce0	101a8c30	direct
102c1ce0	1027d170	direct
102c1ce0	102ae7f0	direct
102c1ce0	1032e7b0	direct
102c1ec0	100274d0	slot-candidate
102c1ec0	100274d0	virtual
102c1ec0	10027570	slot-candidate
102c1ec0	10027570	virtual
102c1ec0	100a8990	direct
102c1ec0	100aac30	slot-candidate
102c1ec0	100aac30	virtual
102c1ec0	100aacd0	slot-candidate
102c1ec0	100aacd0	virtual
102c1ec0	1032e7b0	direct
102c21c0	100b4dc0	slot-candidate
102c21c0	100b4dc0	virtual
102c21c0	100b5190	direct
102c21c0	10146b20	direct
102c21c0	10175180	direct
102c21c0	1023bd00	direct
102c21c0	10299da0	slot-candidate
102c21c0	10299da0	virtual
102c21c0	102c1170	direct
102c21c0	10333340	slot-candidate
102c21c0	1033e2b0	direct
102c21c0	10341aa0	direct
102c21c0	10372b70	slot-candidate
102c21c0	10388bb0	slot-candidate
102c21c0	103a01b0	slot-candidate
102c21c0	103a2930	slot-candidate
102c21c0	103a48b0	slot-candidate
102c21c0	103dd880	slot-candidate
102c2300	100b4dc0	slot-candidate
102c2300	100b4dc0	virtual
102c2300	100b5190	direct
102c2300	101a6720	slot-candidate
102c2300	101a6720	virtual
102c2300	10269aa0	direct
102c2300	1038fb00	slot-candidate
102c2430	102c1170	direct
102c2ec0	10200610	direct
102c2ec0	10200be0	direct
102c2ec0	10200ca0	direct
102c2ec0	10200fc0	direct
102c2ec0	10201100	direct
102c2ec0	10430923	direct
102c36d0	10037300	direct
102c36d0	1003ff80	direct
102c36d0	1004f860	direct
102c36d0	1005f190	direct
102c36d0	1006dec0	direct
102c36d0	100a19c0	direct
102c36d0	10146150	direct
102c36d0	10146570	direct
102c36d0	10273e10	slot-candidate
102c36d0	102e0290	direct
102c3b50	10037300	direct
102c3b50	1003e4b0	direct
102c3b50	1004f7a0	direct
102c3b50	1005f190	direct
102c3b50	1006dec0	direct
102c3b50	10137220	direct
102c3b50	10146150	direct
102c3b50	10146570	direct
102c41b0	102c41d0	direct
102c41d0	10027160	slot-candidate
102c41d0	100b31b0	slot-candidate
102c41d0	101d2560	direct
102c41d0	10357760	slot-candidate
102c42a0	101d2640	direct
102c4310	101d26b0	direct
102c4380	1008bb70	direct
102c43b0	1008bf00	direct
102c43b0	102c43f0	direct
102c43f0	1008bd30	direct
102c4430	102c44e0	direct
102c44e0	100ab4f0	direct
102c44e0	10279090	slot-candidate
102c44e0	102b52a0	direct
102c4680	101e8c90	direct
102c4a60	1014f6f0	slot-candidate
102c4a60	102c5470	slot-candidate
102c4a60	102c5470	virtual
102c4a60	10339800	direct
102c4a60	1033c900	direct
102c4ad0	100b31b0	slot-candidate
102c4ad0	10137220	direct
102c4c50	102c4cc0	direct
102c4cc0	10137220	direct
102c4e30	100b2770	direct
102c4e30	100b2f50	direct
102c4eb0	100b3700	direct
102c4eb0	10146570	direct
102c4eb0	101d3190	direct
102c51a0	101a67e0	slot-candidate
102c51a0	1026d050	direct
102c51a0	1026e340	direct
102c51a0	10273790	direct
102c51a0	10279cc0	direct
102c51a0	10299da0	slot-candidate
102c51a0	102b4cc0	slot-candidate
102c51a0	102b52a0	direct
102c51a0	102b5b20	slot-candidate
102c51a0	102c4470	direct
102c51a0	102c4640	direct
102c51a0	10333340	slot-candidate
102c51a0	1033c6b0	direct
102c51a0	1033dde0	slot-candidate
102c51a0	10372b70	slot-candidate
102c51a0	10388bb0	slot-candidate
102c51a0	10390fd0	slot-candidate
102c51a0	103a01b0	slot-candidate
102c51a0	103a2930	slot-candidate
102c51a0	103a48b0	slot-candidate
102c51a0	103cc9b0	slot-candidate
102c51a0	103dd880	slot-candidate
102c5310	101a67e0	slot-candidate
102c5310	1026d050	direct
102c5310	1026e340	direct
102c5310	10273790	direct
102c5310	10299da0	slot-candidate
102c5310	102b4cc0	slot-candidate
102c5310	102b52a0	direct
102c5310	102b5b20	slot-candidate
102c5310	10333340	slot-candidate
102c5310	1033c6b0	direct
102c5310	1033dde0	slot-candidate
102c5310	10372b70	slot-candidate
102c5310	10388bb0	slot-candidate
102c5310	10390fd0	slot-candidate
102c5310	103a01b0	slot-candidate
102c5310	103a2930	slot-candidate
102c5310	103a48b0	slot-candidate
102c5310	103cc9b0	slot-candidate
102c5310	103dd880	slot-candidate
102c54c0	10207c40	direct
102c5500	102c5780	direct
102c5500	102c57c0	direct
102c5500	1032e7b0	direct
102c5570	100b31b0	slot-candidate
102c5570	101371d0	direct
102c5570	101a67e0	slot-candidate
102c5570	10273e10	slot-candidate
102c5570	102dfed0	direct
102c5730	102517e0	direct
102c5730	102c5570	direct
102c5780	102517e0	direct
102c5780	102c5570	direct
102c57c0	102517e0	direct
102c57c0	102c5570	direct
102c6cf0	10430fa0	direct
102c6eb0	1009b5a0	slot-candidate
102c6eb0	100b11d0	slot-candidate
102c6eb0	1028dfb0	slot-candidate
102c6eb0	102ea2d0	direct
102c6eb0	1030f300	direct
102c6ff0	101a8c30	direct
102c6ff0	10280d30	direct
102c6ff0	1028a190	direct
102c7330	10430964	direct
102c7360	102c6ff0	direct
102c7410	1008dd30	direct
102c7410	1032e7b0	direct
102c7530	102d1420	direct
102c7530	102d1450	direct
102c7530	102d14c0	direct
102c75c0	10279a50	direct
102c75c0	102c6db0	direct
102c7600	10269aa0	direct
102c7600	102c6e10	direct
102c7600	102d3e60	direct
102c7960	10269f30	direct
102c7960	102cc1f0	direct
102c79a0	10269f30	direct
102c79a0	102cc1f0	direct
102c79e0	1008dd30	direct
102c79e0	1009f200	direct
102c79e0	1027e590	direct
102c79e0	102c6f70	direct
102c79e0	1032d890	direct
102c79e0	1032e7b0	direct
102c7bd0	102c6e50	direct
102c7bd0	102c7e10	direct
102c7bd0	102ecd20	direct
102c7bd0	102edc80	direct
102c8570	102c7360	direct
102c8570	102c7390	direct
102c8570	102c73b0	direct
102c8570	10430b64	direct
102c8690	102c7360	direct
102c8690	102c73b0	direct
102c8690	10430b64	direct
102c87a0	102cd650	direct
102c8830	102cdb70	direct
102c88c0	1000cb8a	direct
102c88c0	100aa7b0	direct
102ca2a0	100ab4f0	direct
102ca2a0	102c9d70	direct
102ca460	100ab4f0	direct
102ca460	102c9da0	direct
102ca780	1028ebc0	direct
102ca780	102ca460	direct
102cabd0	1028ebc0	direct
102cadb0	102ea050	direct
102cc080	1009f200	direct
102cc080	1027d170	direct
102cc080	102b12f0	slot-candidate
102cc080	102cc080	slot-candidate
102cc080	10362910	slot-candidate
102cc080	10363a30	slot-candidate
102cc080	1036b460	slot-candidate
102cc080	10372150	slot-candidate
102cc080	10374370	slot-candidate
102cc080	10375f20	slot-candidate
102cc080	10378a30	slot-candidate
102cc080	1037d240	slot-candidate
102cc080	1037ffa0	slot-candidate
102cc080	10388a40	slot-candidate
102cc080	10394570	slot-candidate
102cc080	1039e2d0	slot-candidate
102cc080	103a7390	slot-candidate
102cc080	103ac490	slot-candidate
102cc080	103b0320	slot-candidate
102cc080	103bd390	slot-candidate
102cc080	103c1720	slot-candidate
102cc080	103c3560	slot-candidate
102cc080	103d5e00	slot-candidate
102cc080	103df580	slot-candidate
102cc1f0	102b12f0	slot-candidate
102cc1f0	102cc080	slot-candidate
102cc1f0	102cc260	slot-candidate
102cc1f0	10362910	slot-candidate
102cc1f0	10363a30	slot-candidate
102cc1f0	1036b460	slot-candidate
102cc1f0	10372150	slot-candidate
102cc1f0	10374370	slot-candidate
102cc1f0	10375f20	slot-candidate
102cc1f0	10378a30	slot-candidate
102cc1f0	1037d240	slot-candidate
102cc1f0	1037ffa0	slot-candidate
102cc1f0	10388a40	slot-candidate
102cc1f0	10394570	slot-candidate
102cc1f0	1039e2d0	slot-candidate
102cc1f0	103a7390	slot-candidate
102cc1f0	103ac490	slot-candidate
102cc1f0	103b0320	slot-candidate
102cc1f0	103bd390	slot-candidate
102cc1f0	103c1720	slot-candidate
102cc1f0	103c3560	slot-candidate
102cc1f0	103d5e00	slot-candidate
102cc1f0	103df580	slot-candidate
102cc260	101a6660	slot-candidate
102cc260	101a6660	virtual
102cc260	101a6d00	slot-candidate
102cc260	101a6d00	virtual
102cc260	101aa790	slot-candidate
102cc260	101aa7b0	slot-candidate
102cc260	102ea2d0	direct
102cc260	1030f300	direct
102cc260	10357370	slot-candidate
102cc260	10357390	slot-candidate
102cc260	10359f00	slot-candidate
102cc260	10359f20	slot-candidate
102cc260	1035ad70	slot-candidate
102cc260	1035ad90	slot-candidate
102cc260	1035b560	slot-candidate
102cc260	1035b580	slot-candidate
102cc260	1035c1b0	slot-candidate
102cc260	1035c1d0	slot-candidate
102cc260	1035c230	slot-candidate
102cc260	1035c250	slot-candidate
102cc260	1035ec10	slot-candidate
102cc260	1035ec30	slot-candidate
102cc260	103603d0	slot-candidate
102cc260	103603f0	slot-candidate
102cc260	10362c50	slot-candidate
102cc260	10362c70	slot-candidate
102cc260	10366c70	slot-candidate
102cc260	10366c90	slot-candidate
102cc260	10367870	slot-candidate
102cc260	10367890	slot-candidate
102cc260	103683b0	slot-candidate
102cc260	103683d0	slot-candidate
102cc260	1036a1b0	slot-candidate
102cc260	1036a1d0	slot-candidate
102cc260	1036eab0	slot-candidate
102cc260	1036ead0	slot-candidate
102cc260	1036f2b0	slot-candidate
102cc260	1036f2d0	slot-candidate
102cc260	1036fb10	slot-candidate
102cc260	1036fb30	slot-candidate
102cc260	10370930	slot-candidate
102cc260	10370950	slot-candidate
102cc260	10373530	slot-candidate
102cc260	10373550	slot-candidate
102cc260	103750e0	slot-candidate
102cc260	10375100	slot-candidate
102cc260	10375240	slot-candidate
102cc260	10375260	slot-candidate
102cc260	10377070	slot-candidate
102cc260	10377090	slot-candidate
102cc260	10377b20	slot-candidate
102cc260	10377b40	slot-candidate
102cc260	1037afb0	slot-candidate
102cc260	1037afd0	slot-candidate
102cc260	1037c660	slot-candidate
102cc260	1037c680	slot-candidate
102cc260	1037e830	slot-candidate
102cc260	1037e850	slot-candidate
102cc260	10384060	slot-candidate
102cc260	10384080	slot-candidate
102cc260	10386ae0	slot-candidate
102cc260	10386b00	slot-candidate
102cc260	10387710	slot-candidate
102cc260	10387730	slot-candidate
102cc260	10388060	slot-candidate
102cc260	10388080	slot-candidate
102cc260	10388de0	slot-candidate
102cc260	10388e00	slot-candidate
102cc260	10389560	slot-candidate
102cc260	10389580	slot-candidate
102cc260	10389db0	slot-candidate
102cc260	10389dd0	slot-candidate
102cc260	10391070	slot-candidate
102cc260	10391090	slot-candidate
102cc260	1039b090	slot-candidate
102cc260	1039b0b0	slot-candidate
102cc260	1039f600	slot-candidate
102cc260	1039f620	slot-candidate
102cc260	103a14a0	slot-candidate
102cc260	103a14c0	slot-candidate
102cc260	103a1e00	slot-candidate
102cc260	103a1e20	slot-candidate
102cc260	103a42e0	slot-candidate
102cc260	103a4300	slot-candidate
102cc260	103a50a0	slot-candidate
102cc260	103a50c0	slot-candidate
102cc260	103a5ca0	slot-candidate
102cc260	103a5cc0	slot-candidate
102cc260	103abba0	slot-candidate
102cc260	103abbc0	slot-candidate
102cc260	103ae4b0	slot-candidate
102cc260	103ae4d0	slot-candidate
102cc260	103b1c20	slot-candidate
102cc260	103b1c40	slot-candidate
102cc260	103b28b0	slot-candidate
102cc260	103b28d0	slot-candidate
102cc260	103b2f70	slot-candidate
102cc260	103b2f90	slot-candidate
102cc260	103b3b20	slot-candidate
102cc260	103b3b40	slot-candidate
102cc260	103b5330	slot-candidate
102cc260	103b5350	slot-candidate
102cc260	103b5ad0	slot-candidate
102cc260	103b5af0	slot-candidate
102cc260	103b6e50	slot-candidate
102cc260	103b6e70	slot-candidate
102cc260	103c1300	slot-candidate
102cc260	103c1320	slot-candidate
102cc260	103c30e0	slot-candidate
102cc260	103c3100	slot-candidate
102cc260	103c77b0	slot-candidate
102cc260	103c77d0	slot-candidate
102cc260	103ca750	slot-candidate
102cc260	103ca770	slot-candidate
102cc260	103dc750	slot-candidate
102cc260	103dc770	slot-candidate
102cc260	103dd050	slot-candidate
102cc260	103dd070	slot-candidate
102cc260	103de2b0	slot-candidate
102cc260	103de2d0	slot-candidate
102cc300	101a6d00	slot-candidate
102cc300	101a6d00	virtual
102cc300	101aa790	slot-candidate
102cc300	102ea020	direct
102cc300	102ea2d0	direct
102cc300	10357370	slot-candidate
102cc300	10359f00	slot-candidate
102cc300	1035ad70	slot-candidate
102cc300	1035b560	slot-candidate
102cc300	1035c1b0	slot-candidate
102cc300	1035c230	slot-candidate
102cc300	1035ec10	slot-candidate
102cc300	103603d0	slot-candidate
102cc300	10362c50	slot-candidate
102cc300	10366c70	slot-candidate
102cc300	10367870	slot-candidate
102cc300	103683b0	slot-candidate
102cc300	1036a1b0	slot-candidate
102cc300	1036eab0	slot-candidate
102cc300	1036f2b0	slot-candidate
102cc300	1036fb10	slot-candidate
102cc300	10370930	slot-candidate
102cc300	10373530	slot-candidate
102cc300	103750e0	slot-candidate
102cc300	10375240	slot-candidate
102cc300	10377070	slot-candidate
102cc300	10377b20	slot-candidate
102cc300	1037afb0	slot-candidate
102cc300	1037c660	slot-candidate
102cc300	1037e830	slot-candidate
102cc300	10384060	slot-candidate
102cc300	10386ae0	slot-candidate
102cc300	10387710	slot-candidate
102cc300	10388060	slot-candidate
102cc300	10388de0	slot-candidate
102cc300	10389560	slot-candidate
102cc300	10389db0	slot-candidate
102cc300	10391070	slot-candidate
102cc300	1039b090	slot-candidate
102cc300	1039f600	slot-candidate
102cc300	103a14a0	slot-candidate
102cc300	103a1e00	slot-candidate
102cc300	103a42e0	slot-candidate
102cc300	103a50a0	slot-candidate
102cc300	103a5ca0	slot-candidate
102cc300	103abba0	slot-candidate
102cc300	103ae4b0	slot-candidate
102cc300	103b1c20	slot-candidate
102cc300	103b28b0	slot-candidate
102cc300	103b2f70	slot-candidate
102cc300	103b3b20	slot-candidate
102cc300	103b5330	slot-candidate
102cc300	103b5ad0	slot-candidate
102cc300	103b6e50	slot-candidate
102cc300	103c1300	slot-candidate
102cc300	103c30e0	slot-candidate
102cc300	103c77b0	slot-candidate
102cc300	103ca750	slot-candidate
102cc300	103dc750	slot-candidate
102cc300	103dd050	slot-candidate
102cc300	103de2b0	slot-candidate
102cc350	101a6d00	slot-candidate
102cc350	101a6d00	virtual
102cc350	101aa790	slot-candidate
102cc350	102ea020	direct
102cc350	102ea2d0	direct
102cc350	10357370	slot-candidate
102cc350	10359f00	slot-candidate
102cc350	1035ad70	slot-candidate
102cc350	1035b560	slot-candidate
102cc350	1035c1b0	slot-candidate
102cc350	1035c230	slot-candidate
102cc350	1035ec10	slot-candidate
102cc350	103603d0	slot-candidate
102cc350	10362c50	slot-candidate
102cc350	10366c70	slot-candidate
102cc350	10367870	slot-candidate
102cc350	103683b0	slot-candidate
102cc350	1036a1b0	slot-candidate
102cc350	1036eab0	slot-candidate
102cc350	1036f2b0	slot-candidate
102cc350	1036fb10	slot-candidate
102cc350	10370930	slot-candidate
102cc350	10373530	slot-candidate
102cc350	103750e0	slot-candidate
102cc350	10375240	slot-candidate
102cc350	10377070	slot-candidate
102cc350	10377b20	slot-candidate
102cc350	1037afb0	slot-candidate
102cc350	1037c660	slot-candidate
102cc350	1037e830	slot-candidate
102cc350	10384060	slot-candidate
102cc350	10386ae0	slot-candidate
102cc350	10387710	slot-candidate
102cc350	10388060	slot-candidate
102cc350	10388de0	slot-candidate
102cc350	10389560	slot-candidate
102cc350	10389db0	slot-candidate
102cc350	10391070	slot-candidate
102cc350	1039b090	slot-candidate
102cc350	1039f600	slot-candidate
102cc350	103a14a0	slot-candidate
102cc350	103a1e00	slot-candidate
102cc350	103a42e0	slot-candidate
102cc350	103a50a0	slot-candidate
102cc350	103a5ca0	slot-candidate
102cc350	103abba0	slot-candidate
102cc350	103ae4b0	slot-candidate
102cc350	103b1c20	slot-candidate
102cc350	103b28b0	slot-candidate
102cc350	103b2f70	slot-candidate
102cc350	103b3b20	slot-candidate
102cc350	103b5330	slot-candidate
102cc350	103b5ad0	slot-candidate
102cc350	103b6e50	slot-candidate
102cc350	103c1300	slot-candidate
102cc350	103c30e0	slot-candidate
102cc350	103c77b0	slot-candidate
102cc350	103ca750	slot-candidate
102cc350	103dc750	slot-candidate
102cc350	103dd050	slot-candidate
102cc350	103de2b0	slot-candidate
102cc6c0	102cc560	direct
102cc6c0	102cc590	direct
102cc730	102cc5d0	direct
102cc760	10269a20	direct
102cc760	102cc730	direct
102cd2d0	100ac4e0	direct
102cd3b0	10430fa0	direct
102cd4a0	100f7380	direct
102cd4a0	100f7770	direct
102cd4a0	102ce7f0	direct
102cd4a0	102ce9f0	direct
102cd4a0	102cef30	direct
102cd4a0	10430fa0	direct
102cd650	100f6d80	direct
102cd650	102cd3b0	direct
102cd650	102cd4a0	direct
102cd740	100290c0	direct
102cd740	102c8690	virtual
102cd740	102cd3b0	direct
102cd740	102cd4a0	direct
102cd740	102cdd10	direct
102cd740	102ce130	direct
102cd740	102ce150	direct
102cd740	102ce640	direct
102cd740	102ce7a0	direct
102cd740	102cea20	direct
102cd740	102cea60	direct
102cd740	102ceae0	direct
102cdb70	100f6e40	direct
102cdb70	102cd3b0	direct
102cdb70	102cd4a0	direct
102cdc50	100a47d0	direct
102cdc50	102c8830	virtual
102ce150	102ce550	direct
102ce150	102cea60	direct
102ce150	102cefc0	direct
102ce150	102cfaf0	direct
102ce150	102cfd20	direct
102ce7f0	102cef30	direct
102ce7f0	10430fa0	direct
102ceae0	102cea60	direct
102ceae0	102cf0b0	direct
102cf0b0	102ce550	direct
102cf0b0	102cea60	direct
102cf0b0	102cefc0	direct
102cf0b0	102cfd20	direct
102cfaf0	102cea60	direct
102cfd20	102cea60	direct
102d0860	100a8710	direct
102d0890	100a8990	direct
102d08c0	102d0860	virtual
102d0910	100cd660	direct
102d0910	1043e780	direct
102d09b0	100cd660	direct
102d0b60	1006caa0	direct
102d0b60	1006cf30	direct
102d0b60	1006cff0	direct
102d0b60	100b3b00	direct
102d0b60	100dc480	direct
102d0b60	10431320	direct
102d1180	100b31b0	slot-candidate
102d1180	102f46d0	direct
102d11f0	101d2f40	direct
102d11f0	102d12e0	direct
102d1220	10432740	direct
102d1220	1043e780	direct
102d12e0	102f47b0	direct
102d1600	100a02b0	direct
102d1600	101434b0	direct
102d1760	1004f7a0	direct
102d1760	1005f190	direct
102d1760	10146570	direct
102d1760	101d3190	direct
102d1760	102d14c0	direct
102d1760	102d41a0	direct
102d1760	102d41f0	direct
102d1760	102d4210	direct
102d1760	102d42d0	direct
102d1760	102d4320	direct
102d1760	102d4350	direct
102d1af0	101371d0	direct
102d1af0	10146570	direct
102d1af0	101d3190	direct
102d1af0	102d14c0	direct
102d1af0	102d1760	direct
102d24b0	10146570	direct
102d24b0	101d3190	direct
102d24b0	102d14c0	direct
102d24b0	102d1760	direct
102d2980	101371d0	direct
102d2980	10146570	direct
102d2980	101d3190	direct
102d2980	102d14c0	direct
102d2ee0	100b4320	direct
102d2f00	100aa7b0	direct
102d2f00	102d3040	direct
102d3040	1000cb8a	direct
102d3040	100cd2d0	direct
102d3040	10269a20	direct
102d3040	10295ab0	direct
102d3ec0	100aa5a0	direct
102d3ec0	100ada20	virtual
102d3ec0	102d3e60	direct
102d40e0	1043136f	direct
102d42d0	10430fa0	direct
102d7290	100b4320	direct
102d72f0	1009d2a0	slot-candidate
102d72f0	1009d2a0	virtual
102d72f0	100aad70	slot-candidate
102d72f0	100aad70	virtual
102d72f0	100b3580	direct
102d72f0	100dc480	direct
102d72f0	100dc580	direct
102d72f0	10273070	direct
102d72f0	102d6210	direct
102d72f0	102f9920	direct
102d72f0	102f9950	direct
102d7760	10280790	direct
102d77a0	1027c820	direct
102d77d0	100aa7b0	direct
102d77d0	102d77a0	direct
102d8cf0	102d9040	direct
102d8cf0	10430fa0	direct
102d8e50	102d9040	direct
102d8e50	10430fa0	direct
102d8f20	102d9040	direct
102d8f20	10430fa0	direct
102d9040	102d9150	direct
102d9040	102d9170	direct
102d9040	10430fa0	direct
102d9ae0	100aa7b0	direct
102d9ae0	102d9b10	direct
102d9b10	1000cb8a	direct
102d9b10	100cd2d0	direct
102d9b10	102d9eb0	direct
102d9b10	102daac0	direct
102d9b10	10430964	direct
102d9c20	101cd970	direct
102d9c20	102dd9c0	direct
102d9c20	104312d5	direct
102d9dd0	100aa5a0	direct
102d9dd0	101cd970	direct
102d9dd0	102d9eb0	direct
102d9dd0	102dd9c0	direct
102d9fa0	100b3070	slot-candidate
102da0d0	100ab4f0	direct
102da0d0	100b3070	slot-candidate
102da0d0	102a0fb0	direct
102da0d0	102d9ed0	direct
102da0d0	102d9fa0	direct
102da0d0	102da860	direct
102da0d0	102da9e0	direct
102da0d0	10431320	direct
102da600	100cd660	direct
102da7c0	100cd660	direct
102da860	100ab4f0	direct
102daac0	100290c0	direct
102daac0	100a0ae0	direct
102daac0	102c6b30	direct
102daac0	102dcd30	direct
102dad60	100b3070	slot-candidate
102dae70	102dd500	direct
102daea0	102dd530	direct
102daea0	102dd5b0	direct
102daea0	102dd5e0	direct
102daef0	102dd550	direct
102daf20	102dd580	direct
102daf50	102dd610	direct
102db3e0	100cd660	direct
102db470	102dad60	direct
102db590	102db470	direct
102dbbc0	1000cb8a	direct
102dbbc0	100aa7b0	direct
102dbbc0	100cd2d0	direct
102dbbc0	102dce10	direct
102dbbc0	102dce80	direct
102dbc80	101c0820	direct
102dbc80	102dbcb0	virtual
102dbcb0	100ab4f0	direct
102dbd50	100a9f70	direct
102dbd50	101cf250	direct
102dbd50	101cf2f0	direct
102dbda0	100aa140	direct
102dbda0	101cf2f0	direct
102dbde0	100ab4f0	direct
102dbde0	100ac4e0	direct
102dbde0	100f7770	direct
102dbde0	102db740	direct
102dbde0	102dc3e0	direct
102dbde0	102dce30	direct
102dbde0	102dcec0	direct
102dbde0	10430b64	direct
102dc3e0	100ac4e0	direct
102dcc20	102da9a0	direct
102dcd30	10430fa0	direct
102dce30	10430fa0	direct
102dd500	102dd470	direct
102dd530	102dd470	direct
102dd550	102dd470	direct
102dd580	102dd470	direct
102dd5b0	102dd470	direct
102dd5b0	102dd530	direct
102dd5e0	102dd470	direct
102dd5e0	102dd530	direct
102dd9c0	1043e780	direct
102ddc00	100b17f0	slot-candidate
102df130	1013dc40	direct
102df1b0	1013dce0	direct
102df320	102df1b0	direct
102df320	103167f0	direct
102df320	103169a0	direct
102df700	100b5190	direct
102df700	101371d0	direct
102df700	102df130	direct
102df700	102f41b0	direct
102df700	10316890	direct
102dfaa0	102df1b0	direct
102dfaa0	103169a0	direct
102dfc10	102df1b0	direct
102dfc10	103169a0	direct
102dfd90	10316ab0	direct
102dfed0	100ab4f0	direct
102dfed0	10316bc0	direct
102e0290	100ab4f0	direct
102e0290	10316bc0	direct
102e06f0	101e8c30	direct
102e0730	101d3730	direct
102e0730	102dfc10	direct
102e0990	102e09c0	direct
102e0990	10430964	direct
102e0b60	101cf250	direct
102e0b80	101cf2f0	direct
102e0bd0	1003e4b0	direct
102e0bd0	101cf5c0	direct
102e0bd0	102e26f0	direct
102e0bd0	102e4f50	direct
102e0ea0	100dc480	direct
102e0ea0	102e2840	direct
102e0f90	10137220	direct
102e0f90	102e1c10	direct
102e0f90	102e2690	direct
102e1110	102e2610	direct
102e1110	102e2690	direct
102e1110	102e2840	direct
102e1110	102ee3f0	direct
102e1180	101d2c70	direct
102e1180	102e1c10	direct
102e1180	102e2690	direct
102e11f0	102e1e20	direct
102e11f0	102e26b0	direct
102e1270	102e2690	direct
102e1300	101371d0	direct
102e1300	102e12e0	direct
102e1440	102ddc40	direct
102e14a0	101371d0	direct
102e14a0	102e12c0	direct
102e14a0	102e1560	direct
102e14a0	102e19e0	virtual
102e1560	100b1750	slot-candidate
102e1560	102e0bd0	direct
102e1760	1003e4b0	direct
102e1760	101371d0	direct
102e1760	10139500	direct
102e1760	101cf5c0	direct
102e1760	102e12c0	direct
102e1760	102e19e0	virtual
102e1760	102e6d70	direct
102e19e0	10137220	direct
102e19e0	1013d580	direct
102e19e0	101d2c70	direct
102e19e0	102e1c10	direct
102e19e0	102e2180	virtual
102e19e0	102e2790	direct
102e19e0	102e27d0	direct
102e19e0	102e2820	direct
102e19e0	10431320	direct
102e1c10	102e0a80	direct
102e1c10	102e1cf0	direct
102e1c10	102e1e20	direct
102e1d10	10431320	direct
102e1e20	102e1d10	direct
102e1e20	10431320	direct
102e1f90	1013d580	direct
102e1f90	10431320	direct
102e2020	102e0a80	direct
102e2020	102e2750	direct
102e20b0	102e1c10	direct
102e20b0	102e2750	direct
102e20f0	102d8cf0	direct
102e2120	102d8e50	direct
102e2150	102d8f20	direct
102e2180	10137220	direct
102e2180	102d8a90	direct
102e2180	102d8b50	direct
102e2180	102d8bc0	direct
102e2180	102e2b10	direct
102e23a0	1009b500	slot-candidate
102e23a0	1009b5a0	slot-candidate
102e23a0	1028df30	slot-candidate
102e23a0	1028dfb0	slot-candidate
102e2580	102d61b0	direct
102e2580	102e12c0	direct
102e2580	102e1300	virtual
102e2690	100b2770	direct
102e2790	1008fab0	direct
102e2820	10092380	direct
102e2b10	10430fa0	direct
102e30d0	101d3190	direct
102e3290	101d3190	direct
102e3450	100335e0	direct
102e3450	1004f860	direct
102e3450	1005f190	direct
102e3450	1006dec0	direct
102e3450	10146570	direct
102e3450	102e30d0	direct
102e3450	102e3290	direct
102e37b0	10146570	direct
102e37b0	102e30d0	direct
102e4160	100335e0	direct
102e4160	100353c0	direct
102e4160	1009f4e0	direct
102e4160	10139500	direct
102e4160	10142aa0	direct
102e4160	102e3450	direct
102e4160	102e4f20	direct
102e4160	102e7270	direct
102e4160	102e7e40	direct
102e4f50	101371d0	direct
102e4f50	10142aa0	direct
102e4f50	10142e90	direct
102e4f50	10143b70	direct
102e4f50	10143d80	direct
102e4f50	102d61b0	direct
102e4f50	102d61e0	direct
102e4f50	102e2d70	direct
102e4f50	102e4160	direct
102e4f50	102e5d00	direct
102e4f50	102e7270	direct
102e4f50	102e7e00	direct
102e4f50	102e7e20	direct
102e5d00	101371d0	direct
102e5d80	101371d0	direct
102e5d80	10146190	direct
102e5d80	101cd9e0	direct
102e5d80	102e4f50	direct
102e5d80	102e7ba0	direct
102e6090	10146150	direct
102e6090	1026e940	direct
102e6090	102e2d70	direct
102e6090	102e30d0	direct
102e6290	100ab250	direct
102e6290	101371d0	direct
102e6290	10146150	direct
102e6290	10146190	direct
102e6290	101cd9e0	direct
102e6290	1026e940	direct
102e6290	102e2d70	direct
102e6290	102e30d0	direct
102e6290	102e7060	direct
102e6290	102e7270	direct
102e6290	102e7ba0	direct
102e6290	102e7e60	direct
102e6be0	101371d0	direct
102e6be0	1026e940	direct
102e6be0	102e2d70	direct
102e6be0	102e30d0	direct
102e6d70	101371d0	direct
102e6d70	102e5d80	direct
102e6d70	102e6090	direct
102e6d70	102e6290	direct
102e6d70	102e6be0	direct
102e6d70	10430923	direct
102e7060	10137220	direct
102e7270	10142aa0	direct
102e7270	1026e940	direct
102e7270	102e3290	direct
102e7270	102e7e20	direct
102e7270	102e7e40	direct
102e7880	10142aa0	direct
102e7880	1026e940	direct
102e7880	102e3290	direct
102e7ba0	102e7880	direct
102e7ba0	102e7e00	direct
102e8270	1008dd30	direct
102e8270	102517e0	direct
102e8270	10271ff0	direct
102e8270	102e8250	direct
102e8270	1032e7b0	direct
102e83e0	10269aa0	direct
102e84a0	102ee250	direct
102e84a0	102ee3f0	direct
102e8560	100920d0	direct
102e8560	100991b0	direct
102e8560	10099540	slot-candidate
102e8560	100ab4f0	direct
102e8560	100b31b0	virtual
102e8560	101a67e0	slot-candidate
102e8560	10269a20	direct
102e8560	10269b30	direct
102e8560	1026dc80	slot-candidate
102e8560	1026e340	direct
102e8560	10271ff0	direct
102e8560	102743c0	slot-candidate
102e8560	10279a50	direct
102e8560	10279bb0	direct
102e8560	102e83e0	direct
102e8560	102e84a0	direct
102e8560	102ee140	direct
102e8560	102ee6a0	direct
102e8560	10327ec0	slot-candidate
102e8560	1032a910	direct
102e8560	1032e7b0	direct
102e8560	103766d0	slot-candidate
102e8560	10431320	direct
102e8aa0	101cf250	direct
102e8ac0	101cf2f0	direct
102ea020	10249c70	direct
102eca50	1030bec0	direct
102eca50	104312d5	direct
102ecb20	102ecb90	direct
102ecb20	10430964	direct
102ecb90	1030bf50	direct
102ecb90	10430964	direct
102ecc40	102729d0	direct
102ecc40	102ee620	direct
102eccc0	10273ec0	direct
102ecd20	100290c0	direct
102ecd20	100a0ae0	direct
102ecd20	100b12e0	slot-candidate
102ecd20	102d61b0	direct
102ecd20	102e0b40	direct
102ecd20	102e2020	direct
102ecd20	102ecc00	direct
102ecd20	102ee250	direct
102ecd20	102ee9c0	direct
102ecd20	102f13d0	direct
102ecd20	102f1dc0	direct
102ecd20	102f28a0	direct
102ecd20	102f3c10	direct
102ecd20	102f41b0	direct
102ecd20	102fd240	direct
102ecd20	1030b4d0	direct
102ecd20	1030b550	direct
102ecd20	1030b5b0	direct
102ecd20	1030b8e0	direct
102ecd20	1030b950	direct
102ecd20	1030ba30	direct
102ecd20	1030ba50	direct
102ecd20	1030be20	direct
102ed310	100b12e0	slot-candidate
102ed310	102f1dc0	direct
102ed430	1000f89e	direct
102ed430	100b12e0	slot-candidate
102ed430	102ecc00	direct
102ed430	102f3c10	direct
102ed430	102ff3e0	direct
102ed430	1030b4d0	direct
102ed430	1030b8e0	direct
102ed430	1030ba50	direct
102ed540	101d2f40	direct
102ed540	102ed610	direct
102ed540	102ed940	direct
102ed610	102e6d70	direct
102ed610	102ecd20	direct
102ed940	102ecc00	direct
102ed940	102ed430	direct
102ed9c0	102ecc00	direct
102ed9c0	102ee9c0	direct
102ed9c0	10302e50	direct
102edaa0	102ed9c0	direct
102edae0	102ecc00	direct
102edae0	102ee9c0	direct
102edae0	103008f0	direct
102edbb0	102ecc00	direct
102edbb0	102ee9c0	direct
102edbb0	10301010	direct
102edc80	102ecc00	direct
102edc80	102ee9c0	direct
102edc80	10301720	direct
102edd50	102ecc00	direct
102edd50	102ee9c0	direct
102edd50	10302320	direct
102ee140	1000f89e	direct
102ee1e0	102f1dc0	direct
102ee220	102f1dc0	direct
102ee220	1030b950	direct
102ee270	102f28a0	direct
102ee2a0	1030be80	direct
102ee2c0	1030bea0	direct
102ee300	102ecc00	direct
102ee300	10300140	direct
102ee380	102ecc00	direct
102ee380	102fdcc0	direct
102ee410	1030b550	direct
102ee510	1030b520	direct
102ee530	1030b5e0	direct
102ee550	10139550	direct
102ee550	1030b5e0	direct
102ee5e0	10012805	direct
102ee620	100113d8	direct
102ee640	1030bc40	direct
102ee660	1030bd50	direct
102ee680	100113d8	direct
102ee6d0	10137220	direct
102ee6d0	10146150	direct
102ee6d0	10146190	direct
102ee6d0	102ee940	direct
102ee940	101371d0	direct
102ee9c0	102fb0d0	direct
102eea70	102eeb70	direct
102eea90	102eccc0	direct
102eea90	102eeb70	direct
102eeac0	102eeb70	direct
102eeae0	10272650	direct
102eeae0	1027a6c0	direct
102eeae0	102eeb70	direct
102eeb50	102eeae0	virtual
102eeb70	102ddc40	direct
102eebc0	10012805	direct
102eebc0	102ee140	direct
102eebc0	102ee3f0	direct
102eebc0	102eeba0	direct
102eebc0	102f0400	direct
102eebc0	1030b880	direct
102eebc0	1030bc00	direct
102eece0	10012805	direct
102eece0	100b3700	direct
102eece0	102e6d70	direct
102eece0	102ecc40	direct
102eece0	102ee660	direct
102eece0	102eea90	virtual
102eece0	102eeba0	direct
102eece0	102f0400	direct
102eee40	10012805	direct
102eee40	10137220	direct
102eee40	102e12c0	direct
102eee40	102e5d00	direct
102eee40	102ecc40	direct
102eee40	1030bd50	direct
102ef510	101371d0	direct
102ef510	10146150	direct
102ef510	102ee660	direct
102ef510	102eea90	virtual
102ef510	102f0400	direct
102ef870	10270290	direct
102ef870	102e23a0	direct
102efaa0	101371d0	direct
102efaa0	102ee3f0	direct
102efaa0	102efd50	direct
102efd50	102eeba0	direct
102efd50	102f13d0	direct
102efd50	1030bc00	direct
102eff40	100113d8	direct
102eff40	10280a20	direct
102eff40	102ecc00	direct
102eff40	102ee2e0	direct
102eff40	102eeae0	virtual
102eff40	102eeba0	direct
102eff40	102eebc0	virtual
102eff40	102eece0	virtual
102eff40	102efaa0	virtual
102eff40	102f1fa0	direct
102eff40	1030bc00	direct
102f0400	100290c0	direct
102f0400	1002ca10	direct
102f0400	100ab4f0	direct
102f0400	1027f550	direct
102f0400	10298800	direct
102f0400	102a0bc0	direct
102f0400	102f05b0	direct
102f0400	102f2330	direct
102f0400	1030ba90	direct
102f0400	1030bd50	direct
102f05d0	10137220	direct
102f06e0	100290c0	direct
102f06e0	1003ff80	direct
102f06e0	1004f7a0	direct
102f06e0	1004f860	direct
102f06e0	1005f190	direct
102f06e0	100eec70	direct
102f06e0	101371d0	direct
102f06e0	10146570	direct
102f06e0	101d3190	direct
102f06e0	1027de00	direct
102f06e0	102e6d70	direct
102f0ab0	101371d0	direct
102f0ab0	10137220	direct
102f0ab0	10146150	direct
102f0ab0	10146190	direct
102f0ab0	102ee940	direct
102f0ab0	102f05d0	direct
102f0ab0	102f06e0	direct
102f0ab0	102f09a0	direct
102f0e00	102f0ab0	direct
102f0e00	102f1cf0	direct
102f0e80	101371d0	direct
102f0e80	1013dce0	direct
102f0e80	102f05d0	direct
102f0e80	102f06e0	direct
102f0e80	102f0e00	direct
102f0e80	1030b4d0	direct
102f0fe0	10137220	direct
102f0fe0	1013dce0	direct
102f0fe0	10146150	direct
102f0fe0	102ecc00	direct
102f0fe0	10304130	direct
102f0fe0	1030b4d0	direct
102f0fe0	1031a050	direct
102f0fe0	1031a0e0	direct
102f13a0	102f0e00	direct
102f13d0	1027d990	direct
102f13d0	102f0e80	direct
102f13d0	102f0fe0	direct
102f13d0	102f13a0	direct
102f1860	101371d0	direct
102f1900	102e7270	direct
102f1900	102f1a20	direct
102f1900	102fb0d0	direct
102f1a20	10146570	direct
102f1a20	101d3190	direct
102f1a20	102d6100	direct
102f1a20	102d6120	direct
102f1cf0	10012805	direct
102f1cf0	101371d0	direct
102f1dc0	1028a150	direct
102f1dc0	102ecc00	direct
102f1dc0	102f2330	direct
102f1dc0	10319ee0	direct
102f1fa0	102f9400	direct
102f2060	100290c0	direct
102f2060	101371d0	direct
102f2060	1013cb80	direct
102f2060	102d61b0	direct
102f2060	102ecc00	direct
102f2060	10304130	direct
102f2060	10304e00	direct
102f2060	1030b4d0	direct
102f2060	1030ba30	direct
102f2060	1030ba90	direct
102f2060	10319ee0	direct
102f2330	100113d8	direct
102f2330	100290c0	direct
102f2330	1003e4b0	direct
102f2330	100a0ae0	direct
102f2330	1013dc60	direct
102f2330	102dfed0	direct
102f2330	102ecd00	direct
102f2330	102f2060	direct
102f2330	1030b4d0	direct
102f2330	1030b8a0	direct
102f2330	1030b950	direct
102f2330	10319df0	direct
102f2330	10319ee0	direct
102f28a0	1030bb30	direct
102f28e0	101371d0	direct
102f28e0	10137220	direct
102f28e0	10142aa0	direct
102f28e0	10142e90	direct
102f28e0	10143b70	direct
102f28e0	102ee140	direct
102f28e0	102ee1a0	direct
102f28e0	102f2d10	direct
102f28e0	102f2de0	direct
102f28e0	102f2fc0	direct
102f28e0	10431320	direct
102f2ea0	102ee140	direct
102f2ea0	102f2fc0	direct
102f32f0	102f8f50	direct
102f32f0	102f9000	direct
102f32f0	102f9040	direct
102f32f0	102f9090	direct
102f32f0	102f90e0	direct
102f32f0	102f91b0	direct
102f3900	102f39a0	direct
102f39a0	1009f4e0	direct
102f39a0	10142e90	direct
102f39a0	10143d80	direct
102f39a0	10146570	direct
102f39a0	102f37d0	direct
102f3c10	1027db30	direct
102f3c10	102f1900	direct
102f3c10	102f32f0	direct
102f3c10	102f3900	direct
102f3c10	102f4520	direct
102f3c10	102f45f0	direct
102f3c10	102f8f10	direct
102f3c10	102f9000	direct
102f3c10	102f9040	direct
102f3c10	102f9090	direct
102f3c10	102f91b0	direct
102f3c10	102fb0d0	direct
102f3c10	104312f0	direct
102f41b0	102f32f0	direct
102f41b0	102f3770	direct
102f41b0	102f39a0	direct
102f41b0	102f4520	direct
102f41b0	102f45f0	direct
102f41b0	102f8ef0	direct
102f41b0	102f8fc0	direct
102f41b0	102f9000	direct
102f41b0	102f9090	direct
102f41b0	102f91b0	direct
102f41b0	104312f0	direct
102f4520	101371d0	direct
102f46d0	102fb0d0	direct
102f9000	10430fa0	direct
102f90e0	10430fa0	direct
102f9400	102dda40	direct
102f96e0	102dda40	direct
102f99d0	1004f7a0	direct
102f99d0	1005f190	direct
102f99d0	100b3700	direct
102f99d0	10146570	direct
102f99d0	101d3190	direct
102f9c70	102f99d0	direct
102fb0d0	100a19c0	direct
102fb0d0	102d6180	direct
102fc910	100bf5b0	direct
102fcab0	102dda40	direct
102fcab0	102fca40	direct
102fcbd0	1013dc60	direct
102fcbd0	102fb0d0	direct
102fcbd0	102fcab0	direct
102fcbd0	10319df0	direct
102fce80	102fb0d0	direct
102fce80	10304a40	direct
102fcfe0	10137220	direct
102fcfe0	10142aa0	direct
102fcfe0	10142e90	direct
102fcfe0	102d6100	direct
102fcfe0	102d6120	direct
102fcfe0	102fb0d0	direct
102fd240	100bf6a0	direct
102fd240	101371d0	direct
102fd240	102dda40	direct
102fd240	102f1860	direct
102fd240	102f3270	direct
102fd240	102fb0d0	direct
102fd240	102fc910	direct
102fd240	102fcbd0	direct
102fd240	102fcfe0	direct
102fd240	102ff960	direct
102fd240	104312f0	direct
102fdcc0	100335e0	direct
102fdcc0	102f3c10	direct
102fdcc0	102fe150	direct
102fdcc0	103005f0	direct
102fdcc0	103007e0	direct
102fdcc0	1031a050	direct
102fe150	100bf6a0	direct
102fe150	10143b70	direct
102fe150	10182160	direct
102fe150	102dda40	direct
102fe150	102f3270	direct
102fe150	102fb0d0	direct
102fe150	102fe9a0	direct
102fe150	102ff960	direct
102fe150	10307890	direct
102fe150	104312f0	direct
102fe9a0	100bf5b0	direct
102fe9f0	100bf6a0	direct
102fe9f0	101371d0	direct
102fe9f0	102dda40	direct
102fe9f0	102f1860	direct
102fe9f0	102f3270	direct
102fe9f0	102fb0d0	direct
102fe9f0	102fcbd0	direct
102fe9f0	102fcd00	direct
102fe9f0	102fe9a0	direct
102fe9f0	102ff960	direct
102fe9f0	10307890	direct
102fe9f0	104312f0	direct
102ff3e0	100bf6a0	direct
102ff3e0	101371d0	direct
102ff3e0	10137220	direct
102ff3e0	102dda40	direct
102ff3e0	102f9750	direct
102ff3e0	102f9780	direct
102ff3e0	102fcbd0	direct
102ff3e0	102fe9a0	direct
102ff3e0	102ff960	direct
102ff3e0	10307890	direct
102ff3e0	104312f0	direct
102ff960	1027db30	direct
102ff960	1027de00	direct
102ff960	102dda40	direct
102ff960	102fb0d0	direct
102ff960	102fce80	direct
102ffbd0	1013dc60	direct
102ffbd0	102fb0d0	direct
102ffbd0	10319df0	direct
10300010	10137220	direct
10300140	100bf6a0	direct
10300140	101371d0	direct
10300140	102dda40	direct
10300140	102f1860	direct
10300140	102f3c10	direct
10300140	102fb0d0	direct
10300140	102fe9a0	direct
10300140	102ff960	direct
10300140	10300010	direct
10300140	103000a0	direct
10300140	10307890	direct
103005f0	102fb0d0	direct
103005f0	102ffbd0	direct
103005f0	10300700	direct
103005f0	10304130	direct
10300700	1027d990	direct
103007e0	102fb0d0	direct
103007e0	102ffbd0	direct
103007e0	10300700	direct
103007e0	10304130	direct
103008f0	1009f200	direct
103008f0	100bf5b0	direct
103008f0	100bf6a0	direct
103008f0	102f3c10	direct
103008f0	102fb0d0	direct
103008f0	10300b50	direct
10300b50	102a0ed0	direct
10300b50	102dda40	direct
10300b50	102fb0d0	direct
10300b50	102ff960	direct
10301010	1009f200	direct
10301010	100bf6a0	direct
10301010	101371d0	direct
10301010	102dda40	direct
10301010	102f3270	direct
10301010	102f3c10	direct
10301010	102fb0d0	direct
10301010	102fe9a0	direct
10301010	102ff960	direct
10301010	10300e60	direct
10301010	10307890	direct
10301010	104312f0	direct
10301720	1002c920	direct
10301720	1003ff80	direct
10301720	1009f200	direct
10301720	100bf6a0	direct
10301720	1011e060	direct
10301720	10146190	direct
10301720	101ccd70	direct
10301720	102d1350	direct
10301720	102d1450	direct
10301720	102dda40	direct
10301720	102f3c10	direct
10301720	102f8f10	direct
10301720	102f9000	direct
10301720	102f9090	direct
10301720	102f90e0	direct
10301720	102fb0d0	direct
10301720	102fc910	direct
10301720	103021b0	direct
10301720	103078d0	direct
10301720	104312f0	direct
103021b0	10146570	direct
10302320	1002c920	direct
10302320	1009f200	direct
10302320	100b3070	virtual
10302320	100bf6a0	direct
10302320	1011e060	direct
10302320	10137220	direct
10302320	10146190	direct
10302320	101ccd70	direct
10302320	102d1350	direct
10302320	102d1450	direct
10302320	102dda40	direct
10302320	102f3c10	direct
10302320	102f8f10	direct
10302320	102f9000	direct
10302320	102f9090	direct
10302320	102f90e0	direct
10302320	102fb0d0	direct
10302320	102fc910	direct
10302320	103021b0	direct
10302320	103078d0	direct
10302320	104312f0	direct
10302e50	1009f200	direct
10302e50	100bf6a0	direct
10302e50	10146150	direct
10302e50	1026ff00	direct
10302e50	102d1350	direct
10302e50	102d14c0	direct
10302e50	102dda40	direct
10302e50	102f3c10	direct
10302e50	102f8f10	direct
10302e50	102f9000	direct
10302e50	102f9040	direct
10302e50	102f9090	direct
10302e50	102f90e0	direct
10302e50	102f91b0	direct
10302e50	102fb0d0	direct
10302e50	102fc910	direct
10302e50	104312f0	direct
10303740	1013dc60	direct
10303740	102e6d70	direct
10303740	10319df0	direct
10303850	101371d0	direct
10303850	1013dc60	direct
10303850	10146150	direct
10303850	10146190	direct
10303850	102e6d70	direct
10303850	102ee940	direct
10303850	10303fd0	direct
10303850	10304020	direct
10303850	10319df0	direct
10303c90	10303740	direct
10303cd0	10303740	direct
10303d10	10303850	direct
10303f80	10303850	direct
10304020	1013dc60	direct
10304020	103059d0	direct
10304020	10319df0	direct
10304130	10303c90	direct
10304130	10303cd0	direct
10304130	10303d10	direct
10304130	10303f80	direct
103048d0	101371d0	direct
103048d0	102e6d70	direct
103048d0	103059d0	direct
10304a40	102e6d70	direct
10304a40	103048d0	direct
10304e00	100335e0	direct
10304e00	102f3c10	direct
10304e00	102f48b0	direct
10304e00	102fd240	direct
10304e00	102fe9f0	direct
10304e00	103005f0	direct
10304e00	103007e0	direct
10304e00	103055b0	direct
10304e00	1031a050	direct
10304e00	1031a0e0	direct
103055b0	10300140	direct
103055b0	10304e00	direct
103059d0	10137220	direct
103059d0	10139500	direct
103059d0	102d6180	direct
103059d0	102d61e0	direct
103059d0	102e6d70	direct
103059d0	103058c0	direct
103059d0	10306550	direct
103061e0	10306200	direct
10306200	10142e90	direct
10306200	10306520	direct
10306700	1009f200	direct
10306700	100bf6a0	direct
10306700	101371d0	direct
10306700	10137220	direct
10306700	1029f460	direct
10306700	102dda40	direct
10306700	102f3c10	direct
10306700	102f8f10	direct
10306700	102f9000	direct
10306700	102f9090	direct
10306700	102f90e0	direct
10306700	102f91b0	direct
10306700	102fb0d0	direct
10306700	102fc910	direct
10306700	102ff960	direct
10306700	104312f0	direct
10306f60	1009f200	direct
10306f60	100bf6a0	direct
10306f60	10137220	direct
10306f60	10146150	direct
10306f60	1029f460	direct
10306f60	102dda40	direct
10306f60	102f3c10	direct
10306f60	102f8ef0	direct
10306f60	102f8f10	direct
10306f60	102f9000	direct
10306f60	102f9090	direct
10306f60	102f90e0	direct
10306f60	102f91b0	direct
10306f60	102fb0d0	direct
10306f60	102fc910	direct
10306f60	102ff960	direct
10306f60	104312f0	direct
10307b60	10307c20	direct
10307b80	10307c20	direct
1030b4d0	1030b8a0	direct
1030b4d0	10319fe0	direct
1030b4d0	1031a000	direct
1030b520	1031a000	direct
1030b550	1031a000	direct
1030b5b0	1031a000	direct
1030b8e0	1030b900	direct
1030ba90	1013dce0	direct
1030ba90	1030b4d0	direct
1030ba90	1030bd50	direct
1030bb30	10319ee0	direct
1030bf50	1031a050	direct
1030f300	102ea020	direct
1030f350	1043e780	direct
1030f7b0	1009d850	direct
1030f7b0	100b5190	direct
1030f7b0	101371d0	direct
1030f7b0	102703f0	direct
1030f940	101bb0f0	direct
1030f940	101bb150	direct
1030f940	1030f7b0	direct
1030fb10	1030fc90	direct
1030fb10	1030fd20	direct
1030fe70	103109a0	direct
1030ff10	1030fff0	direct
1030ff10	10310130	direct
1030ff10	10310290	direct
1030ffa0	1030fa00	direct
1030ffa0	1030faa0	direct
1030ffa0	1030fb90	direct
1030ffa0	1030fc50	direct
1030fff0	101cd9e0	direct
1030fff0	1030fe50	direct
1030fff0	1030fe70	direct
1030fff0	1030ffa0	direct
10310130	102652d0	direct
10310130	102652f0	direct
10310130	1030fe50	direct
10310130	1030fe70	direct
10310130	1030ffa0	direct
10310290	101cca80	direct
10310290	1030fe50	direct
10310290	1030fe70	direct
10310290	1030ffa0	direct
10310440	101bb150	direct
10310480	101bb150	direct
103104f0	101b9920	direct
103104f0	101b99a0	direct
103104f0	10310440	direct
103104f0	10310480	direct
103105d0	10310440	direct
103105d0	10310480	direct
10310710	1030f940	direct
10310710	1030ff10	direct
10310710	10431320	direct
10310bc0	100f7770	direct
10310cf0	10310bc0	direct
103118e0	10313430	direct
10311c10	1002cca0	direct
10311c10	1019ce00	direct
10311c10	1019d280	direct
10311c10	1019d4b0	direct
10311c10	101b14d0	direct
10311c10	10311b90	direct
10311c10	10311ee0	direct
10311c10	10311f50	direct
10311c10	10312340	direct
10311c10	103126e0	direct
10311c10	10432740	direct
10311ee0	103121a0	direct
10311f50	1002cbd0	direct
10311f50	10032b00	direct
10311f50	1019ce00	direct
10311f50	1019d280	direct
10311f50	1019d4b0	direct
10311f50	101aeb60	direct
10311f50	101af070	direct
10311f50	10311b90	direct
10311f50	103121a0	direct
10311f50	10312aa0	direct
10311f50	10312c20	direct
10312340	103118e0	direct
103126e0	103134b0	direct
103126e0	10313620	direct
103126e0	10313aa0	direct
10312aa0	10312b20	direct
10312c80	1027c820	direct
10312cd0	101a7880	slot-candidate
10312cd0	101a9080	slot-candidate
10312cd0	101a9790	slot-candidate
10312cd0	1027cae0	direct
10312cd0	1028d860	slot-candidate
10312cd0	10312b20	direct
10312cd0	10312d40	slot-candidate
10312d40	10311490	direct
10312d40	10312f70	direct
10312d40	104312d5	direct
10312ef0	101a6b20	slot-candidate
10312ef0	10260da0	slot-candidate
10312ef0	10311f50	direct
10313620	10313aa0	direct
10313620	10314000	direct
10313620	10315170	direct
10313620	103153a0	direct
10315170	10313aa0	direct
103153a0	10313aa0	direct
10315790	1043e780	direct
10315800	10315790	direct
10315800	103164c0	direct
10315800	104312d5	direct
103158f0	10316760	direct
10315a80	101371d0	direct
103161a0	10269a20	direct
103161a0	10269aa0	direct
103161a0	10279a50	direct
103164c0	100bf5b0	direct
103164c0	102e06f0	direct
103164c0	103165f0	direct
10319ee0	1031a050	direct
10319f30	10319fe0	direct
10319f30	1031a0e0	direct
1031a050	1013dce0	direct
1031a0e0	1013dce0	direct
103222c0	10098a90	direct
103222c0	1009b700	direct
103222c0	1009b8a0	direct
103222c0	1009b980	direct
103222c0	1009ba60	direct
103222c0	1009bc30	direct
103222c0	1009be00	direct
103222c0	1009c000	direct
103222c0	1009c2d0	direct
103222c0	1009c390	direct
103222c0	1009c4c0	direct
103222c0	1009c850	direct
103229d0	10099690	virtual
103229d0	100b3280	virtual
10322b40	10027040	virtual
10322b40	10027160	virtual
10322b40	10053e20	virtual
10322b40	1006c9d0	direct
10322b40	1006caa0	direct
10322b40	1006cf30	direct
10322b40	1006cff0	direct
10322b40	100a9c90	virtual
10322b40	100ab4f0	direct
10322b40	100b3070	virtual
10322b40	101371d0	direct
10322b40	101cdba0	direct
10322b40	101e34c0	direct
10322b40	101e3ff0	direct
10322b40	10200610	direct
10322b40	102012d0	direct
10322b40	10323930	direct
10322b40	10333340	virtual
10322b40	10430923	direct
10322b40	10430fa0	direct
10322b40	10431320	direct
103232b0	10053fa0	virtual
103232b0	10431320	direct
10323370	10027470	virtual
10323370	101e4a00	direct
10323370	10430fa0	direct
103234a0	10027470	virtual
103234a0	100290c0	direct
103234a0	10430fa0	direct
10323630	10027470	virtual
10323630	101e4a00	direct
10323630	10430fa0	direct
10323770	10027470	virtual
10323770	100290c0	direct
10323770	10430fa0	direct
10323930	10323a70	direct
103239a0	10230880	direct
103239a0	10323a70	direct
10323a90	1008c0a0	direct
10323a90	103239a0	direct
10323b60	1008df10	direct
10323b60	10200610	direct
10323b60	102012d0	direct
10323b60	10323370	direct
10323b60	10430923	direct
10323cc0	101193b0	direct
10323cc0	10206300	direct
10323cc0	10206400	direct
10323cc0	1021fe50	direct
10323cc0	10258620	direct
10323cc0	1032d890	direct
10323cc0	10335950	direct
10323cc0	10430923	direct
10323cc0	1043e780	direct
10324080	10206400	direct
10324080	10430923	direct
10324080	1043e780	direct
103246d0	100521e0	direct
103246d0	10054060	virtual
103246d0	100ab4f0	direct
103246d0	100b5b40	virtual
103246d0	10106050	direct
103246d0	10139970	direct
103246d0	10143710	direct
103246d0	10143d80	direct
103246d0	101cee20	direct
103246d0	10200610	direct
103246d0	102012d0	direct
103246d0	10322b40	virtual
103246d0	10324ea0	direct
103246d0	10325580	virtual
103246d0	10325620	direct
103246d0	10330220	direct
103246d0	10331da0	direct
103246d0	10337f30	direct
103246d0	10346cd0	virtual
103246d0	10430923	direct
10324ad0	10337f30	direct
10324ba0	10324ad0	direct
10324ba0	10324c80	direct
10324c80	101e90f0	direct
10324c80	101e9470	direct
10324c80	10200610	direct
10324c80	102012d0	direct
10324c80	10430923	direct
10324ea0	101e9170	direct
10324ea0	10200610	direct
10324ea0	102012d0	direct
10324ea0	10324ad0	direct
10324ea0	10324c80	direct
10324ea0	1033c340	direct
10324ea0	10430923	direct
103251c0	1008dc40	direct
103251c0	10200610	direct
103251c0	102012d0	direct
103251c0	10430923	direct
10325300	1008de20	direct
10325300	10200610	direct
10325300	102012d0	direct
10325300	10430923	direct
10325440	1008dd30	direct
10325440	10200610	direct
10325440	102012d0	direct
10325440	10430923	direct
10325620	100290c0	direct
10325620	100b5b00	virtual
10325620	10325da0	direct
10325620	10331da0	direct
10325da0	10137220	direct
10325da0	10331da0	direct
10325fa0	100a7a80	virtual
10326040	100aad70	virtual
10326040	100b2e30	direct
10326040	100b2f50	direct
10326040	102695d0	direct
103261f0	100b4b40	virtual
103261f0	10137220	direct
103261f0	1014f970	virtual
103264d0	100b4b40	virtual
103264d0	10137220	direct
103264d0	1014f9a0	virtual
10326750	103261f0	direct
10326750	103264d0	direct
103268e0	103261f0	direct
103268e0	103264d0	direct
10326a20	103268e0	direct
10326bd0	100b31b0	slot-candidate
10326bd0	100b31b0	virtual
10326bd0	10137220	direct
10326bd0	1025f040	slot-candidate
10326bd0	1026b210	slot-candidate
10326bd0	1026b210	virtual
10327790	10052030	direct
10327790	100a47d0	direct
10327790	100a9c90	virtual
10327790	101cd940	direct
10327790	103234a0	direct
10327790	10323770	direct
10327790	1032e8b0	direct
10327790	10430964	direct
10327a90	10027160	virtual
10327a90	100a9ab0	direct
10327a90	100ad460	virtual
10327a90	100b1d10	direct
10327a90	100b2f50	direct
10327a90	100b31b0	virtual
10327a90	100b3280	virtual
10327a90	10129dc0	direct
10327a90	1012a6e0	direct
10327a90	1018f690	direct
10327a90	1018f700	direct
10327a90	101d4f20	direct
10327a90	101d5e80	direct
10327a90	10325f00	virtual
10327a90	10325fa0	virtual
10327a90	10337860	direct
10327a90	10337e40	direct
10328030	10328380	direct
10328030	104126a0	direct
103281b0	10026a50	virtual
103281b0	10092550	direct
103281b0	100926e0	direct
103281b0	100976e0	direct
103281b0	100b2be0	virtual
103282e0	10336920	direct
10328380	103282e0	direct
10329560	100ab4f0	direct
10329560	10175400	direct
10329560	103221b0	direct
10329560	10329a70	virtual
10329560	10431c2f	direct
10329760	10026a50	virtual
10329760	100976e0	direct
10329760	100aac30	virtual
10329760	100aad70	virtual
10329760	100ab4f0	direct
10329760	100b3070	virtual
10329760	101cf5c0	direct
10329760	101d5f10	direct
10329760	103221b0	direct
10329760	1032e7b0	direct
10329760	10431c2f	direct
10329a70	10026a50	virtual
10329a70	100290c0	direct
10329a70	1004f7a0	direct
10329a70	1005f190	direct
10329a70	1006dec0	direct
10329a70	100903e0	direct
10329a70	10092550	direct
10329a70	100926e0	direct
10329a70	100976e0	direct
10329a70	100aac30	virtual
10329a70	100aad70	virtual
10329a70	100ab4f0	direct
10329a70	100b2be0	virtual
10329a70	100b3070	virtual
10329a70	100b4dc0	virtual
10329a70	10146570	direct
10329a70	10161ed0	direct
10329a70	10161f10	direct
10329a70	101cf5c0	direct
10329a70	101d3190	direct
10329a70	103221b0	direct
10329a70	1032e7b0	direct
10329a70	10348d00	direct
10329a70	10431c2f	direct
1032af40	1009d2a0	virtual
1032af40	100b3b00	direct
1032af40	100dc580	direct
1032af40	10325f00	virtual
1032af40	10325fa0	virtual
1032af40	10326040	virtual
1032af40	10327a90	virtual
1032b290	100b1960	virtual
1032b290	100b3070	virtual
1032b290	100b3280	virtual
1032b290	10137220	direct
1032b290	10139610	direct
1032b290	101faa70	direct
1032b290	10200610	direct
1032b290	102012d0	direct
1032b290	10251790	direct
1032b290	1032b960	direct
1032b290	1032e7b0	direct
1032b290	10430923	direct
1032b960	10430923	direct
1032b9b0	100290c0	direct
1032b9b0	10052030	direct
1032b9b0	100a9c90	virtual
1032b9b0	100b1d10	direct
1032b9b0	100b2e30	direct
1032b9b0	101371d0	direct
1032b9b0	10137220	direct
1032b9b0	101c2ab0	direct
1032b9b0	101c2af0	direct
1032b9b0	103234a0	direct
1032b9b0	10323770	direct
1032b9b0	1032b290	direct
1032b9b0	1032c0e0	virtual
1032be80	1008c0a0	virtual
1032be80	10097310	direct
1032be80	1009d1e0	direct
1032be80	100a9470	direct
1032be80	100a9ab0	direct
1032be80	100b31b0	virtual
1032be80	100b3280	virtual
1032be80	100dc480	direct
1032be80	100dc580	direct
1032be80	102ca6c0	direct
1032c0e0	1002cbd0	direct
1032c0e0	1004fc50	virtual
1032c0e0	10090180	direct
1032c0e0	10092550	direct
1032c0e0	100952d0	direct
1032c0e0	1009d1e0	direct
1032c0e0	1009d2a0	virtual
1032c0e0	100a9eb0	virtual
1032c0e0	100ac4e0	direct
1032c0e0	100b4790	direct
1032c0e0	1010e530	direct
1032c0e0	101371d0	direct
1032c0e0	1019ce00	direct
1032c0e0	1019cf50	direct
1032c0e0	1019d280	direct
1032c0e0	1019d4b0	direct
1032c0e0	101c2a30	direct
1032c0e0	101cd940	direct
1032c0e0	10207df0	direct
1032c0e0	10265a90	direct
1032c0e0	1032be80	direct
1032c0e0	1033c900	direct
1032c0e0	103408e0	virtual
1032c580	1032e890	direct
1032c580	1032e8b0	direct
1032c580	103f9160	direct
1032c580	1043e780	direct
1032cbe0	10252470	direct
1032cbe0	10255cf0	direct
1032cbe0	10323c20	virtual
1032cbe0	1032e8b0	direct
1032cbe0	1032e9f0	direct
1032ce40	100b3700	direct
1032ce40	100b5190	direct
1032ce40	102517b0	direct
1032ce40	102577e0	direct
1032ce40	1032cbe0	direct
1032ce40	1032e7b0	direct
1032ce40	10335470	direct
1032d0c0	100b3700	direct
1032d0c0	102577e0	direct
1032d0c0	10258620	direct
1032d0c0	1032cbe0	direct
1032d0c0	1032ce40	slot-candidate
1032d0c0	1032ce40	virtual
1032d0c0	1032e120	direct
1032d0c0	1032e7b0	direct
1032d0c0	10335470	direct
1032d2e0	1032ce40	virtual
1032d380	10256280	direct
1032d380	10334e70	direct
1032d380	10335de0	direct
1032d6e0	1032e8b0	direct
1032d6e0	10334180	virtual
1032d6e0	1043e780	direct
1032d890	1032e8b0	direct
1032d890	1043e780	direct
1032d9b0	1008dd30	direct
1032d9b0	10328110	virtual
1032db60	100290c0	direct
1032db60	101681a0	direct
1032db60	101cebc0	direct
1032db60	1023bd00	direct
1032db60	102585c0	direct
1032db60	1043e780	direct
1032dde0	102517b0	direct
1032dde0	10256280	direct
1032dde0	1032db60	direct
1032dde0	1032e7b0	direct
1032dde0	10335de0	direct
1032dde0	10335ea0	direct
1032dde0	10341510	direct
1032e120	100a99d0	direct
1032e120	100b3070	virtual
1032e120	100b3110	virtual
1032e120	1043e780	direct
1032e330	10091da0	direct
1032e330	10190e50	direct
1032e330	101cd940	direct
1032e330	101d3730	direct
1032e330	101e3e70	direct
1032e330	10203ed0	direct
1032e330	1032e210	direct
1032e330	10336920	direct
1032e330	10339d90	virtual
1032e330	1033a9e0	virtual
1032ebc0	100a0d20	direct
1032ec90	1002cbd0	direct
1032ec90	10032b00	direct
1032ec90	100926e0	direct
1032ec90	100952d0	direct
1032ec90	100a9eb0	virtual
1032ec90	100fb1f0	direct
1032ec90	100fbaf0	direct
1032ec90	100fbc90	direct
1032ec90	1019ce00	direct
1032ec90	1019cf50	direct
1032ec90	1019d280	direct
1032ec90	1019d4b0	direct
1032ef60	1014fa30	virtual
1032ef60	101e3cf0	direct
1032ef60	101faa70	direct
1032ef60	10200610	direct
1032ef60	102012d0	direct
1032ef60	10323930	direct
1032ef60	10324ba0	direct
1032ef60	1032af40	virtual
1032ef60	1032b9b0	virtual
1032ef60	1032bdf0	virtual
1032ef60	1032e7b0	direct
1032ef60	1032ec90	direct
1032ef60	103302e0	virtual
1032ef60	103315e0	virtual
1032ef60	10331680	virtual
1032ef60	10430923	direct
1032f550	100952d0	direct
1032f550	100fb1f0	direct
1032f550	100fbc90	direct
1032f770	100952d0	direct
1032f770	100fbac0	direct
1032f770	100fbb40	direct
1032f770	1032f550	direct
1032fb80	10092270	direct
1032fc50	10091fe0	direct
1032fc50	100952d0	direct
1032fc50	100c73b0	direct
1032fc50	10432449	direct
1032fe60	10200610	direct
1032fe60	102012d0	direct
1032fe60	10430923	direct
10330020	101e11c0	direct
10330020	101e1250	direct
103300c0	10200610	direct
103300c0	102012d0	direct
103300c0	10337f30	direct
103300c0	10430923	direct
10330220	10200610	direct
10330220	102012d0	direct
10330220	10337f30	direct
10330220	1033c900	direct
10330220	10430923	direct
103302e0	10027160	virtual
103302e0	10090890	direct
103302e0	100a9eb0	virtual
103302e0	10116970	direct
103302e0	10137220	direct
103302e0	1019d4b0	direct
103302e0	101a5290	direct
103302e0	101c29b0	direct
103302e0	101c2b30	direct
103302e0	101cebc0	direct
103302e0	101e3c10	direct
103302e0	101e8dc0	direct
103302e0	101e8de0	direct
103302e0	101e8e60	direct
103302e0	101faa70	direct
103302e0	101fb200	direct
103302e0	10200370	direct
103302e0	10200610	direct
103302e0	102008e0	direct
103302e0	10200fc0	direct
103302e0	10201100	direct
103302e0	102012d0	direct
103302e0	1023e4b0	direct
103302e0	1032fe60	virtual
103302e0	103300c0	direct
103302e0	10330220	direct
103302e0	10330d00	virtual
103302e0	10337f30	direct
103302e0	1033b7c0	direct
103302e0	1033b890	virtual
103302e0	1033eb60	direct
103302e0	10430923	direct
103302e0	10431320	direct
10330d00	10027060	virtual
10330d00	10027160	virtual
10330d00	1002cbd0	direct
10330d00	10032b00	direct
10330d00	10092550	direct
10330d00	100952d0	direct
10330d00	10097000	direct
10330d00	10137220	direct
10330d00	1019ce00	direct
10330d00	1019d210	direct
10330d00	1019d280	direct
10330d00	101a5290	direct
10330d00	101c2690	direct
10330d00	101c29b0	direct
10330d00	101c2a10	direct
10330d00	101c2a30	direct
10330d00	101faa70	direct
10330d00	101fb200	direct
10330d00	102ae750	direct
10330d00	1032f770	direct
10330d00	10331950	virtual
10330d00	10344f80	direct
10330d00	1034a030	direct
10330d00	1034a100	direct
10330d00	1034a170	direct
10331680	101faa70	direct
10331680	10431320	direct
10331880	100b3280	virtual
10331950	10137220	direct
10331950	10331a40	virtual
10331a40	10139610	direct
10331a40	10331880	virtual
10331b30	100927f0	virtual
10331b30	101381b0	direct
10331b30	10331a40	virtual
10331cb0	10137220	direct
10331cb0	10331b30	virtual
10331da0	100927f0	virtual
10331da0	100952d0	direct
10331da0	100b4b40	virtual
10331da0	10137fe0	direct
10331da0	101381b0	direct
10331da0	10139550	direct
10331da0	10331880	virtual
10332010	10331da0	direct
103320b0	10027160	virtual
103320b0	10331da0	direct
103326b0	10200610	direct
103326b0	10200fc0	direct
103326b0	10430923	direct
103326b0	10431320	direct
103327f0	10200610	direct
103327f0	10201100	direct
103327f0	10430923	direct
103327f0	10431320	direct
10332930	10430964	direct
10332930	104312d5	direct
10332aa0	10332930	direct
10332aa0	104312d5	direct
10332ca0	10332930	direct
10332ca0	104312d5	direct
10332ef0	10332fc0	direct
10332ef0	103330f0	direct
103330f0	10332930	direct
103330f0	10333340	virtual
103330f0	10333700	virtual
103330f0	104312d5	direct
10333340	100b5190	direct
10333340	10337f30	direct
103338c0	10092e20	direct
103338c0	100b3110	virtual
103338c0	10139610	direct
103338c0	1032e7b0	direct
10333ad0	1005f190	direct
10333ad0	100b3070	virtual
10333ad0	100b3700	direct
10333ad0	101371d0	direct
10333ad0	10146570	direct
10333ad0	101cca80	direct
10333ad0	101d3190	direct
10333ad0	102521f0	direct
10333ad0	1032d9b0	virtual
10333ad0	10430b64	direct
10334180	1002cbd0	direct
10334180	10032b00	direct
10334180	100a9eb0	slot-candidate
10334180	100a9eb0	virtual
10334180	1019ce00	direct
10334180	1019d280	direct
10334180	1019d4b0	direct
10334180	10427620	direct
10334a50	100a8400	virtual
10334b10	101cd940	direct
10334b10	1032e8b0	direct
10334b10	1032e9f0	direct
10334c20	101cebc0	direct
10334c20	102517b0	direct
10334c20	102525e0	direct
10334c20	10255cf0	direct
10334c20	10323c20	virtual
10334c20	1032d890	direct
10334c20	1032e8b0	direct
10334e70	101836d0	direct
10334e70	101cd940	direct
10334e70	1024f7b0	direct
10334e70	102517b0	direct
10334e70	10255cf0	direct
10334e70	102585c0	direct
10334e70	10323c20	virtual
10334e70	1032d380	virtual
10334e70	1032d890	direct
10334e70	1032e120	direct
10334e70	1032e8b0	direct
10334e70	1032e9f0	direct
10334e70	10334180	virtual
10334e70	10335950	direct
10334e70	1033c6b0	direct
10334e70	1033d970	direct
10334e70	10407c40	direct
10334e70	10408220	direct
10334e70	10408480	direct
10334e70	10430b64	direct
10335470	1009d1e0	direct
10335470	102517b0	direct
10335470	10255cf0	direct
10335470	10323c20	virtual
10335470	1032e7b0	direct
10335470	1032e8b0	direct
10335470	1032e9f0	direct
10335470	1033d990	direct
10335470	10341510	direct
10335950	1032e8b0	direct
10335950	1043e780	direct
10335de0	10207dd0	direct
10335de0	102562b0	direct
10335ea0	10207dd0	direct
10335ea0	10256300	direct
10336920	10200610	direct
10336920	102012d0	direct
10336920	10430923	direct
10336a50	10323c20	virtual
10336a50	1032e8b0	direct
10336cd0	10336a50	direct
10336d70	10323c20	virtual
10336d70	1032e8b0	direct
10336f20	10323c20	virtual
10336f20	1032e8b0	direct
10337080	10323c20	virtual
10337080	1032e8b0	direct
10337230	1032dde0	virtual
10337230	10336f20	direct
10337300	1032dde0	virtual
10337300	10337080	virtual
10337860	10200610	direct
10337860	102012d0	direct
10337860	10430923	direct
10337980	1021e750	direct
10337980	1021e7e0	direct
10337ca0	10201fa0	direct
10337ca0	10336920	direct
10337d80	1009e120	direct
10337d80	10337ca0	virtual
10337e40	1009d820	virtual
10337e40	10337f30	direct
10337f30	101d5e80	direct
10337f30	10337860	direct
10337ff0	101d5e80	direct
10337ff0	10337860	direct
10337ff0	10337f30	direct
103380d0	101d5e80	direct
103380d0	10337860	direct
10338cb0	10200610	direct
10338cb0	10200d60	direct
10338cb0	10337ca0	virtual
10338cb0	10430923	direct
10338df0	100290c0	direct
10338df0	101d5f10	direct
10338df0	10200610	direct
10338df0	102008e0	direct
10338df0	10200ea0	direct
10338df0	102012d0	direct
10338df0	1032fe60	virtual
10338df0	10337ca0	virtual
10338df0	10337e40	direct
10338df0	103392c0	direct
10338df0	103394a0	direct
10338df0	10430923	direct
10338df0	10431320	direct
103392c0	101c26d0	direct
103392c0	101c2a90	direct
103392c0	101c2ad0	direct
103392c0	101fa5b0	direct
103392c0	101fa680	direct
103392c0	101fa960	direct
103392c0	10200610	direct
103392c0	10200a70	direct
103392c0	1032b9b0	virtual
103392c0	1032bdf0	virtual
103392c0	10430923	direct
103394a0	103392c0	direct
103395f0	10200610	direct
103395f0	102012d0	direct
103395f0	10337f30	direct
103395f0	10430923	direct
10339800	100b4dc0	virtual
10339800	10339a90	direct
10339800	10341aa0	direct
10339a90	10207c40	direct
10339d90	100290c0	direct
10339d90	100ab4f0	direct
10339d90	101800a0	direct
10339d90	101f9ff0	direct
10339d90	10200610	direct
10339d90	102012d0	direct
10339d90	10207c40	direct
10339d90	1023bd00	direct
10339d90	10265680	direct
10339d90	103221b0	direct
10339d90	103395f0	direct
10339d90	1033b100	direct
10339d90	1033c900	direct
10339d90	10430923	direct
10339d90	10431c2f	direct
1033a400	100290c0	direct
1033a400	100ab4f0	direct
1033a400	1017df50	direct
1033a400	1017e150	direct
1033a400	101d3730	direct
1033a400	101e9290	direct
1033a400	10293e20	direct
1033a400	103221b0	direct
1033a400	10338cb0	direct
1033a400	10338df0	direct
1033a400	103395f0	direct
1033a400	1033c340	direct
1033a400	1033c9c0	direct
1033a400	10431c2f	direct
1033a9e0	100290c0	direct
1033a9e0	1005f190	direct
1033a9e0	100ab4f0	direct
1033a9e0	1017e150	direct
1033a9e0	101d3730	direct
1033a9e0	10200610	direct
1033a9e0	102012d0	direct
1033a9e0	1023bd00	direct
1033a9e0	10265680	direct
1033a9e0	10265800	direct
1033a9e0	10293e20	direct
1033a9e0	102ae750	direct
1033a9e0	103221b0	direct
1033a9e0	10337f30	direct
1033a9e0	103392c0	direct
1033a9e0	103394a0	direct
1033a9e0	1033b100	direct
1033a9e0	10430923	direct
1033a9e0	10431c2f	direct
1033b100	1002cbd0	direct
1033b100	10032b00	direct
1033b100	100a9eb0	virtual
1033b100	100ab4f0	direct
1033b100	1019ce00	direct
1033b100	1019d280	direct
1033b100	1019d4b0	direct
1033b100	101bac90	direct
1033b100	101f5950	direct
1033b100	101f5b60	direct
1033b100	103221b0	direct
1033b100	10431c2f	direct
1033b100	1043e780	direct
1033b500	100aad70	virtual
1033b500	100b2e30	direct
1033b5f0	10200370	direct
1033b5f0	10200610	direct
1033b5f0	10200d60	direct
1033b5f0	102012d0	direct
1033b5f0	10205840	direct
1033b5f0	1033b890	slot-candidate
1033b5f0	1033b890	virtual
1033b5f0	10430923	direct
1033b890	100aad70	virtual
1033c340	10200610	direct
1033c340	10201100	direct
1033c340	102012d0	direct
1033c340	1032fe60	virtual
1033c340	10430923	direct
1033cb90	100acf90	direct
1033cef0	101e3af0	direct
1033cfb0	101e1720	direct
1033cfb0	101e1770	direct
1033cfb0	1034a1a0	direct
1033cfb0	10430fa0	direct
1033d190	10430fa0	direct
1033d4b0	101e3310	direct
1033d4b0	103380d0	direct
1033d970	1033c6b0	direct
1033d990	1033c770	direct
1033dde0	1021fe50	direct
1033dde0	10335950	direct
1033dde0	1033c6b0	direct
1033deb0	1021fee0	direct
1033deb0	1033c770	direct
1033deb0	1033c9c0	direct
1033e0a0	1002cbd0	direct
1033e0a0	10032b00	direct
1033e0a0	100a9eb0	virtual
1033e0a0	1019ce00	direct
1033e0a0	1019d280	direct
1033e0a0	1019d4b0	direct
1033e0a0	10200370	direct
1033e370	100b4b40	virtual
1033e370	102e0b40	direct
1033e370	102e20b0	direct
1033e4a0	100a02b0	direct
1033e4a0	100ab4f0	direct
1033e4a0	101434b0	direct
1033e4a0	101cd9e0	direct
1033e4a0	101e45b0	direct
1033e4a0	101f1da0	direct
1033e4a0	10200610	direct
1033e4a0	10201a40	direct
1033e4a0	10430923	direct
1033e4a0	10431c2f	direct
1033e7e0	10092e20	direct
1033e7e0	100b31b0	virtual
1033e7e0	10143b70	direct
1033e7e0	1032e7b0	direct
1033eb60	100290c0	direct
1033eb60	1002ca10	direct
1033eb60	100ab4f0	direct
1033eb60	100cdf10	direct
1033eb60	1014f930	virtual
1033eb60	101cebc0	direct
1033eb60	101d5e80	direct
1033eb60	101d8770	direct
1033eb60	101d8a70	direct
1033eb60	101e8e00	direct
1033eb60	101e8e20	direct
1033eb60	101e8e40	direct
1033eb60	101f9a00	direct
1033eb60	10200610	direct
1033eb60	102012d0	direct
1033eb60	102053a0	direct
1033eb60	1023b570	direct
1033eb60	1023bd00	direct
1033eb60	10337860	direct
1033eb60	10337f30	direct
1033eb60	10430923	direct
1033eb60	10431320	direct
1033f6d0	101618e0	direct
1033f6d0	101d5e80	direct
1033f6d0	101f9a40	direct
1033f6d0	10227a30	direct
1033f6d0	10337860	direct
10340360	1009d460	virtual
10340360	100ab4f0	direct
10340360	10191ac0	direct
10340360	101d4f20	direct
10340360	101d5e80	direct
10340360	102d6230	direct
10340360	102f9920	direct
10340360	102f9950	direct
10340360	102f9970	direct
10340360	10337860	direct
10340360	10341710	virtual
10340590	100b3700	direct
10340650	1008bfe0	direct
10340650	100b5190	direct
103407b0	100ab020	direct
103408e0	10336920	direct
103409a0	10092270	direct
103409a0	10092550	direct
103409a0	100952d0	direct
103409a0	100a7a80	virtual
103409a0	100b5ab0	direct
103409a0	10106c40	direct
103409a0	101381b0	direct
103409a0	10200610	direct
103409a0	102008e0	direct
103409a0	10430923	direct
103411c0	1017c600	direct
103412b0	103411c0	direct
10341370	100a5030	direct
10341370	1017c6d0	direct
10341450	10341370	direct
10341c30	10027160	virtual
10341c30	1003ff80	direct
10341c30	1004f7a0	direct
10341c30	1005f190	direct
10341c30	100a5070	virtual
10341c30	100a52a0	direct
10341c30	100ab4f0	direct
10341c30	100b3700	direct
10341c30	100b4b40	virtual
10341c30	100b5190	direct
10341c30	100dd000	direct
10341c30	10137220	direct
10341c30	10146570	direct
10341c30	101cccf0	direct
10341c30	101ccd40	direct
10341c30	101d3190	direct
10341c30	10331a40	virtual
10341c30	10331da0	direct
10342800	102517b0	direct
10342800	1032e7b0	direct
10343020	100290c0	direct
10343020	10037300	direct
10343020	1004f7a0	direct
10343020	1005f190	direct
10343020	1008d990	direct
10343020	1008e770	direct
10343020	100952d0	direct
10343020	100a0ae0	direct
10343020	100b3110	virtual
10343020	100b31b0	virtual
10343020	100b5190	direct
10343020	100c3600	direct
10343020	100c77d0	direct
10343020	100c7f30	direct
10343020	1012c9c0	direct
10343020	101371d0	direct
10343020	10137220	direct
10343020	10137fe0	direct
10343020	10139610	direct
10343020	10142aa0	direct
10343020	10142e90	direct
10343020	10146150	direct
10343020	10146570	direct
10343020	1014f770	virtual
10343020	1014f830	virtual
10343020	101cca80	direct
10343020	101cfef0	direct
10343020	101d2530	direct
10343020	101d3190	direct
10343020	10217080	direct
10343020	10323930	direct
10343020	1032e7b0	direct
10343020	104312f0	direct
10343020	10431320	direct
10343020	10432028	direct
103449b0	10027160	virtual
103449b0	100b2510	virtual
103449b0	100b3280	virtual
103449b0	101d2c70	direct
103449b0	10344c80	direct
103449b0	10344da0	direct
103449b0	10344dd0	virtual
103449b0	10348b00	virtual
103449b0	10431320	direct
10344dd0	100b3280	slot-candidate
10344dd0	100b3280	virtual
10344dd0	101371d0	direct
10344dd0	10137220	direct
10344dd0	101d2c70	direct
10344dd0	10431320	direct
10344f80	1008f6c0	direct
10344f80	100b2510	slot-candidate
10344f80	100b3280	slot-candidate
10344f80	1013d900	direct
10344f80	1014f790	slot-candidate
10344f80	1014fa50	slot-candidate
10344f80	101d2c70	direct
10344f80	101d5f10	direct
10344f80	10200610	direct
10344f80	102017b0	direct
10344f80	102a01b0	slot-candidate
10344f80	10344c80	direct
10344f80	10344da0	direct
10344f80	10344dd0	slot-candidate
10344f80	10378d30	slot-candidate
10344f80	10380320	slot-candidate
10344f80	103a41c0	slot-candidate
10344f80	103ad8d0	slot-candidate
10344f80	103c3060	slot-candidate
10344f80	103c43f0	slot-candidate
10344f80	10430923	direct
10344f80	10431320	direct
103451d0	1008d990	direct
103451d0	100952d0	direct
103451d0	1032e7b0	direct
10345330	1008d990	direct
10345330	100952d0	direct
10345330	1032e7b0	direct
10345480	1008d990	direct
10345480	1008f7b0	direct
103454c0	1008d990	direct
103454c0	1008f7b0	direct
10345760	1008d990	direct
10345760	100952d0	direct
10345760	100b31b0	virtual
10345760	101371d0	direct
10345890	10431320	direct
10345d00	1032e7b0	direct
10345f10	1008d990	direct
10346070	10204900	direct
10346070	102517e0	direct
10346070	1032e7b0	direct
10346380	101d8820	direct
10346380	101d8a70	direct
10346380	101e8ef0	direct
10346380	101fa680	direct
10346380	102053a0	direct
10346380	1022f4f0	direct
10346380	102517e0	direct
10346380	10258290	direct
10346380	1028b190	direct
10346380	1028b300	direct
10346380	1032e7b0	direct
10346380	10349d50	direct
10346380	10349e10	direct
10346910	10346380	direct
10346910	10349970	direct
10346910	103499a0	direct
10346ac0	10027000	virtual
10346ac0	10341c30	direct
10346ac0	10346910	direct
10346cd0	1008d990	direct
10346cd0	10091230	direct
10346cd0	100b31b0	virtual
10346cd0	100b3280	virtual
10346cd0	1032e7b0	direct
10346cd0	10343020	direct
10346cd0	103451d0	direct
10346cd0	10345890	direct
10346cd0	10346760	direct
10346cd0	10346ac0	direct
10346cd0	10431320	direct
10346cd0	10432028	direct
10347180	100290c0	direct
10347180	1005f190	direct
10347180	1006dec0	direct
10347180	1008d990	direct
10347180	1008dac0	direct
10347180	100952d0	direct
10347180	100b1ac0	virtual
10347180	100b31b0	virtual
10347180	100c6020	direct
10347180	1011e010	direct
10347180	101371d0	direct
10347180	10137220	direct
10347180	10137fe0	direct
10347180	10146570	direct
10347180	101ccec0	direct
10347180	10204900	direct
10347180	10245ac0	direct
10347180	102517e0	direct
10347180	10269a20	direct
10347180	102e3450	direct
10347180	102e37b0	direct
10347180	10348100	direct
10347180	10430923	direct
10347180	104312f0	direct
10348100	104312f0	direct
103482e0	100b4dc0	slot-candidate
103482e0	100b4dc0	virtual
103482e0	101d5f10	direct
103482e0	10200610	direct
103482e0	102017b0	direct
103482e0	10430923	direct
10348890	100aa140	direct
10348890	101cf2f0	direct
10348890	103239a0	direct
10348980	100a9f70	direct
10348980	101cf250	direct
10348980	101cf2f0	direct
10348980	10337ca0	virtual
10348d00	1005f190	direct
10348d00	10146570	direct
10348d00	101d3190	direct
10349830	10431320	direct
103498b0	10431320	direct
10349970	103498b0	direct
103499a0	103498b0	direct
10349e10	10430fa0	direct
1034a100	10430fa0	direct
1034a310	1002cbd0	direct
1034a310	10032b00	direct
1034a310	10092ef0	direct
1034a310	10137220	direct
1034a310	1019ce00	direct
1034a310	1019d210	direct
1034a310	1019d280	direct
1034a310	1019d4b0	direct
1034a680	10274e30	direct
1034a680	1034a310	direct
1034a6d0	100aad70	slot-candidate
1034a6d0	100aad70	virtual
1034a6d0	100b1690	slot-candidate
1034a6d0	100b1690	virtual
1034a6d0	100b3b00	direct
1034a6d0	100b5040	slot-candidate
1034a6d0	100b5040	virtual
1034a6d0	100dc480	direct
1034a6d0	100dc580	direct
1034a6d0	101aab90	slot-candidate
1034a6d0	101cf390	direct
1034a6d0	1025e510	slot-candidate
1034a6d0	1026dc00	direct
1034a6d0	10273390	slot-candidate
1034a6d0	10273390	virtual
1034a6d0	1027bb50	slot-candidate
1034a6d0	10298ad0	slot-candidate
1034a6d0	10298ce0	slot-candidate
1034a6d0	1029a0b0	slot-candidate
1034a6d0	102d6100	direct
1034a6d0	102d6120	direct
1034a6d0	103409a0	slot-candidate
1034a6d0	103409a0	virtual
1034a6d0	1034aa40	slot-candidate
1034a6d0	1034aa40	virtual
1034a6d0	1034b160	slot-candidate
1034a6d0	1034c180	slot-candidate
1034a6d0	1034cde0	slot-candidate
1034a6d0	10358ec0	slot-candidate
1034a6d0	10359f70	slot-candidate
1034a6d0	1035ade0	slot-candidate
1034a6d0	1035b5d0	slot-candidate
1034a6d0	1035cb90	slot-candidate
1034a6d0	1035cec0	slot-candidate
1034a6d0	10360bc0	slot-candidate
1034a6d0	10360ce0	slot-candidate
1034a6d0	103637b0	slot-candidate
1034a6d0	10363940	slot-candidate
1034a6d0	103673b0	slot-candidate
1034a6d0	103689c0	slot-candidate
1034a6d0	103692c0	slot-candidate
1034a6d0	1036ae60	slot-candidate
1034a6d0	1036b050	slot-candidate
1034a6d0	1036f100	slot-candidate
1034a6d0	1036f900	slot-candidate
1034a6d0	10372b00	slot-candidate
1034a6d0	10375c80	slot-candidate
1034a6d0	10378470	slot-candidate
1034a6d0	103785f0	slot-candidate
1034a6d0	1037b1a0	slot-candidate
1034a6d0	1037b1f0	slot-candidate
1034a6d0	1037b290	slot-candidate
1034a6d0	1037e240	slot-candidate
1034a6d0	1037f960	slot-candidate
1034a6d0	1037fa70	slot-candidate
1034a6d0	10387140	slot-candidate
1034a6d0	10388b30	slot-candidate
1034a6d0	1038aec0	slot-candidate
1034a6d0	1038b070	slot-candidate
1034a6d0	10392660	slot-candidate
1034a6d0	1039c220	slot-candidate
1034a6d0	103a03e0	slot-candidate
1034a6d0	103a0420	slot-candidate
1034a6d0	103a2570	slot-candidate
1034a6d0	103a4350	slot-candidate
1034a6d0	103a4580	slot-candidate
1034a6d0	103a6ab0	slot-candidate
1034a6d0	103a6d40	slot-candidate
1034a6d0	103ae540	slot-candidate
1034a6d0	103ae6c0	slot-candidate
1034a6d0	103b2360	slot-candidate
1034a6d0	103b35c0	slot-candidate
1034a6d0	103b41e0	slot-candidate
1034a6d0	103b8fa0	slot-candidate
1034a6d0	103b91d0	slot-candidate
1034a6d0	103c1400	slot-candidate
1034a6d0	103c1c80	slot-candidate
1034a6d0	103c31e0	slot-candidate
1034a6d0	103c5840	slot-candidate
1034a6d0	103caef0	slot-candidate
1034a6d0	103cb2a0	slot-candidate
1034a6d0	103dce00	slot-candidate
1034a6d0	103dd800	slot-candidate
1034a6d0	103defc0	slot-candidate
1034a6d0	103df120	slot-candidate
1034a6d0	103e0540	slot-candidate
1034a6d0	1043e780	direct
1034aa40	100b1690	slot-candidate
1034aa40	100b1690	virtual
1034aab0	100aa7b0	direct
1034aab0	1027c820	direct
1034adf0	10331950	slot-candidate
1034adf0	10331950	virtual
1034ae20	10331a40	slot-candidate
1034ae20	10331a40	virtual
1034af70	100aa7b0	direct
1034af70	100cd2d0	direct
1034af70	1028d610	direct
1034afe0	100ac4e0	direct
1034afe0	100b3b00	direct
1034afe0	100dc480	direct
1034afe0	1027bb50	slot-candidate
1034afe0	10298ad0	slot-candidate
1034afe0	1034aa40	slot-candidate
1034afe0	1034b160	slot-candidate
1034afe0	1034b160	virtual
1034afe0	1034c180	slot-candidate
1034afe0	1034cde0	slot-candidate
1034afe0	10358ec0	slot-candidate
1034afe0	10359f70	slot-candidate
1034afe0	1035ade0	slot-candidate
1034afe0	1035b5d0	slot-candidate
1034afe0	1035cb90	slot-candidate
1034afe0	10360bc0	slot-candidate
1034afe0	103637b0	slot-candidate
1034afe0	103689c0	slot-candidate
1034afe0	1036ae60	slot-candidate
1034afe0	10378470	slot-candidate
1034afe0	1037b1a0	slot-candidate
1034afe0	1037f960	slot-candidate
1034afe0	1038aec0	slot-candidate
1034afe0	10392660	slot-candidate
1034afe0	1039c220	slot-candidate
1034afe0	103a03e0	slot-candidate
1034afe0	103a6ab0	slot-candidate
1034afe0	103ae540	slot-candidate
1034afe0	103b41e0	slot-candidate
1034afe0	103b8fa0	slot-candidate
1034afe0	103c1400	slot-candidate
1034afe0	103c31e0	slot-candidate
1034afe0	103cb2a0	slot-candidate
1034afe0	103df120	slot-candidate
1034b160	100ab4f0	direct
1034b160	100b1690	slot-candidate
1034b160	100b1690	virtual
1034b160	100b3070	slot-candidate
1034b160	100b3070	virtual
1034b160	100b3280	slot-candidate
1034b160	100b3280	virtual
1034b160	101cd940	direct
1034b160	101cf390	direct
1034b160	101d0ec0	direct
1034b160	101d3730	direct
1034b160	1020a0a0	direct
1034b160	1027bb50	direct
1034b3c0	1009e280	direct
1034b3c0	10136ec0	direct
1034bc90	100cd660	direct
1034bc90	1034b430	direct
1034be90	10331950	slot-candidate
1034be90	10331950	virtual
1034bec0	10331a40	slot-candidate
1034bec0	10331a40	virtual
1034bfb0	100aa7b0	direct
1034bfb0	100cd2d0	direct
1034bfb0	1028d610	direct
1034c020	100ac4e0	direct
1034c020	100b3b00	direct
1034c020	100dc480	direct
1034c020	1027bb50	slot-candidate
1034c020	10298ad0	slot-candidate
1034c020	1034aa40	slot-candidate
1034c020	1034b160	slot-candidate
1034c020	1034c180	slot-candidate
1034c020	1034c180	virtual
1034c020	1034cde0	slot-candidate
1034c020	10358ec0	slot-candidate
1034c020	10359f70	slot-candidate
1034c020	1035ade0	slot-candidate
1034c020	1035b5d0	slot-candidate
1034c020	1035cb90	slot-candidate
1034c020	10360bc0	slot-candidate
1034c020	103637b0	slot-candidate
1034c020	103689c0	slot-candidate
1034c020	1036ae60	slot-candidate
1034c020	10378470	slot-candidate
1034c020	1037b1a0	slot-candidate
1034c020	1037f960	slot-candidate
1034c020	1038aec0	slot-candidate
1034c020	10392660	slot-candidate
1034c020	1039c220	slot-candidate
1034c020	103a03e0	slot-candidate
1034c020	103a6ab0	slot-candidate
1034c020	103ae540	slot-candidate
1034c020	103b41e0	slot-candidate
1034c020	103b8fa0	slot-candidate
1034c020	103c1400	slot-candidate
1034c020	103c31e0	slot-candidate
1034c020	103cb2a0	slot-candidate
1034c020	103df120	slot-candidate
1034c180	100ab4f0	direct
1034c180	100b1690	slot-candidate
1034c180	100b1690	virtual
1034c180	100b3070	slot-candidate
1034c180	100b3070	virtual
1034c180	101cd940	direct
1034c180	101d0ec0	direct
1034c180	1027bb50	direct
1034c260	100f7380	direct
1034c260	102998c0	direct
1034c260	10430b64	direct
1034c8e0	1034bc90	direct
1034c8e0	10430b64	direct
1034cad0	10331950	slot-candidate
1034cad0	10331950	virtual
1034cb00	10331a40	slot-candidate
1034cb00	10331a40	virtual
1034cbf0	100aa7b0	direct
1034cbf0	100cd2d0	direct
1034cbf0	1028d610	direct
1034cc60	100ac4e0	direct
1034cc60	100b3b00	direct
1034cc60	100dc480	direct
1034cc60	1027bb50	slot-candidate
1034cc60	10298ad0	slot-candidate
1034cc60	1034aa40	slot-candidate
1034cc60	1034b160	slot-candidate
1034cc60	1034c180	slot-candidate
1034cc60	1034cde0	slot-candidate
1034cc60	1034cde0	virtual
1034cc60	10358ec0	slot-candidate
1034cc60	10359f70	slot-candidate
1034cc60	1035ade0	slot-candidate
1034cc60	1035b5d0	slot-candidate
1034cc60	1035cb90	slot-candidate
1034cc60	10360bc0	slot-candidate
1034cc60	103637b0	slot-candidate
1034cc60	103689c0	slot-candidate
1034cc60	1036ae60	slot-candidate
1034cc60	10378470	slot-candidate
1034cc60	1037b1a0	slot-candidate
1034cc60	1037f960	slot-candidate
1034cc60	1038aec0	slot-candidate
1034cc60	10392660	slot-candidate
1034cc60	1039c220	slot-candidate
1034cc60	103a03e0	slot-candidate
1034cc60	103a6ab0	slot-candidate
1034cc60	103ae540	slot-candidate
1034cc60	103b41e0	slot-candidate
1034cc60	103b8fa0	slot-candidate
1034cc60	103c1400	slot-candidate
1034cc60	103c31e0	slot-candidate
1034cc60	103cb2a0	slot-candidate
1034cc60	103df120	slot-candidate
1034cde0	100ab4f0	direct
1034cde0	100b1690	slot-candidate
1034cde0	100b1690	virtual
1034cde0	100b3070	slot-candidate
1034cde0	100b3070	virtual
1034cde0	101cd940	direct
1034cde0	101d0ec0	direct
1034cde0	1027bb50	direct
1034d410	100b4320	direct
1034d5b0	100ac4e0	direct
1034d6e0	100b31b0	slot-candidate
1034d6e0	100b31b0	virtual
1034d6e0	100b3840	direct
1034d6e0	100b3b00	direct
1034d6e0	100dc480	direct
1034d6e0	10325e70	direct
1034d6e0	1034d5b0	direct
1034ddf0	100a02b0	direct
1034ddf0	100a1d20	slot-candidate
1034ddf0	100a1d20	virtual
1034ddf0	100ab4f0	direct
1034ddf0	101434b0	direct
1034e070	100a0130	direct
1034e070	100a1d20	slot-candidate
1034e070	100a1d20	virtual
1034e070	100b31b0	slot-candidate
1034e070	100b31b0	virtual
1034e070	10142aa0	direct
1034e070	10142e90	direct
1034e070	10143b70	direct
1034e320	101cf250	direct
1034e320	101cf2f0	direct
1034e320	1027bc60	direct
1034e370	101cf2f0	direct
1034e370	1027c160	direct
1034e3b0	100aa7b0	direct
1034e3b0	100cd2d0	direct
1034e3b0	1027c820	direct
10356740	100aa7b0	direct
10356740	10356770	direct
10356770	100cd2d0	direct
10356770	1027c820	direct
103567e0	1003e880	direct
103567e0	100aad70	slot-candidate
103567e0	100aad70	virtual
103567e0	100ac4e0	direct
103567e0	100b3580	direct
103567e0	100b3840	direct
103567e0	100b3b00	direct
103567e0	100dc480	direct
103567e0	100dc580	direct
103567e0	101cf390	direct
103567e0	1027bb50	slot-candidate
103567e0	1027bb50	virtual
103567e0	10298ad0	slot-candidate
103567e0	10327960	direct
103567e0	1034aa40	slot-candidate
103567e0	1034b160	slot-candidate
103567e0	1034c180	slot-candidate
103567e0	1034cde0	slot-candidate
103567e0	10358ec0	slot-candidate
103567e0	10359f70	slot-candidate
103567e0	1035ade0	slot-candidate
103567e0	1035b5d0	slot-candidate
103567e0	1035cb90	slot-candidate
103567e0	10360bc0	slot-candidate
103567e0	103637b0	slot-candidate
103567e0	103689c0	slot-candidate
103567e0	1036ae60	slot-candidate
103567e0	10378470	slot-candidate
103567e0	1037b1a0	slot-candidate
103567e0	1037f960	slot-candidate
103567e0	1038aec0	slot-candidate
103567e0	10392660	slot-candidate
103567e0	1039c220	slot-candidate
103567e0	103a03e0	slot-candidate
103567e0	103a6ab0	slot-candidate
103567e0	103ae540	slot-candidate
103567e0	103b41e0	slot-candidate
103567e0	103b8fa0	slot-candidate
103567e0	103c1400	slot-candidate
103567e0	103c31e0	slot-candidate
103567e0	103cb2a0	slot-candidate
103567e0	103df120	slot-candidate
10356b50	100aad70	slot-candidate
10356b50	100aad70	virtual
10356b50	100dc580	direct
10356b50	101cf390	direct
10356b50	10265ad0	direct
10356f60	10266780	direct
10356f60	10268ef0	slot-candidate
10356f60	10268ef0	virtual
10356ff0	100a1250	direct
10356ff0	10265e90	direct
10357440	1009f380	direct
10357440	100aaa40	direct
10357440	100aad70	slot-candidate
10357440	100aad70	virtual
10357440	100dc480	direct
10357440	101aab90	slot-candidate
10357440	1025e510	slot-candidate
10357440	1026dc60	direct
10357440	10273070	direct
10357440	10273200	direct
10357440	10273390	slot-candidate
10357440	10273390	virtual
10357440	1027bb50	slot-candidate
10357440	10298ad0	slot-candidate
10357440	10298ce0	slot-candidate
10357440	1029a0b0	slot-candidate
10357440	10327960	direct
10357440	10332aa0	direct
10357440	103409a0	slot-candidate
10357440	103409a0	virtual
10357440	1034aa40	slot-candidate
10357440	1034b160	slot-candidate
10357440	1034c180	slot-candidate
10357440	1034cde0	slot-candidate
10357440	103580d0	direct
10357440	10358ec0	slot-candidate
10357440	10358ec0	virtual
10357440	10359f70	slot-candidate
10357440	1035ade0	slot-candidate
10357440	1035b5d0	slot-candidate
10357440	1035cb90	slot-candidate
10357440	1035cec0	slot-candidate
10357440	10360bc0	slot-candidate
10357440	10360ce0	slot-candidate
10357440	103637b0	slot-candidate
10357440	10363940	slot-candidate
10357440	103673b0	slot-candidate
10357440	103689c0	slot-candidate
10357440	103692c0	slot-candidate
10357440	1036ae60	slot-candidate
10357440	1036b050	slot-candidate
10357440	1036f100	slot-candidate
10357440	1036f900	slot-candidate
10357440	10372b00	slot-candidate
10357440	10375c80	slot-candidate
10357440	10378470	slot-candidate
10357440	103785f0	slot-candidate
10357440	1037b1a0	slot-candidate
10357440	1037b1f0	slot-candidate
10357440	1037b290	slot-candidate
10357440	1037e240	slot-candidate
10357440	1037f960	slot-candidate
10357440	1037fa70	slot-candidate
10357440	10387140	slot-candidate
10357440	10388b30	slot-candidate
10357440	1038aec0	slot-candidate
10357440	1038b070	slot-candidate
10357440	10392660	slot-candidate
10357440	1039c220	slot-candidate
10357440	103a03e0	slot-candidate
10357440	103a0420	slot-candidate
10357440	103a2570	slot-candidate
10357440	103a4350	slot-candidate
10357440	103a4580	slot-candidate
10357440	103a6ab0	slot-candidate
10357440	103a6d40	slot-candidate
10357440	103ae540	slot-candidate
10357440	103ae6c0	slot-candidate
10357440	103b2360	slot-candidate
10357440	103b35c0	slot-candidate
10357440	103b41e0	slot-candidate
10357440	103b8fa0	slot-candidate
10357440	103b91d0	slot-candidate
10357440	103c1400	slot-candidate
10357440	103c1c80	slot-candidate
10357440	103c31e0	slot-candidate
10357440	103c5840	slot-candidate
10357440	103caef0	slot-candidate
10357440	103cb2a0	slot-candidate
10357440	103dce00	slot-candidate
10357440	103dd800	slot-candidate
10357440	103defc0	slot-candidate
10357440	103df120	slot-candidate
10357440	103e0540	slot-candidate
10357440	10431320	direct
10357680	100b3070	slot-candidate
10357680	100b3070	virtual
10357680	101371d0	direct
10357680	10269a20	direct
10357680	10270b20	direct
10357760	100b3070	slot-candidate
10357760	100b3070	virtual
103577d0	10027160	slot-candidate
103577d0	10357760	slot-candidate
103577d0	10357760	virtual
10357800	101b0d80	direct
10357820	100b2770	direct
10357820	100b3070	slot-candidate
10357820	100b3070	virtual
10357820	100b3640	direct
10357820	101371d0	direct
10357820	101b0c10	direct
10357820	101cf5c0	direct
10357820	102725d0	slot-candidate
10357820	102725d0	virtual
10357820	10274e30	direct
10357820	10295750	slot-candidate
10357820	103581b0	direct
10357820	103c1cd0	slot-candidate
10357820	103c3d80	slot-candidate
10357ba0	1027d990	direct
10357ba0	10357be0	direct
10357be0	100b2770	direct
10357be0	100b2d00	slot-candidate
10357be0	100b3070	slot-candidate
10357be0	100b3110	slot-candidate
10357be0	101371d0	direct
10357be0	10137220	direct
10357be0	101d2c70	direct
10357be0	101d2ce0	direct
10357be0	102e1c10	direct
10357be0	10357e50	direct
10357e50	1005f190	direct
10357e50	1006dec0	direct
10357e50	100b31b0	slot-candidate
10357e50	10137220	direct
10357e50	10146570	direct
10357e50	101d3190	direct
10357e50	102d6100	direct
10357e50	102d6120	direct
103580d0	100aad70	slot-candidate
103580d0	100b3580	direct
103580d0	100b3640	direct
103580d0	100b3b00	direct
103580d0	1026dc00	direct
103580d0	1026dc30	direct
103580d0	1027d9b0	direct
103581b0	100b2770	direct
103581b0	100b3070	slot-candidate
103581b0	10137220	direct
103581b0	101cf5c0	direct
103581b0	103580d0	direct
10358330	100b2770	direct
10358330	100b3070	slot-candidate
10358330	100b3070	virtual
10358330	10137220	direct
10358330	101a67e0	slot-candidate
10358330	101a67e0	virtual
10358330	101a68a0	slot-candidate
10358330	10272650	direct
10358330	10273e80	direct
10358330	10273fc0	slot-candidate
10358330	10273fc0	virtual
10358330	102827f0	direct
10358330	10293f80	slot-candidate
10358330	1029adb0	slot-candidate
10358330	102d1af0	direct
10358330	102e2020	direct
10358330	103580d0	direct
10358330	10358f10	slot-candidate
10358330	10358f10	virtual
10358330	10358f70	direct
10358330	1035a390	slot-candidate
10358330	1035b000	slot-candidate
10358330	1035ba00	slot-candidate
10358330	10362390	slot-candidate
10358330	103680d0	slot-candidate
10358330	1036d1d0	slot-candidate
10358330	10379060	slot-candidate
10358330	10380510	slot-candidate
10358330	10394090	slot-candidate
10358330	103a0010	slot-candidate
10358330	103a4750	slot-candidate
10358330	103a9400	slot-candidate
10358330	103b0290	slot-candidate
10358330	103b4490	slot-candidate
10358330	103b9360	slot-candidate
10358330	103ba350	slot-candidate
10358330	103ce750	slot-candidate
10358330	10431320	direct
103587b0	1005f190	direct
103587b0	100b1d10	direct
103587b0	100b31b0	slot-candidate
103587b0	100b31b0	virtual
103587b0	100b3700	direct
103587b0	10146570	direct
103587b0	101d3190	direct
103587b0	10272650	direct
103587b0	10272900	slot-candidate
103587b0	10272900	virtual
103587b0	10273e80	direct
103587b0	10288780	direct
103587b0	102e20b0	direct
103587b0	103580d0	direct
10358c40	101b0c10	direct
10358c90	1026a8f0	direct
10358ce0	100b3700	direct
10358ce0	10269aa0	direct
10358ce0	10269b50	direct
10358ce0	1027d990	direct
10358ce0	1028a380	direct
10358ec0	1027bb50	direct
10358ef0	101b0c10	direct
10358f10	101b0c10	direct
10358f30	101b0c10	direct
10358f50	101b0c10	direct
10358f70	101b0c10	direct
10358f90	1009f200	direct
10358f90	101434b0	direct
10358f90	101a67e0	slot-candidate
10358f90	101a67e0	virtual
10358f90	102767d0	direct
10359240	102ea020	direct
10359240	102ea2d0	direct
10359b70	100aa7b0	direct
10359b70	1027c820	direct
10359e90	102ea020	direct
10359e90	102ea2d0	direct
10359f40	100aa7b0	direct
10359f40	1028d610	direct
10359f70	100b15f0	slot-candidate
10359f70	100b15f0	virtual
10359f70	100b1690	slot-candidate
10359f70	100b1690	virtual
10359f70	10298ad0	direct
1035a090	100aad70	slot-candidate
1035a090	100aad70	virtual
1035a090	100b1690	slot-candidate
1035a090	100b1690	virtual
1035a090	100dc480	direct
1035a090	101aab90	slot-candidate
1035a090	1025e510	slot-candidate
1035a090	1026dc00	direct
1035a090	10273070	direct
1035a090	10273390	slot-candidate
1035a090	1027bb50	slot-candidate
1035a090	10298ad0	slot-candidate
1035a090	10298ce0	slot-candidate
1035a090	10298ce0	virtual
1035a090	1029a0b0	slot-candidate
1035a090	1029a0b0	virtual
1035a090	103409a0	slot-candidate
1035a090	1034aa40	slot-candidate
1035a090	1034b160	slot-candidate
1035a090	1034c180	slot-candidate
1035a090	1034cde0	slot-candidate
1035a090	10358ec0	slot-candidate
1035a090	10359f70	slot-candidate
1035a090	10359f70	virtual
1035a090	1035ade0	slot-candidate
1035a090	1035b5d0	slot-candidate
1035a090	1035cb90	slot-candidate
1035a090	1035cec0	slot-candidate
1035a090	10360bc0	slot-candidate
1035a090	10360ce0	slot-candidate
1035a090	103637b0	slot-candidate
1035a090	10363940	slot-candidate
1035a090	103673b0	slot-candidate
1035a090	103689c0	slot-candidate
1035a090	103692c0	slot-candidate
1035a090	1036ae60	slot-candidate
1035a090	1036b050	slot-candidate
1035a090	1036f100	slot-candidate
1035a090	1036f900	slot-candidate
1035a090	10372b00	slot-candidate
1035a090	10375c80	slot-candidate
1035a090	10378470	slot-candidate
1035a090	103785f0	slot-candidate
1035a090	1037b1a0	slot-candidate
1035a090	1037b1f0	slot-candidate
1035a090	1037b290	slot-candidate
1035a090	1037e240	slot-candidate
1035a090	1037f960	slot-candidate
1035a090	1037fa70	slot-candidate
1035a090	10387140	slot-candidate
1035a090	10388b30	slot-candidate
1035a090	1038aec0	slot-candidate
1035a090	1038b070	slot-candidate
1035a090	10392660	slot-candidate
1035a090	1039c220	slot-candidate
1035a090	103a03e0	slot-candidate
1035a090	103a0420	slot-candidate
1035a090	103a2570	slot-candidate
1035a090	103a4350	slot-candidate
1035a090	103a4580	slot-candidate
1035a090	103a6ab0	slot-candidate
1035a090	103a6d40	slot-candidate
1035a090	103ae540	slot-candidate
1035a090	103ae6c0	slot-candidate
1035a090	103b2360	slot-candidate
1035a090	103b35c0	slot-candidate
1035a090	103b41e0	slot-candidate
1035a090	103b8fa0	slot-candidate
1035a090	103b91d0	slot-candidate
1035a090	103c1400	slot-candidate
1035a090	103c1c80	slot-candidate
1035a090	103c31e0	slot-candidate
1035a090	103c5840	slot-candidate
1035a090	103caef0	slot-candidate
1035a090	103cb2a0	slot-candidate
1035a090	103dce00	slot-candidate
1035a090	103dd800	slot-candidate
1035a090	103defc0	slot-candidate
1035a090	103df120	slot-candidate
1035a090	103e0540	slot-candidate
1035a090	10431320	direct
1035a220	1002cca0	direct
1035a220	100a9eb0	slot-candidate
1035a220	100a9eb0	virtual
1035a220	1019ce00	direct
1035a220	1019cf50	direct
1035a220	1019d280	direct
1035a220	1019d4b0	direct
1035a390	1002cca0	direct
1035a390	100a9eb0	slot-candidate
1035a390	100a9eb0	virtual
1035a390	1019ce00	direct
1035a390	1019cf50	direct
1035a390	1019d280	direct
1035a390	1019d4b0	direct
1035a500	1002cca0	direct
1035a500	100a9eb0	slot-candidate
1035a500	100a9eb0	virtual
1035a500	1019ce00	direct
1035a500	1019cf50	direct
1035a500	1019d280	direct
1035a500	1019d4b0	direct
1035a670	1002cca0	direct
1035a670	100a9eb0	slot-candidate
1035a670	100a9eb0	virtual
1035a670	1019ce00	direct
1035a670	1019cf50	direct
1035a670	1019d280	direct
1035a670	1019d4b0	direct
1035a900	1028fcc0	direct
1035a980	10090890	direct
1035a980	100b3070	slot-candidate
1035a980	100b3070	virtual
1035a980	101cf5c0	direct
1035a980	102bf340	direct
1035ace0	102ea020	direct
1035ace0	102ea2d0	direct
1035ad50	100b4320	direct
1035adb0	100aa7b0	direct
1035adb0	1027c820	direct
1035ade0	1027bb50	direct
1035ae80	100aad70	slot-candidate
1035ae80	100aad70	virtual
1035ae80	100dc480	direct
1035ae80	101aab90	slot-candidate
1035ae80	1025e510	slot-candidate
1035ae80	1026dc00	direct
1035ae80	10273070	direct
1035ae80	10273390	slot-candidate
1035ae80	10273390	virtual
1035ae80	1027bb50	slot-candidate
1035ae80	10298ad0	slot-candidate
1035ae80	10298ce0	slot-candidate
1035ae80	1029a0b0	slot-candidate
1035ae80	103409a0	slot-candidate
1035ae80	103409a0	virtual
1035ae80	1034aa40	slot-candidate
1035ae80	1034b160	slot-candidate
1035ae80	1034c180	slot-candidate
1035ae80	1034cde0	slot-candidate
1035ae80	10358ec0	slot-candidate
1035ae80	10359f70	slot-candidate
1035ae80	1035ade0	slot-candidate
1035ae80	1035ade0	virtual
1035ae80	1035b5d0	slot-candidate
1035ae80	1035cb90	slot-candidate
1035ae80	1035cec0	slot-candidate
1035ae80	10360bc0	slot-candidate
1035ae80	10360ce0	slot-candidate
1035ae80	103637b0	slot-candidate
1035ae80	10363940	slot-candidate
1035ae80	103673b0	slot-candidate
1035ae80	103689c0	slot-candidate
1035ae80	103692c0	slot-candidate
1035ae80	1036ae60	slot-candidate
1035ae80	1036b050	slot-candidate
1035ae80	1036f100	slot-candidate
1035ae80	1036f900	slot-candidate
1035ae80	10372b00	slot-candidate
1035ae80	10375c80	slot-candidate
1035ae80	10378470	slot-candidate
1035ae80	103785f0	slot-candidate
1035ae80	1037b1a0	slot-candidate
1035ae80	1037b1f0	slot-candidate
1035ae80	1037b290	slot-candidate
1035ae80	1037e240	slot-candidate
1035ae80	1037f960	slot-candidate
1035ae80	1037fa70	slot-candidate
1035ae80	10387140	slot-candidate
1035ae80	10388b30	slot-candidate
1035ae80	1038aec0	slot-candidate
1035ae80	1038b070	slot-candidate
1035ae80	10392660	slot-candidate
1035ae80	1039c220	slot-candidate
1035ae80	103a03e0	slot-candidate
1035ae80	103a0420	slot-candidate
1035ae80	103a2570	slot-candidate
1035ae80	103a4350	slot-candidate
1035ae80	103a4580	slot-candidate
1035ae80	103a6ab0	slot-candidate
1035ae80	103a6d40	slot-candidate
1035ae80	103ae540	slot-candidate
1035ae80	103ae6c0	slot-candidate
1035ae80	103b2360	slot-candidate
1035ae80	103b35c0	slot-candidate
1035ae80	103b41e0	slot-candidate
1035ae80	103b8fa0	slot-candidate
1035ae80	103b91d0	slot-candidate
1035ae80	103c1400	slot-candidate
1035ae80	103c1c80	slot-candidate
1035ae80	103c31e0	slot-candidate
1035ae80	103c5840	slot-candidate
1035ae80	103caef0	slot-candidate
1035ae80	103cb2a0	slot-candidate
1035ae80	103dce00	slot-candidate
1035ae80	103dd800	slot-candidate
1035ae80	103defc0	slot-candidate
1035ae80	103df120	slot-candidate
1035ae80	103e0540	slot-candidate
1035ae80	10431320	direct
1035b160	1026f110	direct
1035b4f0	102ea020	direct
1035b4f0	102ea2d0	direct
1035b5a0	100aa7b0	direct
1035b5a0	1027c820	direct
1035b5d0	100b15f0	slot-candidate
1035b5d0	100b15f0	virtual
1035b5d0	100b1690	slot-candidate
1035b5d0	100b1690	virtual
1035b5d0	10207e60	direct
1035b5d0	1027bb50	direct
1035b700	100aad70	slot-candidate
1035b700	100aad70	virtual
1035b700	100b1690	slot-candidate
1035b700	100b1690	virtual
1035b700	100dc480	direct
1035b700	101aab90	slot-candidate
1035b700	1025e510	slot-candidate
1035b700	1026dc00	direct
1035b700	10273070	direct
1035b700	10273390	slot-candidate
1035b700	10273390	virtual
1035b700	1027bb50	slot-candidate
1035b700	10298ad0	slot-candidate
1035b700	10298ce0	slot-candidate
1035b700	1029a0b0	slot-candidate
1035b700	103409a0	slot-candidate
1035b700	103409a0	virtual
1035b700	1034aa40	slot-candidate
1035b700	1034b160	slot-candidate
1035b700	1034c180	slot-candidate
1035b700	1034cde0	slot-candidate
1035b700	10358ec0	slot-candidate
1035b700	10359f70	slot-candidate
1035b700	1035ade0	slot-candidate
1035b700	1035b5d0	slot-candidate
1035b700	1035b5d0	virtual
1035b700	1035cb90	slot-candidate
1035b700	1035cec0	slot-candidate
1035b700	10360bc0	slot-candidate
1035b700	10360ce0	slot-candidate
1035b700	103637b0	slot-candidate
1035b700	10363940	slot-candidate
1035b700	103673b0	slot-candidate
1035b700	103689c0	slot-candidate
1035b700	103692c0	slot-candidate
1035b700	1036ae60	slot-candidate
1035b700	1036b050	slot-candidate
1035b700	1036f100	slot-candidate
1035b700	1036f900	slot-candidate
1035b700	10372b00	slot-candidate
1035b700	10375c80	slot-candidate
1035b700	10378470	slot-candidate
1035b700	103785f0	slot-candidate
1035b700	1037b1a0	slot-candidate
1035b700	1037b1f0	slot-candidate
1035b700	1037b290	slot-candidate
1035b700	1037e240	slot-candidate
1035b700	1037f960	slot-candidate
1035b700	1037fa70	slot-candidate
1035b700	10387140	slot-candidate
1035b700	10388b30	slot-candidate
1035b700	1038aec0	slot-candidate
1035b700	1038b070	slot-candidate
1035b700	10392660	slot-candidate
1035b700	1039c220	slot-candidate
1035b700	103a03e0	slot-candidate
1035b700	103a0420	slot-candidate
1035b700	103a2570	slot-candidate
1035b700	103a4350	slot-candidate
1035b700	103a4580	slot-candidate
1035b700	103a6ab0	slot-candidate
1035b700	103a6d40	slot-candidate
1035b700	103ae540	slot-candidate
1035b700	103ae6c0	slot-candidate
1035b700	103b2360	slot-candidate
1035b700	103b35c0	slot-candidate
1035b700	103b41e0	slot-candidate
1035b700	103b8fa0	slot-candidate
1035b700	103b91d0	slot-candidate
1035b700	103c1400	slot-candidate
1035b700	103c1c80	slot-candidate
1035b700	103c31e0	slot-candidate
1035b700	103c5840	slot-candidate
1035b700	103caef0	slot-candidate
1035b700	103cb2a0	slot-candidate
1035b700	103dce00	slot-candidate
1035b700	103dd800	slot-candidate
1035b700	103defc0	slot-candidate
1035b700	103df120	slot-candidate
1035b700	103e0540	slot-candidate
1035b700	10431320	direct
1035b890	1002cca0	direct
1035b890	100a9eb0	slot-candidate
1035b890	100a9eb0	virtual
1035b890	1019ce00	direct
1035b890	1019cf50	direct
1035b890	1019d280	direct
1035b890	1019d4b0	direct
1035ba00	1002cca0	direct
1035ba00	100a9eb0	slot-candidate
1035ba00	100a9eb0	virtual
1035ba00	1019ce00	direct
1035ba00	1019cf50	direct
1035ba00	1019d280	direct
1035ba00	1019d4b0	direct
1035bb70	1002cca0	direct
1035bb70	100a9eb0	slot-candidate
1035bb70	100a9eb0	virtual
1035bb70	1019ce00	direct
1035bb70	1019cf50	direct
1035bb70	1019d280	direct
1035bb70	1019d4b0	direct
1035bce0	1002cca0	direct
1035bce0	100a9eb0	slot-candidate
1035bce0	100a9eb0	virtual
1035bce0	1019ce00	direct
1035bce0	1019cf50	direct
1035bce0	1019d280	direct
1035bce0	1019d4b0	direct
1035bf70	1026f110	direct
1035c010	10090890	direct
1035c010	10265ad0	direct
1035c1f0	100aa7b0	direct
1035c1f0	100cd2d0	direct
1035c1f0	1028d610	direct
1035c270	100aa7b0	direct
1035c270	1035cd00	direct
1035c460	102ea020	direct
1035c460	102ea2d0	direct
1035cb90	10298ad0	direct
1035cc20	1026dc00	direct
1035cc20	1035e950	direct
1035cc20	103c4ef0	direct
1035cd00	100cd2d0	direct
1035cd00	101cd940	direct
1035cd00	1028d610	direct
1035cec0	103c5840	direct
1035cf80	103c5910	direct
1035d010	1035e920	direct
1035d180	10269b50	direct
1035d180	102b27f0	direct
1035d1b0	1002cbd0	direct
1035d1b0	10032b00	direct
1035d1b0	1009d1e0	direct
1035d1b0	100a9eb0	slot-candidate
1035d1b0	100a9eb0	virtual
1035d1b0	100ada20	slot-candidate
1035d1b0	100ada20	virtual
1035d1b0	100b2be0	slot-candidate
1035d1b0	100b2be0	virtual
1035d1b0	100b3070	slot-candidate
1035d1b0	100b3070	virtual
1035d1b0	100b31b0	slot-candidate
1035d1b0	100b31b0	virtual
1035d1b0	100b3b00	direct
1035d1b0	100b4790	direct
1035d1b0	100cd660	direct
1035d1b0	100dc580	direct
1035d1b0	100f7d50	direct
1035d1b0	1019ce00	direct
1035d1b0	1019d280	direct
1035d1b0	1019d4b0	direct
1035d1b0	101cd940	direct
1035d1b0	10273070	direct
1035d1b0	10273e80	direct
1035d1b0	10273fc0	slot-candidate
1035d1b0	10289ee0	direct
1035d1b0	1029adb0	slot-candidate
1035d1b0	1029adb0	virtual
1035d1b0	1035ddd0	direct
1035d1b0	1035e1a0	direct
1035d1b0	1035e3c0	direct
1035d1b0	10362390	slot-candidate
1035d1b0	1036d1d0	slot-candidate
1035d1b0	10379060	slot-candidate
1035d1b0	10380510	slot-candidate
1035d1b0	10394090	slot-candidate
1035d1b0	103a9400	slot-candidate
1035d1b0	103b0290	slot-candidate
1035d1b0	103ba350	slot-candidate
1035d1b0	103c5ac0	direct
1035d1b0	103ce750	slot-candidate
1035d1b0	10430b64	direct
1035d8b0	1009d380	slot-candidate
1035d8b0	1009d380	virtual
1035d8b0	10272900	slot-candidate
1035d8b0	10272900	virtual
1035d8b0	10273e80	direct
1035d8b0	1035e5f0	direct
1035d8b0	103c5f40	direct
1035db20	103c6000	direct
1035dc30	1028e310	direct
1035dc30	102ae750	direct
1035ddd0	101371d0	direct
1035ddd0	1035e030	direct
1035e030	100b31b0	slot-candidate
1035e030	100b31b0	virtual
1035e030	101371d0	direct
1035e1a0	100b31b0	slot-candidate
1035e1a0	100b31b0	virtual
1035e1a0	100faf60	direct
1035e1a0	100fbc90	direct
1035e1a0	101cd940	direct
1035e3c0	100b31b0	slot-candidate
1035e3c0	100b31b0	virtual
1035e3c0	100fbc90	direct
1035e3c0	101cd940	direct
1035e5f0	102e20b0	direct
1035e6d0	101faa70	direct
1035e6d0	10200610	direct
1035e6d0	102012d0	direct
1035e6d0	102beda0	direct
1035e6d0	10430923	direct
1035e980	10299da0	slot-candidate
1035e980	10299da0	virtual
1035e980	10332aa0	direct
1035e980	10333340	slot-candidate
1035e980	10372b70	slot-candidate
1035e980	10385a10	direct
1035e980	10388bb0	slot-candidate
1035e980	103a01b0	slot-candidate
1035e980	103a2930	slot-candidate
1035e980	103a48b0	slot-candidate
1035e980	103dd880	slot-candidate
1035ec50	100aa7b0	direct
1035ec50	1028d610	direct
1035edb0	102ea020	direct
1035edb0	102ea2d0	direct
1035f510	1026dc00	direct
1035f510	10298d30	direct
1035f5c0	1027d990	direct
1035f650	10273e80	direct
1035f650	10273fc0	slot-candidate
1035f650	10289ee0	direct
1035f650	1029adb0	slot-candidate
1035f650	1029adb0	virtual
1035f650	102a1910	direct
1035f650	102d61b0	direct
1035f650	102ecd20	direct
1035f650	102ee1c0	direct
1035f650	1032e7b0	direct
1035f650	10362390	slot-candidate
1035f650	1036d1d0	slot-candidate
1035f650	10379060	slot-candidate
1035f650	10380510	slot-candidate
1035f650	10394090	slot-candidate
1035f650	103a9400	slot-candidate
1035f650	103b0290	slot-candidate
1035f650	103ba350	slot-candidate
1035f650	103ce750	slot-candidate
1035f940	101a67e0	slot-candidate
1035f940	101a67e0	virtual
1035f940	10272900	slot-candidate
1035f940	10272900	virtual
1035f940	10273e10	slot-candidate
1035f940	10273e10	virtual
1035f940	10273e80	direct
1035f940	10280a50	direct
1035f940	102aacf0	direct
1035f940	102dfed0	direct
1035f940	102e20b0	direct
1035fb50	102af660	direct
1035fb50	102b8a60	direct
1035fb50	102b9060	direct
1035fb50	102ee620	direct
1035fd40	100b4dc0	slot-candidate
1035fd40	100b4dc0	virtual
1035fd40	101a8ac0	direct
1035fe80	101a67e0	slot-candidate
1035fe80	101a67e0	virtual
1035fe80	10269aa0	direct
1035fe80	10269d30	direct
1035fe80	102ad660	direct
10360160	1028fcc0	direct
103601a0	101cda50	direct
103601a0	102beda0	direct
10360410	100aa7b0	direct
10360410	100cd2d0	direct
10360410	1028d610	direct
10360610	102ea020	direct
10360610	102ea2d0	direct
10360bc0	101d0ec0	direct
10360bc0	10298ad0	direct
10360c50	1026dc00	direct
10360c50	103c4ef0	direct
10360ce0	100b31b0	slot-candidate
10360ce0	100b31b0	virtual
10360ce0	103c5840	direct
10360e10	103c5910	direct
10360eb0	10299da0	slot-candidate
10360eb0	10299da0	virtual
10360eb0	10333340	slot-candidate
10360eb0	10362430	direct
10360eb0	10362670	direct
10360eb0	10362730	direct
10360eb0	10372b70	slot-candidate
10360eb0	10384ee0	direct
10360eb0	10388bb0	slot-candidate
10360eb0	103a01b0	slot-candidate
10360eb0	103a2930	slot-candidate
10360eb0	103a48b0	slot-candidate
10360eb0	103dd880	slot-candidate
10361060	103851e0	direct
10361110	10362540	direct
10361110	10385a10	direct
103611a0	10273e80	direct
103611a0	10273fc0	slot-candidate
103611a0	1029adb0	slot-candidate
103611a0	103615c0	direct
103611a0	10361730	direct
103611a0	10362390	slot-candidate
103611a0	10362390	virtual
103611a0	1036d1d0	slot-candidate
103611a0	10379060	slot-candidate
103611a0	10380510	slot-candidate
103611a0	10394090	slot-candidate
103611a0	103a9400	slot-candidate
103611a0	103b0290	slot-candidate
103611a0	103ba350	slot-candidate
103611a0	103c5ac0	direct
103611a0	103ce750	slot-candidate
103612e0	100274b0	slot-candidate
103612e0	100274b0	virtual
103612e0	10273e80	direct
103612e0	10289ee0	direct
103612e0	10361a70	direct
103612e0	103c5f40	direct
10361490	103c6000	direct
103615c0	100b31b0	slot-candidate
103615c0	100b31b0	virtual
103615c0	101371d0	direct
103615c0	10361990	direct
103615c0	103629d0	direct
10361730	100b31b0	slot-candidate
10361730	100b31b0	virtual
10361730	101371d0	direct
10361730	10361990	direct
10361730	103629d0	direct
103618a0	101371d0	direct
10361a70	100b31b0	slot-candidate
10361a70	100b31b0	virtual
10361a70	102c4e80	direct
10362390	1029adb0	direct
10362430	100b31b0	slot-candidate
10362430	100b31b0	virtual
10362540	100b31b0	slot-candidate
10362540	100b31b0	virtual
10362540	101371d0	direct
10362730	100290c0	direct
10362730	100b31b0	slot-candidate
10362730	100b31b0	virtual
10362730	101371d0	direct
10362910	102b12f0	direct
10362910	10362430	direct
103629d0	100b31b0	slot-candidate
103629d0	100b31b0	virtual
103629d0	101371d0	direct
103629d0	103618a0	direct
10362c90	100aa7b0	direct
10362c90	1028d610	direct
10362df0	102ea020	direct
10362df0	102ea2d0	direct
103637b0	101d0ec0	direct
103637b0	10298ad0	direct
10363850	1026dc00	direct
10363850	1026dc30	direct
10363850	103c4ef0	direct
10363940	1029a0b0	direct
103639b0	1026e340	direct
103639b0	102ae140	direct
10363a10	10384ee0	direct
10363a30	1008dc40	direct
10363a30	1009f200	direct
10363a30	10269aa0	direct
10363a30	102b12f0	direct
10363a30	1032e7b0	direct
10363a30	1043e780	direct
10363b40	103851e0	direct
10363b60	10200610	direct
10363b60	102008e0	direct
10363b60	10279a50	direct
10363b60	10385a10	direct
10363b60	10430923	direct
10363c70	102beda0	direct
10363db0	1002cbd0	direct
10363db0	100a9eb0	slot-candidate
10363db0	100a9eb0	virtual
10363db0	100b4790	direct
10363db0	1019ce00	direct
10363db0	1019d280	direct
10363db0	1019d4b0	direct
10363db0	10200610	direct
10363db0	102008e0	direct
10363db0	10269a20	direct
10363db0	10269aa0	direct
10363db0	1026dd10	direct
10363db0	10430923	direct
103645a0	1002cbd0	direct
103645a0	10032b00	direct
103645a0	1009d1e0	direct
103645a0	1009f200	direct
103645a0	100a9eb0	slot-candidate
103645a0	100a9eb0	virtual
103645a0	100ada20	slot-candidate
103645a0	100ada20	virtual
103645a0	100b2be0	slot-candidate
103645a0	100b2be0	virtual
103645a0	100b3070	slot-candidate
103645a0	100b3070	virtual
103645a0	100b3b00	direct
103645a0	1019ce00	direct
103645a0	1019d280	direct
103645a0	1019d4b0	direct
103645a0	101a67e0	slot-candidate
103645a0	101a67e0	virtual
103645a0	101e4f30	direct
103645a0	101e56e0	direct
103645a0	10200610	direct
103645a0	102008e0	direct
103645a0	1026dc00	direct
103645a0	1026dc30	direct
103645a0	10273e80	direct
103645a0	10273fc0	slot-candidate
103645a0	10289ee0	direct
103645a0	1029adb0	slot-candidate
103645a0	1029adb0	virtual
103645a0	1032dde0	slot-candidate
103645a0	1032dde0	virtual
103645a0	1032e7b0	direct
103645a0	10335950	direct
103645a0	10362390	slot-candidate
103645a0	103656a0	direct
103645a0	10365780	direct
103645a0	1036d1d0	slot-candidate
103645a0	10379060	slot-candidate
103645a0	10380510	slot-candidate
103645a0	103847f0	direct
103645a0	10394090	slot-candidate
103645a0	103a9400	slot-candidate
103645a0	103b0290	slot-candidate
103645a0	103ba350	slot-candidate
103645a0	103ce750	slot-candidate
103645a0	10430923	direct
103645a0	1043e780	direct
103652b0	1002cbd0	direct
103652b0	1002cca0	direct
103652b0	1009f200	direct
103652b0	100a9eb0	slot-candidate
103652b0	100a9eb0	virtual
103652b0	1019ce00	direct
103652b0	1019d280	direct
103652b0	1019d4b0	direct
103652b0	101a67e0	slot-candidate
103652b0	101a67e0	virtual
103652b0	10273e10	slot-candidate
103652b0	10273e10	virtual
103652b0	10273e80	direct
103652b0	10273fc0	slot-candidate
103652b0	1029adb0	slot-candidate
103652b0	1029adb0	virtual
103652b0	102dfed0	direct
103652b0	102e20b0	direct
103652b0	1032e7b0	direct
103652b0	10362390	slot-candidate
103652b0	10365840	direct
103652b0	1036d1d0	slot-candidate
103652b0	10379060	slot-candidate
103652b0	10380510	slot-candidate
103652b0	10384ab0	direct
103652b0	10394090	slot-candidate
103652b0	103a9400	slot-candidate
103652b0	103b0290	slot-candidate
103652b0	103ba350	slot-candidate
103652b0	103ce750	slot-candidate
103652b0	1043e780	direct
103656a0	1024f7b0	direct
103656a0	10272650	direct
103656a0	1032d890	direct
103656a0	1032e120	direct
103656a0	1032e7b0	direct
103656a0	10334c20	direct
10365780	10273e80	direct
10365780	10273fc0	slot-candidate
10365780	1029adb0	slot-candidate
10365780	102d1af0	direct
10365780	10362390	slot-candidate
10365780	1036d1d0	slot-candidate
10365780	10379060	slot-candidate
10365780	10380510	slot-candidate
10365780	10394090	slot-candidate
10365780	103a9400	slot-candidate
10365780	103b0290	slot-candidate
10365780	103ba350	slot-candidate
10365780	103ce750	slot-candidate
10365800	10295c20	direct
10365860	100a5ea0	direct
10365860	100a99d0	direct
10365860	100f7770	direct
10365860	10139550	direct
10365860	103eec60	direct
10365860	103eeee0	direct
10365a70	102b27f0	direct
10365a70	10365a90	direct
10365a90	1002cbd0	direct
10365a90	1002cca0	direct
10365a90	10032b00	direct
10365a90	1019ce00	direct
10365a90	1019d280	direct
10365a90	1019d4b0	direct
10365a90	101cda50	direct
10365a90	102ae750	direct
10365a90	10365860	direct
10366290	10119750	direct
10366290	102775e0	direct
103662d0	10430fa0	direct
10366400	10366490	direct
10366400	10430fa0	direct
10366cb0	100aa7b0	direct
10366cb0	1028d610	direct
10366e10	102ea020	direct
10366e10	102ea2d0	direct
10367380	1026dc00	direct
10367380	103c4ef0	direct
103673b0	1029a0b0	direct
10367460	10384ee0	direct
103674a0	103851e0	direct
103674c0	10385a10	direct
10367580	1026dd10	direct
103675e0	1026d890	direct
10367610	1026d920	direct
103678b0	100aa7b0	direct
103678b0	1028d610	direct
10367a10	102ea020	direct
10367a10	102ea2d0	direct
103683f0	100aa7b0	direct
103683f0	1028d610	direct
10368550	102ea020	direct
10368550	102ea2d0	direct
103689c0	100ab4f0	direct
103689c0	100b15f0	slot-candidate
103689c0	100b15f0	virtual
103689c0	100b1690	slot-candidate
103689c0	100b1690	virtual
103689c0	101cd940	direct
103689c0	10270820	slot-candidate
103689c0	1027c2e0	slot-candidate
103689c0	1029a050	slot-candidate
103689c0	102b97f0	slot-candidate
103689c0	102d6230	direct
103689c0	102f9920	direct
103689c0	102f9950	direct
103689c0	102f9970	direct
103689c0	103591e0	slot-candidate
103689c0	10359e30	slot-candidate
103689c0	1035ac80	slot-candidate
103689c0	1035b490	slot-candidate
103689c0	1035c400	slot-candidate
103689c0	1035ed50	slot-candidate
103689c0	103605b0	slot-candidate
103689c0	10362d90	slot-candidate
103689c0	10366db0	slot-candidate
103689c0	103679b0	slot-candidate
103689c0	103684f0	slot-candidate
103689c0	103684f0	virtual
103689c0	10368e80	slot-candidate
103689c0	10368e80	virtual
103689c0	1036a390	slot-candidate
103689c0	1036ec90	slot-candidate
103689c0	1036f490	slot-candidate
103689c0	1036fc50	slot-candidate
103689c0	10370a70	slot-candidate
103689c0	10373670	slot-candidate
103689c0	103753e0	slot-candidate
103689c0	103771b0	slot-candidate
103689c0	10377c70	slot-candidate
103689c0	10378680	slot-candidate
103689c0	1037a8f0	slot-candidate
103689c0	1037c7a0	slot-candidate
103689c0	1037ea00	slot-candidate
103689c0	1037fb20	slot-candidate
103689c0	103841a0	slot-candidate
103689c0	10386c20	slot-candidate
103689c0	10387850	slot-candidate
103689c0	103881a0	slot-candidate
103689c0	10388f20	slot-candidate
103689c0	103896a0	slot-candidate
103689c0	10389ef0	slot-candidate
103689c0	1038b100	slot-candidate
103689c0	10391330	slot-candidate
103689c0	10392a50	slot-candidate
103689c0	1039b1d0	slot-candidate
103689c0	1039c480	slot-candidate
103689c0	1039f740	slot-candidate
103689c0	103a15e0	slot-candidate
103689c0	103a1f40	slot-candidate
103689c0	103a3bf0	slot-candidate
103689c0	103a51e0	slot-candidate
103689c0	103a5df0	slot-candidate
103689c0	103abce0	slot-candidate
103689c0	103ac4e0	slot-candidate
103689c0	103adc50	slot-candidate
103689c0	103ae840	slot-candidate
103689c0	103b1d60	slot-candidate
103689c0	103b29f0	slot-candidate
103689c0	103b3110	slot-candidate
103689c0	103b3c60	slot-candidate
103689c0	103b5470	slot-candidate
103689c0	103b5c10	slot-candidate
103689c0	103b7090	slot-candidate
103689c0	103b9160	slot-candidate
103689c0	103c0c30	slot-candidate
103689c0	103c1cb0	slot-candidate
103689c0	103c2a00	slot-candidate
103689c0	103c3cb0	slot-candidate
103689c0	103c4a20	slot-candidate
103689c0	103c5210	slot-candidate
103689c0	103c78f0	slot-candidate
103689c0	103c8e70	slot-candidate
103689c0	103cab50	slot-candidate
103689c0	103dc8f0	slot-candidate
103689c0	103dd190	slot-candidate
103689c0	103de470	slot-candidate
10368b70	1009d2a0	slot-candidate
10368b70	1009d2a0	virtual
10368b70	100aad70	slot-candidate
10368b70	100aad70	virtual
10368b70	100b1690	slot-candidate
10368b70	100b1690	virtual
10368b70	100b3840	direct
10368b70	100dc480	direct
10368b70	100dc580	direct
10368b70	101aab90	slot-candidate
10368b70	101cf600	direct
10368b70	1025e510	slot-candidate
10368b70	1026dc00	direct
10368b70	10273070	direct
10368b70	10273390	slot-candidate
10368b70	1027bb50	slot-candidate
10368b70	1028fb70	direct
10368b70	10298ad0	slot-candidate
10368b70	10298ce0	slot-candidate
10368b70	10298ce0	virtual
10368b70	1029a0b0	slot-candidate
10368b70	1033df80	direct
10368b70	103409a0	slot-candidate
10368b70	1034aa40	slot-candidate
10368b70	1034b160	slot-candidate
10368b70	1034c180	slot-candidate
10368b70	1034cde0	slot-candidate
10368b70	10358ec0	slot-candidate
10368b70	10359f70	slot-candidate
10368b70	1035ade0	slot-candidate
10368b70	1035b5d0	slot-candidate
10368b70	1035cb90	slot-candidate
10368b70	1035cec0	slot-candidate
10368b70	10360bc0	slot-candidate
10368b70	10360ce0	slot-candidate
10368b70	103637b0	slot-candidate
10368b70	10363940	slot-candidate
10368b70	103673b0	slot-candidate
10368b70	103689c0	slot-candidate
10368b70	103689c0	virtual
10368b70	103692c0	slot-candidate
10368b70	103692c0	virtual
10368b70	1036ae60	slot-candidate
10368b70	1036b050	slot-candidate
10368b70	1036f100	slot-candidate
10368b70	1036f900	slot-candidate
10368b70	10372b00	slot-candidate
10368b70	10375c80	slot-candidate
10368b70	10378470	slot-candidate
10368b70	103785f0	slot-candidate
10368b70	1037b1a0	slot-candidate
10368b70	1037b1f0	slot-candidate
10368b70	1037b290	slot-candidate
10368b70	1037e240	slot-candidate
10368b70	1037f960	slot-candidate
10368b70	1037fa70	slot-candidate
10368b70	10387140	slot-candidate
10368b70	10388b30	slot-candidate
10368b70	1038aec0	slot-candidate
10368b70	1038b070	slot-candidate
10368b70	10392660	slot-candidate
10368b70	1039c220	slot-candidate
10368b70	103a03e0	slot-candidate
10368b70	103a0420	slot-candidate
10368b70	103a2570	slot-candidate
10368b70	103a4350	slot-candidate
10368b70	103a4580	slot-candidate
10368b70	103a6ab0	slot-candidate
10368b70	103a6d40	slot-candidate
10368b70	103ae540	slot-candidate
10368b70	103ae6c0	slot-candidate
10368b70	103b2360	slot-candidate
10368b70	103b35c0	slot-candidate
10368b70	103b41e0	slot-candidate
10368b70	103b8fa0	slot-candidate
10368b70	103b91d0	slot-candidate
10368b70	103c1400	slot-candidate
10368b70	103c1c80	slot-candidate
10368b70	103c31e0	slot-candidate
10368b70	103c5840	slot-candidate
10368b70	103caef0	slot-candidate
10368b70	103cb2a0	slot-candidate
10368b70	103dce00	slot-candidate
10368b70	103dd800	slot-candidate
10368b70	103defc0	slot-candidate
10368b70	103df120	slot-candidate
10368b70	103e0540	slot-candidate
10368f80	101a67e0	slot-candidate
10368f80	101a67e0	virtual
10368f80	10269aa0	direct
10368f80	103161a0	direct
103690e0	1028fcc0	direct
10369120	1026a0f0	direct
10369120	1026c3d0	direct
10369120	1026f110	slot-candidate
10369120	1027efb0	direct
10369120	1028fcc0	slot-candidate
10369120	1029f2e0	direct
10369120	1035a900	slot-candidate
10369120	1035b160	slot-candidate
10369120	1035bf70	slot-candidate
10369120	1035e980	slot-candidate
10369120	10360160	slot-candidate
10369120	10361110	slot-candidate
10369120	10363b60	slot-candidate
10369120	103674c0	slot-candidate
10369120	103690e0	slot-candidate
10369120	103690e0	virtual
10369120	10370340	slot-candidate
10369120	10372aa0	slot-candidate
10369120	103747e0	slot-candidate
10369120	10378b80	slot-candidate
10369120	1037e1e0	slot-candidate
10369120	10380120	slot-candidate
10369120	10385a10	slot-candidate
10369120	10387500	slot-candidate
10369120	10388ad0	slot-candidate
10369120	1038e990	slot-candidate
10369120	10394970	slot-candidate
10369120	1039e3d0	slot-candidate
10369120	1039fe30	slot-candidate
10369120	103a3670	slot-candidate
10369120	103a4870	slot-candidate
10369120	103a75c0	slot-candidate
10369120	103aebd0	slot-candidate
10369120	103b2470	slot-candidate
10369120	103b3650	slot-candidate
10369120	103b51a0	slot-candidate
10369120	103bdef0	slot-candidate
10369120	103c1d20	slot-candidate
10369120	103dd7a0	slot-candidate
10369120	103df850	slot-candidate
103692c0	1008f540	direct
103692c0	100ac4e0	direct
103692c0	100b3070	slot-candidate
103692c0	100b3070	virtual
103692c0	100b3110	slot-candidate
103692c0	100b3110	virtual
103692c0	101cd940	direct
103692c0	1024f7b0	direct
103692c0	1026db30	slot-candidate
103692c0	1026db30	virtual
103692c0	10273790	direct
103692c0	10273aa0	direct
103692c0	10274ca0	direct
103692c0	10279a50	direct
103692c0	10280d30	direct
103692c0	102b53d0	direct
103692c0	102b5dc0	direct
103692c0	102e0a80	direct
103692c0	102e0b40	direct
103692c0	102ee270	direct
103692c0	1032d380	slot-candidate
103692c0	1032d380	virtual
103692c0	1032e120	direct
103692c0	10334c20	direct
103692c0	10431c2f	direct
10369930	1009f200	direct
10369930	100aac30	slot-candidate
10369930	100aac30	virtual
10369930	100ac4e0	direct
10369930	100b1690	slot-candidate
10369930	100b1690	virtual
10369930	100b2be0	slot-candidate
10369930	100b2be0	virtual
10369930	100b3070	slot-candidate
10369930	100b3070	virtual
10369930	100b3640	direct
10369930	100f7770	direct
10369930	1026db30	slot-candidate
10369930	1026db30	virtual
10369930	1026e340	direct
10369930	102725d0	slot-candidate
10369930	10273d30	slot-candidate
10369930	10280de0	direct
10369930	10295750	slot-candidate
10369930	10295750	virtual
10369930	102e7880	direct
10369930	10369bd0	slot-candidate
10369930	10369bd0	virtual
10369930	103c1cd0	slot-candidate
10369930	103c3d80	slot-candidate
10369930	1043e780	direct
10369bd0	1009f200	direct
10369bd0	1026db30	slot-candidate
10369bd0	1026db30	virtual
10369bd0	10273dd0	slot-candidate
10369bd0	10273dd0	virtual
10369bd0	10315790	direct
10369bd0	10315800	direct
10369bd0	103158f0	direct
10369e40	100aa7b0	direct
10369e40	1028d610	direct
10369e70	100f7770	direct
10369e70	101cd940	direct
10369e70	10430b64	direct
10369fb0	1020cc60	direct
10369fb0	10369e70	direct
10369ff0	1020cd00	direct
10369ff0	10369e70	direct
1036a1f0	100aa7b0	direct
1036a1f0	100cd2d0	direct
1036a1f0	1028d610	direct
1036a3f0	102ea020	direct
1036a3f0	102ea2d0	direct
1036ae60	101d0ec0	direct
1036ae60	10298ad0	direct
1036afc0	1026dc00	direct
1036afc0	103c4ef0	direct
1036b050	103c5840	direct
1036b050	103c6df0	direct
1036b170	103c5910	direct
1036b170	103c6df0	direct
1036b250	100290c0	direct
1036b250	10269aa0	direct
1036b250	10299da0	slot-candidate
1036b250	10299da0	virtual
1036b250	10333340	slot-candidate
1036b250	10372b70	slot-candidate
1036b250	10384ee0	direct
1036b250	10388bb0	slot-candidate
1036b250	103a01b0	slot-candidate
1036b250	103a2930	slot-candidate
1036b250	103a48b0	slot-candidate
1036b250	103dd880	slot-candidate
1036b460	102b12f0	direct
1036b500	103851e0	direct
1036b590	10269a20	direct
1036b590	10269b50	direct
1036b590	102b27f0	direct
1036b590	1036c8d0	direct
1036b590	1036cab0	direct
1036b590	1036cbd0	direct
1036b590	1036d600	direct
1036b750	100b31b0	slot-candidate
1036b750	100b31b0	virtual
1036b750	100b3b00	direct
1036b750	100dc580	direct
1036b750	101d5e80	direct
1036b750	10273e80	direct
1036b750	10273fc0	slot-candidate
1036b750	1027d9b0	direct
1036b750	10289ee0	direct
1036b750	1029adb0	slot-candidate
1036b750	102c41b0	direct
1036b750	102c4e80	direct
1036b750	102e0b40	direct
1036b750	102e2020	direct
1036b750	10337860	direct
1036b750	10362390	slot-candidate
1036b750	1036cce0	direct
1036b750	1036cfa0	direct
1036b750	1036d100	direct
1036b750	1036d1d0	slot-candidate
1036b750	1036d1d0	virtual
1036b750	1036df50	direct
1036b750	1036e160	direct
1036b750	1036e580	direct
1036b750	10379060	slot-candidate
1036b750	10380510	slot-candidate
1036b750	10394090	slot-candidate
1036b750	103a9400	slot-candidate
1036b750	103b0290	slot-candidate
1036b750	103ba350	slot-candidate
1036b750	103c5ac0	direct
1036b750	103c6a00	direct
1036b750	103c6df0	direct
1036b750	103c6eb0	direct
1036b750	103c6f40	direct
1036b750	103c7230	direct
1036b750	103ce750	slot-candidate
1036bfc0	100274b0	slot-candidate
1036bfc0	100274b0	virtual
1036bfc0	100fbc90	direct
1036bfc0	101a67e0	slot-candidate
1036bfc0	101a67e0	virtual
1036bfc0	10272900	slot-candidate
1036bfc0	10272900	virtual
1036bfc0	10273e10	slot-candidate
1036bfc0	10273e10	virtual
1036bfc0	10273e80	direct
1036bfc0	10273fc0	slot-candidate
1036bfc0	10280a50	direct
1036bfc0	10289ee0	direct
1036bfc0	1029adb0	slot-candidate
1036bfc0	102dfed0	direct
1036bfc0	102e1e20	direct
1036bfc0	102e20b0	direct
1036bfc0	10345330	direct
1036bfc0	10345980	direct
1036bfc0	103498b0	direct
1036bfc0	10362390	slot-candidate
1036bfc0	1036d1d0	slot-candidate
1036bfc0	1036d1d0	virtual
1036bfc0	1036dd20	direct
1036bfc0	1036e2f0	direct
1036bfc0	1036e400	direct
1036bfc0	1036e820	direct
1036bfc0	1036e8c0	direct
1036bfc0	10379060	slot-candidate
1036bfc0	10380510	slot-candidate
1036bfc0	10394090	slot-candidate
1036bfc0	103a9400	slot-candidate
1036bfc0	103b0290	slot-candidate
1036bfc0	103ba350	slot-candidate
1036bfc0	103c5f40	direct
1036bfc0	103c6df0	direct
1036bfc0	103c6eb0	direct
1036bfc0	103c6f40	direct
1036bfc0	103c7150	direct
1036bfc0	103ce750	slot-candidate
1036c6c0	103c6000	direct
1036c8d0	100290c0	direct
1036c8d0	100b31b0	slot-candidate
1036c8d0	100b31b0	virtual
1036c8d0	103160a0	direct
1036c8d0	103160c0	direct
1036c8d0	1036e580	direct
1036c8d0	10430b64	direct
1036cab0	1036dc60	direct
1036cab0	1036e2f0	direct
1036cab0	103c6a20	direct
1036cbd0	1036e2f0	direct
1036cbd0	103c6830	direct
1036cce0	101371d0	direct
1036cce0	1036d350	direct
1036cce0	1036e580	direct
1036cfa0	100b31b0	slot-candidate
1036cfa0	100b31b0	virtual
1036cfa0	101371d0	direct
1036cfa0	1036df50	direct
1036d1d0	1029adb0	direct
1036d350	100b31b0	slot-candidate
1036d350	100b31b0	virtual
1036d350	101371d0	direct
1036d350	10315a80	direct
1036d350	103160a0	direct
1036d350	103160c0	direct
1036d350	1036d270	direct
1036d350	10430b64	direct
1036d600	100b31b0	slot-candidate
1036d600	100b31b0	virtual
1036d600	10137220	direct
1036d600	10139970	direct
1036d600	1013d580	direct
1036dc60	103160a0	direct
1036dd20	100a99d0	direct
1036dd20	100b31b0	slot-candidate
1036dd20	100b31b0	virtual
1036dd20	100b3280	slot-candidate
1036dd20	100b3280	virtual
1036dd20	10139610	direct
1036df50	100b31b0	slot-candidate
1036df50	100b31b0	virtual
1036df50	1036e2f0	direct
1036df50	1036e580	direct
1036df50	103c6b70	direct
1036e160	100b31b0	slot-candidate
1036e160	100b31b0	virtual
1036e160	10269b50	direct
1036e160	102c4e80	direct
1036e2f0	103160a0	direct
1036e2f0	103160c0	direct
1036e2f0	10430b64	direct
1036e6f0	100b31b0	slot-candidate
1036e6f0	100b31b0	virtual
1036e6f0	102741e0	direct
1036e6f0	1036b6b0	direct
1036e6f0	1036e580	direct
1036e6f0	10430b64	direct
1036e820	1028a150	direct
1036e8c0	100fbbb0	direct
1036eaf0	100aa7b0	direct
1036eaf0	100cd2d0	direct
1036eaf0	1028d610	direct
1036ecf0	102ea020	direct
1036ecf0	102ea2d0	direct
1036f100	1036b050	direct
1036f100	1036c7f0	direct
1036f2f0	100aa7b0	direct
1036f2f0	100cd2d0	direct
1036f2f0	1028d610	direct
1036f4f0	102ea020	direct
1036f4f0	102ea2d0	direct
1036f900	1036b050	direct
1036f900	1036c7f0	direct
1036fb50	100aa7b0	direct
1036fb50	1028d610	direct
1036fcb0	102ea020	direct
1036fcb0	102ea2d0	direct
103701a0	100952d0	direct
103701a0	1026dc00	direct
103701a0	10384690	direct
10370230	10269d30	direct
10370230	102ee620	direct
10370230	10384ee0	direct
10370320	103851e0	direct
10370340	10385a10	direct
103705e0	100f8370	direct
103705e0	102ae840	direct
10370650	103706b0	direct
103706b0	100f8370	direct
103706b0	1017f6e0	direct
103706b0	102ae840	direct
103706b0	103705b0	direct
10370970	100aa7b0	direct
10370970	1028d610	direct
10370ad0	102ea020	direct
10370ad0	102ea2d0	direct
10371a20	1026dc00	direct
10371a20	10387110	direct
10371a90	1028d6e0	direct
10371ae0	10299da0	slot-candidate
10371ae0	102b3e00	direct
10371ae0	10333340	slot-candidate
10371ae0	10370560	direct
10371ae0	10372b70	slot-candidate
10371ae0	10372b70	virtual
10371ae0	10388bb0	slot-candidate
10371ae0	103a01b0	slot-candidate
10371ae0	103a2930	slot-candidate
10371ae0	103a48b0	slot-candidate
10371ae0	103dd880	slot-candidate
10371b70	10273e80	direct
10371b70	102b4fe0	slot-candidate
10371b70	10372dd0	slot-candidate
10371b70	10372dd0	virtual
10371b70	103847f0	direct
10371c20	10027020	slot-candidate
10371c20	1017f6e0	direct
10371c20	101a64c0	slot-candidate
10371c20	101a67e0	slot-candidate
10371c20	101a67e0	virtual
10371c20	101aa750	slot-candidate
10371c20	101aa750	virtual
10371c20	102b4fb0	slot-candidate
10371c20	102b4fe0	slot-candidate
10371c20	102b5360	slot-candidate
10371c20	102b5360	virtual
10371c20	1032e7b0	direct
10371c20	10372cc0	slot-candidate
10371c20	10372cc0	virtual
10371c20	10372dd0	slot-candidate
10371c20	10372dd0	virtual
10371c20	103871c0	direct
10371ee0	1017e6f0	direct
10371ee0	1017f770	direct
10371ee0	1017f8d0	direct
10371ee0	10269d30	direct
10371ee0	1026e340	direct
10371ee0	103872d0	direct
10372150	102b12f0	direct
103723f0	10269aa0	direct
103726c0	10269d30	direct
103726c0	102b4f60	slot-candidate
103726c0	102b4fb0	slot-candidate
103726c0	103723f0	direct
103726c0	10372c50	slot-candidate
103726c0	10372c50	virtual
103726c0	10372cc0	slot-candidate
103726c0	10372cc0	virtual
103726c0	10387380	direct
10372aa0	10387500	direct
10372b00	10387140	direct
10372b70	1017f770	direct
10372b70	1017f8d0	direct
10372b70	10299da0	direct
10372c50	102707d0	direct
10372c50	10279a50	direct
10372c50	102b4f60	direct
10372cc0	1017f650	direct
10372cc0	101a6720	slot-candidate
10372cc0	101a6720	virtual
10372cc0	10273790	direct
10372cc0	102b4fb0	direct
10372cc0	1038fb00	slot-candidate
10372dd0	101a67e0	slot-candidate
10372dd0	101a67e0	virtual
10372dd0	101d3730	direct
10372dd0	10273790	direct
10372dd0	10273e10	slot-candidate
10372dd0	10273e10	virtual
10372dd0	10279a50	direct
10372dd0	10279b70	direct
10372dd0	102b4fe0	direct
10372dd0	102dfaa0	direct
10372dd0	10332ca0	direct
10372f00	100290c0	direct
10372f00	100b31b0	slot-candidate
10372f00	100b31b0	virtual
10372f00	10143710	direct
10372f00	1017f770	direct
10372f00	1017f8d0	direct
10372f00	10299da0	direct
10372f00	10299da0	slot-candidate
10372f00	1029ca50	direct
10372f00	10333340	slot-candidate
10372f00	10372b70	slot-candidate
10372f00	10372b70	virtual
10372f00	10388bb0	slot-candidate
10372f00	103a01b0	slot-candidate
10372f00	103a2930	slot-candidate
10372f00	103a48b0	slot-candidate
10372f00	103dd880	slot-candidate
10372f00	10431c2f	direct
10373570	100aa7b0	direct
10373570	1028d610	direct
103736d0	102ea020	direct
103736d0	102ea2d0	direct
10374000	1026dc00	direct
10374000	1035f510	direct
10374130	100916a0	slot-candidate
10374130	100916a0	virtual
10374280	1029b290	direct
10374280	1032e7b0	direct
10374280	10374f40	direct
103742d0	10269aa0	direct
103742d0	10269b50	direct
103742d0	10269d30	direct
103742d0	1035fb50	direct
10374370	102b12f0	direct
103743c0	101a6700	slot-candidate
103743c0	101aa6b0	slot-candidate
103743c0	101aa6b0	virtual
103743c0	10269a20	direct
103743c0	10269d30	direct
103743c0	1035fe80	direct
103743c0	103747c0	direct
103747e0	102725d0	slot-candidate
103747e0	10295750	slot-candidate
103747e0	10295750	virtual
103747e0	10360160	direct
103747e0	103c1cd0	slot-candidate
103747e0	103c3d80	slot-candidate
10374940	101a67e0	slot-candidate
10374940	101a67e0	virtual
10374940	102725d0	slot-candidate
10374940	10272900	slot-candidate
10374940	10272900	virtual
10374940	10273e10	slot-candidate
10374940	10273e10	virtual
10374940	10273e80	direct
10374940	10280a50	direct
10374940	10289ee0	direct
10374940	10295750	slot-candidate
10374940	10295750	virtual
10374940	102dfed0	direct
10374940	102e0b40	direct
10374940	102e20b0	direct
10374940	1035f650	direct
10374940	103c1cd0	slot-candidate
10374940	103c3d80	slot-candidate
10374a20	101cda50	direct
10374a20	102e20b0	direct
10374a20	1035f940	direct
10374ad0	10295590	direct
10374b00	100b3070	slot-candidate
10374b00	100b3070	virtual
10374b00	101371d0	direct
10374b00	101cda50	direct
10374b00	10269a20	direct
10374b00	10269aa0	direct
10374b00	102b27f0	direct
10374d80	10269aa0	direct
10374d80	102ad340	direct
10374d80	10374e50	direct
10374e50	103161a0	direct
10374f40	101cd110	direct
10374f40	1032e7b0	direct
10375440	102ea020	direct
10375440	102ea2d0	direct
10375c50	1026dc00	direct
10375c50	103a4510	direct
10375c80	1024f7b0	direct
10375c80	1026e340	direct
10375c80	1032d380	slot-candidate
10375c80	1032d380	virtual
10375c80	1032e120	direct
10375c80	10334c20	direct
10375c80	10376c10	direct
10375c80	103a4580	direct
10375d90	101a67e0	slot-candidate
10375d90	101a67e0	virtual
10375d90	10269aa0	direct
10375d90	10384ee0	direct
10375e50	101a67e0	slot-candidate
10375e50	101a67e0	virtual
10375e50	10269aa0	direct
10375e50	103a4700	direct
10375ed0	10269a20	direct
10375ed0	10269b50	direct
10375ed0	102b27f0	direct
10375f20	102b11c0	direct
10375f20	102b12f0	direct
10375f50	10027020	slot-candidate
10375f50	100a9c90	slot-candidate
10375f50	100a9c90	virtual
10375f50	100b3070	slot-candidate
10375f50	100b3070	virtual
10375f50	100b31b0	slot-candidate
10375f50	100b31b0	virtual
10375f50	100f8580	direct
10375f50	101371d0	direct
10375f50	102702d0	slot-candidate
10375f50	10273e80	direct
10375f50	10273fc0	slot-candidate
10375f50	10289ee0	direct
10375f50	10295460	direct
10375f50	1029adb0	slot-candidate
10375f50	1029adb0	virtual
10375f50	102a1650	direct
10375f50	102b5360	slot-candidate
10375f50	102b5360	virtual
10375f50	102bf6e0	slot-candidate
10375f50	102bf6e0	virtual
10375f50	102d61b0	direct
10375f50	102ee1c0	direct
10375f50	102f2fe0	direct
10375f50	10306700	direct
10375f50	1032e7b0	direct
10375f50	1033f6d0	direct
10375f50	10362390	slot-candidate
10375f50	1036d1d0	slot-candidate
10375f50	10379060	slot-candidate
10375f50	10380510	slot-candidate
10375f50	103847f0	direct
10375f50	10392a10	slot-candidate
10375f50	10394090	slot-candidate
10375f50	103a9400	slot-candidate
10375f50	103b0290	slot-candidate
10375f50	103b9120	slot-candidate
10375f50	103ba350	slot-candidate
10375f50	103ce750	slot-candidate
103766d0	100a6fa0	slot-candidate
103766d0	100b31b0	slot-candidate
103766d0	100b31b0	virtual
103766d0	100b3700	direct
103766d0	100b4dc0	virtual
103766d0	101a67e0	slot-candidate
103766d0	101a67e0	virtual
103766d0	101a6820	slot-candidate
103766d0	101a6820	virtual
103766d0	10273e10	slot-candidate
103766d0	10273e10	virtual
103766d0	102741e0	slot-candidate
103766d0	102741e0	virtual
103766d0	102b4630	slot-candidate
103766d0	102b4630	virtual
103766d0	102e0210	direct
103766d0	1030fb10	direct
103766d0	10333700	slot-candidate
103766d0	10333700	virtual
103766d0	10369ff0	slot-candidate
103766d0	1036e6f0	slot-candidate
103766d0	103ba290	slot-candidate
103766d0	103cb810	slot-candidate
103766d0	103ddaf0	slot-candidate
103766d0	103e0bc0	slot-candidate
103766d0	10431320	direct
10376ae0	100a9c90	slot-candidate
10376ae0	100a9c90	virtual
10376b10	100a9c90	slot-candidate
10376b10	100a9c90	virtual
10376f20	100aa7b0	direct
10376f20	1028d610	direct
10376f50	100aa7b0	direct
10376f50	1028d610	direct
103770b0	100aa7b0	direct
103770b0	1028d610	direct
10377210	102ea020	direct
10377210	102ea2d0	direct
10377b60	100aa7b0	direct
10377b60	100cd2d0	direct
10377b60	1028d610	direct
10377cd0	102ea020	direct
10377cd0	102ea2d0	direct
10378470	101d0ec0	direct
10378470	10298ad0	direct
103785f0	1029a0b0	direct
103786c0	1002cca0	direct
103786c0	100a9eb0	slot-candidate
103786c0	100a9eb0	virtual
103786c0	100b3070	slot-candidate
103786c0	100b3070	virtual
103786c0	1019ce00	direct
103786c0	1019cf50	direct
103786c0	1019d280	direct
103786c0	1019d4b0	direct
103786c0	101cdba0	direct
103786c0	1029b290	direct
103788d0	100b31b0	slot-candidate
103788d0	100b31b0	virtual
103788d0	101a67e0	slot-candidate
103788d0	101a67e0	virtual
103788d0	10200610	direct
103788d0	102017b0	direct
103788d0	102741e0	slot-candidate
103788d0	102741e0	virtual
103788d0	102ee380	direct
103788d0	1036e6f0	slot-candidate
103788d0	10378f80	direct
103788d0	10384ee0	direct
103788d0	10430923	direct
10378a30	102b12f0	direct
10378b60	103851e0	direct
10378b80	103796a0	direct
10378b80	10379b40	direct
10378b80	10379e80	direct
10378b80	10385a10	direct
10378c10	102beda0	direct
10378c10	10332ca0	direct
10378cb0	101faa70	direct
10378cb0	103229d0	direct
10378d30	102a01b0	direct
10378da0	102ae750	direct
10378da0	102bf340	direct
10378df0	100b31b0	slot-candidate
10378df0	100b31b0	virtual
10378df0	101371d0	direct
10378df0	101a67e0	slot-candidate
10378df0	101a67e0	virtual
10378df0	10269b50	direct
10378df0	102b27f0	direct
10378ec0	100f7b20	direct
10378f80	10378ec0	direct
10378f80	10379000	direct
10378fc0	102a0940	direct
10379060	10269d30	direct
10379060	1029adb0	direct
10379060	10379000	direct
10379060	10379040	direct
103790d0	100290c0	direct
103790d0	10095e50	slot-candidate
103790d0	10095e50	virtual
103790d0	100b3110	slot-candidate
103790d0	100b3110	virtual
103790d0	100cd660	direct
103790d0	10139610	direct
103790d0	10273e80	direct
103790d0	10278c80	direct
103790d0	10289d10	slot-candidate
103790d0	10289ee0	direct
103790d0	10297640	slot-candidate
103790d0	10297640	virtual
103790d0	102e0b40	direct
103790d0	102e2020	direct
103790d0	103847f0	direct
103793e0	10272900	slot-candidate
103793e0	10272900	virtual
103793e0	10273e80	direct
103793e0	10278c80	direct
103793e0	10289d10	slot-candidate
103793e0	10297640	slot-candidate
103793e0	10297640	virtual
103793e0	102e1e20	direct
103793e0	10384ab0	direct
10379490	1029b180	direct
10379490	10432740	direct
10379490	1043e780	direct
103796a0	1004f860	direct
103796a0	1005f190	direct
103796a0	1006dec0	direct
103796a0	1008bf00	direct
103796a0	10139610	direct
103796a0	10146570	direct
103796a0	101ccd70	direct
103796a0	1023bd00	direct
10379b40	1004f7a0	direct
10379b40	1005f190	direct
10379b40	10095e50	slot-candidate
10379b40	10146570	direct
10379b40	10432740	direct
10379b40	1043e780	direct
1037a270	100a4af0	direct
1037a270	101c26d0	direct
1037a270	101fa5b0	direct
1037a270	101fa680	direct
1037a270	101fa8d0	direct
1037a270	101fa960	direct
1037a270	10432740	direct
1037a270	1043e780	direct
1037a450	10432740	direct
1037a450	1043e780	direct
1037a5b0	101e3ff0	direct
1037a950	102ea020	direct
1037a950	102ea2d0	direct
1037aff0	100aa7b0	direct
1037aff0	100cd2d0	direct
1037aff0	1028d610	direct
1037b040	1025e510	slot-candidate
1037b040	1026dc00	direct
1037b040	10298ce0	slot-candidate
1037b040	103409a0	slot-candidate
1037b040	1037b1f0	slot-candidate
1037b040	1037b1f0	virtual
1037b040	10387110	direct
1037b040	103e0540	slot-candidate
1037b1a0	101d0ec0	direct
1037b1a0	10298ad0	direct
1037b1f0	101f55a0	direct
1037b1f0	10298ce0	direct
1037b1f0	10336920	direct
1037b290	100fbc90	direct
1037b290	1021fe50	direct
1037b290	10332aa0	direct
1037b290	10334b10	direct
1037b290	1033c6b0	direct
1037b290	10387140	direct
1037b3f0	100fb980	direct
1037b3f0	101beed0	direct
1037b3f0	10292de0	direct
1037b500	102b5c00	direct
1037b500	1037c090	direct
1037b570	101a67e0	slot-candidate
1037b570	101a67e0	virtual
1037b570	10269a20	direct
1037b570	10269aa0	direct
1037b570	102b27f0	direct
1037b570	103161a0	direct
1037b570	1037b6e0	direct
1037b6e0	100cd660	direct
1037b6e0	10293a80	direct
1037b6e0	10332ca0	direct
1037b8b0	10273fc0	slot-candidate
1037b8b0	10289ee0	direct
1037b8b0	1029adb0	slot-candidate
1037b8b0	1029adb0	virtual
1037b8b0	10362390	slot-candidate
1037b8b0	1036d1d0	slot-candidate
1037b8b0	10379060	slot-candidate
1037b8b0	1037b870	direct
1037b8b0	1037b890	direct
1037b8b0	10380510	slot-candidate
1037b8b0	103847f0	direct
1037b8b0	10394090	slot-candidate
1037b8b0	103a9400	slot-candidate
1037b8b0	103b0290	slot-candidate
1037b8b0	103ba350	slot-candidate
1037b8b0	103ce750	slot-candidate
1037b9f0	10272900	slot-candidate
1037b9f0	10272900	virtual
1037b9f0	10273e80	direct
1037b9f0	10384ab0	direct
1037bbc0	102c2300	direct
1037bbc0	1037bb20	direct
1037bc90	102beda0	direct
1037bc90	1037b6e0	direct
1037bd60	1037bb20	direct
1037bd60	103872d0	direct
1037be80	1029f8d0	direct
1037be80	1037c090	direct
1037bf60	100a49d0	direct
1037bf60	1037b6e0	direct
1037bf60	1037c090	direct
1037c090	100952d0	direct
1037c090	100a1250	direct
1037c090	101c26d0	direct
1037c090	1032e7b0	direct
1037c090	1032f770	direct
1037c1c0	102c1ce0	direct
1037c2f0	102c1ec0	direct
1037c6a0	100aa7b0	direct
1037c6a0	1028d610	direct
1037c800	102ea020	direct
1037c800	102ea2d0	direct
1037cda0	1026dc00	direct
1037cda0	10384690	direct
1037cdf0	1017dd80	direct
1037cdf0	1017ddd0	direct
1037cdf0	1017de60	direct
1037cdf0	10269eb0	direct
1037cdf0	10269f30	direct
1037cdf0	10280fb0	direct
1037d020	101a67e0	slot-candidate
1037d020	101a67e0	virtual
1037d020	102ae140	direct
1037d020	1032e7b0	direct
1037d020	1037e2d0	direct
1037d130	1017e6f0	direct
1037d130	10269d30	direct
1037d130	1026e340	direct
1037d130	10384ee0	direct
1037d240	102b12f0	direct
1037d290	101a6700	slot-candidate
1037d290	101aa6b0	slot-candidate
1037d290	101aa6b0	virtual
1037d290	101b99d0	direct
1037d290	10269d30	direct
1037d290	1026aef0	slot-candidate
1037d290	102b4520	slot-candidate
1037d290	102b4520	virtual
1037d290	102b4f60	slot-candidate
1037d290	102b4f60	virtual
1037d290	102e0b40	direct
1037d290	102e2020	direct
1037d290	10372c50	slot-candidate
1037d290	1037e2d0	direct
1037d290	103851e0	direct
1037e1e0	10385a10	direct
1037e240	10273790	direct
1037e240	1029a0b0	direct
1037e240	1032e7b0	direct
1037e2d0	10273790	direct
1037e870	100aa7b0	direct
1037e870	1028d610	direct
1037ea60	102ea020	direct
1037ea60	102ea2d0	direct
1037f960	101d0ec0	direct
1037f960	10298ad0	direct
1037fa00	1009b060	direct
1037fa00	100b3840	direct
1037fa00	100b3900	direct
1037fa00	103c4ef0	direct
1037fa70	1029a0b0	direct
1037fb60	100b3070	slot-candidate
1037fb60	100b3070	virtual
1037fb60	101a67e0	slot-candidate
1037fb60	101a67e0	virtual
1037fb60	101cdba0	direct
1037fb60	1029b290	direct
1037fb60	10381c80	direct
1037fb60	10382400	direct
1037fb60	10382670	direct
1037fca0	101a67e0	slot-candidate
1037fca0	101a67e0	virtual
1037fca0	10269aa0	direct
1037fca0	10269d30	direct
1037fca0	102c43b0	direct
1037fca0	10381ba0	direct
1037fca0	10381be0	direct
1037fca0	10381c80	direct
1037fca0	10381ca0	direct
1037fca0	103822a0	direct
1037fca0	10382d40	direct
1037fca0	10382f60	direct
1037fca0	10384ee0	direct
1037ffa0	102b12f0	direct
1037ffa0	10383130	direct
10380100	103851e0	direct
10380120	10246160	direct
10380120	10380fc0	direct
10380120	10381460	direct
10380120	103816e0	direct
10380120	103830e0	direct
10380120	10385a10	direct
103801d0	102beda0	direct
103801d0	103830e0	direct
103801d0	10432740	direct
103801d0	1043e780	direct
103802a0	101faa70	direct
103802a0	103229d0	direct
10380320	102a01b0	direct
10380390	102bf340	direct
10380390	10381c80	direct
10380390	103828a0	direct
103803d0	101a67e0	slot-candidate
103803d0	101a67e0	virtual
103803d0	10269a20	direct
103803d0	10269aa0	direct
103803d0	10269b50	direct
103803d0	102b27f0	direct
103803d0	10381c80	direct
103803d0	10382020	direct
10380510	10269d30	direct
10380510	1029adb0	direct
10380510	102c43b0	direct
10380510	10381ba0	direct
10380510	10381be0	direct
10380510	10381c80	direct
10380510	10382970	direct
103805d0	10027020	slot-candidate
103805d0	100ac4e0	direct
103805d0	101a67e0	slot-candidate
103805d0	101a67e0	virtual
103805d0	101cf600	direct
103805d0	1025e510	slot-candidate
103805d0	10269aa0	direct
103805d0	10273070	direct
103805d0	10273e10	slot-candidate
103805d0	10273e10	virtual
103805d0	10273e80	direct
103805d0	10273fc0	slot-candidate
103805d0	10278c80	direct
103805d0	10289d10	slot-candidate
103805d0	10289ee0	direct
103805d0	10297640	slot-candidate
103805d0	10297640	virtual
103805d0	10298ce0	slot-candidate
103805d0	10298ce0	virtual
103805d0	1029adb0	slot-candidate
103805d0	102b5360	slot-candidate
103805d0	102b5360	virtual
103805d0	102dfed0	direct
103805d0	102e0b40	direct
103805d0	102e2020	direct
103805d0	102ee1c0	direct
103805d0	102f2fe0	direct
103805d0	103409a0	slot-candidate
103805d0	10362390	slot-candidate
103805d0	1036d1d0	slot-candidate
103805d0	10379060	slot-candidate
103805d0	1037b1f0	slot-candidate
103805d0	10380510	slot-candidate
103805d0	10380510	virtual
103805d0	103822a0	direct
103805d0	103828a0	direct
103805d0	10382bb0	direct
103805d0	10383130	direct
103805d0	103831c0	direct
103805d0	103847f0	direct
103805d0	10394090	slot-candidate
103805d0	103a9400	slot-candidate
103805d0	103b0290	slot-candidate
103805d0	103ba350	slot-candidate
103805d0	103ce750	slot-candidate
103805d0	103e0540	slot-candidate
10380cb0	10027020	slot-candidate
10380cb0	101a67e0	slot-candidate
10380cb0	101a67e0	virtual
10380cb0	10269aa0	direct
10380cb0	10272900	slot-candidate
10380cb0	10272900	virtual
10380cb0	10273e10	slot-candidate
10380cb0	10273e10	virtual
10380cb0	10273e80	direct
10380cb0	10278c80	direct
10380cb0	10289d10	slot-candidate
10380cb0	10297640	slot-candidate
10380cb0	10297640	virtual
10380cb0	102b5360	slot-candidate
10380cb0	102b5360	virtual
10380cb0	102dfed0	direct
10380cb0	102e0a60	direct
10380cb0	102e1e20	direct
10380cb0	102e20b0	direct
10380cb0	103822a0	direct
10380cb0	10382d20	direct
10380cb0	10383470	direct
10380cb0	10384ab0	direct
10380f90	1029b180	direct
10380fc0	1004f860	direct
10380fc0	1005f190	direct
10380fc0	1006dec0	direct
10380fc0	1008bf00	direct
10380fc0	10139610	direct
10380fc0	10146570	direct
10380fc0	101ccd70	direct
10380fc0	1023bd00	direct
10381460	1004f7a0	direct
10381460	1005f190	direct
10381460	10095e50	slot-candidate
10381460	10146570	direct
10381b10	101e3ff0	direct
10381b50	10381c80	direct
10381b50	103854f0	direct
10381cd0	100f7c30	direct
10381cd0	102c4380	direct
10381cd0	10381e90	direct
10381cd0	10382aa0	direct
10381e90	100b3070	slot-candidate
10381e90	10430b64	direct
10382020	100b3110	slot-candidate
10382020	100b4b40	slot-candidate
10382020	10139610	direct
10382020	10146570	direct
10382020	101aae60	slot-candidate
10382020	101d3190	direct
10382020	1025e8e0	slot-candidate
103822a0	100b3070	slot-candidate
103822a0	100b3110	slot-candidate
103822a0	1013d580	direct
103822a0	101d2c70	direct
10382400	100290c0	direct
10382400	101cd970	direct
10382400	102c43b0	direct
10382400	102c4cc0	direct
10382400	10381c00	direct
10382400	10430b64	direct
10382670	100952d0	direct
10382670	100a9ab0	direct
10382670	1014f210	direct
10382670	10157890	direct
10382670	10381ba0	direct
10382670	10381c00	direct
10382670	10430130	direct
10382670	10430b64	direct
10382670	1043e780	direct
103828a0	101cd970	direct
103828a0	102c43b0	direct
103828a0	10381c00	direct
103828a0	10381c80	direct
10382970	10430fa0	direct
10382aa0	10382b30	direct
10382aa0	10430fa0	direct
10382bb0	102e0a40	direct
10382bb0	102e0a60	direct
10382bb0	102e0a80	direct
10382bb0	102e0b40	direct
10382bb0	102e20b0	direct
10382d20	102e1e20	direct
10382d40	10269aa0	direct
10382d40	102c43b0	direct
10382d40	102dfed0	direct
10382d40	10381ba0	direct
10382d40	10381cd0	direct
10382f60	10269d30	direct
10383090	102a0940	direct
103830e0	1008d5f0	direct
103830e0	1008d6d0	direct
103830e0	102ae750	direct
10383130	1008d5f0	direct
10383130	1008d6d0	direct
10383130	102c4310	direct
103831c0	10027470	slot-candidate
103831c0	10097310	direct
103831c0	100aab10	slot-candidate
103831c0	10136580	direct
103831c0	101cf600	direct
103831c0	101d1280	direct
103831c0	1025e510	slot-candidate
103831c0	10272650	direct
103831c0	10273070	direct
103831c0	10298ce0	slot-candidate
103831c0	102ae750	direct
103831c0	103409a0	slot-candidate
103831c0	1037b1f0	slot-candidate
103831c0	103e0540	slot-candidate
10383470	10200610	direct
10383470	10200be0	direct
10383470	10273e80	direct
10383470	10430923	direct
10383560	100b1690	slot-candidate
10383560	100b1690	virtual
10383560	101434b0	direct
10383560	1029d4e0	direct
103840a0	100aa7b0	direct
103840a0	1028d610	direct
10384200	102ea020	direct
10384200	102ea2d0	direct
10384690	1026dc00	direct
10384690	10298d30	direct
10384760	1027d990	direct
103847f0	1008d990	direct
103847f0	101a67e0	slot-candidate
103847f0	101a67e0	virtual
103847f0	10273e10	slot-candidate
103847f0	10273e10	virtual
103847f0	10273e80	direct
103847f0	10273fc0	slot-candidate
103847f0	10289ee0	direct
103847f0	1029adb0	slot-candidate
103847f0	1029adb0	virtual
103847f0	102a1910	direct
103847f0	102d61b0	direct
103847f0	102dfed0	direct
103847f0	102e0b40	direct
103847f0	102e2020	direct
103847f0	102ee1c0	direct
103847f0	1032e7b0	direct
103847f0	10362390	slot-candidate
103847f0	1036d1d0	slot-candidate
103847f0	10379060	slot-candidate
103847f0	10380510	slot-candidate
103847f0	10394090	slot-candidate
103847f0	103a9400	slot-candidate
103847f0	103b0290	slot-candidate
103847f0	103ba350	slot-candidate
103847f0	103ce750	slot-candidate
10384ab0	1008d990	direct
10384ab0	10091230	direct
10384ab0	101a67e0	slot-candidate
10384ab0	101a67e0	virtual
10384ab0	10272900	slot-candidate
10384ab0	10272900	virtual
10384ab0	10273e10	slot-candidate
10384ab0	10273e10	virtual
10384ab0	10273e80	direct
10384ab0	10273fc0	slot-candidate
10384ab0	10280a50	direct
10384ab0	10295460	direct
10384ab0	1029adb0	slot-candidate
10384ab0	1029adb0	virtual
10384ab0	102aacf0	direct
10384ab0	102dfed0	direct
10384ab0	102e20b0	direct
10384ab0	10345330	direct
10384ab0	10345980	direct
10384ab0	103498b0	direct
10384ab0	10362390	slot-candidate
10384ab0	1036d1d0	slot-candidate
10384ab0	10379060	slot-candidate
10384ab0	10380510	slot-candidate
10384ab0	10394090	slot-candidate
10384ab0	103a9400	slot-candidate
10384ab0	103b0290	slot-candidate
10384ab0	103ba350	slot-candidate
10384ab0	103ce750	slot-candidate
10384ee0	10269aa0	direct
10384ee0	10273e10	slot-candidate
10384ee0	10273e10	virtual
10384ee0	102af660	direct
10384ee0	102dfa20	direct
10384ee0	102e0150	direct
10384ee0	1032e7b0	direct
103850a0	100b4dc0	slot-candidate
103850a0	100b4dc0	virtual
103850a0	101a8ac0	direct
103851e0	101a6700	slot-candidate
103851e0	101a67e0	slot-candidate
103851e0	101a67e0	virtual
103851e0	101aa6b0	slot-candidate
103851e0	101aa6b0	virtual
103851e0	10269a20	direct
103851e0	10269aa0	direct
103851e0	10269d30	direct
103851e0	102ad660	direct
103854f0	1026db30	slot-candidate
103854f0	1026db30	virtual
103854f0	10295590	direct
103854f0	1032e7b0	direct
103858b0	10295710	direct
10385a10	1028fcc0	direct
10385ab0	1014f6f0	slot-candidate
10385ab0	1025db70	direct
10385ab0	10269aa0	direct
10385ab0	102c5470	slot-candidate
10385ab0	102c5470	virtual
10385ab0	10336d70	slot-candidate
10385ab0	10336d70	virtual
10386b20	100aa7b0	direct
10386b20	1028d610	direct
10386c80	102ea020	direct
10386c80	102ea2d0	direct
10387110	1026dc00	direct
10387110	10384690	direct
10387140	1029a0b0	direct
10387140	1032e7b0	direct
103871c0	102ae140	direct
103871c0	1032e7b0	direct
103872d0	1032e7b0	direct
103872d0	10384ee0	direct
10387380	10269aa0	direct
10387380	10269d30	direct
10387380	102b4fb0	slot-candidate
10387380	102b4fb0	virtual
10387380	10372cc0	slot-candidate
10387380	103851e0	direct
10387500	10385a10	direct
10387520	100b4dc0	slot-candidate
10387520	100b4dc0	virtual
10387520	101a6720	slot-candidate
10387520	101a6720	virtual
10387520	10269eb0	direct
10387520	102ad140	direct
10387520	1038fb00	slot-candidate
10387750	100aa7b0	direct
10387750	1028d610	direct
103878b0	102ea020	direct
103878b0	102ea2d0	direct
10387d20	10269aa0	direct
10387d20	1032e7b0	direct
10387d20	1033e2b0	direct
10387d20	103872d0	direct
103880a0	100aa7b0	direct
103880a0	1028d610	direct
10388200	102ea020	direct
10388200	102ea2d0	direct
103887a0	1026dc00	direct
103887a0	10387110	direct
103887d0	10299da0	slot-candidate
103887d0	102b3e00	direct
103887d0	10333340	slot-candidate
103887d0	10372b70	slot-candidate
103887d0	10387fd0	direct
103887d0	10388bb0	slot-candidate
103887d0	10388bb0	virtual
103887d0	103a01b0	slot-candidate
103887d0	103a2930	slot-candidate
103887d0	103a48b0	slot-candidate
103887d0	103dd880	slot-candidate
10388880	1017f7b0	direct
10388880	1017f830	direct
10388880	101a67e0	slot-candidate
10388880	101a67e0	virtual
10388880	1032e7b0	direct
10388880	103871c0	direct
10388880	10388c40	direct
10388a20	103872d0	direct
10388a40	102b12f0	direct
10388ab0	10387380	direct
10388ad0	10387500	direct
10388b30	1032e7b0	direct
10388b30	10387140	direct
10388bb0	10299da0	direct
10388c40	10273790	direct
10388e20	100aa7b0	direct
10388e20	1028d610	direct
10388f80	102ea020	direct
10388f80	102ea2d0	direct
10389390	103c4ef0	direct
103893c0	102953e0	direct
103895a0	100aa7b0	direct
103895a0	1028d610	direct
10389700	102ea020	direct
10389700	102ea2d0	direct
10389df0	100aa7b0	direct
10389df0	1028d610	direct
10389f50	102ea020	direct
10389f50	102ea2d0	direct
1038aec0	101d0ec0	direct
1038aec0	10298ad0	direct
1038b030	101a64c0	slot-candidate
1038b030	101aa750	slot-candidate
1038b030	101aa750	virtual
1038b030	10332aa0	direct
1038b030	103c4ef0	direct
1038b070	1029a0b0	direct
1038b120	1027d990	direct
1038b120	1038b1a0	direct
1038b120	1042fbf0	direct
1038b1a0	100b2770	direct
1038b1a0	100b2d00	slot-candidate
1038b1a0	100b3110	slot-candidate
1038b1a0	101d2c70	direct
1038b1a0	101d2ce0	direct
1038b1a0	10246160	direct
1038b1a0	102ae750	direct
1038b1a0	102e1c10	direct
1038b1a0	1038b370	direct
1038b1a0	1038e720	direct
1038b370	100274b0	slot-candidate
1038b370	100290c0	direct
1038b370	100b1d10	direct
1038b370	100b3070	slot-candidate
1038b370	100b31b0	slot-candidate
1038b370	101371d0	direct
1038b370	10137220	direct
1038b370	10146150	direct
1038b370	101cf5c0	direct
1038b370	10273fc0	slot-candidate
1038b370	1029adb0	slot-candidate
1038b370	102c41b0	direct
1038b370	102d1af0	direct
1038b370	102f1a20	direct
1038b370	10362390	slot-candidate
1038b370	1036d1d0	slot-candidate
1038b370	10379060	slot-candidate
1038b370	10380510	slot-candidate
1038b370	1038bec0	direct
1038b370	10390890	direct
1038b370	103908c0	direct
1038b370	10394090	slot-candidate
1038b370	103a9400	slot-candidate
1038b370	103b0290	slot-candidate
1038b370	103ba350	slot-candidate
1038b370	103ce750	slot-candidate
1038b370	1042fb50	direct
1038b370	1042fbf0	direct
1038b370	10430923	direct
1038bec0	1005f190	direct
1038bec0	1006dec0	direct
1038bec0	1008bf00	direct
1038bec0	100b31b0	slot-candidate
1038bec0	10146570	direct
1038bec0	101ccd70	direct
1038c170	100aad70	slot-candidate
1038c170	100b1420	slot-candidate
1038c170	100b3580	direct
1038c170	100b3640	direct
1038c170	1026dc00	direct
1038c170	1026dc30	direct
1038c170	1027d9b0	direct
1038c250	100b2770	direct
1038c250	100b2d00	slot-candidate
1038c250	100b3070	slot-candidate
1038c250	100b3110	slot-candidate
1038c250	10137220	direct
1038c250	1038c170	direct
1038c390	100274b0	slot-candidate
1038c390	100274b0	virtual
1038c390	100b2300	slot-candidate
1038c390	100b2300	virtual
1038c390	100b2770	direct
1038c390	100b2d00	slot-candidate
1038c390	100b2d00	virtual
1038c390	100b3070	slot-candidate
1038c390	100b3070	virtual
1038c390	100b3110	slot-candidate
1038c390	100b3110	virtual
1038c390	100b31b0	slot-candidate
1038c390	100b31b0	virtual
1038c390	100f7b20	direct
1038c390	101cf5c0	direct
1038c390	101d2c70	direct
1038c390	10272650	direct
1038c390	10273e80	direct
1038c390	10273fc0	slot-candidate
1038c390	1029adb0	slot-candidate
1038c390	1029adb0	virtual
1038c390	102c4cc0	direct
1038c390	102d1af0	direct
1038c390	102e0b40	direct
1038c390	10362390	slot-candidate
1038c390	1036d1d0	slot-candidate
1038c390	10379060	slot-candidate
1038c390	10380510	slot-candidate
1038c390	103847f0	direct
1038c390	1038b370	direct
1038c390	1038c170	direct
1038c390	1038c250	direct
1038c390	1038e640	direct
1038c390	1038e720	direct
1038c390	1038e9c0	direct
1038c390	1038f2c0	direct
1038c390	1038f660	direct
1038c390	1038fc80	direct
1038c390	1038fd40	direct
1038c390	10390040	direct
1038c390	103908c0	direct
1038c390	10394090	slot-candidate
1038c390	103a9400	slot-candidate
1038c390	103b0290	slot-candidate
1038c390	103ba350	slot-candidate
1038c390	103ce750	slot-candidate
1038c390	1042fb50	direct
1038c390	10431320	direct
1038d130	1002cbd0	direct
1038d130	1008d5f0	direct
1038d130	1008d6d0	direct
1038d130	100a9eb0	slot-candidate
1038d130	100a9eb0	virtual
1038d130	100b1d10	direct
1038d130	100b2300	slot-candidate
1038d130	100b2300	virtual
1038d130	100b2770	direct
1038d130	100b3070	slot-candidate
1038d130	100b3070	virtual
1038d130	100b31b0	slot-candidate
1038d130	100b31b0	virtual
1038d130	100b3700	direct
1038d130	100b4790	direct
1038d130	100f7b20	direct
1038d130	10137220	direct
1038d130	1019ce00	direct
1038d130	1019cf50	direct
1038d130	1019d280	direct
1038d130	1019d4b0	direct
1038d130	101c4dd0	direct
1038d130	101cf5c0	direct
1038d130	1020e060	direct
1038d130	10272650	direct
1038d130	10272900	slot-candidate
1038d130	10272900	virtual
1038d130	10273e80	direct
1038d130	10273fc0	slot-candidate
1038d130	10288780	direct
1038d130	1029adb0	slot-candidate
1038d130	1029adb0	virtual
1038d130	102b4f60	slot-candidate
1038d130	102b4f60	virtual
1038d130	102d1af0	direct
1038d130	102e20b0	direct
1038d130	1032e7b0	direct
1038d130	10362390	slot-candidate
1038d130	1036d1d0	slot-candidate
1038d130	10372c50	slot-candidate
1038d130	10379060	slot-candidate
1038d130	10380510	slot-candidate
1038d130	1038b370	direct
1038d130	1038c170	direct
1038d130	1038e640	direct
1038d130	1038e720	direct
1038d130	1038f2c0	direct
1038d130	1038f790	direct
1038d130	1038fe30	direct
1038d130	10394090	slot-candidate
1038d130	103a9400	slot-candidate
1038d130	103b0290	slot-candidate
1038d130	103ba350	slot-candidate
1038d130	103ce750	slot-candidate
1038d130	1042fbf0	direct
1038d130	10431c2f	direct
1038d130	10432740	direct
1038d130	1043e780	direct
1038e000	1002cbd0	direct
1038e000	10032b00	direct
1038e000	100a9eb0	slot-candidate
1038e000	100a9eb0	virtual
1038e000	100b4790	direct
1038e000	1019ce00	direct
1038e000	1019cf50	direct
1038e000	1019d280	direct
1038e000	1019d4b0	direct
1038e000	1029b290	direct
1038e340	10269d30	direct
1038e340	1027d990	direct
1038e340	1042fbf0	direct
1038e480	1042fbf0	direct
1038e480	10431c2f	direct
1038e480	10432740	direct
1038e480	1043e780	direct
1038e640	10272650	direct
1038e670	10272650	direct
1038e6a0	10272650	direct
1038e6e0	10272650	direct
1038e720	100b3110	slot-candidate
1038e720	101d2c70	direct
1038e720	1038e640	direct
1038e720	1038e670	direct
1038e720	1038e6a0	direct
1038e720	1038e6e0	direct
1038e880	102beda0	direct
1038e8c0	101cd940	direct
1038e8c0	102bf340	direct
1038e8c0	1038c170	direct
1038e8c0	1038f020	direct
1038e8c0	1038f660	direct
1038e8c0	1038fd40	direct
1038e990	10385a10	direct
1038e990	1038f020	direct
1038e9c0	10027470	virtual
1038e9c0	100290c0	direct
1038e9c0	100a0ae0	direct
1038e9c0	100b3070	slot-candidate
1038e9c0	100b31b0	slot-candidate
1038e9c0	100fbc90	direct
1038e9c0	1015d680	direct
1038e9c0	101cd940	direct
1038e9c0	101cdba0	direct
1038e9c0	103326b0	direct
1038e9c0	10344f80	direct
1038f020	100290c0	direct
1038f020	101cd940	direct
1038f020	103327f0	direct
1038f020	1038f290	direct
1038f2c0	10027140	virtual
1038f2c0	10027470	virtual
1038f2c0	1008c0a0	virtual
1038f2c0	10092550	direct
1038f2c0	10095030	virtual
1038f2c0	100a9ab0	direct
1038f2c0	100ac4e0	direct
1038f2c0	100b31b0	slot-candidate
1038f2c0	101578d0	direct
1038f2c0	10157910	direct
1038f2c0	10157da0	direct
1038f2c0	101c26d0	direct
1038f2c0	101cd940	direct
1038f2c0	1038f430	direct
1038f430	100952d0	direct
1038f430	100a9ab0	direct
1038f430	1014f210	direct
1038f430	101578b0	direct
1038f430	101578d0	direct
1038f430	1038f600	direct
1038f430	1043e780	direct
1038f660	101578d0	direct
1038f660	101cd970	direct
1038f660	1038f600	direct
1038f660	1038f640	direct
1038f660	10430b64	direct
1038f790	100290c0	direct
1038f790	101578d0	direct
1038f790	101cd970	direct
1038f790	102c4380	direct
1038f790	102c43b0	direct
1038f790	102c4cc0	direct
1038f790	1038f600	direct
1038f790	10430b64	direct
1038fb20	101ccf50	direct
1038fc80	100b4dc0	slot-candidate
1038fc80	100f7770	direct
1038fc80	1026d050	direct
1038fc80	10332ca0	direct
1038fd40	10009601	direct
1038fd40	100b4dc0	slot-candidate
1038fd40	100f7770	direct
1038fd40	102ae840	direct
1038fd40	10332ca0	direct
1038fe30	1002cbd0	direct
1038fe30	1002cca0	direct
1038fe30	1019ce00	direct
1038fe30	1019cf50	direct
1038fe30	1019d280	direct
1038fe30	1019d4b0	direct
103910b0	100aa7b0	direct
103910b0	1028d610	direct
10391170	100aa7b0	direct
10391170	1028d610	direct
10391230	1028d6e0	direct
10391230	10398fd0	direct
10391390	102ea020	direct
10391390	102ea2d0	direct
10392660	101d0ec0	direct
10392660	10298ad0	direct
103927a0	1009b060	direct
103927a0	101e8da0	direct
103927a0	1026dc00	direct
103927a0	10298d30	direct
103927a0	1032dde0	slot-candidate
103927a0	1032dde0	virtual
103927a0	10336f20	direct
103927a0	10337080	slot-candidate
103927a0	10337080	virtual
103927a0	1033c6b0	direct
103927a0	10397f70	direct
103927a0	103986b0	direct
103927a0	10398800	direct
10392a10	102bf6e0	direct
10392a10	10431320	direct
10392a50	1029a050	direct
10392a70	100b3070	slot-candidate
10392a70	100b3070	virtual
10392a70	101cdba0	direct
10392a70	1029b290	direct
10392a70	102c42a0	direct
10392a70	10398db0	direct
10392a70	103990c0	direct
10392c40	100b3070	slot-candidate
10392c40	100b3070	virtual
10392c40	1027d990	direct
10392c40	102c36d0	direct
10392c40	102c3b50	direct
10392d80	100ac4e0	direct
10392d80	100b3110	slot-candidate
10392d80	100b3110	virtual
10392d80	100b31b0	slot-candidate
10392d80	100b31b0	virtual
10392d80	101a67e0	slot-candidate
10392d80	101a67e0	virtual
10392d80	101cf600	direct
10392d80	101d2c70	direct
10392d80	1025e510	slot-candidate
10392d80	10273070	direct
10392d80	10273e10	slot-candidate
10392d80	10273e10	virtual
10392d80	10273e80	direct
10392d80	10273fc0	slot-candidate
10392d80	10289ee0	direct
10392d80	10298ce0	slot-candidate
10392d80	10298ce0	virtual
10392d80	1029adb0	slot-candidate
10392d80	102a1910	direct
10392d80	102c42a0	direct
10392d80	102c4310	direct
10392d80	102d61b0	direct
10392d80	102dfed0	direct
10392d80	102e0a40	direct
10392d80	102e0a60	direct
10392d80	102e0b40	direct
10392d80	102e2020	direct
10392d80	102ecd20	direct
10392d80	102ee1c0	direct
10392d80	1032dde0	slot-candidate
10392d80	1032dde0	virtual
10392d80	1032e7b0	direct
10392d80	1032fb80	slot-candidate
10392d80	1032fb80	virtual
10392d80	103409a0	slot-candidate
10392d80	10362390	slot-candidate
10392d80	1036d1d0	slot-candidate
10392d80	10379060	slot-candidate
10392d80	1037b1f0	slot-candidate
10392d80	10380510	slot-candidate
10392d80	103937d0	direct
10392d80	10394090	slot-candidate
10392d80	10394090	virtual
10392d80	10395ce0	direct
10392d80	10397f70	direct
10392d80	10398630	direct
10392d80	10398d90	direct
10392d80	10398fd0	direct
10392d80	1039a750	direct
10392d80	103a9400	slot-candidate
10392d80	103b0290	slot-candidate
10392d80	103ba350	slot-candidate
10392d80	103ce750	slot-candidate
10392d80	103e0540	slot-candidate
10392d80	10431320	direct
103937d0	101a67e0	slot-candidate
103937d0	10271f70	slot-candidate
103937d0	10272400	slot-candidate
103937d0	10273fc0	slot-candidate
103937d0	10289ee0	direct
103937d0	10295710	slot-candidate
103937d0	1029adb0	slot-candidate
103937d0	102e0b40	direct
103937d0	1032dde0	slot-candidate
103937d0	1032e7b0	direct
103937d0	10347180	slot-candidate
103937d0	10362390	slot-candidate
103937d0	103690c0	slot-candidate
103937d0	1036d1d0	slot-candidate
103937d0	10379060	slot-candidate
103937d0	10380510	slot-candidate
103937d0	103858b0	slot-candidate
103937d0	10394090	slot-candidate
103937d0	10394690	slot-candidate
103937d0	103983d0	direct
103937d0	103a9400	slot-candidate
103937d0	103b0290	slot-candidate
103937d0	103ba350	slot-candidate
103937d0	103ce750	slot-candidate
10393930	1008d990	direct
10393930	10091230	direct
10393930	100952d0	direct
10393930	101a67e0	slot-candidate
10393930	101a67e0	virtual
10393930	101a6e00	slot-candidate
10393930	101aa8b0	slot-candidate
10393930	10272900	slot-candidate
10393930	10272900	virtual
10393930	10273e10	slot-candidate
10393930	10273e10	virtual
10393930	10273e80	direct
10393930	10280a50	direct
10393930	10289ee0	direct
10393930	102aacf0	direct
10393930	102dfed0	direct
10393930	102e0a60	direct
10393930	102e20b0	direct
10393930	10326bd0	slot-candidate
10393930	10326bd0	virtual
10393930	1032dde0	slot-candidate
10393930	1032dde0	virtual
10393930	1034aeb0	slot-candidate
10393930	1034bf50	slot-candidate
10393930	1034cb90	slot-candidate
10393930	10375180	slot-candidate
10393930	103983d0	direct
10393930	10398db0	direct
10393930	103990c0	direct
10393930	1039aa20	direct
10393930	103a0190	slot-candidate
10393930	103a42c0	slot-candidate
10394090	1029adb0	direct
10394090	102e0a60	direct
10394090	10398d90	direct
10394120	1032dde0	slot-candidate
10394120	1032dde0	virtual
103941e0	101e8da0	direct
103941e0	10269aa0	direct
103941e0	102af660	direct
103941e0	10396bc0	direct
103941e0	10396dc0	direct
103941e0	10398030	direct
103941e0	10398870	direct
10394570	102b12f0	direct
103945a0	100b4dc0	slot-candidate
103945a0	100b4dc0	virtual
103945a0	101a6720	slot-candidate
103945a0	101a6720	virtual
103945a0	101a67e0	slot-candidate
103945a0	101a67e0	virtual
103945a0	1038fb00	slot-candidate
10394690	10295710	direct
103947b0	1008d230	direct
103947b0	101e8da0	direct
103947b0	10295a60	direct
103947b0	10398870	direct
103947b0	1039ab30	direct
103947b0	1039aca0	direct
10394930	101e8da0	direct
10394970	1028fcc0	direct
10394990	100b31b0	slot-candidate
10394990	100b31b0	virtual
10394990	100b3280	slot-candidate
10394990	100b3280	virtual
10394990	10278d20	slot-candidate
10394990	10278d20	virtual
10394990	10292de0	direct
10394990	102c42a0	direct
10394990	102c43f0	direct
10394990	103986b0	direct
10394990	10398800	direct
10394990	10398870	direct
10394990	10399610	direct
10394990	10399c70	direct
10394e40	100b31b0	slot-candidate
10394e40	100b31b0	virtual
10394e40	10137220	direct
10394e40	101a6720	slot-candidate
10394e40	101a6720	virtual
10394e40	101a67e0	slot-candidate
10394e40	101a67e0	virtual
10394e40	10252450	direct
10394e40	10269a20	direct
10394e40	10269b50	direct
10394e40	102b27f0	direct
10394e40	1038fb00	slot-candidate
10394e40	10398030	direct
10394e40	1039ab10	direct
103951d0	1027ede0	direct
103952b0	101e8da0	direct
103952b0	10398000	direct
10395650	103952b0	direct
10395750	100b3280	slot-candidate
10395750	101c2b10	direct
10395750	101e8da0	direct
10395750	101faa70	direct
10395750	1023e4b0	direct
10395750	102ae750	direct
10395750	102c41d0	direct
10395750	10397410	direct
10395750	10398000	direct
10395750	10398fd0	direct
10395750	10431320	direct
10395ae0	102beda0	direct
10395ae0	10395650	direct
10395ae0	10395750	direct
10395ae0	10398870	direct
10395ba0	102bf340	direct
10395ba0	10395c70	direct
10395ba0	10397a50	direct
10395ba0	10397e90	direct
10395ba0	10397f00	direct
10395ba0	10398870	direct
10395c70	102ae750	direct
10395c70	10398870	direct
10395ce0	10395c70	direct
10395d00	10137220	direct
10395d00	10278650	direct
10395f80	101cf250	direct
10395f80	101cf2f0	direct
10395f80	102993c0	direct
10396000	101cf2f0	direct
10396000	10299700	direct
10396bc0	101e8da0	direct
10396bc0	10269aa0	direct
10396bc0	102718e0	direct
10396bc0	102c4380	direct
10396bc0	103662d0	direct
10396bc0	10398b20	direct
10396bc0	10398d90	direct
10396dc0	10269aa0	direct
10396e90	100b4dc0	slot-candidate
10396e90	100b4dc0	virtual
10396e90	101a8ac0	direct
10396fd0	1029b180	direct
103970d0	101e8da0	direct
103970d0	10200610	direct
103970d0	102012d0	direct
103970d0	10398000	direct
103970d0	10430923	direct
103970d0	10431320	direct
10397380	101a67e0	slot-candidate
10397380	10269a20	direct
10397380	103161a0	direct
10397380	10332ca0	direct
10397410	10027470	slot-candidate
10397410	10027470	virtual
10397410	100b2510	virtual
10397410	100b2770	direct
10397410	100b31b0	slot-candidate
10397410	100b3280	slot-candidate
10397410	10137220	direct
10397410	102a0fb0	direct
10397410	102ae750	direct
10397410	102c42a0	direct
10397410	102d6100	direct
10397410	102d6120	direct
10397410	10310cf0	direct
10397410	10397380	direct
10397410	10398630	direct
10397410	10398680	direct
10397410	103986b0	direct
10397410	10398800	direct
10397410	10398fd0	direct
10397930	100991b0	direct
10397930	101e8da0	direct
103979d0	10397930	direct
10397a50	101e8da0	direct
10397a50	10397930	direct
10397c70	10027470	slot-candidate
10397c70	10310cf0	direct
10397c70	10397380	direct
10397e00	1039ef90	direct
10397e90	1039ea60	direct
10397f00	10395ce0	direct
10397f70	101e8da0	direct
10397f70	10398870	direct
10398030	101a67e0	slot-candidate
10398030	10271f70	slot-candidate
10398030	10295710	slot-candidate
10398030	10347180	slot-candidate
10398030	103690c0	slot-candidate
10398030	103858b0	slot-candidate
10398030	10394690	slot-candidate
10398030	10398000	direct
10398030	1039ab10	direct
103983d0	101e8da0	direct
10398630	10092550	direct
10398630	100926e0	direct
10398630	10398680	direct
103986b0	10398000	direct
103989b0	100b31b0	slot-candidate
103989b0	10137220	direct
103989b0	10398000	direct
10398b20	100b31b0	slot-candidate
10398b20	100f8490	direct
10398b20	101371d0	direct
10398b20	10366400	direct
10398b20	10398000	direct
10398b20	10398890	direct
10398b20	103989b0	direct
10398b20	10432740	direct
10398db0	10092550	direct
10398db0	100a9ab0	direct
10398db0	1014f210	direct
10398db0	10398d90	direct
10398db0	10430b64	direct
10398fd0	101cd970	direct
10398fd0	102c43b0	direct
10398fd0	10398d90	direct
103990c0	100290c0	direct
103990c0	100a0ae0	direct
103990c0	10137220	direct
103990c0	1013d580	direct
103990c0	101cd970	direct
103990c0	101d2c70	direct
103990c0	101d2f40	direct
103990c0	102c36d0	direct
103990c0	102c43b0	direct
103990c0	1032b960	direct
103990c0	10398d90	direct
103990c0	10430b64	direct
10399610	100335e0	direct
10399610	103998d0	direct
10399610	103999f0	direct
103998d0	100b31b0	slot-candidate
103998d0	10137220	direct
103998d0	1039ef90	direct
103999f0	100b31b0	slot-candidate
103999f0	10137220	direct
103999f0	101a67e0	slot-candidate
103999f0	1039aaf0	direct
10399d40	100b3070	slot-candidate
10399d40	100b3070	virtual
10399d40	10144a30	direct
10399d40	1029ca50	direct
10399ef0	100c4600	direct
10399ef0	100c4d50	direct
10399fe0	100952d0	direct
10399fe0	10095460	direct
10399fe0	10398000	direct
10399fe0	10399ef0	direct
1039a750	10027470	slot-candidate
1039a750	10097310	direct
1039a750	100aab10	slot-candidate
1039a750	10136580	direct
1039a750	101cf600	direct
1039a750	101d1280	direct
1039a750	1025e510	slot-candidate
1039a750	10272650	direct
1039a750	10273070	direct
1039a750	10298ce0	slot-candidate
1039a750	102ae750	direct
1039a750	102c4310	direct
1039a750	103409a0	slot-candidate
1039a750	1037b1f0	slot-candidate
1039a750	103e0540	slot-candidate
1039aa20	10200610	direct
1039aa20	10200be0	direct
1039aa20	10273e80	direct
1039aa20	10430923	direct
1039ab30	1002cca0	direct
1039ab30	1019ce00	direct
1039ab30	1019cf50	direct
1039ab30	1019d280	direct
1039ab30	1019d4b0	direct
1039aca0	1002cca0	direct
1039aca0	1019ce00	direct
1039aca0	1019cf50	direct
1039aca0	1019d280	direct
1039aca0	1019d4b0	direct
1039b0d0	100aa7b0	direct
1039b0d0	1028d610	direct
1039b230	102ea020	direct
1039b230	102ea2d0	direct
1039c220	100b15f0	slot-candidate
1039c220	100b15f0	virtual
1039c220	100b1690	slot-candidate
1039c220	100b1690	virtual
1039c220	10298ad0	direct
1039c380	100b3900	direct
1039c380	1026dc00	direct
1039c380	10298d30	direct
1039c380	1033c6b0	direct
1039c4c0	1009af40	slot-candidate
1039c4c0	1009af40	virtual
1039c4c0	100b15f0	slot-candidate
1039c4c0	100b15f0	virtual
1039c4c0	100b1750	slot-candidate
1039c4c0	100b1750	virtual
1039c4c0	100b31b0	slot-candidate
1039c4c0	100b31b0	virtual
1039c4c0	10137220	direct
1039c4c0	101a64c0	slot-candidate
1039c4c0	101a67e0	slot-candidate
1039c4c0	101a67e0	virtual
1039c4c0	101a6b40	slot-candidate
1039c4c0	101aa750	slot-candidate
1039c4c0	101aa750	virtual
1039c4c0	101cf600	direct
1039c4c0	1025e510	slot-candidate
1039c4c0	10273070	direct
1039c4c0	10273e10	slot-candidate
1039c4c0	10273e10	virtual
1039c4c0	10273e80	direct
1039c4c0	10273fc0	slot-candidate
1039c4c0	10289ee0	direct
1039c4c0	10298ce0	slot-candidate
1039c4c0	10298ce0	virtual
1039c4c0	1029adb0	slot-candidate
1039c4c0	1029adb0	virtual
1039c4c0	102a0fb0	direct
1039c4c0	102a1910	direct
1039c4c0	102c41d0	direct
1039c4c0	102d6100	direct
1039c4c0	102d72b0	slot-candidate
1039c4c0	102dfed0	direct
1039c4c0	102e0b40	direct
1039c4c0	102e2020	direct
1039c4c0	102ecd20	direct
1039c4c0	102edae0	direct
1039c4c0	102ee1c0	direct
1039c4c0	1032e7b0	direct
1039c4c0	103409a0	slot-candidate
1039c4c0	10362390	slot-candidate
1039c4c0	1036d1d0	slot-candidate
1039c4c0	10379060	slot-candidate
1039c4c0	1037b1f0	slot-candidate
1039c4c0	10380510	slot-candidate
1039c4c0	10391030	slot-candidate
1039c4c0	10394090	slot-candidate
1039c4c0	1039b050	slot-candidate
1039c4c0	1039b050	virtual
1039c4c0	1039ea60	direct
1039c4c0	1039ede0	direct
1039c4c0	1039ef10	direct
1039c4c0	1039ef60	direct
1039c4c0	1039f310	direct
1039c4c0	103a9400	slot-candidate
1039c4c0	103b0290	slot-candidate
1039c4c0	103b6dd0	slot-candidate
1039c4c0	103ba350	slot-candidate
1039c4c0	103ce750	slot-candidate
1039c4c0	103e0540	slot-candidate
1039c4c0	10431320	direct
1039d750	1008d990	direct
1039d750	10091230	direct
1039d750	100952d0	direct
1039d750	100b5b60	slot-candidate
1039d750	100b5b60	virtual
1039d750	101a64c0	slot-candidate
1039d750	101a67e0	slot-candidate
1039d750	101a67e0	virtual
1039d750	101aa750	slot-candidate
1039d750	101aa750	virtual
1039d750	10272900	slot-candidate
1039d750	10272900	virtual
1039d750	10273e10	slot-candidate
1039d750	10273e10	virtual
1039d750	10273e80	direct
1039d750	10280a50	direct
1039d750	10289ee0	direct
1039d750	102aacf0	direct
1039d750	102dfed0	direct
1039d750	102e20b0	direct
1039d750	102ecd20	direct
1039d750	1039ee20	direct
1039de20	100b31b0	slot-candidate
1039de20	100b31b0	virtual
1039de20	10269aa0	direct
1039de20	10269b50	direct
1039de20	1032e7b0	direct
1039de20	1039ee20	direct
1039de20	1039eee0	direct
1039e2d0	102b12f0	direct
1039e310	101a67e0	slot-candidate
1039e310	101a67e0	virtual
1039e3d0	100b1510	slot-candidate
1039e3d0	100b1510	virtual
1039e3d0	100b31b0	slot-candidate
1039e3d0	100b31b0	virtual
1039e3d0	101a67e0	slot-candidate
1039e3d0	101a67e0	virtual
1039e3d0	10273fc0	slot-candidate
1039e3d0	1028fcc0	direct
1039e3d0	1029adb0	slot-candidate
1039e3d0	1029adb0	virtual
1039e3d0	102a0fb0	direct
1039e3d0	102edae0	direct
1039e3d0	102ee220	direct
1039e3d0	102ee620	direct
1039e3d0	102ee6a0	direct
1039e3d0	10362390	slot-candidate
1039e3d0	1036d1d0	slot-candidate
1039e3d0	10379060	slot-candidate
1039e3d0	10380510	slot-candidate
1039e3d0	10394090	slot-candidate
1039e3d0	1039f030	direct
1039e3d0	1039f1a0	direct
1039e3d0	103a9400	slot-candidate
1039e3d0	103b0290	slot-candidate
1039e3d0	103ba350	slot-candidate
1039e3d0	103ce750	slot-candidate
1039e800	10397dd0	direct
1039e800	1039ede0	direct
1039e830	10397dd0	direct
1039e830	1039ede0	direct
1039e860	10397dd0	direct
1039e860	1039ede0	direct
1039e890	102ae750	direct
1039e890	102beda0	direct
1039e900	102bf340	direct
1039e900	103979d0	direct
1039e900	1039e970	direct
1039e900	1039ede0	direct
1039e970	10295460	direct
1039e970	102ae750	direct
1039e970	1039f310	direct
1039ea60	1039e970	direct
1039eb50	1029afc0	direct
1039eb90	1029b180	direct
1039ebd0	1039ede0	direct
1039ec10	101a67e0	slot-candidate
1039ec10	101a67e0	virtual
1039ec10	10269a20	direct
1039ec10	10269b50	direct
1039ec10	102b27f0	direct
1039ece0	1027ede0	direct
1039ed50	101cf250	direct
1039ed50	101cf2f0	direct
1039ed50	102993c0	direct
1039eda0	101cf2f0	direct
1039eda0	10299700	direct
1039ee20	102a0fb0	direct
1039ee20	102d6100	direct
1039ee20	102d6120	direct
1039eee0	10397b40	direct
1039eee0	1039ede0	direct
1039ef10	101cd940	direct
1039ef10	10397c70	direct
1039ef10	1039ede0	direct
1039ef60	10397e00	direct
1039ef60	1039ede0	direct
1039ef90	10269a20	direct
1039f000	102998c0	direct
1039f030	1002cca0	direct
1039f030	1019ce00	direct
1039f030	1019cf50	direct
1039f030	1019d280	direct
1039f030	1019d4b0	direct
1039f1a0	1002cca0	direct
1039f1a0	1019ce00	direct
1039f1a0	1019cf50	direct
1039f1a0	1019d280	direct
1039f1a0	1019d4b0	direct
1039f310	1002cca0	direct
1039f310	1019ce00	direct
1039f310	1019cf50	direct
1039f310	1019d280	direct
1039f310	1019d4b0	direct
1039f640	100aa7b0	direct
1039f640	1028d610	direct
1039f7a0	102ea020	direct
1039f7a0	102ea2d0	direct
1039fc90	1026dc00	direct
1039fc90	10384690	direct
1039fd20	10269d30	direct
1039fd20	102ee620	direct
1039fd20	10384ee0	direct
1039fe10	103851e0	direct
1039fe30	10385a10	direct
103a0270	100aa7b0	direct
103a0270	1028d610	direct
103a03a0	1028d6e0	direct
103a03a0	103a0d50	direct
103a03e0	101d0f10	direct
103a03e0	10298ad0	direct
103a0420	1029a0b0	direct
103a0420	1042fde0	direct
103a05b0	10292de0	direct
103a05b0	103a0670	direct
103a05b0	103a0ff0	direct
103a0670	101cd9e0	direct
103a0670	102c0520	direct
103a0670	102c1170	direct
103a0670	103a0ab0	direct
103a07f0	101d2850	direct
103a07f0	10430964	direct
103a07f0	104312d5	direct
103a07f0	10431510	direct
103a0ab0	101d3730	direct
103a0ab0	101f2e20	direct
103a0ab0	103a07f0	direct
103a0ab0	103a0d50	direct
103a0ab0	103a1320	direct
103a0ab0	10430fa0	direct
103a0d50	10430964	direct
103a0d50	10430fa0	direct
103a0eb0	101434b0	direct
103a0ff0	101434b0	direct
103a0ff0	101d3730	direct
103a0ff0	103a0eb0	direct
103a1250	1029d4e0	direct
103a1250	103a0ff0	direct
103a14e0	100aa7b0	direct
103a14e0	1028d610	direct
103a1640	102ea020	direct
103a1640	102ea2d0	direct
103a1e40	100aa7b0	direct
103a1e40	1028d610	direct
103a1fa0	102ea020	direct
103a1fa0	102ea2d0	direct
103a2540	1026dc00	direct
103a2540	10384690	direct
103a2570	1029a0b0	direct
103a25a0	100aad70	slot-candidate
103a25a0	100aad70	virtual
103a25a0	100b2d00	slot-candidate
103a25a0	100b2d00	virtual
103a25a0	100b4dc0	slot-candidate
103a25a0	100b4dc0	virtual
103a25a0	100b5190	direct
103a25a0	100dc480	direct
103a25a0	100dc580	direct
103a25a0	101aab90	slot-candidate
103a25a0	101cf390	direct
103a25a0	101cf5c0	direct
103a25a0	101cf600	direct
103a25a0	10273070	direct
103a25a0	10273390	slot-candidate
103a25a0	10273720	slot-candidate
103a25a0	10273720	virtual
103a25a0	102998c0	direct
103a25a0	1029a0b0	slot-candidate
103a25a0	102c4430	direct
103a25a0	10334b10	direct
103a25a0	1035cec0	slot-candidate
103a25a0	10360ce0	slot-candidate
103a25a0	10363940	slot-candidate
103a25a0	103673b0	slot-candidate
103a25a0	103692c0	slot-candidate
103a25a0	1036b050	slot-candidate
103a25a0	1036f100	slot-candidate
103a25a0	1036f900	slot-candidate
103a25a0	10372b00	slot-candidate
103a25a0	10375c80	slot-candidate
103a25a0	103785f0	slot-candidate
103a25a0	1037b290	slot-candidate
103a25a0	1037e240	slot-candidate
103a25a0	1037fa70	slot-candidate
103a25a0	10387140	slot-candidate
103a25a0	10388b30	slot-candidate
103a25a0	1038b070	slot-candidate
103a25a0	103a0420	slot-candidate
103a25a0	103a2570	slot-candidate
103a25a0	103a2570	virtual
103a25a0	103a4350	slot-candidate
103a25a0	103a4580	slot-candidate
103a25a0	103a6d40	slot-candidate
103a25a0	103ae6c0	slot-candidate
103a25a0	103b2360	slot-candidate
103a25a0	103b35c0	slot-candidate
103a25a0	103b91d0	slot-candidate
103a25a0	103c1c80	slot-candidate
103a25a0	103c5840	slot-candidate
103a25a0	103caef0	slot-candidate
103a25a0	103dce00	slot-candidate
103a25a0	103dd800	slot-candidate
103a25a0	103defc0	slot-candidate
103a2930	10299da0	direct
103a2980	10269eb0	direct
103a2980	102ad140	direct
103a2980	1033e2b0	direct
103a29f0	100b3070	slot-candidate
103a29f0	100b3070	virtual
103a29f0	10269aa0	direct
103a29f0	102b4090	direct
103a29f0	1033e2b0	direct
103a29f0	10384ee0	direct
103a2c30	100b3070	virtual
103a2c30	102517e0	direct
103a2c30	10269a20	direct
103a2c30	10269aa0	direct
103a2c30	10269b50	direct
103a2c30	1028ea60	direct
103a2c30	102b27f0	direct
103a2c30	1032e7b0	direct
103a2e30	100290c0	direct
103a2e30	100b3070	slot-candidate
103a2e30	100b3070	virtual
103a2e30	1017f2a0	direct
103a2e30	102517e0	direct
103a2e30	10269aa0	direct
103a2e30	10269d30	direct
103a2e30	1028ea60	direct
103a2e30	102b4f60	slot-candidate
103a2e30	102b4f60	virtual
103a2e30	1032e7b0	direct
103a2e30	10372c50	slot-candidate
103a2e30	103851e0	direct
103a2e30	1042fe90	direct
103a3670	100b3070	slot-candidate
103a3670	100b3070	virtual
103a3670	100b3110	slot-candidate
103a3670	100b3110	virtual
103a3670	10139610	direct
103a3670	101bac90	direct
103a3670	10385a10	direct
103a3850	1029f8f0	direct
103a3850	102ae7f0	direct
103a3850	102b4f60	slot-candidate
103a3850	102b4f60	virtual
103a3850	10372c50	slot-candidate
103a38c0	100ac4e0	direct
103a38c0	100dc480	direct
103a38c0	1032c0e0	direct
103a3c50	102ea020	direct
103a3c50	102ea2d0	direct
103a4320	100aa7b0	direct
103a4320	1028d610	direct
103a4350	100ac4e0	direct
103a4350	1029a0b0	direct
103a4510	100a0420	direct
103a4510	100b3840	direct
103a4510	10332aa0	direct
103a4510	103c4ef0	direct
103a4510	1042bff0	direct
103a4580	100a9c90	slot-candidate
103a4580	100a9c90	virtual
103a4580	101a64c0	slot-candidate
103a4580	101aa750	slot-candidate
103a4580	101aa750	virtual
103a4580	1029a0b0	direct
103a4580	1042fde0	direct
103a46b0	102ae920	direct
103a4700	10292de0	direct
103a4870	10385a10	direct
103a48b0	100b5190	direct
103a4950	100a9c90	slot-candidate
103a4950	100a9c90	virtual
103a4950	100ab4f0	direct
103a4950	1017e150	direct
103a4950	101d3730	direct
103a49c0	1008e0a0	direct
103a49c0	100a9c90	slot-candidate
103a49c0	100a9c90	virtual
103a4a60	1008e310	direct
103a4a60	100a9c90	slot-candidate
103a4a60	100a9c90	virtual
103a4d40	100aa7b0	direct
103a4d40	1028d610	direct
103a50e0	100aa7b0	direct
103a50e0	1028d610	direct
103a5240	102ea020	direct
103a5240	102ea2d0	direct
103a5650	103847f0	direct
103a56f0	1008d230	direct
103a56f0	10295a60	direct
103a5ce0	100aa7b0	direct
103a5ce0	100cd2d0	direct
103a5ce0	1028d610	direct
103a5e50	102ea020	direct
103a5e50	102ea2d0	direct
103a6ab0	101d0ec0	direct
103a6ab0	10298ad0	direct
103a6c80	1026dc00	direct
103a6c80	103c4ef0	direct
103a6d40	103aaa80	direct
103a6d40	103c5840	direct
103a6d40	103c6df0	direct
103a6e80	103c5910	direct
103a6e80	103c6df0	direct
103a6f70	102ae140	direct
103a7000	1029b290	direct
103a70c0	100290c0	direct
103a70c0	100b2300	slot-candidate
103a70c0	100b2300	virtual
103a70c0	10246160	direct
103a70c0	10269aa0	direct
103a70c0	10384ee0	direct
103a70c0	103ab580	direct
103a7390	102b12f0	direct
103a7450	101a67e0	slot-candidate
103a7450	101a67e0	virtual
103a7450	10279a50	direct
103a75c0	10385a10	direct
103a75c0	103aa960	direct
103a7650	10385a30	direct
103a76d0	10385a70	direct
103a7760	102bf340	direct
103a77f0	10269a20	direct
103a77f0	10269b50	direct
103a77f0	102b27f0	direct
103a77f0	103a9d90	direct
103a78c0	1002cbd0	direct
103a78c0	1002cca0	direct
103a78c0	10032b00	direct
103a78c0	1009d1e0	direct
103a78c0	1009d380	slot-candidate
103a78c0	1009d380	virtual
103a78c0	100a9eb0	slot-candidate
103a78c0	100a9eb0	virtual
103a78c0	100ada20	slot-candidate
103a78c0	100ada20	virtual
103a78c0	100b2770	direct
103a78c0	100b2be0	slot-candidate
103a78c0	100b2be0	virtual
103a78c0	100b3070	slot-candidate
103a78c0	100b3070	virtual
103a78c0	100b31b0	slot-candidate
103a78c0	100b31b0	virtual
103a78c0	100b3b00	direct
103a78c0	100b4790	direct
103a78c0	100dc580	direct
103a78c0	10137220	direct
103a78c0	1019ce00	direct
103a78c0	1019d280	direct
103a78c0	1019d4b0	direct
103a78c0	101a5290	direct
103a78c0	101d5e80	direct
103a78c0	10273e80	direct
103a78c0	10273fc0	slot-candidate
103a78c0	1027d990	direct
103a78c0	1027d9b0	direct
103a78c0	10289ee0	direct
103a78c0	1029adb0	slot-candidate
103a78c0	102c41b0	direct
103a78c0	102c4ad0	direct
103a78c0	102c4e80	direct
103a78c0	102e0b40	direct
103a78c0	102e20b0	direct
103a78c0	10337860	direct
103a78c0	10362390	slot-candidate
103a78c0	1036d1d0	slot-candidate
103a78c0	10379060	slot-candidate
103a78c0	10380510	slot-candidate
103a78c0	10394090	slot-candidate
103a78c0	103a9400	slot-candidate
103a78c0	103a9400	virtual
103a78c0	103a9540	direct
103a78c0	103a9760	direct
103a78c0	103a9ad0	direct
103a78c0	103a9e70	direct
103a78c0	103ab110	direct
103a78c0	103b0290	slot-candidate
103a78c0	103ba350	slot-candidate
103a78c0	103c59d0	direct
103a78c0	103c5ac0	direct
103a78c0	103c6f40	direct
103a78c0	103c7150	direct
103a78c0	103c7230	direct
103a78c0	103ce750	slot-candidate
103a8990	100274b0	slot-candidate
103a8990	100274b0	virtual
103a8990	1002cbd0	direct
103a8990	10032b00	direct
103a8990	1009d2a0	slot-candidate
103a8990	1009d2a0	virtual
103a8990	1009d380	slot-candidate
103a8990	1009d380	virtual
103a8990	100a9eb0	slot-candidate
103a8990	100a9eb0	virtual
103a8990	100b2770	direct
103a8990	100b31b0	slot-candidate
103a8990	100b31b0	virtual
103a8990	100b3640	direct
103a8990	100b3700	direct
103a8990	100b4790	direct
103a8990	100dc580	direct
103a8990	10137220	direct
103a8990	1019ce00	direct
103a8990	1019d280	direct
103a8990	1019d4b0	direct
103a8990	101a67e0	slot-candidate
103a8990	101a67e0	virtual
103a8990	101d2c70	direct
103a8990	10266c80	direct
103a8990	10272900	slot-candidate
103a8990	10272900	virtual
103a8990	10273e80	direct
103a8990	1027d990	direct
103a8990	1027d9b0	direct
103a8990	10280a50	direct
103a8990	102c1170	direct
103a8990	102e1c10	direct
103a8990	102e1e20	direct
103a8990	102e20b0	direct
103a8990	103aa3b0	direct
103a8990	103aaa80	direct
103a8990	103aad40	direct
103a8990	103aaf50	direct
103a8990	103ab110	direct
103a8990	103c5f40	direct
103a8990	103c6a00	direct
103a9400	1029adb0	direct
103a9400	102ae750	direct
103a9400	103a9d00	direct
103a9540	101371d0	direct
103a9540	10139970	direct
103a9540	1013d580	direct
103a9760	100290c0	direct
103a9760	100b31b0	slot-candidate
103a9760	100b31b0	virtual
103a9760	101371d0	direct
103a9760	10137220	direct
103a9760	10139970	direct
103a9760	1013d580	direct
103a9ad0	101371d0	direct
103a9ad0	10139970	direct
103a9ad0	1013d580	direct
103a9d90	103aabc0	direct
103a9d90	103c67f0	direct
103a9d90	103c6a20	direct
103a9e70	100b31b0	slot-candidate
103a9e70	100b31b0	virtual
103a9e70	103c6570	direct
103aa3b0	102ae750	direct
103aa3b0	10332aa0	direct
103aa480	102beda0	direct
103aa510	101a67e0	slot-candidate
103aa510	101a67e0	virtual
103aa510	102ae920	direct
103aa960	103ab110	direct
103aaa80	10200610	direct
103aaa80	102012d0	direct
103aaa80	10430923	direct
103aabc0	10200610	direct
103aabc0	102012d0	direct
103aabc0	10430923	direct
103aad40	100274b0	slot-candidate
103aad40	100274b0	virtual
103aad40	100b2770	direct
103aad40	100b31b0	slot-candidate
103aad40	100b31b0	virtual
103aad40	10137220	direct
103aad40	102c4cc0	direct
103aaf50	100b31b0	slot-candidate
103aaf50	100b31b0	virtual
103aaf50	10137220	direct
103aaf50	10139550	direct
103ab110	100b31b0	slot-candidate
103ab110	100b31b0	virtual
103ab110	100fbc90	direct
103ab110	101d08e0	direct
103ab270	101e3ff0	direct
103ab400	1029f940	direct
103ab580	100290c0	direct
103ab580	100b2300	slot-candidate
103ab580	100b2300	virtual
103ab580	100b31b0	slot-candidate
103ab580	100b31b0	virtual
103ab580	10137220	direct
103abbe0	100aa7b0	direct
103abbe0	1028d610	direct
103abd40	102ea020	direct
103abd40	102ea2d0	direct
103ac430	1035f510	direct
103ac490	102b12f0	direct
103ac4e0	1029a050	direct
103ac500	10269a20	direct
103ac500	10269b50	direct
103ac500	102b27f0	direct
103ac500	103aca80	direct
103ac500	103acac0	direct
103ac610	101b99d0	direct
103ac610	10269aa0	direct
103ac610	1035fb50	direct
103ac740	102725d0	slot-candidate
103ac740	10273e80	direct
103ac740	10273fc0	slot-candidate
103ac740	10295750	slot-candidate
103ac740	10295750	virtual
103ac740	1029adb0	slot-candidate
103ac740	1029adb0	virtual
103ac740	102ecd20	direct
103ac740	1035f650	direct
103ac740	10362390	slot-candidate
103ac740	1036d1d0	slot-candidate
103ac740	10379060	slot-candidate
103ac740	10380510	slot-candidate
103ac740	10394090	slot-candidate
103ac740	103a9400	slot-candidate
103ac740	103acba0	direct
103ac740	103b0290	slot-candidate
103ac740	103ba350	slot-candidate
103ac740	103c1cd0	slot-candidate
103ac740	103c3d80	slot-candidate
103ac740	103ce750	slot-candidate
103aca80	101cd9e0	direct
103aca80	103acac0	direct
103acac0	100b31b0	slot-candidate
103acac0	101371d0	direct
103acac0	103ad0a0	direct
103acac0	103ad0f0	direct
103acba0	1005f190	direct
103acba0	1006dec0	direct
103acba0	100b31b0	slot-candidate
103acba0	10137220	direct
103acba0	10146570	direct
103acba0	101a6b40	slot-candidate
103acba0	101d3190	direct
103acba0	102a0fb0	direct
103acba0	102d6100	direct
103acba0	102d6120	direct
103acba0	102d72b0	slot-candidate
103acba0	102edae0	direct
103acba0	10391030	slot-candidate
103acba0	1039b050	slot-candidate
103acba0	103b6dd0	slot-candidate
103ad0a0	10269aa0	direct
103ad0f0	101d5bd0	direct
103ad0f0	10337860	direct
103ad540	102ddab0	direct
103ad630	103ac430	direct
103ad6a0	103ad540	direct
103ad6a0	104312d5	direct
103ad6d0	101cda50	direct
103ad6d0	1029afc0	direct
103ad7f0	10331950	slot-candidate
103ad7f0	10331950	virtual
103ad820	10331a40	slot-candidate
103ad820	10331a40	virtual
103ad930	100aa7b0	direct
103ad930	1028d610	direct
103adcb0	102ea020	direct
103adcb0	102ea2d0	direct
103ae4f0	100aa7b0	direct
103ae4f0	100cd2d0	direct
103ae4f0	1028d610	direct
103ae540	101d0ec0	direct
103ae540	10298ad0	direct
103ae630	1026dc00	direct
103ae630	103c4ef0	direct
103ae6c0	100b3070	slot-candidate
103ae6c0	100b3070	virtual
103ae6c0	103c5840	direct
103ae6c0	103c6a00	direct
103ae7f0	103c5910	direct
103ae8c0	10246160	direct
103ae8c0	10384ee0	direct
103ae8c0	103b10f0	direct
103ae8c0	103b1680	direct
103ae8c0	103c67f0	direct
103ae8c0	103c6a20	direct
103aeac0	103851e0	direct
103aeb50	102b27f0	direct
103aebd0	10385a10	direct
103aebd0	103b1510	direct
103aec70	1008eec0	direct
103aec70	1009d1e0	direct
103aec70	1009d2a0	slot-candidate
103aec70	1009d2a0	virtual
103aec70	1009d380	slot-candidate
103aec70	1009d380	virtual
103aec70	100ada20	slot-candidate
103aec70	100ada20	virtual
103aec70	100b2be0	slot-candidate
103aec70	100b2be0	virtual
103aec70	100b3070	slot-candidate
103aec70	100b3070	virtual
103aec70	100b31b0	slot-candidate
103aec70	100b31b0	virtual
103aec70	100b3b00	direct
103aec70	100cd660	direct
103aec70	100dc580	direct
103aec70	10146570	direct
103aec70	101d5e80	direct
103aec70	10273e80	direct
103aec70	10273fc0	slot-candidate
103aec70	1029adb0	slot-candidate
103aec70	102c41b0	direct
103aec70	1032e7b0	direct
103aec70	10337230	direct
103aec70	10337860	direct
103aec70	10362390	slot-candidate
103aec70	1036d1d0	slot-candidate
103aec70	10379060	slot-candidate
103aec70	10380510	slot-candidate
103aec70	10394090	slot-candidate
103aec70	103a9400	slot-candidate
103aec70	103b0290	slot-candidate
103aec70	103b0290	virtual
103aec70	103b0560	direct
103aec70	103b0630	direct
103aec70	103b0930	direct
103aec70	103b0ab0	direct
103aec70	103b1300	direct
103aec70	103ba350	slot-candidate
103aec70	103c5ac0	direct
103aec70	103c6a00	direct
103aec70	103c7230	direct
103aec70	103ce750	slot-candidate
103af780	103c5f40	direct
103af830	103c6000	direct
103b0290	1029adb0	direct
103b0320	102b12f0	direct
103b0560	101cd940	direct
103b0630	100290c0	direct
103b0630	101371d0	direct
103b0630	10139970	direct
103b0630	1013d580	direct
103b0630	103b0c70	direct
103b0930	101371d0	direct
103b0ab0	101371d0	direct
103b0c70	100b31b0	slot-candidate
103b0c70	100b31b0	virtual
103b0c70	101371d0	direct
103b0e90	101faa70	direct
103b0e90	10200610	direct
103b0e90	102012d0	direct
103b0e90	10269a20	direct
103b0e90	102beda0	direct
103b0e90	10430923	direct
103b10f0	1009d2a0	virtual
103b10f0	100b3b00	direct
103b10f0	100dc580	direct
103b10f0	100f7770	direct
103b10f0	101364e0	direct
103b10f0	101cda50	direct
103b10f0	1032e7b0	direct
103b10f0	10430b64	direct
103b1300	100b31b0	slot-candidate
103b1300	100b31b0	virtual
103b1300	102c4e80	direct
103b1510	103b0930	direct
103b1510	103b0ab0	direct
103b1680	100b31b0	slot-candidate
103b1680	100b31b0	virtual
103b1680	103b1790	direct
103b1c60	100aa7b0	direct
103b1c60	1028d610	direct
103b1dc0	102ea020	direct
103b1dc0	102ea2d0	direct
103b2330	1026dc00	direct
103b2330	103c4ef0	direct
103b2360	1029a0b0	direct
103b2410	10384ee0	direct
103b2450	103851e0	direct
103b2470	10385a10	direct
103b2530	1026dd10	direct
103b2590	1026d890	direct
103b25c0	1026d920	direct
103b28f0	100aa7b0	direct
103b28f0	1028d610	direct
103b2a50	102ea020	direct
103b2a50	102ea2d0	direct
103b3170	102ea020	direct
103b3170	102ea2d0	direct
103b35c0	1026e340	direct
103b35c0	1029a0b0	direct
103b3650	10385a10	direct
103b3670	10384ee0	direct
103b36d0	102725d0	slot-candidate
103b36d0	10273e80	direct
103b36d0	10295750	slot-candidate
103b36d0	10295750	virtual
103b36d0	102c1400	direct
103b36d0	103847f0	direct
103b36d0	103c1cd0	slot-candidate
103b36d0	103c3d80	slot-candidate
103b38a0	10269b50	direct
103b38a0	102725d0	slot-candidate
103b38a0	10273e80	direct
103b38a0	10295750	slot-candidate
103b38a0	10295750	virtual
103b38a0	102c1400	direct
103b38a0	10384ab0	direct
103b38a0	103c1cd0	slot-candidate
103b38a0	103c3d80	slot-candidate
103b3970	100aa7b0	direct
103b3970	1028d610	direct
103b3b60	100aa7b0	direct
103b3b60	1028d610	direct
103b3cc0	102ea020	direct
103b3cc0	102ea2d0	direct
103b41e0	10298ad0	direct
103b42f0	1026dc00	direct
103b42f0	103c4ef0	direct
103b4320	1002cca0	direct
103b4320	100a9eb0	slot-candidate
103b4320	100a9eb0	virtual
103b4320	1019ce00	direct
103b4320	1019cf50	direct
103b4320	1019d280	direct
103b4320	1019d4b0	direct
103b4490	1002cca0	direct
103b4490	100a9eb0	slot-candidate
103b4490	100a9eb0	virtual
103b4490	1019ce00	direct
103b4490	1019cf50	direct
103b4490	1019d280	direct
103b4490	1019d4b0	direct
103b4600	1002cca0	direct
103b4600	100a9eb0	slot-candidate
103b4600	100a9eb0	virtual
103b4600	1019ce00	direct
103b4600	1019cf50	direct
103b4600	1019d280	direct
103b4600	1019d4b0	direct
103b4600	1027a5c0	slot-candidate
103b4600	102b4c10	slot-candidate
103b4600	102b4c10	virtual
103b4780	1002cca0	direct
103b4780	100a9eb0	slot-candidate
103b4780	100a9eb0	virtual
103b4780	1019ce00	direct
103b4780	1019cf50	direct
103b4780	1019d280	direct
103b4780	1019d4b0	direct
103b48f0	1002cca0	direct
103b48f0	100a9eb0	slot-candidate
103b48f0	100a9eb0	virtual
103b48f0	1019ce00	direct
103b48f0	1019cf50	direct
103b48f0	1019d280	direct
103b48f0	1019d4b0	direct
103b4a60	1002cca0	direct
103b4a60	100a9eb0	slot-candidate
103b4a60	100a9eb0	virtual
103b4a60	1019ce00	direct
103b4a60	1019cf50	direct
103b4a60	1019d280	direct
103b4a60	1019d4b0	direct
103b4bd0	1002cca0	direct
103b4bd0	100a9eb0	slot-candidate
103b4bd0	100a9eb0	virtual
103b4bd0	1019ce00	direct
103b4bd0	1019cf50	direct
103b4bd0	1019d280	direct
103b4bd0	1019d4b0	direct
103b4d40	1002cca0	direct
103b4d40	100a9eb0	slot-candidate
103b4d40	100a9eb0	virtual
103b4d40	1019ce00	direct
103b4d40	1019cf50	direct
103b4d40	1019d280	direct
103b4d40	1019d4b0	direct
103b4f30	10269aa0	direct
103b4f30	10384ee0	direct
103b4ff0	101a6700	slot-candidate
103b4ff0	101a67e0	slot-candidate
103b4ff0	101a67e0	virtual
103b4ff0	101aa6b0	slot-candidate
103b4ff0	101aa6b0	virtual
103b4ff0	10269b50	direct
103b4ff0	10269d30	direct
103b4ff0	103851e0	direct
103b51a0	10385a10	direct
103b5370	100aa7b0	direct
103b5370	1028d610	direct
103b54d0	102ea020	direct
103b54d0	102ea2d0	direct
103b5b10	100aa7b0	direct
103b5b10	1028d610	direct
103b5c70	102ea020	direct
103b5c70	102ea2d0	direct
103b6e90	100aa7b0	direct
103b6e90	1028d610	direct
103b70f0	102ea020	direct
103b70f0	102ea2d0	direct
103b8fa0	101d0ec0	direct
103b8fa0	10298ad0	direct
103b9040	10292de0	direct
103b9040	102c43f0	direct
103b9060	1009b060	direct
103b9060	100b3900	direct
103b9060	10298d30	direct
103b9120	102bf6e0	direct
103b9120	10431320	direct
103b9160	1029a050	direct
103b9180	1029a070	direct
103b91d0	1029a0b0	direct
103b91d0	102c43b0	direct
103b91d0	103b9f50	direct
103b9270	100ac4e0	direct
103b9270	1029a8b0	direct
103b92a0	101aeb60	direct
103b92a0	1027a640	slot-candidate
103b92a0	102b4c40	slot-candidate
103b92a0	103b9f10	slot-candidate
103b92a0	103b9f10	virtual
103b9380	101aeb60	direct
103b9380	1027a5c0	slot-candidate
103b9380	102b4c10	slot-candidate
103b9380	102b4c10	virtual
103b9500	101aeb60	direct
103b9500	1027a5c0	slot-candidate
103b9500	1027a640	slot-candidate
103b9500	102b4c10	slot-candidate
103b9500	102b4c10	virtual
103b9500	102b4c40	slot-candidate
103b9500	103b9f10	slot-candidate
103b9500	103b9f10	virtual
103b9500	103b9f90	direct
103b9f50	10106a40	direct
103b9f50	103b9f90	direct
103b9f90	10106580	direct
103ba020	100916a0	slot-candidate
103ba020	100916a0	virtual
103ba290	102b4630	direct
103ba2c0	102ae140	direct
103ba2c0	103b9f50	direct
103ba350	10269d30	direct
103ba350	1029adb0	direct
103ba350	102c43b0	direct
103ba350	103be050	direct
103ba350	103be090	direct
103ba350	103be130	direct
103ba350	103bf200	direct
103ba410	100b3070	slot-candidate
103ba410	100b3070	virtual
103ba410	101a67e0	slot-candidate
103ba410	101a67e0	virtual
103ba410	101a68c0	slot-candidate
103ba410	101cdba0	direct
103ba410	10294280	slot-candidate
103ba410	1029b290	direct
103ba410	10358ef0	slot-candidate
103ba410	103680f0	slot-candidate
103ba410	103a0030	slot-candidate
103ba410	103a4770	slot-candidate
103ba410	103b4600	slot-candidate
103ba410	103b9380	slot-candidate
103ba410	103b9380	virtual
103ba410	103be130	direct
103ba410	103bea90	direct
103ba410	103bef20	direct
103ba640	100b3070	slot-candidate
103ba640	100b3070	virtual
103ba640	1027d990	direct
103ba640	102c36d0	direct
103ba640	102c3b50	direct
103ba7c0	10027020	slot-candidate
103ba7c0	101a67e0	slot-candidate
103ba7c0	101a67e0	virtual
103ba7c0	10269aa0	direct
103ba7c0	102702d0	slot-candidate
103ba7c0	10271f50	slot-candidate
103ba7c0	10271f70	slot-candidate
103ba7c0	10272650	direct
103ba7c0	10272900	slot-candidate
103ba7c0	10272900	virtual
103ba7c0	10273e10	slot-candidate
103ba7c0	10273e10	virtual
103ba7c0	10273e80	direct
103ba7c0	10273fc0	slot-candidate
103ba7c0	10278c80	direct
103ba7c0	10280a50	direct
103ba7c0	10289d10	slot-candidate
103ba7c0	10289ee0	direct
103ba7c0	10295590	slot-candidate
103ba7c0	10295710	slot-candidate
103ba7c0	10295710	virtual
103ba7c0	10297640	slot-candidate
103ba7c0	10297640	virtual
103ba7c0	1029adb0	slot-candidate
103ba7c0	102a1910	direct
103ba7c0	102b5360	slot-candidate
103ba7c0	102b5360	virtual
103ba7c0	102bf6e0	slot-candidate
103ba7c0	102c3b50	direct
103ba7c0	102dfed0	direct
103ba7c0	102e0b40	direct
103ba7c0	102e2020	direct
103ba7c0	102e20b0	direct
103ba7c0	102ee1c0	direct
103ba7c0	102f2fe0	direct
103ba7c0	10327ec0	slot-candidate
103ba7c0	10327ec0	virtual
103ba7c0	10362390	slot-candidate
103ba7c0	103690a0	slot-candidate
103ba7c0	103690c0	slot-candidate
103ba7c0	1036d1d0	slot-candidate
103ba7c0	10374ad0	slot-candidate
103ba7c0	10379060	slot-candidate
103ba7c0	10380510	slot-candidate
103ba7c0	10381b50	slot-candidate
103ba7c0	103854f0	slot-candidate
103ba7c0	103858b0	slot-candidate
103ba7c0	10392a10	slot-candidate
103ba7c0	10394090	slot-candidate
103ba7c0	10394690	slot-candidate
103ba7c0	103a9400	slot-candidate
103ba7c0	103b0290	slot-candidate
103ba7c0	103b2e60	slot-candidate
103ba7c0	103b9120	slot-candidate
103ba7c0	103b9120	virtual
103ba7c0	103ba350	slot-candidate
103ba7c0	103ba350	virtual
103ba7c0	103bde40	slot-candidate
103ba7c0	103bde40	virtual
103ba7c0	103be8e0	direct
103ba7c0	103bf170	direct
103ba7c0	103bf440	direct
103ba7c0	103bf660	direct
103ba7c0	103c3e10	slot-candidate
103ba7c0	103ce750	slot-candidate
103ba7c0	103dcdc0	slot-candidate
103ba7c0	10431320	direct
103bb1e0	10027020	slot-candidate
103bb1e0	101a67e0	slot-candidate
103bb1e0	101a67e0	virtual
103bb1e0	10269aa0	direct
103bb1e0	10271f50	slot-candidate
103bb1e0	10271f70	slot-candidate
103bb1e0	10272650	direct
103bb1e0	10272900	slot-candidate
103bb1e0	10272900	virtual
103bb1e0	10273e10	slot-candidate
103bb1e0	10273e10	virtual
103bb1e0	10273e80	direct
103bb1e0	10273fc0	slot-candidate
103bb1e0	10278c80	direct
103bb1e0	10280a50	direct
103bb1e0	10289d10	slot-candidate
103bb1e0	10295590	slot-candidate
103bb1e0	10295710	slot-candidate
103bb1e0	10295710	virtual
103bb1e0	10297640	slot-candidate
103bb1e0	10297640	virtual
103bb1e0	1029adb0	slot-candidate
103bb1e0	102aacf0	direct
103bb1e0	102b5360	slot-candidate
103bb1e0	102b5360	virtual
103bb1e0	102dfed0	direct
103bb1e0	102e0a60	direct
103bb1e0	102e1e20	direct
103bb1e0	102e20b0	direct
103bb1e0	10327ec0	slot-candidate
103bb1e0	10327ec0	virtual
103bb1e0	10362390	slot-candidate
103bb1e0	103690a0	slot-candidate
103bb1e0	103690c0	slot-candidate
103bb1e0	1036d1d0	slot-candidate
103bb1e0	10374ad0	slot-candidate
103bb1e0	10379060	slot-candidate
103bb1e0	10380510	slot-candidate
103bb1e0	10381b50	slot-candidate
103bb1e0	103854f0	slot-candidate
103bb1e0	103858b0	slot-candidate
103bb1e0	10394090	slot-candidate
103bb1e0	10394690	slot-candidate
103bb1e0	103a9400	slot-candidate
103bb1e0	103b0290	slot-candidate
103bb1e0	103b2e60	slot-candidate
103bb1e0	103ba350	slot-candidate
103bb1e0	103ba350	virtual
103bb1e0	103bde40	slot-candidate
103bb1e0	103bde40	virtual
103bb1e0	103be8e0	direct
103bb1e0	103bf560	direct
103bb1e0	103bfc20	direct
103bb1e0	103c3e10	slot-candidate
103bb1e0	103ce750	slot-candidate
103bb1e0	103dcdc0	slot-candidate
103bb1e0	10431320	direct
103bb7c0	10027020	slot-candidate
103bb7c0	101a67e0	slot-candidate
103bb7c0	101a67e0	virtual
103bb7c0	10269aa0	direct
103bb7c0	10269d30	direct
103bb7c0	10273e10	slot-candidate
103bb7c0	10273e10	virtual
103bb7c0	102af660	direct
103bb7c0	102b4090	direct
103bb7c0	102b5360	slot-candidate
103bb7c0	102b5360	virtual
103bb7c0	102b8a60	direct
103bb7c0	102b9060	direct
103bb7c0	102c43b0	direct
103bb7c0	102cc1f0	direct
103bb7c0	102dfed0	direct
103bb7c0	1032e7b0	direct
103bb7c0	103bc4e0	direct
103bb7c0	103bc820	direct
103bb7c0	103bca20	direct
103bb7c0	103bcaf0	direct
103bb7c0	103bcb60	direct
103bb7c0	103bcc00	direct
103bb7c0	103be050	direct
103bb7c0	103be090	direct
103bb7c0	103be130	direct
103bb7c0	103be150	direct
103bb7c0	103be8e0	direct
103bb7c0	103bf660	direct
103bb7c0	103bfa50	direct
103bc4e0	1013d580	direct
103bc4e0	101d2c70	direct
103bc4e0	10269aa0	direct
103bc4e0	102c43b0	direct
103bc4e0	102dfed0	direct
103bc4e0	103be050	direct
103bc4e0	103be180	direct
103bc820	10269aa0	direct
103bc820	10269d30	direct
103bca20	10269aa0	direct
103bca20	10269d30	direct
103bca20	103bc820	direct
103bcaf0	10269aa0	direct
103bcaf0	102ea280	direct
103bcb60	10269aa0	direct
103bcb60	102ea280	direct
103bcc00	10269aa0	direct
103bcc00	10269d30	direct
103bcc00	103bc820	direct
103bce40	10027020	slot-candidate
103bce40	100b31b0	slot-candidate
103bce40	100b31b0	virtual
103bce40	101a67e0	slot-candidate
103bce40	101a67e0	virtual
103bce40	10269a20	direct
103bce40	10269aa0	direct
103bce40	10269b50	direct
103bce40	10269c70	direct
103bce40	10273e10	slot-candidate
103bce40	10273e10	virtual
103bce40	102b27f0	direct
103bce40	102b5360	slot-candidate
103bce40	102b5360	virtual
103bce40	102dfed0	direct
103bce40	103be130	direct
103bce40	103be150	direct
103bce40	103be630	direct
103bce40	103bf660	direct
103bce40	103bfc20	direct
103bd270	100b4dc0	slot-candidate
103bd270	100b4dc0	virtual
103bd270	101a8ac0	direct
103bd390	102b12f0	direct
103bd690	101a6700	slot-candidate
103bd690	101a67e0	slot-candidate
103bd690	101a67e0	virtual
103bd690	101a8840	slot-candidate
103bd690	101a95d0	slot-candidate
103bd690	101a98c0	slot-candidate
103bd690	101aa5d0	slot-candidate
103bd690	101aa5d0	virtual
103bd690	101aa6b0	slot-candidate
103bd690	101aa6b0	virtual
103bd690	101b99d0	direct
103bd690	1025f1a0	slot-candidate
103bd690	10269a20	direct
103bd690	10269aa0	direct
103bd690	10269d30	direct
103bd690	1026aef0	slot-candidate
103bd690	10273e10	slot-candidate
103bd690	10273e10	virtual
103bd690	102ad660	direct
103bd690	102b4520	slot-candidate
103bd690	102b4520	virtual
103bd690	102dfed0	direct
103bd690	102e0b40	direct
103bd690	102e2020	direct
103bdd10	1008c170	direct
103bde40	10295590	direct
103bde40	103be130	direct
103bdef0	1028fcc0	direct
103bdef0	103c0160	direct
103bdef0	103c05e0	direct
103bdef0	103c0860	direct
103bdfc0	100f8490	direct
103bdfc0	101cd940	direct
103be010	102bf340	direct
103be010	103bdfc0	direct
103be010	103be130	direct
103be010	103bf170	direct
103be180	100f8490	direct
103be180	102c4380	direct
103be180	103be3d0	direct
103be180	103bf330	direct
103be3d0	100b3070	slot-candidate
103be3d0	10430b64	direct
103be530	101d3190	direct
103be630	100b3110	slot-candidate
103be630	100b4b40	slot-candidate
103be630	10139610	direct
103be630	10146570	direct
103be630	101aae60	slot-candidate
103be630	1025e8e0	slot-candidate
103be630	103be530	direct
103be8e0	100b3070	slot-candidate
103be8e0	100b3110	slot-candidate
103be8e0	1013d580	direct
103be8e0	101d2c70	direct
103be8e0	102c36d0	direct
103bea90	100290c0	direct
103bea90	100a0ae0	direct
103bea90	100b3110	slot-candidate
103bea90	10137220	direct
103bea90	1013d580	direct
103bea90	101cd970	direct
103bea90	101d2c70	direct
103bea90	101d2f40	direct
103bea90	102c36d0	direct
103bea90	102c43b0	direct
103bea90	103be0b0	direct
103bea90	10430b64	direct
103bef20	100952d0	direct
103bef20	100a9ab0	direct
103bef20	100b31b0	slot-candidate
103bef20	1014f210	direct
103bef20	103be050	direct
103bef20	103be0b0	direct
103bef20	10430b64	direct
103bef20	1043e780	direct
103bf170	101cd970	direct
103bf170	102c43b0	direct
103bf170	103be0b0	direct
103bf200	10430fa0	direct
103bf330	103bf3c0	direct
103bf330	10430fa0	direct
103bf440	102e0a40	direct
103bf440	102e0a60	direct
103bf440	102e0a80	direct
103bf440	102e0b40	direct
103bf440	102e20b0	direct
103bf560	102e1e20	direct
103bf580	101a67e0	slot-candidate
103bf580	101a67e0	virtual
103bf610	102a0940	direct
103bf660	100335e0	direct
103bf660	1005f190	direct
103bf660	1006dec0	direct
103bf660	10146570	direct
103bf660	102c3b50	direct
103bf660	102dfed0	direct
103bf660	102e30d0	direct
103bfa00	1029b180	direct
103bfa50	102d1420	direct
103bfa50	102d24b0	direct
103bfa50	103bfc20	direct
103bfc20	1013d580	direct
103bfc20	101d2c70	direct
103bfc20	102d12e0	direct
103bfd80	1003e4b0	direct
103bfd80	100b3110	slot-candidate
103bfd80	100b3110	virtual
103bfd80	1011e060	direct
103bfd80	10139610	direct
103bfd80	103338c0	direct
103c0160	1008bf00	direct
103c0160	10139610	direct
103c0160	10146570	direct
103c0160	101ccd70	direct
103c0160	1023bd00	direct
103c05e0	1004f7a0	direct
103c05e0	1005f190	direct
103c05e0	10095e50	slot-candidate
103c05e0	10146570	direct
103c08d0	100b31b0	slot-candidate
103c08d0	100b31b0	virtual
103c08d0	101371d0	direct
103c08d0	101434b0	direct
103c08d0	1029d4e0	direct
103c08d0	103be130	direct
103c0c90	102ea020	direct
103c0c90	102ea2d0	direct
103c1340	100aa7b0	direct
103c1340	1028d610	direct
103c1400	101d0ec0	direct
103c1400	10298ad0	direct
103c1540	100b3070	slot-candidate
103c1540	100b3070	virtual
103c1540	101cdba0	direct
103c1540	1029b290	direct
103c1610	10269aa0	direct
103c1610	102af660	direct
103c1610	1032e7b0	direct
103c1610	103c24a0	direct
103c16f0	10269eb0	direct
103c16f0	102ad140	direct
103c1720	102b12f0	direct
103c17f0	10269b50	direct
103c17f0	102b27f0	direct
103c1820	102a1910	direct
103c19e0	1025db70	direct
103c1b90	1009b060	direct
103c1b90	100b3900	direct
103c1b90	1026dc00	direct
103c1b90	10298d30	direct
103c1c80	1029a0b0	direct
103c1cb0	1029a050	direct
103c1cd0	101a67e0	slot-candidate
103c1cd0	101a67e0	virtual
103c1cd0	10295750	direct
103c1d20	1028fcc0	direct
103c1d20	103c2230	direct
103c1d50	102bf340	direct
103c1d50	103c2230	direct
103c1d80	10027470	virtual
103c1d80	100290c0	direct
103c1d80	1002cbd0	direct
103c1d80	10032b00	direct
103c1d80	100b31b0	slot-candidate
103c1d80	100b31b0	virtual
103c1d80	100fbc90	direct
103c1d80	101371d0	direct
103c1d80	1015d680	direct
103c1d80	1019ce00	direct
103c1d80	1019d280	direct
103c1d80	1019d4b0	direct
103c1d80	10269a20	direct
103c1d80	103326b0	direct
103c2230	100290c0	direct
103c2230	1002cbd0	direct
103c2230	100a9eb0	virtual
103c2230	100b4790	direct
103c2230	1019ce00	direct
103c2230	1019d280	direct
103c2230	1019d4b0	direct
103c2230	101cd940	direct
103c2230	103327f0	direct
103c2230	103c24a0	direct
103c2810	101cf250	direct
103c2810	101cf2f0	direct
103c2810	102993c0	direct
103c2860	101cf2f0	direct
103c2860	10299700	direct
103c2a60	102ea020	direct
103c2a60	102ea2d0	direct
103c3120	100aa7b0	direct
103c3120	1028d610	direct
103c31e0	101d0ec0	direct
103c31e0	10298ad0	direct
103c32c0	1029b290	direct
103c3310	100b31b0	slot-candidate
103c3310	100b31b0	virtual
103c3310	101371d0	direct
103c3310	102af660	direct
103c3310	1032e7b0	direct
103c3560	102b12f0	direct
103c35a0	10269b50	direct
103c35a0	102b27f0	direct
103c35d0	10273e80	direct
103c35d0	10289ee0	direct
103c35d0	102a1910	direct
103c3870	101a67e0	slot-candidate
103c3870	101a67e0	virtual
103c3870	10273e80	direct
103c3870	10280a50	direct
103c3870	102aacf0	direct
103c3870	102e0b40	direct
103c3870	102e20b0	direct
103c3960	1025db70	direct
103c3b30	1009b060	direct
103c3b30	100b3900	direct
103c3b30	1026dc00	direct
103c3b30	10298d30	direct
103c3c40	1009b060	direct
103c3c40	100b3900	direct
103c3c40	102998c0	direct
103c3cb0	1029a050	direct
103c3cd0	10273180	direct
103c3d10	10273070	direct
103c3d80	10295750	direct
103c3e10	10295590	direct
103c3fd0	10289ee0	direct
103c43b0	1014f790	slot-candidate
103c43b0	102a01b0	slot-candidate
103c43b0	10378d30	slot-candidate
103c43b0	10380320	slot-candidate
103c43b0	103a41c0	slot-candidate
103c43b0	103ad8d0	slot-candidate
103c43b0	103c43f0	slot-candidate
103c43b0	103c43f0	virtual
103c43f0	102a01b0	direct
103c4920	100aa7b0	direct
103c4920	1028d610	direct
103c4a80	102ea020	direct
103c4a80	102ea2d0	direct
103c4ef0	1026dc00	direct
103c4ef0	10332aa0	direct
103c4ef0	10384690	direct
103c5270	102ea020	direct
103c5270	102ea2d0	direct
103c5840	1029a0b0	direct
103c5840	103c6a00	direct
103c5840	103c6eb0	direct
103c5910	10299700	direct
103c5910	103c6eb0	direct
103c59d0	10273e80	direct
103c59d0	10273fc0	slot-candidate
103c59d0	1029adb0	slot-candidate
103c59d0	1029adb0	virtual
103c59d0	102d1af0	direct
103c59d0	10362390	slot-candidate
103c59d0	1036d1d0	slot-candidate
103c59d0	10379060	slot-candidate
103c59d0	10380510	slot-candidate
103c59d0	10394090	slot-candidate
103c59d0	103a9400	slot-candidate
103c59d0	103b0290	slot-candidate
103c59d0	103ba350	slot-candidate
103c59d0	103ce750	slot-candidate
103c5ac0	1008eec0	direct
103c5ac0	1009d1e0	direct
103c5ac0	1009d2a0	slot-candidate
103c5ac0	1009d2a0	virtual
103c5ac0	1009d380	slot-candidate
103c5ac0	1009d380	virtual
103c5ac0	100ac4e0	direct
103c5ac0	100ada20	slot-candidate
103c5ac0	100ada20	virtual
103c5ac0	100b2be0	slot-candidate
103c5ac0	100b2be0	virtual
103c5ac0	100b3070	slot-candidate
103c5ac0	100b3070	virtual
103c5ac0	100b3b00	direct
103c5ac0	100dc580	direct
103c5ac0	101cf600	direct
103c5ac0	1025e510	slot-candidate
103c5ac0	10273070	direct
103c5ac0	10273180	direct
103c5ac0	10273e80	direct
103c5ac0	10273fc0	slot-candidate
103c5ac0	10289d10	slot-candidate
103c5ac0	10297640	slot-candidate
103c5ac0	10297640	virtual
103c5ac0	10298ce0	slot-candidate
103c5ac0	10298ce0	virtual
103c5ac0	1029adb0	slot-candidate
103c5ac0	1029adb0	virtual
103c5ac0	102e0b40	direct
103c5ac0	102e2020	direct
103c5ac0	103409a0	slot-candidate
103c5ac0	10362390	slot-candidate
103c5ac0	1036d1d0	slot-candidate
103c5ac0	10379060	slot-candidate
103c5ac0	1037b1f0	slot-candidate
103c5ac0	10380510	slot-candidate
103c5ac0	103847f0	direct
103c5ac0	10394090	slot-candidate
103c5ac0	103a9400	slot-candidate
103c5ac0	103b0290	slot-candidate
103c5ac0	103ba350	slot-candidate
103c5ac0	103ce750	slot-candidate
103c5ac0	103e0540	slot-candidate
103c5f40	10384ab0	direct
103c5f40	103c63c0	direct
103c6000	10292de0	direct
103c63c0	100cd660	direct
103c63c0	10200610	direct
103c63c0	10200be0	direct
103c63c0	10273e80	direct
103c63c0	10430923	direct
103c63c0	10430b64	direct
103c6570	10137220	direct
103c6570	10139550	direct
103c6570	103c6680	direct
103c6680	101371d0	direct
103c6830	10200610	direct
103c6830	102012d0	direct
103c6830	10430923	direct
103c6a00	103c6830	direct
103c6a20	103c6830	direct
103c6b70	101371d0	direct
103c6f40	103c7010	direct
103c6f40	103c7150	direct
103c7010	100fbc90	direct
103c7150	100fbbb0	direct
103c7230	1005f190	direct
103c7230	100a7d00	direct
103c7230	100b31b0	virtual
103c7230	101371d0	direct
103c7230	10137220	direct
103c7230	10146570	direct
103c7230	101c26d0	direct
103c7230	101c2c30	direct
103c7230	101c2c60	direct
103c7230	101fa5b0	direct
103c7230	101fa680	direct
103c7230	101fa8d0	direct
103c7230	10431320	direct
103c77f0	100aa7b0	direct
103c77f0	1028d610	direct
103c7950	102ea020	direct
103c7950	102ea2d0	direct
103c8ed0	102ea020	direct
103c8ed0	102ea2d0	direct
103ca790	100aa7b0	direct
103ca790	103ca7c0	direct
103ca7c0	100cd2d0	direct
103ca7c0	10246160	direct
103ca7c0	1028d610	direct
103ca7c0	103dc220	direct
103ca7c0	103dc5b0	direct
103caa30	100b3580	direct
103caa30	100b3840	direct
103caa30	100b3900	direct
103caa30	100ddd90	direct
103caa30	10298d30	direct
103cabf0	102998c0	direct
103cabf0	103cac20	direct
103cac20	10279a50	direct
103cac20	102d6100	direct
103cac20	102d6120	direct
103cade0	100f7380	direct
103cade0	100f7770	direct
103cade0	10430b64	direct
103caef0	1026a2a0	direct
103caef0	1026dc00	direct
103caef0	1028fb70	direct
103caef0	1029a0b0	direct
103caef0	102b5b20	slot-candidate
103caef0	10332aa0	direct
103caef0	10334b10	direct
103caef0	1033dde0	slot-candidate
103caef0	10390fd0	slot-candidate
103caef0	103cac20	direct
103caef0	103cc9b0	slot-candidate
103caef0	103cc9b0	virtual
103caef0	1042fde0	direct
103cb200	1028e310	direct
103cb2a0	101d0ec0	direct
103cb2a0	101d0f10	direct
103cb2a0	101f55a0	direct
103cb2a0	10298ad0	direct
103cb4b0	103d2070	direct
103cb4b0	103d2810	direct
103cb4b0	103d3360	direct
103cb4b0	103d5590	direct
103cb4b0	103d7dc0	direct
103cb4b0	103d8060	direct
103cb4b0	103d8300	direct
103cb590	100a9800	slot-candidate
103cb590	100a9800	virtual
103cb590	101a67e0	slot-candidate
103cb590	101a67e0	virtual
103cb590	10292de0	direct
103cb590	103cade0	direct
103cb590	103cb4b0	direct
103cb590	103d4a60	direct
103cb590	103d7710	direct
103cb590	103d93b0	direct
103cb590	103dbad0	direct
103cb920	10027160	slot-candidate
103cb920	10027160	virtual
103cb920	1004f860	direct
103cb920	1005f190	direct
103cb920	1006dec0	direct
103cb920	100a9800	slot-candidate
103cb920	100a9800	virtual
103cb920	100b2300	slot-candidate
103cb920	100b2300	virtual
103cb920	100b3070	slot-candidate
103cb920	100b3070	virtual
103cb920	100b31b0	slot-candidate
103cb920	100b31b0	virtual
103cb920	100b4b40	slot-candidate
103cb920	100b4b40	virtual
103cb920	10146570	direct
103cb920	101aae60	slot-candidate
103cb920	101d3190	direct
103cb920	1025e8e0	slot-candidate
103cb920	10269aa0	direct
103cb920	1026e940	direct
103cb920	10273180	direct
103cb920	10273fc0	slot-candidate
103cb920	1029adb0	slot-candidate
103cb920	102a99e0	direct
103cb920	102d6100	direct
103cb920	102d6120	direct
103cb920	102d6140	direct
103cb920	102d6160	direct
103cb920	102e30d0	direct
103cb920	10357760	slot-candidate
103cb920	10362390	slot-candidate
103cb920	1036d1d0	slot-candidate
103cb920	10379060	slot-candidate
103cb920	10380510	slot-candidate
103cb920	10394090	slot-candidate
103cb920	103a9400	slot-candidate
103cb920	103b0290	slot-candidate
103cb920	103ba350	slot-candidate
103cb920	103ce750	slot-candidate
103cb920	103ce750	virtual
103cb920	103d4a60	direct
103cc0d0	10092610	direct
103cc0d0	100a9800	slot-candidate
103cc0d0	100a9800	virtual
103cc0d0	10269a20	direct
103cc0d0	10269b50	direct
103cc320	10269a20	direct
103cc320	10269aa0	direct
103cc320	10269b50	direct
103cc320	103cfc50	direct
103cc320	103da0a0	direct
103cc450	100b31b0	slot-candidate
103cc450	100b31b0	virtual
103cc450	10269a20	direct
103cc450	10269b50	direct
103cc450	103d0db0	direct
103cc450	103d6770	direct
103cc450	103d8550	direct
103cc5c0	10269a20	direct
103cc5c0	10269aa0	direct
103cc5c0	102cc1f0	direct
103cc5c0	103cf5f0	direct
103cc5c0	103d0db0	direct
103cc5c0	103d14f0	direct
103cc5c0	103d1e50	direct
103cc5c0	103d2070	direct
103cc5c0	103d2a10	direct
103cc5c0	103d4690	direct
103cc5c0	103d68d0	direct
103cc5c0	103d9c90	direct
103cc890	100cd660	direct
103cc890	101a67e0	slot-candidate
103cc890	101a67e0	virtual
103cc890	10265a90	direct
103cc890	10269a20	direct
103cc890	10269aa0	direct
103cc890	10269b50	direct
103cc9b0	1021fe50	direct
103cc9b0	10335950	direct
103cc9b0	1033c6b0	direct
103cca80	1021fee0	direct
103cca80	1033c770	direct
103cca80	1033c9c0	direct
103ccbf0	101c2a50	direct
103ccbf0	10266780	direct
103cccc0	101c2690	direct
103cccc0	101c2a50	direct
103cccc0	102bed30	direct
103ccda0	100ab4f0	direct
103ccda0	100b31b0	slot-candidate
103ccda0	100b31b0	virtual
103ccda0	100cd660	direct
103ccda0	100dc580	direct
103ccda0	100f7770	direct
103ccda0	101a67e0	slot-candidate
103ccda0	101a67e0	virtual
103ccda0	101d5bd0	direct
103ccda0	10269aa0	direct
103ccda0	102702d0	slot-candidate
103ccda0	10272650	direct
103ccda0	10273180	direct
103ccda0	10273e80	direct
103ccda0	10273fc0	slot-candidate
103ccda0	10279a50	direct
103ccda0	10279cc0	direct
103ccda0	1027a6c0	direct
103ccda0	10280360	slot-candidate
103ccda0	10280360	virtual
103ccda0	10289ee0	direct
103ccda0	10293a80	direct
103ccda0	1029adb0	slot-candidate
103ccda0	102a1910	direct
103ccda0	102bf6e0	slot-candidate
103ccda0	102bf6e0	virtual
103ccda0	102cc1f0	direct
103ccda0	102cc350	slot-candidate
103ccda0	102cc350	virtual
103ccda0	102d1420	direct
103ccda0	102d40e0	direct
103ccda0	102e0a80	direct
103ccda0	102e0b40	direct
103ccda0	102e1e20	direct
103ccda0	102e2020	direct
103ccda0	102ee1c0	direct
103ccda0	102ee270	direct
103ccda0	102ee2c0	direct
103ccda0	102ee2e0	direct
103ccda0	102ee620	direct
103ccda0	102ee6a0	direct
103ccda0	102f2ea0	direct
103ccda0	102f2fe0	direct
103ccda0	10332ca0	direct
103ccda0	10337860	direct
103ccda0	10362390	slot-candidate
103ccda0	103662d0	direct
103ccda0	10366400	direct
103ccda0	10366490	direct
103ccda0	1036d1d0	slot-candidate
103ccda0	10379060	slot-candidate
103ccda0	10380510	slot-candidate
103ccda0	10392a10	slot-candidate
103ccda0	10394090	slot-candidate
103ccda0	103a9400	slot-candidate
103ccda0	103b0290	slot-candidate
103ccda0	103b9120	slot-candidate
103ccda0	103ba350	slot-candidate
103ccda0	103cb920	direct
103ccda0	103ce750	slot-candidate
103ccda0	103ce750	virtual
103ccda0	103ceb60	direct
103ccda0	103d0ec0	direct
103ccda0	103d44e0	direct
103ccda0	103d45c0	direct
103ccda0	103d4690	direct
103ccda0	103d4760	direct
103ccda0	103d4a60	direct
103ccda0	103d4d60	direct
103ccda0	103d6000	direct
103ccda0	103d6280	direct
103ccda0	103d6650	direct
103ccda0	103d6770	direct
103ccda0	103d9f90	direct
103ccda0	103dbe70	direct
103ccda0	10430b64	direct
103cdfb0	100cd660	direct
103cdfb0	101a67e0	slot-candidate
103cdfb0	101a67e0	virtual
103cdfb0	10269aa0	direct
103cdfb0	10272650	direct
103cdfb0	10272900	slot-candidate
103cdfb0	10272900	virtual
103cdfb0	10273e80	direct
103cdfb0	10273fc0	slot-candidate
103cdfb0	1027a6c0	direct
103cdfb0	10280360	slot-candidate
103cdfb0	10280360	virtual
103cdfb0	10280a50	direct
103cdfb0	10289ee0	direct
103cdfb0	1029adb0	slot-candidate
103cdfb0	102aacf0	direct
103cdfb0	102ae750	direct
103cdfb0	102cc350	slot-candidate
103cdfb0	102cc350	virtual
103cdfb0	102e1e20	direct
103cdfb0	102e1f90	direct
103cdfb0	102ee270	direct
103cdfb0	102ee620	direct
103cdfb0	102ee6a0	direct
103cdfb0	102f2ea0	direct
103cdfb0	10346cd0	slot-candidate
103cdfb0	10346cd0	virtual
103cdfb0	10362390	slot-candidate
103cdfb0	1036d1d0	slot-candidate
103cdfb0	10379060	slot-candidate
103cdfb0	10380510	slot-candidate
103cdfb0	10394090	slot-candidate
103cdfb0	103a9400	slot-candidate
103cdfb0	103b0290	slot-candidate
103cdfb0	103ba350	slot-candidate
103cdfb0	103ce750	slot-candidate
103cdfb0	103ce750	virtual
103cdfb0	103cf5f0	direct
103cdfb0	103cfc50	direct
103cdfb0	103d1200	direct
103cdfb0	103d14f0	direct
103cdfb0	103d2a10	direct
103cdfb0	103d3c20	direct
103cdfb0	103d4690	direct
103cdfb0	103d4a60	direct
103cdfb0	103d93b0	direct
103cdfb0	103d9f90	direct
103ce750	10273180	direct
103ce750	1028a150	direct
103ce750	1029adb0	direct
103ce750	102cc1f0	direct
103ce750	102cc350	slot-candidate
103ce750	102cc350	virtual
103ce750	10316fa0	direct
103ce750	103cb920	direct
103ce750	103ceb60	direct
103ce750	103d4690	direct
103ce750	103d4760	direct
103ce9b0	100b31b0	slot-candidate
103ce9b0	100b31b0	virtual
103ce9b0	101371d0	direct
103ceb60	100ab4f0	direct
103ced10	102a0940	direct
103ced10	103dc490	direct
103ced10	10430fa0	direct
103cee70	100a9800	slot-candidate
103cee70	100a9800	virtual
103cee70	100b4dc0	slot-candidate
103cee70	100b4dc0	virtual
103cee70	101a67e0	slot-candidate
103cee70	101a67e0	virtual
103cee70	10269aa0	direct
103cee70	1026f660	slot-candidate
103cee70	102ad660	slot-candidate
103cee70	102af660	direct
103cee70	1035d150	slot-candidate
103cee70	1035fe80	slot-candidate
103cee70	10361060	slot-candidate
103cee70	10363b40	slot-candidate
103cee70	103674a0	slot-candidate
103cee70	10369060	slot-candidate
103cee70	1036b500	slot-candidate
103cee70	10370320	slot-candidate
103cee70	103726c0	slot-candidate
103cee70	103743c0	slot-candidate
103cee70	10378b60	slot-candidate
103cee70	1037d290	slot-candidate
103cee70	10380100	slot-candidate
103cee70	103851e0	slot-candidate
103cee70	10387380	slot-candidate
103cee70	10388ab0	slot-candidate
103cee70	103945a0	slot-candidate
103cee70	1039e310	slot-candidate
103cee70	1039fe10	slot-candidate
103cee70	103a2e30	slot-candidate
103cee70	103a7450	slot-candidate
103cee70	103aeac0	slot-candidate
103cee70	103b2450	slot-candidate
103cee70	103b4ff0	slot-candidate
103cee70	103bd690	slot-candidate
103cee70	103ce9b0	direct
103cee70	103cf770	direct
103cee70	103d0820	slot-candidate
103cee70	103d0820	virtual
103cee70	103d14f0	direct
103cee70	103d4690	direct
103cee70	103d4a60	direct
103cee70	103dd780	slot-candidate
103cee70	103df5f0	slot-candidate
103cf770	100b31b0	slot-candidate
103cf770	100b31b0	virtual
103cf770	101371d0	direct
103cf770	103d0db0	direct
103cf770	103d1ca0	direct
103cf770	103d1d60	direct
103cf770	103d2810	direct
103cf770	103d44e0	direct
103cf770	103d4690	direct
103cf770	103d6770	direct
103cf770	103d68d0	direct
103cf770	103d7dc0	direct
103cf770	103dc260	direct
103cf770	103dc280	direct
103cf770	103dc340	direct
103cf770	103dc3c0	direct
103cfc50	100b31b0	slot-candidate
103cfc50	100b31b0	virtual
103cfc50	101371d0	direct
103cfc50	102cc1f0	direct
103cfc50	103cf5f0	direct
103cfc50	103d0db0	direct
103cfc50	103d1ca0	direct
103cfc50	103d1d60	direct
103cfc50	103d2070	direct
103cfc50	103d44e0	direct
103cfc50	103d4690	direct
103cfc50	103d6770	direct
103cfc50	103d68d0	direct
103cfc50	103d8060	direct
103cfc50	103d9c90	direct
103cfc50	103dc1d0	direct
103cfc50	103dc260	direct
103cfc50	103dc280	direct
103cfc50	103dc340	direct
103cfc50	103dc390	direct
103cfc50	103dc3c0	direct
103d02b0	100b31b0	slot-candidate
103d02b0	100b31b0	virtual
103d02b0	101a67e0	slot-candidate
103d02b0	101a67e0	virtual
103d02b0	10269b50	direct
103d02b0	1026dd10	direct
103d0410	101a67e0	slot-candidate
103d0410	101a67e0	virtual
103d0410	10269a20	direct
103d0410	10269aa0	direct
103d0410	10269b50	direct
103d0410	102b27f0	direct
103d0410	103cc0d0	direct
103d0410	103cc320	direct
103d0410	103cc450	direct
103d0410	103cc5c0	direct
103d0410	103cc890	direct
103d0640	1027ede0	direct
103d0820	100b4dc0	slot-candidate
103d0820	100b4dc0	virtual
103d0820	101a67e0	slot-candidate
103d0820	101a67e0	virtual
103d0820	10269aa0	direct
103d0820	1026e340	direct
103d0820	1026ec30	slot-candidate
103d0820	102ad660	direct
103d0820	102b27f0	slot-candidate
103d0820	1035d180	slot-candidate
103d0820	10365a70	slot-candidate
103d0820	1036b590	slot-candidate
103d0820	10374b00	slot-candidate
103d0820	10375ed0	slot-candidate
103d0820	10378df0	slot-candidate
103d0820	1037b570	slot-candidate
103d0820	103803d0	slot-candidate
103d0820	10394e40	slot-candidate
103d0820	1039ec10	slot-candidate
103d0820	103a2c30	slot-candidate
103d0820	103a77f0	slot-candidate
103d0820	103ac500	slot-candidate
103d0820	103aeb50	slot-candidate
103d0820	103bce40	slot-candidate
103d0820	103c17f0	slot-candidate
103d0820	103c35a0	slot-candidate
103d0820	103cf5f0	direct
103d0820	103d0410	slot-candidate
103d0820	103d0410	virtual
103d0a30	10297ce0	direct
103d0ad0	102f3c10	direct
103d0bf0	102f41b0	direct
103d0db0	102ee380	direct
103d0e70	102d3e60	direct
103d0e70	103d0bf0	direct
103d0ec0	100b31b0	slot-candidate
103d0ec0	100b31b0	virtual
103d0ec0	101371d0	direct
103d0ec0	103d0db0	direct
103d0ec0	103d6770	direct
103d0ec0	103d8550	direct
103d0ec0	103d9c90	direct
103d1200	100b31b0	slot-candidate
103d1200	100b31b0	virtual
103d1200	101a67e0	slot-candidate
103d1200	101a67e0	virtual
103d1200	103d0db0	direct
103d1200	103d44e0	direct
103d1200	103d4690	direct
103d1200	103d6650	direct
103d1200	103d6770	direct
103d14f0	100290c0	direct
103d14f0	100b31b0	slot-candidate
103d14f0	100b31b0	virtual
103d14f0	101371d0	direct
103d14f0	103d0ad0	direct
103d14f0	103d0db0	direct
103d14f0	103d1ca0	direct
103d14f0	103d1d60	direct
103d14f0	103d2810	direct
103d14f0	103d44e0	direct
103d14f0	103d6770	direct
103d14f0	103d68d0	direct
103d14f0	103d7dc0	direct
103d14f0	103d9c90	direct
103d14f0	103dc260	direct
103d14f0	103dc280	direct
103d14f0	103dc340	direct
103d14f0	103dc3c0	direct
103d2070	100b3070	slot-candidate
103d2070	100b3070	virtual
103d2070	102d1220	direct
103d2070	103d0db0	direct
103d2070	103d1e50	direct
103d2070	103d6770	direct
103d2070	10432740	direct
103d2070	1043e780	direct
103d2810	100b3070	slot-candidate
103d2810	100b3070	virtual
103d2810	103d0db0	direct
103d2810	103d2070	direct
103d2810	103d6650	direct
103d2810	103d6770	direct
103d2a10	100290c0	direct
103d2a10	100b31b0	slot-candidate
103d2a10	100b31b0	virtual
103d2a10	101371d0	direct
103d2a10	103cf5f0	direct
103d2a10	103d0ad0	direct
103d2a10	103d0db0	direct
103d2a10	103d1ca0	direct
103d2a10	103d1d60	direct
103d2a10	103d2070	direct
103d2a10	103d44e0	direct
103d2a10	103d6390	direct
103d2a10	103d6770	direct
103d2a10	103d68d0	direct
103d2a10	103d8060	direct
103d2a10	103d9c90	direct
103d2a10	103dc260	direct
103d2a10	103dc280	direct
103d2a10	103dc340	direct
103d2a10	103dc390	direct
103d2a10	103dc3c0	direct
103d2a10	103dc520	direct
103d3360	103d3a40	direct
103d3360	10432740	direct
103d3360	1043e780	direct
103d3a40	10432740	direct
103d3a40	1043e780	direct
103d3c20	100290c0	direct
103d3c20	101371d0	direct
103d3c20	103d0db0	direct
103d3c20	103d0e70	direct
103d3c20	103d1ca0	direct
103d3c20	103d1d60	direct
103d3c20	103d3220	direct
103d3c20	103d3360	direct
103d3c20	103d45c0	direct
103d3c20	103d6390	direct
103d3c20	103d6770	direct
103d3c20	103d68d0	direct
103d3c20	103d8300	direct
103d3c20	103d9c90	direct
103d3c20	103dc260	direct
103d3c20	103dc280	direct
103d3c20	103dc340	direct
103d3c20	103dc390	direct
103d3c20	103dc3c0	direct
103d3c20	103dc520	direct
103d44e0	10269a20	direct
103d44e0	103d4690	direct
103d45c0	103d4760	direct
103d4690	10269b50	direct
103d4690	102d1420	direct
103d4760	102d1420	direct
103d4820	10142aa0	direct
103d4820	10144a30	direct
103d4820	102d6100	direct
103d4820	102d6120	direct
103d4a20	102c1ec0	direct
103d4a60	1002cbd0	direct
103d4a60	10032b00	direct
103d4a60	1009d2a0	slot-candidate
103d4a60	1009d2a0	virtual
103d4a60	100b3b00	direct
103d4a60	100cd660	direct
103d4a60	100dc580	direct
103d4a60	1019ce00	direct
103d4a60	1019cf50	direct
103d4a60	1019d040	direct
103d4a60	101a67e0	slot-candidate
103d4a60	101a67e0	virtual
103d4a60	101ce620	direct
103d4a60	103d4760	direct
103d4d60	1002cbd0	direct
103d4d60	10032b00	direct
103d4d60	1009d380	slot-candidate
103d4d60	1009d380	virtual
103d4d60	100b3b00	direct
103d4d60	100cd660	direct
103d4d60	100dc580	direct
103d4d60	1019ce00	direct
103d4d60	1019cf50	direct
103d4d60	1019d040	direct
103d4d60	101a67e0	slot-candidate
103d4d60	101a67e0	virtual
103d4d60	101ce620	direct
103d4d60	103d6280	direct
103d5130	10119750	direct
103d5130	10172710	direct
103d5130	101cd9e0	direct
103d5130	10269aa0	direct
103d5130	10366290	direct
103d5130	103d5590	direct
103d5130	10430b64	direct
103d5590	100ab4f0	direct
103d5590	100b31b0	virtual
103d5590	100b3280	virtual
103d5590	100f7770	direct
103d5590	101371d0	direct
103d5590	10142aa0	direct
103d5590	10142e90	direct
103d5590	10143710	direct
103d5590	10143d80	direct
103d5590	101cee20	direct
103d5590	102d6100	direct
103d5590	102d6120	direct
103d5590	103d6650	direct
103d5590	103d6770	direct
103d5590	10430b64	direct
103d5590	10431320	direct
103d5e00	102b12f0	direct
103d5f60	10295a60	direct
103d6000	10289ee0	direct
103d6000	103d6280	direct
103d6280	100b2300	slot-candidate
103d6280	100b2300	virtual
103d6280	100b2be0	slot-candidate
103d6280	100b2be0	virtual
103d6280	100b3b00	direct
103d6280	103d6770	direct
103d6390	103d6520	direct
103d6520	100f7770	direct
103d6520	10430b64	direct
103d6650	103d6390	direct
103d6770	100ab4f0	direct
103d6770	103d6a40	direct
103d68d0	100ab4f0	direct
103d68d0	103d6650	direct
103d68d0	103d6a40	direct
103d6a40	1005f190	direct
103d6a40	1006dec0	direct
103d6a40	10146570	direct
103d6a40	101d3190	direct
103d6a40	102d6140	direct
103d6a40	102d6160	direct
103d7090	100ab4f0	direct
103d7090	103d6390	direct
103d7210	10137220	direct
103d7210	101d2c70	direct
103d7210	103d6390	direct
103d7210	103d7090	direct
103d7710	10026a50	virtual
103d7710	100ab4f0	direct
103d7710	100b31b0	virtual
103d7710	100f7770	direct
103d7710	102d41f0	direct
103d7710	102d4350	direct
103d7710	103c9fc0	direct
103d7710	103d6520	direct
103d7710	103d6650	direct
103d7710	103d6a40	direct
103d7710	103d7210	direct
103d7710	103dbf00	direct
103d7710	103dc090	direct
103d7dc0	1026a8d0	slot-candidate
103d7dc0	10295c20	slot-candidate
103d7dc0	102d14c0	direct
103d7dc0	10358c60	slot-candidate
103d7dc0	1035db00	slot-candidate
103d7dc0	10361470	slot-candidate
103d7dc0	10365800	slot-candidate
103d7dc0	10366400	direct
103d7dc0	1036c6a0	slot-candidate
103d7dc0	10374aa0	slot-candidate
103d7dc0	1038e480	slot-candidate
103d7dc0	103a9340	slot-candidate
103d7dc0	103af810	slot-candidate
103d7dc0	103ba780	slot-candidate
103d7dc0	103d0ad0	direct
103d7dc0	103d6650	direct
103d7dc0	103d7ce0	slot-candidate
103d7dc0	103d7ce0	virtual
103d7dc0	103e03b0	slot-candidate
103d8060	100b5190	direct
103d8060	10269aa0	direct
103d8060	1026a8d0	slot-candidate
103d8060	10295c20	slot-candidate
103d8060	102d14c0	direct
103d8060	10358c60	slot-candidate
103d8060	1035db00	slot-candidate
103d8060	10361470	slot-candidate
103d8060	10365800	slot-candidate
103d8060	10366400	direct
103d8060	1036c6a0	slot-candidate
103d8060	10374aa0	slot-candidate
103d8060	1038e480	slot-candidate
103d8060	103a9340	slot-candidate
103d8060	103af810	slot-candidate
103d8060	103ba780	slot-candidate
103d8060	103d6390	direct
103d8060	103d6650	direct
103d8060	103d7ce0	slot-candidate
103d8060	103d7ce0	virtual
103d8060	103e03b0	slot-candidate
103d8300	100b5190	direct
103d8300	1026a8d0	slot-candidate
103d8300	10295c20	slot-candidate
103d8300	102d14c0	direct
103d8300	10358c60	slot-candidate
103d8300	1035db00	slot-candidate
103d8300	10361470	slot-candidate
103d8300	10365800	slot-candidate
103d8300	1036c6a0	slot-candidate
103d8300	10374aa0	slot-candidate
103d8300	1038e480	slot-candidate
103d8300	103a9340	slot-candidate
103d8300	103af810	slot-candidate
103d8300	103ba780	slot-candidate
103d8300	103d6390	direct
103d8300	103d7ce0	slot-candidate
103d8300	103d7ce0	virtual
103d8300	103e03b0	slot-candidate
103d8550	102d14c0	direct
103d8660	101f5950	direct
103d8660	1043e780	direct
103d87a0	101f5950	direct
103d87a0	1043e780	direct
103d88e0	10092610	direct
103d88e0	101cdba0	direct
103d88e0	1029b290	direct
103d88e0	102d09b0	direct
103d88e0	103d8c10	direct
103d88e0	103d8df0	direct
103d88e0	10431447	direct
103d8c10	1002cbd0	direct
103d8c10	10032b00	direct
103d8c10	1019ce00	direct
103d8c10	1019cf50	direct
103d8c10	1019d280	direct
103d8c10	1019d4b0	direct
103d8c10	101cdba0	direct
103d8df0	1002cca0	direct
103d8df0	100ab4f0	direct
103d8df0	1019ce00	direct
103d8df0	1019cf50	direct
103d8df0	1019d280	direct
103d8df0	1019d4b0	direct
103d8df0	1025d730	direct
103d93b0	10027160	slot-candidate
103d93b0	10027160	virtual
103d93b0	10092550	direct
103d93b0	100927f0	slot-candidate
103d93b0	100927f0	virtual
103d93b0	100952d0	direct
103d93b0	100a1250	direct
103d93b0	100b31b0	virtual
103d93b0	100dd000	direct
103d93b0	10137220	direct
103d93b0	10137fe0	direct
103d93b0	101a67e0	slot-candidate
103d93b0	101a67e0	virtual
103d93b0	101c26d0	direct
103d93b0	101c2a10	direct
103d93b0	101c2a50	direct
103d93b0	101c2b10	direct
103d93b0	10240250	direct
103d93b0	102d6100	direct
103d93b0	102d6120	direct
103d93b0	10357760	slot-candidate
103d93b0	103d4820	direct
103d9ab0	100b39c0	direct
103d9ab0	1029afc0	direct
103d9ba0	100b39c0	direct
103d9ba0	1029b180	direct
103d9c90	101a67e0	slot-candidate
103d9c90	102c3b50	direct
103d9e00	1027d990	direct
103d9e00	102c3b50	direct
103d9f90	1008eec0	direct
103d9f90	10273180	direct
103da0a0	100b31b0	slot-candidate
103da0a0	100b31b0	virtual
103da0a0	101a67e0	slot-candidate
103da0a0	101a67e0	virtual
103da0a0	102741e0	slot-candidate
103da0a0	102741e0	virtual
103da0a0	1036e6f0	slot-candidate
103da0a0	103d0db0	direct
103da0a0	103d9c90	direct
103dbad0	10119900	direct
103dbad0	101cd9e0	direct
103dbad0	101d3730	direct
103dbad0	10245660	direct
103dc090	103c9ed0	direct
103dc090	10430fa0	direct
103dc340	10430fa0	direct
103dc5b0	10430964	direct
103dc950	102ea020	direct
103dc950	102ea2d0	direct
103dce00	102725d0	slot-candidate
103dce00	10295750	slot-candidate
103dce00	10295750	virtual
103dce00	103a4580	direct
103dce00	103c1cd0	slot-candidate
103dce00	103c3d80	slot-candidate
103dceb0	10384ee0	direct
103dceb0	1043e780	direct
103dcf20	100aa7b0	direct
103dcf20	1028d610	direct
103dd090	100aa7b0	direct
103dd090	1028d610	direct
103dd1f0	102ea020	direct
103dd1f0	102ea2d0	direct
103dd620	1026dc00	direct
103dd620	10387110	direct
103dd6b0	1032e7b0	direct
103dd6b0	103872d0	direct
103dd780	10387380	direct
103dd7a0	10387500	direct
103dd800	1032e7b0	direct
103dd800	10387140	direct
103dd880	10299da0	direct
103de2f0	100aa7b0	direct
103de2f0	100cd2d0	direct
103de2f0	1028d610	direct
103de4d0	102ea020	direct
103de4d0	102ea2d0	direct
103defc0	1009d2a0	slot-candidate
103defc0	1009d2a0	virtual
103defc0	101e8bf0	direct
103defc0	1024f7b0	direct
103defc0	10279a50	direct
103defc0	10279cc0	direct
103defc0	1029a0b0	direct
103defc0	102ae750	direct
103defc0	1032d380	slot-candidate
103defc0	1032d380	virtual
103defc0	1032e120	direct
103defc0	10332aa0	direct
103defc0	10334c20	direct
103df120	101d0ec0	direct
103df120	10298ad0	direct
103df170	1026dc00	direct
103df170	1035f510	direct
103df170	1042fde0	direct
103df2e0	1009d380	slot-candidate
103df2e0	1009d380	virtual
103df2e0	100b4dc0	slot-candidate
103df2e0	100b4dc0	virtual
103df2e0	10146a80	direct
103df2e0	101a67e0	slot-candidate
103df2e0	101a67e0	virtual
103df2e0	10269aa0	direct
103df2e0	1026e340	direct
103df2e0	1035fb50	direct
103df2e0	103dfbb0	direct
103df580	102b12f0	direct
103df5f0	101a6700	slot-candidate
103df5f0	101aa6b0	slot-candidate
103df5f0	101aa6b0	virtual
103df5f0	10269d30	direct
103df5f0	1035fe80	direct
103df850	100ab4f0	direct
103df850	101e8a90	direct
103df850	101e8ab0	direct
103df850	101e8b30	direct
103df850	101e8c10	direct
103df850	10269aa0	direct
103df850	102ae750	direct
103df850	1033cb90	slot-candidate
103df850	1033cb90	virtual
103df850	10360160	direct
103dfa20	1028fb70	direct
103dfa20	10292de0	direct
103dfa20	1029f2e0	direct
103dfa20	103e0a00	direct
103dfa20	10431320	direct
103dfbb0	1008dc40	direct
103dfbb0	100ac4e0	direct
103dfbb0	101cd940	direct
103dfbb0	102ae750	direct
103dfbb0	10327a90	slot-candidate
103dfbb0	10327a90	virtual
103dfbb0	1032c0e0	direct
103dfbb0	10358c40	slot-candidate
103dfd80	1009d380	slot-candidate
103dfd80	1009d380	virtual
103dfd80	100b3070	slot-candidate
103dfd80	100b3070	virtual
103dfd80	101a67e0	slot-candidate
103dfd80	101a67e0	virtual
103dfd80	101e8a90	direct
103dfd80	101e8ab0	direct
103dfd80	10272650	direct
103dfd80	10272900	slot-candidate
103dfd80	10272900	virtual
103dfd80	10273e10	slot-candidate
103dfd80	10273e10	virtual
103dfd80	10273e80	direct
103dfd80	10273fc0	slot-candidate
103dfd80	10280a50	direct
103dfd80	10289ee0	direct
103dfd80	1029adb0	slot-candidate
103dfd80	1029adb0	virtual
103dfd80	102dfed0	direct
103dfd80	102e0b40	direct
103dfd80	102e20b0	direct
103dfd80	102ecd20	direct
103dfd80	102ee250	direct
103dfd80	102f3c10	direct
103dfd80	102fb0d0	direct
103dfd80	1035f650	direct
103dfd80	10362390	slot-candidate
103dfd80	1036d1d0	slot-candidate
103dfd80	10379060	slot-candidate
103dfd80	10380510	slot-candidate
103dfd80	10394090	slot-candidate
103dfd80	103a9400	slot-candidate
103dfd80	103b0290	slot-candidate
103dfd80	103ba350	slot-candidate
103dfd80	103ce750	slot-candidate
103e01d0	10272900	slot-candidate
103e01d0	10272900	virtual
103e01d0	10273e80	direct
103e01d0	102e1e20	direct
103e01d0	102e2020	direct
103e01d0	102ee270	direct
103e01d0	102ee620	direct
103e01d0	1032c0e0	direct
103e01d0	1033c6b0	direct
103e01d0	1035f940	direct
103e0430	101c2a50	direct
103e0430	10266780	direct
103e0540	101f55a0	direct
103e0540	10298ce0	direct
103e0540	10336920	direct
103e05e0	10139970	direct
103e05e0	1019ce00	direct
103e05e0	1019d280	direct
103e05e0	10331da0	direct
103e06d0	101a6d00	slot-candidate
103e06d0	101aa790	slot-candidate
103e06d0	101faa70	direct
103e06d0	10200610	direct
103e06d0	102012d0	direct
103e06d0	102ae750	direct
103e06d0	102bed30	direct
103e06d0	102ea280	direct
103e06d0	10357370	slot-candidate
103e06d0	10359f00	slot-candidate
103e06d0	1035ad70	slot-candidate
103e06d0	1035b560	slot-candidate
103e06d0	1035c1b0	slot-candidate
103e06d0	1035c230	slot-candidate
103e06d0	1035ec10	slot-candidate
103e06d0	103603d0	slot-candidate
103e06d0	10362c50	slot-candidate
103e06d0	10366c70	slot-candidate
103e06d0	10367870	slot-candidate
103e06d0	103683b0	slot-candidate
103e06d0	1036a1b0	slot-candidate
103e06d0	1036eab0	slot-candidate
103e06d0	1036f2b0	slot-candidate
103e06d0	1036fb10	slot-candidate
103e06d0	10370930	slot-candidate
103e06d0	10373530	slot-candidate
103e06d0	103750e0	slot-candidate
103e06d0	10375240	slot-candidate
103e06d0	10377070	slot-candidate
103e06d0	10377b20	slot-candidate
103e06d0	1037afb0	slot-candidate
103e06d0	1037c660	slot-candidate
103e06d0	1037e830	slot-candidate
103e06d0	10384060	slot-candidate
103e06d0	10386ae0	slot-candidate
103e06d0	10387710	slot-candidate
103e06d0	10388060	slot-candidate
103e06d0	10388de0	slot-candidate
103e06d0	10389560	slot-candidate
103e06d0	10389db0	slot-candidate
103e06d0	10391070	slot-candidate
103e06d0	1039b090	slot-candidate
103e06d0	1039f600	slot-candidate
103e06d0	103a14a0	slot-candidate
103e06d0	103a1e00	slot-candidate
103e06d0	103a42e0	slot-candidate
103e06d0	103a50a0	slot-candidate
103e06d0	103a5ca0	slot-candidate
103e06d0	103abba0	slot-candidate
103e06d0	103ae4b0	slot-candidate
103e06d0	103b1c20	slot-candidate
103e06d0	103b28b0	slot-candidate
103e06d0	103b2f70	slot-candidate
103e06d0	103b3b20	slot-candidate
103e06d0	103b5330	slot-candidate
103e06d0	103b5ad0	slot-candidate
103e06d0	103b6e50	slot-candidate
103e06d0	103c1300	slot-candidate
103e06d0	103c30e0	slot-candidate
103e06d0	103c77b0	slot-candidate
103e06d0	103ca750	slot-candidate
103e06d0	103dc750	slot-candidate
103e06d0	103dd050	slot-candidate
103e06d0	103de2b0	slot-candidate
103e06d0	103de2b0	virtual
103e06d0	103e05e0	direct
103e06d0	10430923	direct
103e0a00	10146a80	direct
103e0a00	10279a50	direct
103e0a00	10279c20	direct
103e0a00	102dfa20	direct
103e0bc0	10146a80	direct
103e0bc0	101a67e0	slot-candidate
103e0bc0	101a67e0	virtual
103e0bc0	102b4630	direct
103e0e80	101434b0	direct
103e0e80	101a6d00	slot-candidate
103e0e80	101aa790	slot-candidate
103e0e80	1029d4e0	direct
103e0e80	102cc300	slot-candidate
103e0e80	102cc300	virtual
103e0e80	102ea280	direct
103e0e80	10357370	slot-candidate
103e0e80	10359f00	slot-candidate
103e0e80	1035ad70	slot-candidate
103e0e80	1035b560	slot-candidate
103e0e80	1035c1b0	slot-candidate
103e0e80	1035c230	slot-candidate
103e0e80	1035ec10	slot-candidate
103e0e80	103603d0	slot-candidate
103e0e80	10362c50	slot-candidate
103e0e80	10366c70	slot-candidate
103e0e80	10367870	slot-candidate
103e0e80	103683b0	slot-candidate
103e0e80	1036a1b0	slot-candidate
103e0e80	1036eab0	slot-candidate
103e0e80	1036f2b0	slot-candidate
103e0e80	1036fb10	slot-candidate
103e0e80	10370930	slot-candidate
103e0e80	10373530	slot-candidate
103e0e80	103750e0	slot-candidate
103e0e80	10375240	slot-candidate
103e0e80	10377070	slot-candidate
103e0e80	10377b20	slot-candidate
103e0e80	1037afb0	slot-candidate
103e0e80	1037c660	slot-candidate
103e0e80	1037e830	slot-candidate
103e0e80	10384060	slot-candidate
103e0e80	10386ae0	slot-candidate
103e0e80	10387710	slot-candidate
103e0e80	10388060	slot-candidate
103e0e80	10388de0	slot-candidate
103e0e80	10389560	slot-candidate
103e0e80	10389db0	slot-candidate
103e0e80	10391070	slot-candidate
103e0e80	1039b090	slot-candidate
103e0e80	1039f600	slot-candidate
103e0e80	103a14a0	slot-candidate
103e0e80	103a1e00	slot-candidate
103e0e80	103a42e0	slot-candidate
103e0e80	103a50a0	slot-candidate
103e0e80	103a5ca0	slot-candidate
103e0e80	103abba0	slot-candidate
103e0e80	103ae4b0	slot-candidate
103e0e80	103b1c20	slot-candidate
103e0e80	103b28b0	slot-candidate
103e0e80	103b2f70	slot-candidate
103e0e80	103b3b20	slot-candidate
103e0e80	103b5330	slot-candidate
103e0e80	103b5ad0	slot-candidate
103e0e80	103b6e50	slot-candidate
103e0e80	103c1300	slot-candidate
103e0e80	103c30e0	slot-candidate
103e0e80	103c77b0	slot-candidate
103e0e80	103ca750	slot-candidate
103e0e80	103dc750	slot-candidate
103e0e80	103dd050	slot-candidate
103e0e80	103de2b0	slot-candidate
103e0e80	103de2b0	virtual
103e0fa0	101a6620	slot-candidate
103e0fa0	101a6620	virtual
103e0fa0	101a6ae0	slot-candidate
103e0fa0	1027a530	slot-candidate
103e0fa0	10294070	slot-candidate
103e0fa0	10294f40	slot-candidate
103e0fa0	10294f40	virtual
103e0fa0	1033e2b0	direct
103e0fa0	10368310	slot-candidate
103e0fa0	10368370	slot-candidate
103e0fa0	103e1080	slot-candidate
103e0fa0	103e1080	virtual
103e1080	1006caa0	direct
103e1080	1006cf30	direct
103e1080	1006cff0	direct
103e1080	1027a530	direct
103e1080	102c1170	direct
103e1080	10341aa0	direct
103e1280	100cd660	direct
103e1280	1029f8d0	direct
103e12c0	100cd660	direct
103e12f0	100cd660	direct
103eeee0	100ac4e0	direct
103f9160	101e9040	direct
103f9160	101e9060	direct
10407c40	10408060	direct
10407c40	10430fa0	direct
10408060	1019ce00	direct
10408060	1019cf50	direct
10408060	1019cff0	direct
10408060	1019d2f0	direct
104081e0	10408060	direct
10408220	1040b120	direct
10408220	10430fa0	direct
10408480	104081e0	direct
10408480	1040b120	direct
10408480	10430fa0	direct
10411f90	10249940	direct
10411f90	10249fc0	direct
10412420	10249aa0	direct
10412520	10412420	direct
10412550	10249fc0	direct
10412550	10412470	direct
10427620	10431320	direct
10427a70	104124b0	direct
10427a70	10412520	direct
10427a70	104287d0	direct
10427dc0	10427a70	direct
10427df0	10427dc0	direct
10428280	10427df0	direct
10428280	104280f0	direct
10428280	104312f0	direct
10428360	10427dc0	direct
10428360	1043e780	direct
10428470	10428280	direct
10428470	10428360	direct
10428470	104284c0	direct
104284c0	1043e780	direct
10428880	100c7480	direct
10428880	10428470	direct
10428880	10428850	direct
10428880	1042bff0	direct
1042bff0	101bf860	direct
104308b6	104321a9	direct
104308b6	10433f74	direct
10430923	104308b6	direct
10430964	10431641	direct
10430b64	10430c7b	direct
10430b64	10430ccc	direct
10430b64	10430ce6	direct
10430b64	10430d40	direct
10430b64	10430e39	direct
10430b64	10430f71	direct
10430b64	1043429c	direct
10430c7b	10434002	direct
10430ce6	10433dd0	direct
10430d40	10430f71	direct
10430d40	10433dd0	direct
10430e39	10430f71	direct
10430e39	10433dd0	direct
104312d5	10432109	direct
1043136f	104342d6	direct
1043136f	10434370	direct
1043136f	104343eb	direct
104313bc	104343eb	direct
10431447	104313bc	direct
10431590	104344a0	direct
10431590	1043450e	direct
10431590	10434c11	direct
10431590	10435ad6	direct
10431641	104348bd	direct
10431641	104348e8	direct
10431641	10435a3a	direct
10431641	10435a91	direct
1043177d	104343eb	direct
10431c2f	1043600c	direct
10431c2f	10436121	direct
10432028	104381fb	direct
10432028	104382ad	direct
10432028	104389b4	direct
10432028	10438a53	direct
10432028	10438b8b	direct
104320f7	10432109	direct
10432109	10432135	direct
10432109	1043450e	direct
10432135	10434c11	direct
10432135	10435ad6	direct
104321a9	10431641	direct
104321a9	104320f7	direct
104321a9	1043450e	direct
104321a9	104348bd	direct
104321a9	104348e8	direct
104321a9	10434c11	direct
104321a9	104350c6	direct
104321a9	10435a3a	direct
104321a9	10435a91	direct
104321a9	10435ad6	direct
104321a9	10435e02	direct
104321a9	10438c10	direct
10432449	104381fb	direct
10432449	104382ad	direct
10432449	104389b4	direct
10432449	10438a53	direct
10432449	10438b8b	direct
10432520	1043253d	direct
10432520	10436df8	direct
1043253d	10436d27	direct
1043253d	10436d85	direct
1043253d	10436d9c	direct
1043253d	10436e1b	direct
104325f0	1043260d	direct
104325f0	10436df8	direct
1043260d	10436d27	direct
1043260d	10436d85	direct
1043260d	10436d9c	direct
1043260d	10436e1b	direct
1043270c	10434370	direct
1043270c	10438f45	direct
10432740	104399fe	direct
10432bab	10439ac9	direct
10433464	10431641	direct
10433464	104320f7	direct
10433464	10439dc0	direct
10433464	10439f2d	direct
1043366f	104343eb	direct
1043366f	10439f2d	direct
1043373b	1043600c	direct
1043373b	10436121	direct
104338e0	10433e92	direct
104338e0	1043a782	direct
104338e0	1043a7bb	direct
10433e92	10433ec1	direct
10433f74	104348bd	direct
10433f74	10435a3a	direct
10434002	104312d5	direct
10434002	10434370	direct
10434002	10439dc0	direct
104342d6	1043ae91	direct
104342d6	1043b1bd	direct
104343eb	1043b6ca	direct
104348e8	10430fa0	direct
10434c11	10434f1a	direct
10434c11	10434fcb	direct
10435978	10435922	direct
10435a91	10435978	direct
10435ad6	104344a0	direct
10435ad6	10435cde	direct
1043600c	1043b813	direct
1043600c	1043b8ad	direct
1043600c	1043ba5a	direct
1043600c	1043ba9e	direct
10436121	10434370	direct
10436121	10436862	direct
10436121	10436897	direct
10436121	104368c8	direct
10436121	10436900	direct
10436121	1043690d	direct
10436121	1043691d	direct
10436121	1043b150	direct
10436121	1043bac4	direct
10436121	1043bb30	direct
10436121	1043bba0	direct
10436862	1043600c	direct
10436897	10436862	direct
104368c8	10436862	direct
10436d27	1043bc15	direct
10436e1b	10436d27	direct
104381fb	104388b4	direct
104381fb	10438b8b	direct
104382ad	104383ea	direct
104382ad	1043869d	direct
104382ad	104388b4	direct
104382ad	1043893c	direct
104382ad	10438987	direct
104382ad	10438b8b	direct
104383ea	10438b6e	direct
104383ea	10438b7c	direct
1043869d	10438aad	direct
1043869d	10438bae	direct
104388b4	1043893c	direct
104388b4	10438962	direct
104388b4	10438b8b	direct
104388b4	1043c2f6	direct
10438aad	104389c6	direct
10438f45	1043177d	direct
10438f45	104343eb	direct
10438f45	10434460	direct
10438f45	104344a0	direct
10438f45	1043996a	direct
10438f45	104399a1	direct
10438f45	104399bb	direct
10438f45	104399d2	direct
10438f45	1043b150	direct
10438f45	1043c2f9	direct
10438f45	1043c3d0	direct
1043996a	104343eb	direct
104399a1	1043c3ef	direct
104399bb	1043c4c8	direct
104399d2	1043177d	direct
104399d2	104399a1	direct
104399fe	104343eb	direct
104399fe	10439f2d	direct
10439ac9	1043c536	direct
10439f2d	104312f0	direct
10439f2d	1043a151	direct
1043a782	1043a7bb	direct
1043a7bb	104329c0	direct
1043a7bb	10434370	direct
1043a7bb	10439dc0	direct
1043a7bb	10439dd0	direct
1043a7bb	1043cb98	direct
1043abca	1043ab2b	direct
1043abca	1043ab74	direct
1043ad25	1043abca	direct
1043ad25	1043ac56	direct
1043ad25	1043ac71	direct
1043ad25	1043ac7d	direct
1043ad25	1043ac98	direct
1043ae91	1043ad25	direct
1043b150	104338e0	direct
1043b1bd	104343eb	direct
1043b1bd	1043ce7f	direct
1043b1bd	1043d505	direct
1043b6ca	104312f0	direct
1043b6ca	104344a0	direct
1043b813	1043d581	direct
1043b813	1043d76e	direct
1043b8ad	1043b813	direct
1043b8ad	1043d581	direct
1043ba5a	104320f7	direct
1043bc15	104383ea	direct
1043bc15	1043869d	direct
1043bc15	1043893c	direct
1043bc15	10438b8b	direct
1043bc15	1043c2f6	direct
1043c3ef	1043ba5a	direct
1043c3ef	1043dadb	direct
1043c4c8	1043ba5a	direct
1043c536	104312f0	direct
1043c536	104344a0	direct
1043cdc6	1043cda5	direct
1043ce7f	1043cdc6	direct
1043ce7f	1043ce24	direct
1043d2e5	1043cda5	direct
1043d2e5	1043ce24	direct
1043d2e5	1043ce52	direct
1043d505	1043d2e5	direct
1043dadb	1043b813	direct
1043dadb	1043d581	direct
1043e327	104320f7	direct
1043e327	10434370	direct
1043e327	10439dc0	direct
1043e780	104399fe	direct
