# Slot signatures the NPC kernel's shape recovers by reading bodies and call sites (story 29b-0),
# applied by `uv run elysium research kernel_shape` over the SDK 2013 and evidence tiers.
#
# module	slot	method	return	params	const	tier	evidence
#
# params: comma-separated Source types, empty for none. The parameter words match the image's
#         `RET n` unless the evidence explains a by-value aggregate or a hidden return slot.
# tier: walked    = read from the bodies and call sites the evidence cites
#       unsettled = read, and the reading cannot decide (the evidence says why)
vampire.dll	0	SetRefEHandle	void	const CBaseHandle&		walked	0x10027450 copies the word behind arg1 into +0x448, the same member slot 1 GetRefEHandle 0x10027470 returns by address; retail IHandleEntity has no virtual destructor at slot 0 (SDK 2013 order SetRefEHandle/GetRefEHandle with matching arity)
vampire.dll	2	GetCollideable	ICollideable*			walked	0x10027610 returns this+0x270, the CBaseEntity datamap member m_Collision; SDK 2013 IServerUnknown order GetCollideable/GetNetworkable/GetBaseEntity, 0 words
vampire.dll	3	GetNetworkable	IServerNetworkable*			walked	0x10027630 returns this+0x2d4, the network property that ShouldTransmit 0x100ab020 dispatches through (+0x1c) and hands the PVS test; SDK 2013 IServerUnknown order
vampire.dll	4	GetBaseEntity	CBaseEntity*			walked	0x10027650 returns ECX unchanged; SDK 2013 IServerUnknown::GetBaseEntity position
vampire.dll	5	~CBaseEntity	void*	unsigned int		walked	MSVC scalar deleting destructor: CAI_BaseNPCTroika 0x1028d5e0 calls the destructor body, frees this when arg1 bit 0 is set, returns this in EAX and pops 1 word; 77 per-class bodies of the same shape
vampire.dll	7	SetSentLastFrame	void	bool		walked	0x100b12e0 stores the low byte of arg1 into byte +0x380
vampire.dll	11	DebugSetEntityName	void	const char*		walked	0x1009ac80 copies arg1 (31 chars) into this+0x4 and, when slot 85 GetEdict is non-null, into the edict's name buffer
vampire.dll	12	DebugGetEntityName	const char*			walked	0x1009ad70 returns this+0x4, the 32-char buffer slot 11 fills
vampire.dll	13	DebugSetClassName	void	const char*		walked	0x1009ae10 copies arg1 (31 chars) into this+0x24 and into GetEdict()+0x20
vampire.dll	14	DebugGetClassName	const char*			walked	0x1009af00 returns this+0x24, the 32-char buffer DebugSetClassName 0x1009ae10 writes; named as the getter of that pair, like slots 11/12
vampire.dll	15	SetAttackExtents	void	const Vector&		walked	0x1009af40 copies three words from arg1 into +0x50/+0x54/+0x58 (warns when m_Collision is absent)
vampire.dll	16	GetAttackExtents	Vector			walked	0x1009b030 copies +0x50/+0x54/+0x58 into the hidden return pointer (the 1 popped word is the by-value Vector return), the member SetAttackExtents 0x1009af40 writes
vampire.dll	17	TraceMessage	void	const char*, int	const	walked	base 0x1009b380 (scope string CBaseEntity::TraceMessage) forwards both args to TraceMessageBase; Troika 0x1028de90 formats via 0x1028d990 (arg2 printed as the %d level) and appends to the global trace ring 0x1027ee20 keyed only by GetRefEHandle, touching no member, hence the const overload of the slot-18 pair
vampire.dll	18	TraceMessage	void	const char*, int		walked	base 0x1009b2c0 carries the same CBaseEntity::TraceMessage scope string as slot 17; Troika 0x1028de10 formats via 0x1028d990 and writes the NPC's own trace buffer +0x1b4e/+0x5b50 through 0x1027ef20, so the non-const overload
vampire.dll	19	TraceMessageBare	void	const char*	const	walked	base 0x1009b5a0 (scope string CBaseEntity::TraceMessageBare) forwards arg1 to TraceMessageBareBase; Troika 0x1028dfb0 copies arg1 to the global trace ring 0x1027ee20 (no member write), the const overload of the slot-20 pair
vampire.dll	20	TraceMessageBare	void	const char*		walked	base 0x1009b500 carries the same TraceMessageBare scope string; Troika 0x1028df30 appends arg1 to the NPC's own trace buffer via 0x1027ef20, the non-const overload
vampire.dll	21		void	CBaseEntity*		walked	victim-side hit notification: base 0x10026530 empty; Troika 0x1029f800 runs the detected-attack notice 0x102bf5d0(arg1 attacker), increments m_iHitBuildupCount +0x6064 and sets condition 10; the ranged hit path 0x10267b60 dispatches it on the victim immediately before the attacker's slot 24 OnVictimHitByMe; name not recovered
vampire.dll	22		void	CBaseEntity*		walked	victim-side notification: base 0x10026550 empty; Troika 0x1029f850 = notice 0x102bf5d0(arg1) + condition 10 (no hit-buildup increment); CBasePlayer::Replenish 0x10168320 dispatches it on the feed target with the player as arg1, paired with the player's slot 25; name not recovered
vampire.dll	23		void	CBaseEntity*		walked	victim-side notification, third of the 21/22/23 family: base 0x10026570 empty; Troika 0x1029f890 identical to slot 22 (notice 0x102bf5d0(arg1) + condition 10); CNPC_VMingXiaoTentacle 0x1039e860 overrides; no dispatch site found in the decompiled corpus, name not recovered
vampire.dll	24	OnVictimHitByMe	void	CBaseEntity*		walked	attacker-side: Troika 0x1029f8d0 clears the 5x3-word record at +0x6028 via 0x1028b160; CNPC_VZombie 0x103e1280 fires m_OnAttackedVictim +0x66e8 with arg1 as activator; dispatched on the attacker with the victim by the ranged path 0x10267b60 and melee 0x102579f0
vampire.dll	25		void	CBaseEntity*		walked	attacker-side counterpart of slot 22: base 0x100265b0 empty; CNPC_VZombie 0x103e12c0 fires m_OnAttackedVictim +0x66e8 with arg1 as activator; CBasePlayer::Replenish 0x10168320 dispatches it on the player with the feed target; name not recovered
vampire.dll	26		void	CBaseEntity*		walked	attacker-side counterpart of slot 23: base 0x100265d0 empty; CNPC_VZombie 0x103e12f0 fires m_OnAttackedVictim +0x66e8 with arg1 as activator; no dispatch site found, name not recovered
vampire.dll	27		void	CBaseEntity*		walked	victim-side provocation: base 0x100265f0 empty; Troika 0x1029f8f0 = notice 0x102bf5d0(arg1) + condition 10 + slot 600 (+0x960) with arg1; CNPC_VPedestrian 0x103a3850 calls Troika, slot 596 (+0x950)(arg1), then ideal state 8 and schedule 0x15a; no dispatch site found, name not recovered
vampire.dll	28	GetStealthVisionScalar	float			walked	base 0x10026610 returns the constant _DAT_104454c0 in ST0; Troika 0x101aa610 returns the datamap member m_flStealthVisionScalar +0x63c4
vampire.dll	29	GetStealthVisionCone	float			walked	Troika 0x101aa630 returns the datamap member m_flStealthVisionCone +0x63c8 in ST0; base 0x10026630 a float constant
vampire.dll	30	GetStealthHearingDist	float			walked	base 0x10026650 returns _DAT_104454c4 (0.0) in ST0; Troika 0x101aa650 returns the datamap member m_flStealthHearingDist +0x63cc
vampire.dll	31	Dump	void	int		walked	CBaseCombatCharacter::Dump 0x103222c0 passes arg1 unread through every Dump* helper, which end in DumpString 0x1009b640 printing only name/value with DevMsg; the word's type is never observed
vampire.dll	32	CanBeInteractiveUsed	bool	CBaseEntity*		walked	base 0x10026670 returns AL=0; CBaseTerminal 0x102180c0 tests m_bEnabled, arg1 (the player, +0xa8 non-null) against the user handle +0x8c and the screen cone; CBasePlayer::PlayerUse 0x10167850 and 0x10167d70 call it as the use gate (docs/vtmb/computer-terminals.md 4.5)
vampire.dll	33		int			walked	interactive-use mode id: base 0x10026690 returns -1, CPropHacking 0x1021a590 returns 0x12e; CBasePlayer 0x10182550 compares the held use target's value with 300 to select a view mode; name not recovered
vampire.dll	34	GetHighlightMaterial	int	CBaseEntity*		walked	CBaseCombatCharacter 0x10342800 resolves arg1 (0x10007e19), checks its slot +0x474 target is this and a +0x242c bit, returns 6 else 0; PlayerUseIconFilter 0x10342590 treats a positive value as icon-eligible
vampire.dll	35		int	CBaseEntity*		walked	use-icon id: base 0x100266d0 returns 0; Troika 0x102c0220 returns 0xe/0xf by IsMale(arg1) when slot +0x49c passes; CPayphone 0x101aa950 returns 0x2f; PlayerUseIconFilter 0x10342590 treats >0 as eligible; computer-terminals.md labels it ObjectCaps, which these return values contradict; name not recovered
vampire.dll	36		const char*			walked	required-weapon classname for an interactive use: base 0x100266f0 returns NULL; FUN_10167e00 compares it with the active weapon classname and Inventory_Find's it, CPropDoorknob answers item_g_lockpick (computer-terminals.md 7.1); name not recovered
vampire.dll	37		float			walked	interactive-use range: base 0x10026710 loads _DAT_104454c8 (80.0) in ST0, CPayphone 0x101aae40 another constant; FUN_10167e00 compares the Manhattan eye distance with it to pick slot 43 or 41; name not recovered
vampire.dll	38		CBaseEntity*	CBaseEntity*		walked	use redirect: base 0x10026730 returns this and pops 1 word; CBasePlayer::PlayerUse 0x10167850 calls it on the acquired target and uses the result (its +0x98 NPC self-pointer, slot 32, slot +0x1d4) as the entity actually used; name not recovered
vampire.dll	39	OnUseBegin	void	CBaseEntity*		walked	base 0x100a4fe0 fires m_OnUseBegin +0x5c with arg1 as activator and stores arg1's handle in +0x8c; dispatched by FUN_10167d70 on a rising +use edge with the player
vampire.dll	40		void	CBaseEntity*		walked	base 0x10026750 empty; FUN_10167e00 calls it with the player once the required weapon (slot 36) has been switched in; name not recovered
vampire.dll	41		void	CBaseEntity*		walked	base 0x10026770 empty; FUN_10167e00 calls it with the player every tick while inside slot 37's range (the near arm; CBaseTerminal 0x102182b0); name not recovered
vampire.dll	42	OnUseEnd	void	CBaseEntity*		walked	base 0x100a5030 fires m_OnUseEnd +0x74 with arg1 as activator and resets the user handle +0x8c to -1; the release FUN_10167fd0 dispatches it
vampire.dll	43		void	CBaseEntity*		walked	base 0x10026790 empty; FUN_10167e00 calls it with the player when the eye distance is at or beyond slot 37 (the far arm; CBaseTerminal 0x10218320 pins the pawn); name not recovered
vampire.dll	44		bool	CBaseEntity*		walked	base 0x100267b0 returns AL=1; CBasePlayer::PlayerUse 0x10167850 releases the held target when it answers true on a second +use press (CGameSign override returns 0); name not recovered
vampire.dll	45	PassesFindEntityFOVTrace	bool	CBaseEntity*, Vector, Vector, int		walked	0x100a5070 builds a ray from two by-value Vectors (words 2-4 start, 5-7 end), a trace filter from arg1 (0x101d3190) and traces with mask word 8, true when the hit entity is this or nothing is hit; 8 words = 1+3+3+1
vampire.dll	46		void			walked	base 0x100267d0 bare RET; CCameraTrack 0x100cc1c0 stamps the target start time/key/paused trio, fires +0x480 and schedules a think (camera-view-modes.md slots 46-53); name not recovered
vampire.dll	47		void			walked	base 0x100267f0 bare RET; CCameraTrack 0x100cc250 does the same for the view trio (camera-view-modes.md); name not recovered
vampire.dll	48		float			walked	camera roll: base 0x10026810 loads _DAT_104454c4 (0.0) in ST0, CCameraTrack 0x100cbef0 returns m_flViewRoll +0x4f0 (camera-view-modes.md); name not recovered
vampire.dll	49		float			walked	camera FOV: base 0x10026830 loads _DAT_104454cc (75.0) in ST0, CCameraTrack 0x100cbf10 returns m_flViewFOV +0x4ec (camera-view-modes.md); name not recovered
vampire.dll	50	GetCameraViewpointPosition	void	Vector&		walked	base 0x10026850 copies WorldSpaceCenter (+0x300) into arg1 and leaves a float word in EAX (an out-parameter, not a hidden return); CBaseCombatCharacter 0x10332010 fills arg1 via CalcLookData
vampire.dll	51	GetCameraTargetPosition	void	const Vector&, Vector&		walked	base 0x10026890 writes WorldSpaceCenter into arg2 and never reads arg1; CBaseCombatCharacter 0x103320b0 writes arg2 via CalcLookData or WorldSpaceCenter
vampire.dll	52	GetCameraFadeInTime	float			walked	base 0x100268d0 returns 0.0, CBaseCombatCharacter 0x103321a0 returns +0x10d0 in ST0 (camera-view-modes.md)
vampire.dll	53	GetCameraFadeOutTime	float			walked	base 0x100268f0 returns 0.0, CBaseCombatCharacter 0x10332240 returns the same +0x10d0 in ST0 (camera-view-modes.md)
vampire.dll	54		bool	CBaseEntity*		walked	enemy-memory owner hook: CAI_Memory::RefreshMemories 0x102df320 asks the owner (or every squad member via 0x103167f0) about an enemy whose +0x94 object reports 7 and forgets the record when true; base 0x10026910 returns 0; Troika 0x102b50b0 returns false only when arg1 is its GetEnemy (+0x29c), m_pSchedule +0x5c38 is set and condition 0x47 is clear; name not recovered
vampire.dll	55		void	CBaseEntity*, Vector, Vector		walked	enemy-memory created: CAI_Memory::UpdateMemory 0x102df700 dispatches it (or squad fan-out 0x10316890) with the enemy and the new record's two by-value Vectors (location, second vector) when a record is allocated; base 0x10026930 and Troika 0x102b5100 are bare RET 0x1c; name not recovered
vampire.dll	56		void	CBaseEntity*, Vector, Vector, const char*		walked	enemy-memory removed: RefreshMemories 0x102df320 (passing its own name string) and FUN_102dfaa0 dispatch it (squad fan-out 0x103169a0) with the enemy, the record's two Vectors and a reason string before freeing it; Troika 0x102b5120 clears the handle +0x1a94 via 0x10279b70(0) when arg1 is that entity; name not recovered
vampire.dll	57		void	CBaseEntity*, Vector, Vector		walked	enemy marked eluded: FUN_102dfd90 (string Asking MarkAsEluded...) dispatches it (squad fan-out 0x10316ab0) with the enemy and the record's two Vectors before setting the eluded byte +0x35; base 0x10026970 and Troika 0x102b51a0 are bare RET 0x1c; name not recovered
vampire.dll	58		void	CBaseEntity*		walked	unknown-enemy query: FUN_102dfed0 and FUN_102e0290 (strings Asking LastKnownPosition for enemy...) dispatch it (squad fan-out 0x10316bc0) with an enemy that has no memory record; base 0x10026990 and Troika 0x102b51c0 are bare RET 4; name not recovered
vampire.dll	59		void	CSceneEntity*		walked	scene actor start: FUN_10082c90 walks the scene's actor list (+0x4bc) and dispatches it on each actor with the scene; Troika 0x102b51e0 sets m_bInChoreoScene +0x5bc4 = 1 and +0x1590 = 1 when the scene's byte +0x57d is set; base 0x100269b0 empty; name not recovered
vampire.dll	60		void	CSceneEntity*		walked	scene actor cancel: FUN_10082d20, called from CSceneEntity::InputCancelPlayback 0x10082b80, dispatches it per actor; Troika 0x102b5220 clears m_bInChoreoScene +0x5bc4 and clears +0x1590 when scene +0x57d is set; name not recovered
vampire.dll	61		void	CSceneEntity*		walked	scene actor finish: FUN_10082db0, called from CSceneEntity::OnSceneFinished 0x10081b60, dispatches it per actor; Troika 0x102b5260 clears m_bInChoreoScene +0x5bc4 and clears +0x1590 when scene +0x57d is set; name not recovered
vampire.dll	62	SetOrigin	void	const Vector&		walked	0x100b2be0 compares arg1's three floats with +0x41c..+0x424, invalidates and copies them and sets byte +0x1b1
vampire.dll	63	SetOrigin	void	float, float, float		walked	0x10026a10 packs the three stack words into a local Vector and calls slot 62 SetOrigin (+0xf8) with its address; 3 words
vampire.dll	64	SetAngles	void	const QAngle&		walked	0x100b2d00 is the angle setter that slot 65's forwarder calls through +0x100 with a packed local
vampire.dll	65	SetAngles	void	float, float, float		walked	0x10026a50 packs the three stack words into a local and calls slot 64 SetAngles (+0x100) with its address; 3 words
vampire.dll	66	Hide	void			walked	0x1009d2a0 pops 0 words
vampire.dll	67	Unhide	void			walked	0x1009d380 pops 0 words
vampire.dll	68	ShouldIgnoreCollision	bool	CBaseEntity*		walked	Troika 0x1029afc0 derefs arg1 +0x94/+0x98/+0xa0/+0xa8/+0x4c as an entity, compares it with m_hKickPhysicsProp and the grapple partner +0x1538, returns a bool ending in IsIgnoreCollisionEntity
vampire.dll	69	NavIgnoreCollision	bool	CBaseEntity*		walked	Troika 0x1029b180 applies the same entity tests to arg1 with m_bNavIgnorePhysicsProps selecting the +0x4c flag mask, returning a bool
vampire.dll	70	IsMonster	bool			walked	0x1009d820 returns AL = byte +0x8e of the stat record looked up from +0x9c, 0 when absent
vampire.dll	71	PrecacheSoundTable	void			walked	0x1009d460 pops 0 words
vampire.dll	72		bool	int		walked	discipline-target predicate: FUN_101e1a60 passes the discipline record's +0x10 word and refuses the target when it answers false; base 0x10026ad0 returns 0, CAI_BaseNPC 0x1015dc20 (combat characters and players) returns 1, CCineAISchedule/CNPC_VCamera/CItemContainer/CBaseGrenade return 0; name not recovered
vampire.dll	73	CausesImpactDamage	bool	CBaseEntity*		walked	CBaseCombatCharacter 0x10340590 returns (GetFlags(arg1) & 0x20000000) != 0 in AL; TakeDamageFromCollision 0x100a8400 calls it on the other body with this
vampire.dll	74	ReceivesImpactDamage	bool	CBaseEntity*		walked	CBaseCombatCharacter 0x103404f0 returns AL=1; TakeDamageFromCollision 0x100a8400 calls it on this after slot 73
vampire.dll	75	TakeDamageFromCollision	void	int, gamevcollisionevent_t*		walked	0x100a8400 selects the other body as word(arg2+0x68+(arg1==0)*4), i.e. arg1 is the collision index and arg2 the collision event (SDK VPhysicsCollision(int, gamevcollisionevent_t*) shape)
vampire.dll	76	DrawDebugStatOverlays	void			walked	CAI_BaseNPC 0x102775e0 and Troika 0x1029c010 pop 0 words
vampire.dll	77	ScriptHide	void			walked	0x100a8710 pops 0 words (entity_io.md hidden state)
vampire.dll	78	ScriptUnhide	void			walked	0x100a8990 pops 0 words (entity_io.md hidden state)
vampire.dll	79	GetPredDescMap	datamap_t*			walked	CAI_BaseNPC 0x10321670 returns datamap 0x10619d10 and CBaseEntity's 0x1009e100 returns 0x10552d34, second maps distinct from each class's datamap (0x1061664c, 0x10552e18); it precedes GetServerClass/YouForgot/GetDataDescMap exactly as SDK 2013 DECLARE_PREDICTABLE precedes DECLARE_SERVERCLASS and DECLARE_DATADESC
vampire.dll	80	GetServerClass	ServerClass*			walked	Troika 0x102c5870 returns 0x109248d4 and CAI_BaseNPC 0x10321960 returns 0x10936d54, static objects whose initialisers 0x102c5820/0x10321910 write the class-name string and link them into the list head 0x1072bbd8
vampire.dll	81	YouForgotToImplementOrDeclareServerClass	int			walked	Troika 0x102c5890 and CAI_BaseNPC 0x10321980 return 0, the DECLARE_SERVERCLASS stub that follows GetServerClass in SDK 2013
vampire.dll	82	GetDataDescMap	datamap_t*			walked	CBaseEntity 0x100a2290 returns datamap 0x10552e18 (the CBaseEntity datamap record) and is dispatched at this slot by CBaseEntity::Save/Restore/AcceptInput/ReadKeyField
vampire.dll	83	GetEFlags	int			walked	0x100b4ef0 returns +0x268, the CBaseEntity datamap member m_iEFlags
vampire.dll	84	SetEFlags	void	int		walked	0x100b4f10 stores arg1 into m_iEFlags +0x268
vampire.dll	85	GetEdict	edict_t*			walked	0x100b3d10 returns +0x2e0, the edict the engine's IndexOfEdict (+0x8c) receives elsewhere
vampire.dll	86	ShouldTransmit	bool	int, const edict_t*, const void*, int, int		walked	CBaseEntity 0x100ab020 (RET 0x14) never reads word 1, resolves word 2 as the recipient edict (Instance), forwards words 2-5 to the network property's PVS test 0x101ab8f0 (edict, pvs bytes, pvs size, client area to CheckAreasConnected) and returns AL; SDK 2013 takes one CCheckTransmitInfo*, the image 5 words, word 1's type unobserved in the base, BCC 0x103407b0 and Troika 0x102c0420
vampire.dll	87	SetTransmit	void	CCheckTransmitInfo*		walked	0x100ab280 sets this edict's bit in arg1+0x10 (the transmit bit-vector) and recurses into the move parent's slot 87; SDK 2013 adds a bool the image does not pop
vampire.dll	88		bool			walked	0x10026b50 tail-jumps into 0x10146700 on the tracker at this+0x1b0 (interval word +0x4, countdown +0x6, flag bytes +0/+1/+2), which returns 1 when a change is pending; 0 words (the partition's missing RET is the tail jump); name not recovered
vampire.dll	89		void			walked	0x10026b70 tail-jumps into 0x10146790, which zeroes bytes +1/+2 of the tracker at this+0x1b0 (the flags slot 88 reads and SetOrigin 0x100b2be0 sets at +0x1b1); 0 words; name not recovered
vampire.dll	91	ShouldCollide	bool	int, int	const	walked	0x100b4de0 returns false when this+0x368 is 1 (COLLISION_GROUP_DEBRIS) and arg2 lacks 0x4000000 (CONTENTS_DEBRIS), else true: SDK 2013 ShouldCollide(int collisionGroup, int contentsMask) const
vampire.dll	96	GetAimEntEdict	edict_t*			walked	0x100a9ba0 resolves the handle +0x37c and returns that entity's +0x2e0 edict, NULL when unresolved
vampire.dll	101	ComputeWorldSpaceSurroundingBox	void	Vector*, Vector*		walked	Base 0x100ab430 is an empty RET 8 sitting right after TestHitboxes (100), the SDK 2013 declaration run TestCollision/TestHitboxes/ComputeWorldSpaceSurroundingBox(Vector*,Vector*) with matching 2-word arity; no NPC override, the listed possible callers are engine-interface dispatches, not entity ones.
vampire.dll	102	Physics_TraceEntity	void	CBaseEntity*, const Vector&, const Vector&, unsigned int, trace_t*		walked	0x100ab450 pushes the scope name "Physics_TraceEntity" and forwards all 5 words to 0x101cd110, which takes the entity's collideable (vfunc +0x8), builds a CTraceFilterSimple from the entity and its collision group and sweeps it through enginetrace +0x14 with the mask and trace_t out; CNPC_VManBat 0x1038fb20 repeats it with CTraceFilterManBatNoIBeamEntity; the SDK 2013 static helper of the same name has this exact parameter list, retail made it a virtual.
vampire.dll	108	KeyValue	bool	const char*, Vector		walked	0x1004fbb0 -> 0x1009eca0 formats three float params with "%f %f %f" and returns the AL of vfunc 110 (KeyValue(const char*,const char*)); 4 words = name pointer + Vector by value (SDK 2013 takes const Vector&); MSVC placed the three KeyValue overloads in reverse declaration order (108 Vector, 109 float, 110 string).
vampire.dll	109	KeyValue	bool	const char*, float		walked	0x1004fbf0 re-stores the second stack word and jumps to 0x1009ebb0, which formats one float with "%f", calls vfunc 110 with the name and buffer, and RET 8 leaving that call's AL; the float overload of the SDK 2013 KeyValue trio.
vampire.dll	110	KeyValue	bool	const char*, const char*		walked	0x101c1480 strcmpi's param_1 against "lip"/"distance", atof's param_2 into m_flLip / m_flMoveDistance and returns true, else tail-calls the base 0x1009e430 string KeyValue; both params are C strings and callers 0x1009eca0/0x1009ebb0 test the returned AL.
vampire.dll	111	MemberSync	void			walked	0x10337ca0 (name string "CBaseCombatCharacter::MemberSync") refreshes the CVStatListManager at +0x13a8 with the engine index and recomputes m_iGender, touching no stack argument; virtual callers PostConstructor, Save, IncBloodPool, DecBloodPool call it with no arguments and the image pops 0.
vampire.dll	112		void	int, int		walked	Base 0x10026bd0 is an empty RET 8; its only virtual caller CBaseAnimatingOverlay::StudioFrameAdvance 0x10098bb0 invokes it with (overlay layer index, that layer's word +0x20) when a finished layer with its kill byte set is zeroed, so it is a layer-finished notification with no SDK 2013 counterpart; name not recoverable from the image.
vampire.dll	114	PostClientMessagesSent	void			walked	0x100ad780 (name string "CBaseEntity::PostClientMessagesSent") only clears EF_ bits in m_fEffects (0x800 if 0x100 set, then 0x312) and reads no stack word; image pops 0.
vampire.dll	115		void	CBaseEntity*		walked	Base 0x10026bf0 is an empty RET 4; CBaseEntity::SetParent 0x100a0670 calls it (vfunc +0x1cc) on the newly resolved parent with the child entity as the argument after linking, i.e. a parent-side child-attached hook with no SDK 2013 virtual at this position; name not in the image.
vampire.dll	116	IsMarkedForDeletion	bool			walked	0x10027490 returns m_iEFlags & 1 (EFL_KILLME), the body of SDK 2013's inline IsMarkedForDeletion, which retail made virtual; 31 callers test the result as a bool.
vampire.dll	117	ObjectCaps	int			walked	Base 0x100b4320 returns 2 (FCAP_ACROSS_TRANSITION) and CPayphone 0x101aa7d0 returns base & ~2; the entity restore routine 0x101a3470 tests the result & 4 (FCAP_MUST_SPAWN) to pick Spawn or Precache; sits right before AcceptInput (118) as in SDK 2013.
vampire.dll	119	Kill	void			walked	0x1033cb90 (name string "CBaseCombatCharacter::Kill") only forwards to CBaseEntity::Kill with no stack word; image pops 0.
vampire.dll	125	DrawMuzzleOverlay	void			walked	0x1033e7e0 (name string "CBaseCombatCharacter::DrawMuzzleOverlay") gets the active weapon, its "muzzleflash" attachment and draws a +-3 box overlay; reads no stack argument, image pops 0.
vampire.dll	127	Restore	int	IRestore&		walked	CAI_BaseNPC::Restore 0x1027c160 calls restore->vfunc +0x8 on param_1 for the datadesc block at +0x19b4, passes param_1 to the base Restore and returns that result in EAX with RET 4, matching SDK 2013 int Restore(IRestore&).
vampire.dll	129	OnSave	void			walked	CBaseEntity::OnSave 0x100aa4e0 calls vfunc 98 (CalcAbsolutePosition) and one helper then plain RET; retail takes no IEntitySaveUtils* (SDK 2013 declares one parameter).
vampire.dll	130	OnRestore	void	bool		walked	The only dispatcher 0x1011a620 (end of entity restore) calls vfunc +0x208 with the byte BeginRestoreEntities 0x1011a710 stored from CServerGameDLL::LevelInit's old-level/landmark test; CAI_BaseNPC 0x1027bf50 and CAI_BaseNPCTroika 0x102998c0 pass the word down unchanged and CBaseEntity's 0x100aa5a0 overwrites it with 0 before tail-jumping to vfunc 6; SDK 2013 declares OnRestore() with no parameter, retail takes this one flag.
vampire.dll	131	RequiredEdictIndex	int			walked	0x10026c10 returns -1, the SDK 2013 CBaseEntity::RequiredEdictIndex body, at the declaration position after OnSave/OnRestore.
vampire.dll	132		void			walked	Base 0x10026c30 is an empty RET; its only dispatcher 0x101a3470 (transition entity restore) calls it with no arguments on the restored entity after Restore, ObjectCaps-driven Spawn/Precache and ForceTransmit; no SDK 2013 virtual sits between RequiredEdictIndex and MoveDone, name not recoverable.
vampire.dll	133	MoveDone	void			walked	0x101c1720 copies +0x494 to +0x498, settles the toggle state at +0x558 and tail-calls the member-function pointer at +0x114 (m_pfnMoveDone); PhysicsPusher/PhysicsParent/VPhysicsUpdatePusher call vfunc +0x214 with no arguments when the move time elapses, as SDK 2013 MoveDone.
vampire.dll	134	Think	void			walked	0x10026c70 pushes the scope name "CBaseEntity::Think" and calls m_pfnThink when set; RET 0 (decompiler's param_1 is stack residue).
vampire.dll	135		float	float		walked	0x101c10d0 takes a move-time float, applies the m_flMoveRebound* velocity/angular-velocity curve toward m_vecFinalDest/m_vecFinalAngle and returns the float in ST0; called only from CBaseEntity::PhysicsPusher and PhysicsParent (vfunc +0x21c) with the frame move time right before the push, a retail insertion with no SDK 2013 virtual; name not recoverable.
vampire.dll	136		bool			walked	CBaseEntity 0x10026d30 returns false, CAI_BaseNPC family 0x101a6860 and CAmbientGeneric 0x101ac2a0 return true; no dispatch site in the corpus targets slot 136, so the flag's meaning (and name) is not recoverable.
vampire.dll	137	GetBaseAnimating	CBaseAnimating*			walked	CBaseEntity 0x10026d50 returns 0 and every CBaseAnimating-derived class uses 0x1004fc50 returning this; CBaseCombatCharacter::CreateCorpse and CBaseEntity::GetParentToWorldTransform call it to reach animating attachments, as SDK 2013 GetBaseAnimating.
vampire.dll	139	DeathNotice	void	CBaseEntity*		walked	Base 0x10026d70 is empty RET 4; CNPCMaker 0x1034bc90 takes the child NPC, marks its byte +0x44c, fires m_OnNPCDied/m_OnLastNPCDied and decrements m_cLiveChildren, the SDK 2013 DeathNotice(CBaseEntity* pVictim) contract right after Classify (138).
vampire.dll	141	TraceAttack	void	const CTakeDamageInfo&, const Vector&, trace_t*		walked	CAI_BaseNPC::TraceAttack 0x10266780 copies 0x13 words from param_1 (the damage info, first word a CVDmg_t*), stores trace +0x44 hitgroup to m_LastHitGroup and +0x48 physicsbone to m_nForceBone, passes param_2 as the direction to vfunc 146 and RET 0xc; retail drops SDK 2013's CDmgAccumulator* 4th parameter.
vampire.dll	145	BloodColor	int			walked	0x1014fa10 returns m_bloodColor (+0x1570) with plain RET; TraceAttack 0x10266780 passes the result to SpawnBlood 0x102699e0 and 0x10268ef0 compares it with -1 (DONT_BLEED) and 0x14.
vampire.dll	146	TraceBleed	void	CVDmg_t*, const Vector&, trace_t*		walked	0x10268ef0 returns early for DONT_BLEED, reads param_1 +0x4 (CVDmg_t base damage) and +0x10 (DMG_ bits & 0xc7), jitters param_2 (direction) and traces from param_3's startpos to paint blood decals, RET 0xc; TraceAttack 0x10266780 calls it with the damage info's CVDmg_t pointer, the direction and the trace; SDK 2013's non-virtual TraceBleed(float, const Vector&, trace_t*, int) folds into the CVDmg_t pointer.
vampire.dll	147	IsTriggered	bool	CBaseEntity*		walked	0x10026db0 returns true and pops 1, the SDK 2013 IsTriggered(CBaseEntity* pActivator) body at its declaration slot right after BloodColor.
vampire.dll	148	AddPoints	void	int, bool		walked	Base 0x10026dd0 is an empty RET 8; CBasePlayer 0x1016aa50 loops every client, asks g_pGameRules vfunc +0x100 (PlayerRelationship) and calls this slot with its own two arguments on teammates (== 1), exactly SDK 2013 CBasePlayer::AddPointsToTeam calling AddPoints(score, bAllowNegativeScore); virtual in retail (HL1-era declaration).
vampire.dll	149	AddPointsToTeam	void	int, bool		walked	Base 0x10026df0 is an empty RET 8 and CBasePlayer's body at this slot is 0x1016aa50, the teammate loop that forwards (score, bAllowNegativeScore) to AddPoints (148); SDK 2013 keeps both as non-virtual members in this order.
vampire.dll	150	AddPlayerItem	bool	CBaseCombatWeapon*		walked	Base 0x10026e10 returns false and pops 1, paired with RemovePlayerItem at 151 in the HL1-era declaration order AddPoints/AddPointsToTeam/AddPlayerItem/RemovePlayerItem between IsTriggered and GetDelay.
vampire.dll	151	RemovePlayerItem	bool	CBaseCombatWeapon*		walked	Base 0x10026e30 returns false and pops 1; the player's Weapon_Drop path 0x101777e0 calls vfunc +0x25c with the dropped weapon before detaching it, the SDK 2013 RemovePlayerItem(CBaseCombatWeapon*) contract.
vampire.dll	152	GetDelay	float			walked	0x1004fc10 returns m_flWait (+0x500) in ST0, the SDK 2013 CBaseToggle::GetDelay body, at the declaration slot before IsMoving.
vampire.dll	153	IsMoving	bool			walked	0x10280300 returns the navigator's goal-active test 0x102ee680 on m_pNavigator (the SDK 2013 CAI_BaseNPC::IsMoving body); RET 0.
vampire.dll	154	DamageDecal	int	int, int		walked	0x100b4ea0 returns -1 for m_nRenderMode 4, decal index 0x34 for a non-normal render mode on material 0x47 ('G' glass), else defers to the decal table; UTIL impact 0x101cfef0 feeds the result as an index to DecalTrace; retail returns a decal index where SDK 2013 returns char const*.
vampire.dll	155	DecalTrace	void	trace_t*, int, bool, int, CBaseEntity*, int, bool		walked	CBaseEntity::DecalTrace 0x100a6c50 (RET 0x1c) reads param_1 as trace_t (+0xc endpos, +0x40 surface, +0x4c hit entity, +0x50 hitbox), indexes the decal table with param_2, param_3 picks the projected-decal vs world-decal tempent, param_5 is dereferenced at +0x740 as an attacker, param_6 == 1 selects flesh variants, param_7 ORed into the no-physics flag; callers 0x101cfea0 pass (tr, idx, 0, 1, 0, 0, flag) and 0x101cfef0 pass (tr, idx, 1, hit entity, attacker, damage type, 1), so param_4 is carried as an opaque word; SDK 2013 declares only (trace_t*, const char*).
vampire.dll	156		void	int		unsettled	Base 0x10026ee0 is an empty RET 4 with no override in the NPC family and no dispatch site at +0x270 in the corpus, so the parameter's type and the name cannot be read; it sits where SDK 2013 has ImpactTrace, but retail's impact path 0x101cfef0 is a free function and the arity differs.
vampire.dll	157	OnControls	bool	CBaseEntity*		walked	0x10026f00 returns false and pops 1, the SDK 2013 OnControls(CBaseEntity*) body in declaration order before HasTarget (160); CHL2_Player 0x10350830 tests it with an entity argument.
vampire.dll	158	IsAlive	bool			walked	0x100b4dc0 returns m_lifeState == LIFE_ALIVE; hundreds of callers (ChooseEnemy, CNPCMaker death notice, TraceBleed 0x10268ef0) branch on the returned AL.
vampire.dll	159	ReflectGauss	bool			walked	0x10026f20 returns true only when IsBSPModel 0x100b5110 holds and m_takedamage == DAMAGE_NO, the HL1-lineage ReflectGauss body; not present in SDK 2013.
vampire.dll	161	HasLinkedDoor	bool	string_t		walked	CBaseEntity::HasLinkedDoor 0x100a1c30 (name string) strcmpi's param_1 against m_target and returns the match, false when either is null; the parameter is a target name string.
vampire.dll	162	IsPlayer	bool			walked	Base 0x10026f60 returns false; 0x101ce2e0 tests it on an entity before building a CSingleUserRecipientFilter for it, the SDK 2013 IsPlayer() const use.
vampire.dll	164	IsStandable	bool			walked	0x100b50a0 returns false when solid flags (vfunc +0x34c) have FSOLID_NOT_STANDABLE 0x10, true for GetSolid (vfunc 92) SOLID_BSP/SOLID_VPHYSICS/SOLID_BBOX, else IsBSPModel 0x100b5110 — the SDK 2013 IsStandable body, virtual in retail; CanStandOn (166) calls it.
vampire.dll	165	CanStandOn	bool	edict_t*		walked	0x10026fb0 resolves param_1's edict +0x40 unknown to its base entity (vfunc +0x10) or NULL and tail-calls vfunc 166 with it, returning that AL; the edict_t* overload of SDK 2013 CanStandOn, placed before the CBaseEntity* overload by MSVC's reversed overload order.
vampire.dll	166	CanStandOn	bool	CBaseEntity*		walked	Base 0x10026f80 returns false only when the surface is non-null and its IsStandable (vfunc 164) is false, the SDK 2013 CanStandOn(CBaseEntity* pSurface) body; CNPC_VMingXiao 0x10397000 also refuses its own severed tentacle handles.
vampire.dll	167	GetEnemy	CBaseEntity*		const	walked	0x101a67e0 returns m_hEnemy resolved through the entity list or NULL; base 168 tail-jumps here, so this is the overload the other forwards to, taken as the const GetEnemy() by MSVC's reversed overload placement (non-const at 168).
vampire.dll	168	GetEnemy	CBaseEntity*			walked	Base 0x10027020 tail-jumps to vfunc 167; CAI_BaseNPCTroika 0x102b5360 calls 167 and, when it is NULL and m_bfNPCStateFlags bit 6 is set, returns m_hLastEnemy instead, returning the pointer in EAX with plain RET (the declared param_1 is unused, image pops 0).
vampire.dll	169	ViewPunch	void	const QAngle&		walked	Base 0x10027040 is empty RET 4; CBasePlayer::PlayerKnockbackReaction 0x101606e0, CWeaponRanged::Kick 0x102397b0 and CHL2_Player::OnTakeDamage 0x10352b50 call vfunc +0x2a4 with the address of a local angle triple, the SDK 2013 ViewPunch(const QAngle&) that follows GetEnemy.
vampire.dll	170	VelocityPunch	void	const Vector&		walked	Base 0x10027060 is empty RET 4; CBaseCombatWeapon 0x10258320 and CBaseCombatCharacter::CreateDamageEffects 0x10330d00 call vfunc +0x2a8 with the address of a local vector, the SDK 2013 VelocityPunch(const Vector&) paired after ViewPunch.
vampire.dll	171	SetMovedir	void			walked	CBaseEntity::SetMovedir 0x100ad550 (name string) derives m_vecMoveDir from the local angles (vfunc +0x374), special-casing up/down, then zeroes the angles via vfunc +0x100; reads no stack argument.
vampire.dll	179	EndBlocked	void			walked	0x100270a0 is an empty RET directly after Blocked (178) and before UpdateOnRemove (180), the SDK 2013 EndBlocked() position and body.
vampire.dll	182		void	int, int, int, int		unsettled	Base 0x100ad8f0 is an empty RET 0x10 with no override and no dispatch site at +0x2d8 in the corpus; between Teleport (181) and NotifySystemEvent (183) SDK 2013 has no 4-word virtual, so neither parameter types nor the name can be read.
vampire.dll	183	NotifySystemEvent	void	CBaseEntity*, notify_system_event_t, const notify_system_event_params_t&		walked	Base 0x100ad910 is an empty RET 0xc (the SDK 2013 CBaseEntity::NotifySystemEvent is an empty body) at the declaration position between Teleport and MakeTracer; no other body fills it.
vampire.dll	184	MakeTracer	void	const Vector&, const trace_t&, int		walked	0x10267260 builds a CPASFilter from param_1 (tracer source), and when param_3 == 1 (TRACER_LINE) fires the tracer tempent from param_1 to param_2 +0xc (trace endpos) with the entity index, RET 0xc, as SDK 2013 MakeTracer.
vampire.dll	185	FireBullets	void	const FireBulletsInfo_t&		walked	0x10268900 walks param_1 as a FireBulletsInfo record (shot count, source, direction, spread, ammo type, attacker) and traces each bullet, RET 4; CBaseCombatWeapon::PrimaryAttack 0x10255700 and CWeaponRanged::Shot 0x102387b0 call vfunc +0x2e4 with a local info block.
vampire.dll	186		bool			walked	Base 0x100270c0 returns false; FireBullets 0x10268900 calls vfunc +0x2e8 per bullet and only runs the impact/tracer handling when it is false, a retail insertion with no SDK 2013 virtual of this shape; name not recoverable.
vampire.dll	187	Respawn	CBaseEntity*			walked	Base 0x100270e0 returns NULL; 0x102500d0 tail-calls vfunc +0x2ec only when g_pGameRules vfunc +0xc0 returns 1 (GR_WEAPON_RESPAWN_YES), the SDK 2013 weapon CheckRespawn -> Respawn() contract, in the FireBullets/Respawn/IsLockedByMaster run.
vampire.dll	188	IsLockedByMaster	bool			walked	Base 0x10027100 returns false; the door timing helper 0x10280630 returns curtime immediately when vfunc +0x2f0 is true on the door, otherwise uses its m_flMoveDoneTime, matching SDK 2013 IsLockedByMaster() before GetDamageType (189).
vampire.dll	190	GetDamage	float			walked	0x10027120 returns 0.0 in ST0, the SDK 2013 GetDamage() body immediately after GetDamageType (189).
vampire.dll	191	SetDamage	void	float		walked	0x10027140 is an empty RET 4, the SDK 2013 SetDamage(float) body after GetDamage; one float stack word.
vampire.dll	192	WorldSpaceCenter	Vector			walked	0x10027160 writes into the hidden return pointer the collision OBB centre ((mins+maxs)/2 rotated/offset to world) through a static pool, CNPC_Crow 0x10357760 returns origin with a z lift; docs/vtmb/computer-terminals.md names vfunc +0x300 WorldSpaceCenter; the single popped word is the hidden return pointer (Vector by value).
vampire.dll	193	EyePosition	Vector			walked	0x100b4b40 writes vfunc +0x364 origin plus m_vecViewOffset into the hidden return pointer (the SDK 2013 EyePosition body), CAI_BaseHumanoid 0x1025e8e0 returns its cached eye point +0x5f50; EarPosition (196) and BodyTarget (197) call it; the popped word is the hidden return pointer.
vampire.dll	194	EyeAngles	const QAngle&			walked	0x100b4bc0 is a bare tail-jump to vfunc +0x36c (the abs-angles accessor) with no stack use, the SDK 2013 EyeAngles() { return GetAbsAngles(); } body, returning the reference in EAX.
vampire.dll	195	LocalEyeAngles	const QAngle&			walked	0x100b4be0 is a bare tail-jump to vfunc +0x374 (the local-angles accessor SetMovedir 0x100ad550 reads), the SDK 2013 LocalEyeAngles() { return GetLocalAngles(); } body.
vampire.dll	196	EarPosition	Vector			walked	0x100b4c00 calls EyePosition (vfunc +0x304) with its hidden return pointer and returns that pointer, the SDK 2013 EarPosition body; the popped word is the hidden return pointer.
vampire.dll	197	BodyTarget	Vector	const Vector&, bool, bool		walked	CAI_BaseNPC 0x102789c0 (RET 0x10) blends WorldSpaceCenter (192) and EyePosition (193) into the hidden return pointer, randomising when the byte at the third word is set and returning the eye point when the fourth word's byte is set, the posSrc word unused; CNPC_Crow 0x103577d0 returns WorldSpaceCenter; SDK 2013 BodyTarget(const Vector&, bool) gains a head-target bool in retail (4 words = hidden return + 3).
vampire.dll	198		const Vector&			walked	0x100274b0 returns the address of m_vecVelocity (+datamap member) with plain RET, the only velocity vector in retail's datamap; sits before CBaseAnimating::GetVelocity (199), a velocity-reference accessor, but whether retail spelled it GetAbsVelocity or GetLocalVelocity is not stated by the image.
vampire.dll	200	Illumination	int			walked	0x100ad6e0 (scope string CBaseEntity::Illumination) takes no stack words and returns the constant 0x80 in EAX on every class in the image.
vampire.dll	201	FVisible	bool	CBaseEntity*, int, CBaseEntity**, int		walked	0x100a6fa0 pops 4: arg1 is the target entity (flags and water level read), arg2 the trace mask handed to the engine trace, arg3 the blocker out-pointer written on a blocked trace, and arg4 an int point selector passed to FVisibleTargetOrigin 0x100a72e0 (0 = EyePosition via slot 193, 1 = bbox centre, 2..9 = bbox corners); returns AL; SDK 2013 has only the first three, retail adds the target-point selector; Troika 0x102b4630 forwards the same four.
vampire.dll	203	GetAttackDamageScale	float			walked	0x100a1360 pops 0 and returns in ST0 the product of the non-receiver damage modifiers in the entity's modifier list (+0x230/+0x23c); SDK 2013 takes a victim pointer, retail takes none.
vampire.dll	204	GetReceivedDamageScale	float			walked	0x100a1470 pops 0 and returns in ST0 the product of the receiver-side damage modifiers in the same list; SDK 2013 takes an attacker pointer, retail takes none.
vampire.dll	205		bool			walked	0x10027330 (XOR AL,AL; RET) is the only body on all 497 vampire.dll classes and no dispatch site targets the slot, so it is a bool query with no arguments answering false; no string, doc or SDK neighbour with this arity names it.
vampire.dll	206		bool	int, int, int, int, int		unsettled	0x10027350 (XOR AL,AL; RET 0x14) is the only body on all 497 classes and no dispatch site targets the slot, so return is bool false and the five words are never read; their types cannot be recovered (SDK 2013 PhysicsSplash at the nearby position pops 4, not 5).
vampire.dll	209	GetGroundEntity	CBaseEntity*			walked	0x100b1510 resolves m_hGroundEntity through the entity list and returns the entity pointer or NULL in EAX, popping nothing (SDK 2013 CBaseEntity::GetGroundEntity).
vampire.dll	210	GetGroundVelocityToApply	void	Vector&		walked	0x10027370 copies vec3_origin into the pointed Vector and pops 1, exactly SDK 2013's inline body at the declaration right after GetGroundEntity; CBaseEntity::UpdateBaseVelocity 0x10040220 calls it on the ground entity with a local Vector.
vampire.dll	213	SetSize	void	const Vector&		walked	0x100b1890 carries the scope string CBaseEntity::SetSize and copies three floats from the pointed Vector into m_vecSize (+0x38c..+0x394), popping 1.
vampire.dll	214	GetSize	const Vector&			walked	0x100b1960 (scope string CBaseEntity::GetSize) returns the address of m_vecSize in EAX and pops nothing.
vampire.dll	215	WorldSpaceCenter	const Vector&		const	walked	0x100b4c30 returns a pointer into a rotating static Vector pool holding the collision-bounds midpoint transformed to world space (m_Collision virtuals), popping nothing; matches SDK 2013 virtual WorldSpaceCenter declared just before SetAbsOrigin (slot 216).
vampire.dll	220	GetOrigin	const Vector&			walked	0x100b3070 (scope string CBaseEntity::GetOrigin) returns the address of m_vecOrigin and pops nothing; FVisibleTargetOrigin 0x100a72e0 dispatches it (+0x370) and adds bbox offsets to the returned vector.
vampire.dll	221	GetAngles	const QAngle&			walked	0x100b3110 (scope string CBaseEntity::GetAngles) returns the address of m_angRotation and pops nothing.
vampire.dll	223	CreateVPhysics	bool			walked	base 0x100b5080 returns false with no arguments; the CAI_BaseNPC body 0x10273720 creates the physics object when slot 158 answers true and m_pPhysicsObject is NULL, then returns true; position and body match SDK 2013 CreateVPhysics, which heads the run ForceVPhysicsCollide / VPhysicsDestroyObject / VPhysicsUpdate / VPhysicsTakeDamage (slots 224-227).
vampire.dll	224	ForceVPhysicsCollide	bool	CBaseEntity*		walked	0x100273b0 (XOR AL,AL; RET 4) answers false for one pointer argument on every class, matching SDK 2013 ForceVPhysicsCollide(CBaseEntity*) which sits between CreateVPhysics (223) and VPhysicsDestroyObject (225).
vampire.dll	225	VPhysicsDestroyObject	void			walked	0x100b5040 pops nothing, and when m_pPhysicsObject is set it unregisters and destroys it and zeroes m_pPhysicsObject (SDK 2013 VPhysicsDestroyObject).
vampire.dll	226	VPhysicsUpdate	void	IPhysicsObject*		walked	0x100b4f30 pops 1, switches on movetype (slot at +0x178): MOVETYPE_PUSH/7 route to VPhysicsUpdatePusher with the argument, MOVETYPE_VPHYSICS reads position/angles from the argument object's vtable (warning Infinite values from vphysics) and sets abs origin/angles (SDK 2013 VPhysicsUpdate).
vampire.dll	235	OnPhysGunPickup	void	CBasePlayer*		walked	0x100273f0 is an empty RET 4 on every class; its dispatch site 0x1014d7c0 (strings Picking up physics object, Physics_Lift_Supernatural_Value) calls it on the picked-up entity with the carrying player; name from SDK 2013 IPlayerPickupVPhysics::OnPhysGunPickup (retail has no reason argument).
vampire.dll	236	OnPhysGunDrop	void	CBasePlayer*, bool		walked	0x10027410 is an empty RET 8 on every class; its dispatch site 0x1014d140 (strings Dropping physics object, PhysicsMomentumThrow) calls it on the dropped entity with the player and 0; name from SDK 2013 IPlayerPickupVPhysics::OnPhysGunDrop, second word typed as the 2003 wasLaunched flag.
vampire.dll	240		PyObject*			walked	bodies 0x10027430 and 0x1014f8b0 pop nothing and return the Python class objects Init 0x10199f70 stores for the scripting classes Entity (0x1072b36c, base) and Character (0x1072b360, combat characters); the dispatch site 0x101966a0 passes the result to PyInstance_New to build the script wrapper; no string names the virtual.
vampire.dll	241	GetEventName	void	char*, animevent_t*		walked	0x1008c170 pops 2, switches on the int at the start of the second argument (event id: SCRIPTED, NPC_LEFTFOOT, WEAPON_*, CL_EVENT_*) and copies the matching name into the first argument's buffer with nothing returned; CBaseAnimating::DisplayAnimEvent passes a local 512-byte buffer and the event, and the Tzimisce override 0x103bdd10 does the same for its own START_* ids.
vampire.dll	242	GetIdealYawSpeed	float			walked	0x100916a0 pops nothing and returns m_flYawSpeed in ST0.
vampire.dll	243	BurnModel	void	const char*, bool		walked	0x10090580 pops 2: sets the burn render fx, when the byte second argument is set spawns DMGFX_vampire_death on every hitbox bone, and when the first argument is non-NULL creates a dynamic_prop and hands it that string through slot 105 (SetModel).
vampire.dll	244	GetSkeletonModelName	const char*			walked	base 0x1004fc30 returns NULL; CBaseCombatCharacter 0x103408e0 pops nothing and returns the male or female models/character/npc/common skeleton path string by IsMale; Tzimisce 0x103b6e10 overrides.
vampire.dll	245	AddExtraAnimationModels	void	CBaseEntity*, const char*, const char*, int, int		walked	0x1008e0a0 pops 5: arg1 is an entity whose handle (vtable +4) is stored at +0x5b8, args 2 and 3 are prefix and suffix strings copied into the 40-byte buffers at +0x5ec/+0x614, args 4 and 5 are clamped-nonnegative ints stored at +0x5bc/+0x5c0; with no entity or both ints zero it calls slot 246 instead.
vampire.dll	246	RemoveExtraAnimationModels	void			walked	0x1008e310 pops nothing, clears the handle at +0x5b8, both name buffers and the two extra-model vectors, and reselects a base sequence when the current one no longer resolves.
vampire.dll	247	SetAttackExtentsForSequence	void	int		walked	0x10090c80 pops 1 and treats it as a sequence index passed to GetSeqDesc, then grows the collision extents from that sequence's bbox when flag2 bit 4 is set.
vampire.dll	250	StudioFrameAdvance	float	float		walked	CBaseAnimating 0x1008f120 reads one float interval from the stack (clamped against 0.1) and leaves the advanced interval in ST0 before RET 4; overlay 0x10098bb0 chains it then advances the four overlay layers; PostThink 0x1016be10 passes its float result straight to DispatchAnimEvents (slot 258); SDK 2013 takes no argument and returns void.
vampire.dll	251	IsActivityFinished	bool			walked	base 0x1004fc70 returns m_bSequenceFinished; the CAI_BaseNPC body 0x10272900 returns true only when m_bSequenceFinished and m_nSequence equals m_nIdealSequence; both pop nothing; name and both bodies are SDK 2013 CBaseAnimating::IsActivityFinished and its CAI_BaseNPC override.
vampire.dll	252	SelectWeightedSequenceForStat	int	Activity, int, int		walked	0x103251c0 pops 3: arg2 (0..3) selects a stat list from the vector at +0x13c0, arg3 indexes that list for a value, and arg1 plus that value go to SelectWeightedSequence, whose EAX result is returned (the base 0x1008f3c0 passes arg1 alone).
vampire.dll	253	SelectHeaviestSequenceForStat	int	Activity, int, int		walked	0x10325440 pops 3 with the same stat-list lookup on args 2 and 3 as slot 252 and returns the heaviest-sequence index in EAX; CSceneEntity 0x10083700 dispatches it.
vampire.dll	254	SelectSameSequenceForStat	int	Activity, int, int		walked	0x10325300 pops 3 with the same stat-list lookup on args 2 and 3 and returns SelectSameSequence's EAX result; CSceneEntity 0x10082ee0 dispatches it.
vampire.dll	255	GetSkeleton	void	Vector*, Quaternion*, int		walked	the CBaseAnimating body at 0x10095fe0 is named GetSkeleton and the overlay body 0x10098eb0 pops 3 and composes the base pose then the four layers into the position and quaternion arrays (animation_rig_resolution.md 0x10098eb0); SetupBones 0x10092b50 calls it through +0x3fc; SDK 2013 adds a leading CStudioHdr* that retail lacks.
vampire.dll	258	DispatchAnimEvents	void	float, CBaseAnimating*		walked	0x10091880 pops 2 and dispatches every due event to the second argument's HandleAnimEvent (slot 259, +0x40c); callers PostRun 0x1026c7c0 and PostThink 0x1016be10 push the float frame interval returned by StudioFrameAdvance then the entity itself; SDK 2013 has only the handler.
vampire.dll	260	SetPoseParameter02	float	int, float		walked	0x10091fe0 pops 2: arg1 is the pose-parameter index (negative rejected), arg2 the float value written through Studio_SetPoseParameter into m_flPoseParameter[index], and the result is left in ST0 (the input value on the reject path); overload of SDK 2013 SetPoseParameter(int, float).
vampire.dll	261	SetPoseParameter01	float	const char*, float		walked	0x10091f10 pops 2, looks the first-argument name up with LookupPoseParameter and forwards index and the float to slot 260 (+0x410), leaving that call's ST0 result; overload SetPoseParameter(const char*, float).
vampire.dll	262	GetAttachment03	bool	int, matrix3x4_t&		walked	0x10093000 pops 2: arg1 is a 1-based attachment index checked against the studio header, the bone matrix is fetched via GetBoneTransform (slot 256) or the merged parent, combined with the attachment local matrix into the second argument, and AL is 1 on success and 0 otherwise (SDK 2013 GetAttachment(int, matrix3x4_t&)).
vampire.dll	264	DrawServerHitboxes	void			walked	0x10096980 pops nothing and draws a debug box per hitbox of m_nHitboxSet; SDK 2013 takes duration and monocolor, retail takes none.
vampire.dll	265	AddFlinchGesture	void	Activity, float, float, const char*, float		walked	0x10099690 pops 5: picks the flinch slot with the oldest expire time among the three at +0x7f4, selects a weighted sequence for arg1, stores args 2 and 3 as flFadeIn/flFadeOut and expire = now + both, and when arg4 names a pose parameter stores its index and arg5 as the value; combat-and-damage.md names it AddFlinchGesture, called by DamageFlinch through +0x424 with (activity, 0.1, 0.3, hit_yaw, yaw).
vampire.dll	266		void			walked	0x100997f0 pops nothing and resets the three flinch slots at +0x7f4 (sequence -1, expire time in the past); no string, doc or SDK virtual names it.
vampire.dll	267	GetFirstGestureLayer	int			walked	0x10098a40 returns 0 with no arguments; AllocateLayer 0x10099470 and FindLayerByOwner 0x100994c0 start their scans from its result through +0x42c (animation_rig_resolution.md names it GetFirstGestureLayer).
vampire.dll	268	SetLayer	void	int, Activity, int, bool		walked	0x10099020 pops 4 and initialises overlay record arg1: arg2 into m_nActivity (+0x24), arg3 as the sequence passed to GetSeqDesc, weight 0.1, weight max 1.0, blends 0.2, and the byte arg4 into m_bAutoKillWhenFinished; animation_and_movers.md names it SetLayer and shows AddGestureSequence reaching it through +0x430.
vampire.dll	269	RemoveLayer	void	int		walked	0x10099660 pops 1 and zeroes the weight and sequence of overlay record arg1 (animation_and_movers.md RemoveLayer); SDK 2013 RemoveLayer also takes kill rate and delay.
vampire.dll	270	HasLayer	bool	Activity		walked	0x10099540 pops 1 and returns whether FindLayerByOwner (slot 271, +0x43c) finds a layer for arg1 (animation_and_movers.md HasLayer; SDK 2013 IsPlayingGesture at the same position in the gesture run).
vampire.dll	271	FindLayerByOwner	int	Activity		walked	0x100994c0 pops 1 and returns the index of the first live layer from GetFirstGestureLayer whose m_nActivity equals arg1, or -1 (animation_and_movers.md FindLayerByOwner; SDK 2013 FindGestureLayer).
vampire.dll	272	AllocateLayer	int			walked	0x10099470 pops nothing and returns the first zero-weight overlay slot from GetFirstGestureLayer, or -1; SDK 2013 takes a priority, retail has no priority field (animation_and_movers.md).
vampire.dll	273	RestartGesture	void	Activity, bool, bool		walked	0x10099570 pops 3: finds the layer for arg1 via slot 271 and rewinds its cycle, otherwise when the byte arg2 is set adds the gesture for arg1 with the byte arg3 as autokill; matches SDK 2013 RestartGesture(Activity, bool addifmissing, bool autokill) in the same order after IsPlayingGesture.
vampire.dll	274	RemoveLayerByOwner	void	Activity		walked	0x100995e0 pops 1, finds the layer for arg1 via slot 271 and zeroes its weight and sequence (animation_and_movers.md RemoveLayerByOwner; SDK 2013 RemoveGesture).
vampire.dll	275	RemoveAllGestures	void			walked	0x10099630 pops nothing and zeroes sequence and weight of all four overlay records; position and body match SDK 2013 RemoveAllGestures following RemoveGesture.
vampire.dll	277	SetViewtarget	void	const Vector&		walked	0x100b5b00 pops 1 and copies the pointed Vector into m_viewtarget; the humanoid override 0x1025e780 clears a flag bit then chains it; SDK 2013 CBaseFlex::SetViewtarget.
vampire.dll	278	GetViewtarget	const Vector&		const	walked	0x100b5b40 pops nothing and returns the address of m_viewtarget (SDK 2013 CBaseFlex::GetViewtarget).
vampire.dll	279	SetFlexWeight	void	int, float		walked	0x100b5ba0 pops 2: arg1 is a flex controller index bounds-checked against GetNumFlexControllers, arg2 a float normalised by the controller's min/max and written to m_flexWeight[index] (facial_animation.md SetFlexWeight slot 279).
vampire.dll	280	SetFlexWeight	void	char*, float		walked	0x100b5b60 pops 2, resolves the first-argument name to a controller index and forwards index and value to slot 279 (+0x45c); the SDK 2013 name overload.
vampire.dll	281	GetFlexWeight	float	int		walked	0x100b5c50 pops 1, bounds-checks the controller index and returns the de-normalised m_flexWeight value in ST0 (facial_animation.md GetFlexWeight).
vampire.dll	282	GetFlexWeight	float	char*		walked	0x100b5c20 pops 1, resolves the name to an index and returns slot 281's (+0x464) ST0 result; the SDK 2013 name overload.
vampire.dll	283	ProcessSceneEvents	void			walked	0x100b6250 has no RET: it zeroes every flex controller through slot 279 then tail-jumps to slot 284 (+0x470), which pops nothing, so it takes no words; this is SDK 2013 ProcessSceneEvents' documented default (reset m_flexWeight, then add the scene events) at the matching position.
vampire.dll	284	AddSceneExpressions	void			walked	CBaseFlex body 0x100b65b0 pops nothing and walks the CSceneEventInfo vector at +0xa58 (count +0xa64), dispatching EXPRESSION to slot 288, FLEXANIMATION to 289, SEQUENCE to 290 and GESTURE to 291; CBaseCombatCharacter 0x10105f30 (scope string AddSceneExpressions) replays only FLEXANIMATION events; choreographed_scenes.md labels 0x100b65b0 ProcessSceneEvents, but the reset-and-call wrapper is slot 283.
vampire.dll	285	ClearSceneEvents	void	CChoreoScene*		walked	0x100b5d80 pops 1: with NULL it empties the scene-event vector at +0xa58, otherwise it removes every 0x1c-byte entry whose scene field equals the argument; SDK 2013 ClearSceneEvents(CChoreoScene*, bool) with retail lacking the canceled flag.
vampire.dll	286	AddSceneEvent	void	CChoreoScene*, CChoreoEvent*		walked	CBaseFlex 0x100b5e60 pops 2 and appends a scene-event entry for the second argument's event type within the first argument's scene (choreographed_scenes.md names 0x100b5e60 CBaseFlex::AddSceneEvent); the Troika override 0x102c1680 is the dialogue-pause handler (animation_and_movers.md); SDK 2013 AddSceneEvent(scene, event, target) matches the first two words.
vampire.dll	287	RemoveSceneEvent	void	CChoreoEvent*		walked	0x100b6180 pops 1, finds the scene-event entry whose event pointer equals the argument, clears it and compacts the vector (+0xa58/+0xa64); SDK 2013 RemoveSceneEvent also takes scene and fastKill.
vampire.dll	288	AddFlexSetting	void	const char*, float, const flexsettinghdr_t*, const flexsettinghdr_t*, bool		walked	0x100b6cf0 pops 5: arg1 is an expression name matched case-insensitively in the settings header arg3, arg2 the float scale, arg4 an optional second header searched by name, the byte arg5 the new-expression flag, and it writes weights through slots 281/279; the dispatcher 0x100b65b0 passes (name, intensity, vfe header, model-specific vfe header or 0, not-yet-started); SDK 2013 AddFlexSetting lacks the second header.
vampire.dll	289	AddFlexAnimation	void	CSceneEventInfo*		walked	0x100b6960 pops 1, reads event and scene from the pointed record, samples the flex-animation tracks into weights via slots 281/279 and sets the record's started byte; 0x100b65b0 calls it for FLEXANIMATION events (SDK 2013 AddFlexAnimation(CSceneEventInfo*)).
vampire.dll	290	ProcessSequenceSceneEvent	void	CSceneEventInfo*		walked	0x100b70e0 pops 1 and works on the pointed record's event, scene and layer fields; 0x100b65b0 dispatches SEQUENCE events to it (choreographed_scenes.md ProcessSequenceSceneEvent); SDK 2013 returns bool and takes scene and event too.
vampire.dll	291	ProcessGestureSceneEvent	void	CSceneEventInfo*		walked	0x100b7040 pops 1 and, for a record with a valid layer index, drives that overlay layer's cycle from SequenceDuration and the event's elapsed time; 0x100b65b0 dispatches GESTURE events to it; name from SDK 2013 ProcessGestureSceneEvent, which also takes scene and event.
vampire.dll	292	DamageFlinch	void	const CTakeDamageInfo&, const Vector&, trace_t*		walked	0x103229d0 pops 3 and reads x/y of the second argument for the incoming yaw (combat-and-damage.md); CAI_BaseNPC::TraceAttack 0x10266780 pushes its own trace pointer, direction and damage-info arguments in that order before calling +0x490.
vampire.dll	293	GetFollowerBoss	CBaseEntity*			walked	base 0x1014f6f0 returns NULL and Troika 0x102c5470 resolves the handle at +0x647c and returns a pointer from it, both popping nothing; FInViewCone 0x102b4540 compares the result with the closest-player entity.
vampire.dll	294	IsValidStealthKillTarget	bool	CBaseEntity*		walked	0x10341850 answers false (XOR AL,AL; RET 4) for one argument; Troika 0x102c2300 dereferences the argument as an entity pointer and returns a bool.
vampire.dll	295	CanTalk	bool	CBaseEntity*		walked	0x103417b0 answers false (RET 4); Troika 0x102c21c0 requires m_iDialog and calls slot 158 and slot 404 (+0x650) on the argument as an entity, returning a bool.
vampire.dll	296		bool	int		walked	0x10348ba0 pops 1 and returns true only when the handle at +0x1538 is live, +0x153c is not -1 and the argument equals 11; the discipline removal path 0x100cf160 calls it with a stat id and warns cannot remove discipline when true, and 0x10230910 with a stat id, so the argument is a stat index; no string names the virtual.
vampire.dll	297	AdjustDialogReaction	void	CBaseEntity*, int, const char*		walked	0x10332ef0 pops 3, adds arg2 to GetDialogReactionModifier(arg1) and stores it with SetDialogReactionModifier, where arg1 is matched against relationship entity handles; the Python React binding 0x10197b00 (format OOis) pushes entity, int delta and an optional string that the base ignores.
vampire.dll	298	GetMaxInvenSlotsPerSection	int	int		walked	0x10323c20 pops 1 (section) and returns 32 in EAX for every section; the player override 0x101821e0 and item overrides share the slot.
vampire.dll	299	CreateDamageEffects	void	const CTakeDamageInfo&, bool*		walked	0x10330d00 pops 2 with arg1 the damage info it reads for burn and hit effects; OnTakeDamage_Alive 0x103302e0 calls +0x4ac with the info and the address of a local byte it tests right after (the queued-burn refusal in npc-ai/schedule-kernel.md).
vampire.dll	300	Event_TookLife	void	CBaseCombatCharacter*, bool, bool		walked	Called on the attacker by Event_Killed 0x1032b9b0 (vt+0x4b0) pushing the victim then two bytes read from the damage info at +0x48 and +0x49; CBasePlayer::Event_TookLife 0x1017fb30 forwards all three and branches on the low byte of the second word, base 0x1032c580 reads none.
vampire.dll	301	CreateCorpse	void	const Vector&, const CTakeDamageInfo&		walked	Event_Killed 0x1032b9b0 pushes the damage info then the address of the clamped force vector (vt+0x4b4); body 0x1032c0e0 squares param1's three floats as a force and reads param2+0x40 as the hit bone/hitbox index; retail order is force then info.
vampire.dll	302	Inventory_ShouldAllow_Autopickup	bool	CBaseCombatWeapon*, bool		walked	Base 0x10335f60 returns AL=0; CBasePlayer override 0x10182ec0 returns true when the second word's low byte is set and otherwise tests the first word as a weapon; pickup routine 0x10173f90 dispatches vt+0x4b8 with the touched weapon and tests AL.
vampire.dll	303	Inventory_ShouldAllow_AutopickupAmmo	bool	CBaseCombatWeapon*		walked	Base 0x10336000 returns AL=0; pickup routine 0x10173f90 dispatches vt+0x4bc with the weapon entity already owned by type and tests AL before merging ammo.
vampire.dll	304	GiveBaseFightingItems	void			walked	Troika 0x102b5b20 reads no stack word, tests slots 307/308 (AL) and gives item_w_fists plus misc flag 0x10; returns nothing callers read.
vampire.dll	305	RemoveBaseFightingItems	void			walked	Troika 0x102b5b70 reads no stack word, removes item_w_fists when misc flag 0x10 is set and clears it.
vampire.dll	306	LookAtEntity	void	CBaseEntity*, bool		walked	Body 0x1033e370 calls param1's vt+0x300/+0x304 (eye/ear position) chosen by param2's low byte, then feeds param1's +0x370 origin to the player look controller; no return value.
vampire.dll	307	HasUsableMeleeWeapon	bool			walked	Body 0x10336cd0 tail-returns HasMeleeWeapon; GiveBaseFightingItems 0x102b5b20 dispatches vt+0x4cc and tests AL.
vampire.dll	308	HasUsableRangedWeapon	bool			walked	GiveBaseFightingItems 0x102b5b20 dispatches vt+0x4d0 and tests AL; body 0x10336d70 iterates weapons by type flags.
vampire.dll	309	GetBestRangedWeapon	CBaseCombatWeapon*			walked	Body 0x10337080 walks the weapon priority table and returns GetWeapon(i) for the first ranged (flags 0x6000) weapon with clip or ammo, else 0.
vampire.dll	311	ForcePreTranslatedSequenceAndActivity	void	Activity, Activity, int		walked	Body 0x10272400 writes param1 to m_Activity/m_IdealActivity, param2 to the weapon/translated activity trio and param3 to m_nIdealSequence after refusing a negative sequence; CNPC_VMingXiao 0x103937d0 calls vt+0x4dc with (activity, translated, sequence).
vampire.dll	312	UpdateCharacter	void	float		walked	Base 0x103246d0 passes param1 to MaintainScriptedEyeDirection and uses it as the frame interval; Troika 0x10298070 forwards it unchanged.
vampire.dll	313	UpdatePresenceEffect	void			walked	Base 0x10322b40 reads no stack word (RET) and only updates m_iFriendPresenceEffect/m_iEnemyPresenceEffect/m_flEnemeyPresencePercent from the presence list.
vampire.dll	314	UpdatePoseParameters	void	float		walked	Base 0x10054060 multiplies param1 by a rate constant as the approach step for the two ideal pose parameters (shaky-hands blend), i.e. the frame interval.
vampire.dll	315	MeleeSwingUpdate	void			walked	Single body 0x10346cd0 pops no word and has no return consumer.
vampire.dll	316		void	CBaseCombatCharacter*, bool, bool		walked	CBaseCombatCharacter::MeleeRollAndSendNotice 0x10346910 dispatches vt+0x4f0 on the defender with (attacker, shouldDodge, shouldBlock) - the two bytes it prints as 'Incoming Attack: Defender should: dodge=(%d) and block=(%d)'; Troika 0x1029fa50 sets condition 10, then on the dodge byte checks slot 325 and sets condition 12, on the block byte checks slot 324 and sets condition 13; base 0x1014f710 is RET 0xc.
vampire.dll	317		bool	CBaseEntity*		unsettled	Base 0x1014f730 and CNPC_VRat 0x103ad870 return AL=0, Troika 0x1029fb70 never reads the word (sets condition 10, returns true after setting condition 12 when it interrupts); no dispatch through vt+0x4f4 on a combat character exists in the corpus, so the parameter's type is not observable.
vampire.dll	318	PlayerDefenderBlockReaction	bool	CBaseCombatCharacter*, melee_dice_roll_result*, CVDmg_t*		walked	Melee hit resolver CBaseCombatWeapon 0x102579f0 dispatches vt+0x4f8 on the victim pushing the owner, the melee_dice_roll_result from GetMeleeDiceRolls and the address of its local CVDmg_t; Troika 0x1029fcf0 refuses a null roll, reads the roll's defender outcome (3 = stagger) to pick schedule 0xd8/0xd7 and returns 1; base 0x1014f750 returns AL=0.
vampire.dll	319	PlayerAttackerBlockedReaction	bool	CBaseCombatCharacter*, melee_dice_roll_result*, CVDmg_t*		walked	0x102579f0 dispatches vt+0x4fc on the attacker with (victim, roll, CVDmg_t*) right after slot 318; Troika 0x1029fdb0 sets the block-reaction activity and scales m_flNextAttack by the roll's block class (2 = major), returns 1; base 0x1014f770 returns AL=0.
vampire.dll	320	PlayerKnockbackReaction	bool	CBaseCombatCharacter*, Activity		walked	0x102579f0 and 0x102a0870 dispatch vt+0x500 with (attacker, GetKnockbackActivity result); Troika 0x102a01b0 writes param2 to m_knockbackType, selects its heaviest sequence and hands param1 to 0x102a0290, returning AL=1 on success; base 0x1014f790 returns AL=0.
vampire.dll	321		bool	CBaseCombatCharacter*		walked	0x102579f0 dispatches vt+0x504 on the victim with the attacker when no knockback applies (slot 326 false and slot 400 false) and ignores the result; the only body 0x1014f7b0 returns AL=0.
vampire.dll	322		void	CBaseEntity*		walked	FUN_103e9d80 (melee weapon RequestActivity path) dispatches vt+0x508 on the NPC with the swinging character; Troika 0x102a0910 passes it to 0x102bf5d0, which calls its vt+0x364 WorldSpaceCenter and IRelationType (vt+0x650) on it, then to slot 600; base 0x1014f7d0 is RET 4.
vampire.dll	323		int	const Vector&		walked	Single body 0x10344dd0 reads param1 as a direction vector, compares its yaw against the NPC facing and returns a 0..3 quadrant index; GetKnockbackActivity 0x103449b0 dispatches vt+0x50c with the attacker-to-victim eye delta and indexes the 4-entry knockback table with the result.
vampire.dll	324		bool			walked	Base 0x1014f7f0 returns AL=1, CNPC_VTzimisce 0x103b6db0 AL=0; WasMeleeBlocked 0x10345ab0 requires it true on the defender before a block counts and Troika slot 316 0x1029fa50 requires it on the block arm - a can-block gate.
vampire.dll	325		bool			walked	Base 0x1014f810 returns AL=1, CNPC_VTzimisce 0x103b6d90 AL=0; Troika slot 316 0x1029fa50 requires it (after IsMeleeSwingInRange) before setting condition 12 on the dodge arm - a can-dodge gate.
vampire.dll	326		bool	void*, CBaseCombatCharacter*		walked	0x102579f0 dispatches vt+0x518 on the victim with (its param2, attacker) only when param2 is non-null and not the -0x28 null-adjusted base, the same pointer GetKnockbackActivity 0x103449b0 reads as the melee attack sequence record (knockback table at +0x28, names at +0x78); base 0x103482e0 gates on the stat list and slot 158, Troika 0x1029fec0 adds m_iHitBuildupCount and a byte at param1+0xba; the record's class is not named in the image.
vampire.dll	327		bool			walked	Base 0x10345460 returns 1; melee attack condition 0x1026da90 dispatches vt+0x51c on the enemy's combat character and returns 0 instead of condition 0x52 when it is false.
vampire.dll	328		bool			walked	Base 0x1014f830 returns AL=0 (CNPC_VWerewolf overrides); MeleeSwingStep 0x10343020 dispatches vt+0x520 on the swinging character and only when true runs the swing-versus-world traces that can call slot 319.
vampire.dll	329		bool			walked	Base 0x1014f850 returns AL=0 (CNPC_VTzimisceRunner overrides); MeleeSwingStep 0x10343020 dispatches vt+0x524 on the struck entity's combat character and, when true, registers the hit without the per-hitbox trace.
vampire.dll	330		void	float, const FireBulletsInfo_t*		walked	RangedDamagePerVictim 0x10268330 pushes its ranged hit packet then the final damage float and dispatches vt+0x528 on the victim; Troika 0x1029fbe0 reads param2 +0x8 as the shot source, +0x94 attacker and +0x98 weapon to pick major/minor knockback (docs/vtmb/combat-and-damage.md); packet layout is VtMB's, its retail type name is not stated in the image.
vampire.dll	331	ChooseMeleeAttackSequence	bool	CBaseCombatWeapon*, CBaseEntity*, Activity, int*		walked	CNPC_VMingXiao 0x103937d0 and CWeaponMelee::RequestActivity 0x103e9e00 push (active weapon, enemy, activity, address of a local) and test AL; body 0x10347180 writes -1 then the chosen sequence through param4, reads param1's weapon flags and sequences for param3, and traces toward param2.
vampire.dll	332		void	CBaseEntity*		walked	CDisciplineProjectile 0x101ef350 dispatches vt+0x530 on its attacker with the touched entity; CNPC_VTzimisceHeadClaw 0x103c1d80 reads param1+0x9c/+0xa8 and slows that entity; base 0x1014f890 is RET 4.
vampire.dll	333	MaintainEyeDirection	void	float		walked	CAI_BaseNPC 0x1026b810 forwards param1 as the interval argument of vt+0x864 (head-direction update) alongside the eye target vector; SDK 2013 CAI_BaseNPC::MaintainLookTargets(float flInterval) shape.
vampire.dll	334		bool	int, int		walked	Single body 0x10330020 returns false while m_iCurFrenzyCount > 0, else looks up the discipline manager entry for (param1, param2) and returns false while m_fDisciplineTimers[entry] has not elapsed its cooldown.
vampire.dll	335	NotifyChangeSizeSmall	void			walked	Bodies 0x103415f0 and CNPC_VTzimisceRunner 0x103c3cd0 pop no word and return nothing read.
vampire.dll	336	NotifyChangeSizeNormal	void			walked	Bodies 0x10341680 and CNPC_VTzimisceRunner 0x103c3d10 pop no word and return nothing read.
vampire.dll	337	GetUsedHullBits	int			walked	14 bodies pop no word and return a hull bitmask in EAX (base 0x10270820, Troika 0x1029a050).
vampire.dll	338	AddPreDisciplineEffect	void	int, int, int		unsettled	Base 0x1033cc30 is an empty scope-trace body and CBasePlayer 0x101824c0 only re-pushes its words; no dispatch through vt+0x548 targets a combat character in the corpus, so the three words' types are not observable.
vampire.dll	339	AddDisciplineEffect	void	int, int, int		unsettled	Base 0x1033cd70 is an empty scope-trace body and CBasePlayer 0x101824e0 forwards unread; vtmb_callers finds no dispatch at slot 339 on a combat character, so the three words' types are not observable.
vampire.dll	340	RemovePreDisciplineEffects	void	int, int, int		unsettled	Base 0x1033ccd0 is empty and CBasePlayer 0x10182500 only shuffles its words before jumping to it; no combat-character dispatch through vt+0x550 exists, so the types are not observable.
vampire.dll	341	RemoveDisciplineEffects	void	int, int		walked	Base 0x1033cef0 passes param1 as the effect id to the discipline manager remove 0x101e3af0 (second word unread); UpdateDisciplineVisuals 0x100521e0 dispatches vt+0x554 with (id or id|0x80000000, 0).
vampire.dll	342	CanBeFedUponBy	bool	CBaseCombatCharacter*		walked	Troika 0x102c4a60 refuses when m_bInvincible, compares param1 with its vt+0x494 partner and forwards it to CBaseCombatCharacter::CanBeFedUponBy, returning AL.
vampire.dll	343	SetShakyHands	void	float, float, int		walked	Body 0x10053e20 adds param1 to curtime as m_flShakyHandsTimer, clamps param2 to 0..1 into m_flShakyHandsIntensity and compares/stores param3 as m_ShakyType (-1 resets).
vampire.dll	344	GetShakyHandsIntensity	float			walked	Body 0x10053fa0 leaves m_flShakyHandsIntensity (+0x1050) or 0.0 in ST0 on RET.
vampire.dll	345	SetPoseParameter	float	const char*, float, bool		walked	Body 0x1032fb80 carries the string CBaseCombatCharacter::SetPoseParameter, resolves param1 with LookupPoseParameter and forwards (index, param2, param3) to slot 346; SDK 2013 CBaseAnimating::SetPoseParameter(const char*, float) plus a retail bool.
vampire.dll	346	SetPoseParameter	float	int, float, bool		walked	Body 0x1032fc50 (string CBaseCombatCharacter::SetPoseParameter) matches param1 against the two tracked pose indices, stores param2 as the set value, normalizes it when param3's low byte is set, else calls SetPoseParameter02; leaves a float in ST0 at RET 0xc.
vampire.dll	347	GetExpressionEventParams	bool	int, char*, float*, float*, float*, float*		walked	Base 0x10107120 switches on param1 (0/1), copies 'Knockback' into param2 with a 0x40 limit and writes four float constants through params 3-6, returning AL=1 for handled events.
vampire.dll	348	HealthToPercent	int			walked	Base 0x1032fe60 carries the string CBaseCombatCharacter::HealthToPercent and returns (stat 0x11 - stat 0xf) * m_iMaxHealth / stat 0x11 in EAX with no stack word.
vampire.dll	349	InputBarterBegin	void	inputdata_t&		walked	Single body 0x103412b0 pops one word as an input handler; Source input handlers take inputdata_t&.
vampire.dll	350	InputBarterEnd	void	inputdata_t&		walked	Single body 0x10341450 pops one word as an input handler; Source input handlers take inputdata_t&.
vampire.dll	351	FeedBegin	void	CBaseCombatCharacter*		walked	Anim event 4007 calls vt+0x57c with the paired partner (docs/vtmb/animation_events.md); body 0x10339d90 refuses a null target and stores its handle in m_hFeedTarget +0x149c (docs/vtmb/feeding.md).
vampire.dll	352	Feed	void			walked	Body 0x1033a400 pops no word; server updates call it against m_flNextFeedPulse (docs/vtmb/feeding.md).
vampire.dll	353	FeedInterrupt	void			walked	Body 0x1033a9e0 pops no word; anim event 4006 calls vt+0x584 without arguments (docs/vtmb/animation_events.md).
vampire.dll	354		void			walked	Single body 0x1026cec0 reads no stack word: runs 0x1026d130 then fires m_OnFedUponBegin with the live grapple partner (or null); the victim-side feed-begin callback.
vampire.dll	355		void			walked	Single body 0x1026cf90 fires m_OnFedUponEnd (+0x5c20) with the grapple partner and tail-jumps through 0x1026d160 into 0x1026d0c0, which ends in a plain RET, so it pops no word; FeedInterrupt 0x1033a9e0 dispatches it at slot 355.
vampire.dll	356	PrayerBegin	void			walked	Single body 0x1033b500 pops no word.
vampire.dll	357		void			walked	Single body 0x1033b5f0 pops no word: while m_Activity is 0x132 and m_flNextFeedPulse has passed it raises stat 0xe or calls slot 358 PrayerEnd (vt+0x598) at the cap, then reschedules the pulse - the per-tick prayer step between PrayerBegin and PrayerEnd.
vampire.dll	358	PrayerEnd	void			walked	Single body 0x1033b890 pops no word; called without arguments from 0x1033b5f0.
vampire.dll	359		int	CBaseEntity*		walked	Base 0x1014f910 returns -1; Troika 0x1029e750 returns -1 for unselectable, 4 in frenzy, 3 for flag 0x80000 and otherwise an NPC_STATE-keyed code, passing param1 to IRelationType (vt+0x650) to return 2 for hostile - a per-viewer target icon/interaction class (CPayphone overrides).
vampire.dll	360		bool			walked	Base 0x1014f930 returns AL=0; CBaseCombatCharacter::FrenzyCheck 0x1033eb60 and InputFrenzyTrigger 0x1033f270 dispatch vt+0x5a0 on this and branch on AL.
vampire.dll	361		bool			walked	The only body 0x1014f950 returns AL=0 with RET; no combat-character dispatch through vt+0x5a4 exists (the listed sites dispatch it on weapons).
vampire.dll	362	FInViewCone	bool	const Vector&		walked	Body 0x10326a20 carries the string CBaseCombatCharacter::FInViewCone and passes param1 as a float triple with m_flFieldOfView to 0x103268e0; SDK 2013 FInViewCone(const Vector&) overload adjacent to slot 363.
vampire.dll	363	FInViewCone	bool	CBaseEntity*		walked	Body 0x10326750 calls param1's vt+0x300 eye position and vt+0x74 and tests it against m_flFieldOfView (2d/3d cone by cvar); SDK 2013 FInViewCone(CBaseEntity*).
vampire.dll	364	FInAimCone	bool	const Vector&		walked	Body 0x10326bd0 carries the string CBaseCombatCharacter::FInAimCone, subtracts WorldSpaceCenter from param1's floats and dots with the aim direction (vt+0x5d0), returning AL; SDK 2013 FInAimCone(const Vector&).
vampire.dll	365	FInAimCone	bool	CBaseEntity*		walked	Body 0x10326ae0 (string CBaseCombatCharacter::FInAimCone) calls param1's vt+0x314 body target and forwards the vector to slot 364 (vt+0x5b0); SDK 2013 FInAimCone(CBaseEntity*).
vampire.dll	372	EyeDirection2D	Vector			walked	Base 0x1026b210 pushes its one word (hidden return storage) to slot 370 and returns it in EAX; CAI_BaseHumanoid 0x1025f040 zeroes z of the eye direction and normalizes into it - SDK 2013 Vector EyeDirection2D() calling HeadDirection2D, the popped word being the by-value return.
vampire.dll	373	EyeDirection3D	Vector			walked	Base 0x1026b240 pushes its hidden return word to slot 371 and returns it in EAX; CAI_BaseHumanoid 0x1025f0b0 copies the 3D eye vector (+0x5f5c) through it - SDK 2013 Vector EyeDirection3D().
vampire.dll	374	GiveAmmo	int	int, int, bool		walked	Body 0x10334180 carries the string CBaseCombatCharacter::GiveAmmo, clamps param1 against the ammo-def max for index param2 (<0x20), adds to m_iAmmo[param2], plays the pickup sound unless the flag byte is set and returns the amount; SDK 2013 GiveAmmo(int iCount, int iAmmoIndex, bool bSuppressSound).
vampire.dll	375	NPC_EarlyTranslateActivity	Activity	Activity		walked	Base 0x10271f50 returns param1 unchanged in EAX; species overrides map one Activity to another.
vampire.dll	377		bool	CBaseCombatCharacter*, int		walked	CBaseCombatCharacter::CanStartGrappleAttack 0x103285a0 dispatches vt+0x5e4 on the attacker with (victim, grapple type) and fails the attack on AL=0; base 0x1014f9d0 returns AL=1, CNPC_VNewscaster 0x103a0210 returns 0.
vampire.dll	378		bool	CBaseCombatCharacter*, int		walked	CanStartGrappleAttack 0x103285a0 then dispatches vt+0x5e8 on the victim with (attacker, grapple type) and fails on AL=0; base 0x1014f9f0 accepts, CNPC_VGargoyle 0x10377b00 and CNPC_VAndreiBlood 0x1035c190 return 0.
vampire.dll	379	EnterGrappleState	bool	CBaseCombatCharacter*, int, int, int, const Vector&, float, bool		walked	StartGrappleAttack 0x10328df0 pushes (partner, role 0/1, grapple type, position, address of the anchor vector, yaw float, holster byte) at vt+0x5ec and tests AL; CBaseCombatCharacter::EnterGrappleState 0x10329760 stores them as m_GrapplePartner/+0x153c role/+0x1540 type/+0x1544 position, moves to param5, applies param6 as the yaw and holsters when param7 is set, returning AL=1; CAI_BaseNPC 0x1026cdc0 fires OnGrappleBegin first.
vampire.dll	380	LeaveGrappleState	void			walked	StartGrappleAttack 0x10328df0 dispatches vt+0x5f0 with no pushed argument; base 0x1026ce30 fires OnGrappleEnd with the partner, calls slot 416 with 0 and tail-jumps via 0x1026d160 to 0x1026d0c0 which ends in a plain RET.
vampire.dll	381	Weapon_TranslateActivity	Activity	Activity		walked	Body 0x10327ec0 returns param1 or the active weapon's vt+0x5a4 translation of it in EAX; retail drops SDK 2013's bool* pRequired out-parameter (one word popped).
vampire.dll	383	Weapon_Equip	void	CBaseCombatWeapon*, bool		walked	Body 0x1032d380 inserts param1 into the inventory and, unless the character is a player or param2's low byte is set, holsters the current weapon and makes param1 active, then passes param2 to the weapon's vt+0x4a8 equip; retail adds the bool to SDK 2013 Weapon_Equip(CBaseCombatWeapon*).
vampire.dll	385	Weapon_Drop	void	CBaseCombatWeapon*, const Vector*, bool		walked	Body 0x1032d0c0 carries the string CBaseCombatCharacter::Weapon_Drop, routes param1 == active weapon to slot 386 and otherwise drops it when droppable or param3's low byte forces it; Event_Killed 0x1032b9b0 pushes (0, 0, active weapon); the second word is unread in the base, typed after SDK 2013 Weapon_Drop's pvecTarget position.
vampire.dll	386	Weapon_Drop	void			walked	Body 0x1032ce40 (string CBaseCombatCharacter::Weapon_Drop) pops no word and drops the active weapon unless m_bCantDropWeapons; the no-argument overload dispatched at vt+0x608 from slot 385.
vampire.dll	387	Weapon_Drop_All	void			walked	Single body 0x1032d2e0 pops no word.
vampire.dll	389	Weapon_ShootPosition	Vector	const Vector&		walked	Body 0x103338c0 writes the muzzleflash attachment or param2 plus m_HackedGunPos rotated by the abs angles through the hidden return pointer; CNPC_VTzimisce 0x103bfd80 returns that pointer in EAX; retail takes the origin as a parameter where SDK 2013 Weapon_ShootPosition() reads GetAbsOrigin.
vampire.dll	390	OnTakeDamage_Alive	int	const CTakeDamageInfo&		walked	CBaseCombatCharacter::OnTakeDamage 0x1032ef60 sits at slot 142, so slot 390 is OnTakeDamage_Alive (named in 5 bodies' strings; CAI_BaseNPC 0x10265ed0); Troika 0x102beda0 at this slot is its override, one word popped as the damage info reference.
vampire.dll	394	CorpseGib	bool			walked	Base 0x10327a90 pops no word and returns AL=1 after spawning gib physics/props (0 when neither gib path applies); CNPC_Crow 0x10358c40 emits NPC_Crow.Gib and returns AL=1; retail drops SDK 2013's const CTakeDamageInfo& parameter.
vampire.dll	398	HasExplosiveGibs	bool			walked	Single body 0x10348a60 pops no word and returns AL=1.
vampire.dll	399		bool			walked	Base 0x1014fa30 returns AL=0, CNPC_VTzimisceRunner 0x103c3040 AL=1; CBaseCombatCharacter::OnTakeDamage 0x1032ef60 dispatches vt+0x63c on this and branches on AL.
vampire.dll	400	AllowsKnockbackBypass	bool			walked	0x1014fa50 returns false and CNPC_VTzimisceRunner 0x103c3060 returns true; its one dispatch site 0x10344f80 (knockback eligibility, reached from 0x102579f0) skips the Disallow_Knockbacks and dead-victim terms when it answers true (combat-and-damage.md, "The eligibility gate is three terms"); no SDK 2013 twin, name descriptive.
vampire.dll	401	KnockbackActivity_Default	Activity	int		walked	0x10348b00 (VProf string CBaseCombatCharacter::KnockbackActivity_Default) ignores its word and returns activity 0x8a (ACT_KNOCKBACK_NORMAL_HIGH_BACK, registry line thunk_FUN_104123a0(s_ACT_KNOCKBACK_NORMAL_HIGH_BACK,0x8a) in 0x104126e0); the only caller CBaseCombatCharacter::GetKnockbackActivity 0x103449b0 passes the hit-direction index it got from slot 323 (dispatch site 0x10344acb; no direct call of 0x10348b00 anywhere) and uses the result as the knockback activity, indexing the record buckets unrotated by the record's +0xb8; no class overrides the slot anywhere in the image - all 85 RTTI vtables deep enough to carry it point at thunk 0x1000fe1b (JMP 0x10348b00), CBasePlayer and CHL2_Player included.
vampire.dll	402	Event_Gibbed	bool			walked	0x102658f0 asks slot 394 CorpseGib, on false calls slot 395 CorpseFade and returns false, else on slot 398 true spawns secondary blood particles, slot 77 and CorpseFade, else hides via 0x101cd940, returning the gib answer in AL; SDK 2013 CBaseCombatCharacter::Event_Gibbed sits in the same run between the gib virtuals and Event_Dying (403) but takes CTakeDamageInfo&, retail takes nothing.
vampire.dll	406	GetStateName	const char*	NPC_STATE		walked	0x1027e740 forwards its word to the cdecl table 0x1027e660 (0 None..7 Dead, 8 Fleeing, 9 Retreating, 10 Cowering, 11 Hunting, 12 Dialog, 13 Oblivious, 14 CriminalSuspicion) and returns the string in EAX; no SDK 2013 virtual, name descriptive.
vampire.dll	407	GetNavTypeName	const char*	Navigation_t		walked	0x1027e7d0 forwards its word to cdecl 0x1027e760 (0 Ground, 1, 2, 3 Climb, -1 none) and returns the string; dispatched by DrawDebugTextOverlays 0x102767d0 and DrawDebugStatOverlays 0x102775e0; name descriptive.
vampire.dll	408	GetShortConditionName	const char*	int		walked	0x1027ede0 forwards the condition id to 0x1027e7f0; CNPC_VWerewolf 0x103d0640 (VProf string GetShortConditionName) returns short strings for ids 0x77-0x7b and falls back to base, so the word is a condition id and EAX a char pointer.
vampire.dll	409	GetLastSharedCondition	int			walked	0x1027ee00 returns 0x77, the first class-local condition id that the Werewolf override 0x103d0640 names, with overrides in VMingXiao 0x10395270, VMingXiaoTentacle 0x1039ed30 and VWerewolf 0x103d0780.
vampire.dll	410	TranslateNavGoalPosition	const Vector*	const Vector*		walked	0x101a6420 returns its argument unchanged; CNPC_VTzimisce 0x103bf580 returns the enemy's slot-220 position in path mode 1 or m_vecPickupTargetPos in mode 2 with a live pickup handle, else the argument; the navigator 0x102f2ea0 passes its goal position (0x102ee140) and reads x/y/z of the result; name descriptive.
vampire.dll	411		void			walked	0x10280fd0 is a bare RET with no override; its only dispatch is CacheInterruptConditions 0x1026a0f0 right after slot 453 BuildScheduleTestBits and before clearing condition 0x75; no SDK 2013 twin and nothing in the image names it.
vampire.dll	412	GetLastUpdateThink	float			walked	CAI_BaseNPC 0x101a6440 returns CBaseEntity::GetLastThink(NULL) in ST0 and CAI_BaseNPCTroika 0x101aa6d0 loads m_flLastUpdateThink +0x6254 into ST0; the partition's return disagreement comes from player-branch dispatches at the same slot on a different class; name descriptive from the field.
vampire.dll	413	GetLastNormalThink	float			walked	CAI_BaseNPC 0x101a6460 returns GetLastThink(NULL) in ST0 and CAI_BaseNPCTroika 0x101aa6f0 loads m_flLastNormalThink +0x6258 into ST0; name descriptive from the field.
vampire.dll	414	GetLastMoveThink	float			walked	CAI_BaseNPC 0x101a6480 returns GetLastThink(NULL) in ST0 and CAI_BaseNPCTroika 0x101aa710 loads m_flLastMoveThink +0x625c into ST0; name descriptive from the field.
vampire.dll	415	GetLastAIThink	float			walked	CAI_BaseNPC 0x101a64a0 returns GetLastThink(NULL) in ST0 and CAI_BaseNPCTroika 0x101aa730 loads m_flLastAIThink +0x6260 into ST0; name descriptive from the field.
vampire.dll	416	SetForceFrequentThink	void	bool		walked	CAI_BaseNPC 0x101a64c0 is RET 4 and CAI_BaseNPCTroika 0x101aa750 stores the low byte of its word into m_bForceFrequentThink +0x63f0; no caller in the image (lifecycle.md, "The remaining items, closed").
vampire.dll	417	GetForceFrequentThink	bool			walked	CAI_BaseNPC 0x101a64e0 returns false and CAI_BaseNPCTroika 0x101aa770 returns the byte m_bForceFrequentThink +0x63f0 in AL, the getter twin of slot 416.
vampire.dll	418	ResolveTaskDistance	float	float		walked	0x102702d0 loads its float word, truncates it and maps the sentinels -1000000 to m_flSpecialDistanceAccum +0x5bac, -999998 to a constant and -999997 to a global setting, else returns the argument in ST0; Troika 0x102bf6e0 adds -1000008..-1000005 for FollowerDistanceBackAway/WalkTo/RunTo +0x6484/+0x6488/+0x648c; StartTask 0x102827f0/0x102a1910 and RunTask 0x10288780 pass pTask->flTaskData and use ST0; name descriptive.
vampire.dll	419	UpdateBurstShootPause	void			walked	CAI_BaseNPC 0x101a6500 is a bare RET; CAI_BaseNPCTroika 0x102c5500 sets m_flBurstShootPauseMin/Max from the active weapon (0x102c5780/0x102c57c0) or 0.3/0.5 without one; its only dispatch is StartTaskOverlay 0x10288710 immediately before handing those two floats to the move-and-shoot overlay; name descriptive.
vampire.dll	422	StartNPC	void			walked	0x10273ad0 clears m_bDidMaintainSchedule, drops the NPC to the floor (warning "NPC %s stuck in wall"), resolves m_target with warning "ReadyNPC ... couldn't find target", installs the think and handles spawnflag 0x80, matching SDK 2013 CAI_BaseNPC::StartNPC in the NPCInit/PostNPCInit/StartNPC/IsTemplate run; Troika 0x1029a8b0 chains it.
vampire.dll	423	IsTemplate	bool			walked	0x1027e120 returns spawnflags bit 11 (SF_NPC_TEMPLATE 0x800), SDK 2013 CAI_BaseNPC::IsTemplate at the position after StartNPC.
vampire.dll	424	CreateComponents	bool			walked	0x1027cae0 calls slots 425, 427, 428, 426, 429, 430 storing m_pSenses, m_pMotor, local navigator +0x5d38, move probe +0x5d40, m_pNavigator, m_pPathfinder, returning false on any NULL and true at the end (AL), SDK 2013 CAI_BaseNPC::CreateComponents; the partition's void is wrong.
vampire.dll	425	CreateSenses	CAI_Senses*			walked	0x1027cc10 allocates 0x88 bytes, installs vftable_CAI_Senses with look distance 3072 and the 0.15/0.25/0.45 cadences, and returns it; CreateComponents stores it in m_pSenses; SDK 2013 order.
vampire.dll	426	CreateMoveProbe	CAI_MoveProbe*			walked	0x1027cef0 allocates 0x14 bytes with vftable_CAI_MoveProbe and returns it; CreateComponents stores it at +0x5d40, which StartNPC 0x10273ad0 uses for the ground trace; SDK 2013 order.
vampire.dll	427	CreateMotor	CAI_Motor*			walked	0x1027cec0 allocates 0x6c bytes and returns the 0x102e0900 construction; CreateComponents stores it in m_pMotor; SDK 2013 order; CAI_BaseHumanoid overrides at 0x10260f40.
vampire.dll	428	CreateLocalNavigator	CAI_LocalNavigator*			walked	0x1027cf60 allocates 0x20 bytes constructed by 0x102ddab0 and returns it; CreateComponents stores it at +0x5d38 and wires it to the motor and navigator; SDK 2013 order; CNPC_VRat overrides at 0x103ad6a0.
vampire.dll	429	CreateNavigator	CAI_Navigator*			walked	0x1027cf90 allocates 0x68 bytes constructed by 0x102eca50 and returns it; CreateComponents stores it in m_pNavigator; SDK 2013 order; CAI_BaseHumanoid overrides at 0x10262430.
vampire.dll	430	CreatePathfinder	CAI_Pathfinder*			walked	0x1027cfc0 allocates 0x18 bytes with vftable_CAI_Pathfinder and returns it; CreateComponents stores it in m_pPathfinder; SDK 2013 order (retail has no CreateTacticalServices after it).
vampire.dll	432	RunAI	void	bool		walked	0x1026f110 reads the byte: when set it skips GatherConditions (slot 433), passes it to MaintainSchedule 0x102817c0 as the one-pass bound, and skips the end clear of conditions 0x4c/0x4d/0x38; CAI_BaseNPC::NPCThink 0x1026ca80 and CNPC_VCamera 0x10369120 pass 0, CAI_BaseNPCTroika::NPCThink 0x10292de0 passes not-due of the AI think stamp (schedule-kernel.md, "A reduced-think mode"); SDK 2013 RunAI() takes nothing.
vampire.dll	435	OnScheduleChange	void	CAI_Schedule*		walked	Base 0x1027a700 hands the word to the navigator's vtable +0x10, zeroes m_flMoveWaitFinished and calls 0x1028ae60; Troika 0x102a0940 chains it; callers SetSchedule 0x10280e50 pass the new schedule pointer before storing it at +0x5c38, ForceScheduleChange 0x102ae490 its argument, and ClearSchedule 0x10280d30 the cleared +0x5c38; SDK 2013 OnScheduleChange() takes nothing.
vampire.dll	436	OnStartSchedule	void	int		walked	0x101a6580 is empty (RET 4); MaintainSchedule 0x102817c0 calls it at m_iCurTask 0 with the local schedule id (senses.md, "Slots."), matching SDK 2013 OnStartSchedule(int scheduleType).
vampire.dll	437	PreSelectSchedule	int			walked	0x1028a2a0 stamps the selector trace +0x1b2c and returns schedule 0x3a on condition 0x75, 0x151 on 0x30, 0x3e on 0x73, else 0; GetNewSchedule 0x1028a260 calls it and falls to SelectSchedule (438) only on 0 (conditions-and-states.md, story 29a name).
vampire.dll	441	StartTask	int	Task_t*		walked	0x101a65a0 prints "Called wrong StartTask()", forwards the word to slot 442 and returns 0 in EAX, the SDK 2013 non-const StartTask(Task_t*) overload that MSVC places adjacent to the const overload at 442.
vampire.dll	443	RunTask	int	Task_t*		walked	0x101a65e0 prints "Called wrong RunTask()", forwards the word to slot 444 and returns 0, the SDK 2013 non-const RunTask(Task_t*) overload adjacent to the const overload at 444.
vampire.dll	445	StartTaskOverlay	void			walked	0x10288710 checks slot 529 continuous-move then slot 575 should-move-and-shoot, clearing the move-and-shoot overlay or calling slot 419 and starting it with the burst pause min/max; twin RunTaskOverlay 0x10289c90 (senses.md, "Slots."); SDK 2013 StartTaskOverlay.
vampire.dll	447	GetLocalScheduleId	int	int		walked	0x101a6620 gets slot 580 GetClassScheduleIdSpace and tail-jumps to 0x102ea280 (ScheduleGlobalToLocal, one int word) on its schedule id space, returning the id; MaintainSchedule and the fail route 0x10281730 call it with the running schedule id (senses.md, "Slots."; SDK 2013 GetLocalScheduleId).
vampire.dll	450	GetLocalTaskId	int	int		walked	0x101a6640 gets slot 580 GetClassScheduleIdSpace and tail-jumps to the same global-to-local converter 0x102ea280 on the id space at +0x18 (the task space between schedules +0 and conditions +0x30 that slot 458 uses), SDK 2013 GetLocalTaskId(int) after TaskName (449).
vampire.dll	454	GetRunningBehavior	CAI_BehaviorBase*			walked	0x101a6680 returns NULL in EAX with no NPC override; it sits right before OnBehaviorChangeStatus (455) and AccessBehaviors/NumBehaviors (456/457) as SDK 2013 GetRunningBehavior does (retail lacks ShouldAcceptGoal/OnClearGoal between them).
vampire.dll	455	OnBehaviorChangeStatus	bool	CAI_BehaviorBase*, bool		walked	0x101a66a0 returns false and pops two words on every NPC class; CAI_BehaviorBase::NotifyChangeBehaviorStatus 0x102c6ff0 gates on it (schedule-kernel.md, twelve callers table), matching SDK 2013 OnBehaviorChangeStatus(CAI_BehaviorBase*, bool fCanFinishSchedule).
vampire.dll	456	AccessBehaviors	CAI_BehaviorBase**			walked	0x101a66c0 returns NULL; CAI_StandoffGoal 0x102c8570 and InputSetAggressiveness 0x102c8280 take slot 456 as the behavior array and index it up to slot 457's count, dynamic-casting each to the standoff behavior, as SDK 2013 AccessBehaviors.
vampire.dll	457	NumBehaviors	int			walked	0x101a66e0 returns 0 in EAX (the partition's void is wrong); CAI_StandoffGoal 0x102c8570 uses it as the loop bound over slot 456's array, as SDK 2013 NumBehaviors.
vampire.dll	458	ConditionName	const char*	int		walked	0x102cc300 converts a local condition id (below 1000000000 or -1) through the class id space at +0x30 (0x10012300), then returns the global id space 0x109203dc lookup 0x1000aed4 in EAX, as SDK 2013 ConditionName(int conditionID).
vampire.dll	459	RemoveIgnoredConditions	void			walked	0x1026d7f0 in NPC_STATE_SCRIPT with a live m_hCine tail-calls the cine's slot 459, and CCineAISchedule 0x101a89a0 there clears damage, sight and hearing conditions on the target NPC, the SDK 2013 RemoveIgnoredConditions pair (NPC then scripted sequence); decompilation damaged at the tail jump.
vampire.dll	460	PreSelectIdealState	NPC_STATE			walked	Base 0x1026f590 stamps the ideal-state trace +0x1b38 = 1, broadcasts NEW_ENEMY to the squad from idle/alert (0x103161a0) and returns 0; Troika 0x102ad340 returns a forced or priority state (8, 2, 0xe) or 0; 0x1026f4d0 calls it and calls SelectIdealState (461) only when it answers 0, the same pre-select pairing as slots 437/438; name descriptive.
vampire.dll	461	SelectIdealState	NPC_STATE			walked	0x1026f660 switches on m_NPCState, writes m_IdealNPCState and returns it in EAX on every arm, and 0x1026f4d0 compares the answer with states 1 and 3, so the return is NPC_STATE not void; SDK 2013 NPC_STATE SelectIdealState(); 30 overrides.
vampire.dll	464	GetState	NPC_STATE			walked	0x101a6720 returns m_NPCState +0x5cc0 and CNPC_VManBat 0x1038fb00 returns 2; slot 466 base compares it with 4 (SCRIPT) and CAI_Memory::RefreshMemories 0x102df320 with 7 (DEAD) (senses.md); SDK 2013 GetState is non-virtual, retail's is virtual.
vampire.dll	466	ShouldMaintainActivity	bool			walked	Base 0x10272790 returns false when slot 464 is SCRIPT and m_Activity is not 2, else true; Troika 0x102bf510 returns false on current task 0xb9 and true on m_bForceMaintainActivity before chaining; dispatched only by MaintainActivity 0x102727d0; name descriptive.
vampire.dll	468	QuerySeeEntity	bool	CBaseEntity*		walked	Base 0x101a6780 returns true (RET 4); Troika 0x102b38b0 dereferences the word as an entity (+0xa8 player test, compares with m_hFriendPlayer, passes it to slot 404 IRelationType) and CNPC_VCameraSecurity 0x1036a030 tests its +0xa8; called per candidate by the look pass 0x1030ffa0 (senses.md, "Look."); SDK 2013 adds a bool bOnlyHateOrFearIfNPC that retail does not take.
vampire.dll	471	GetReactionDelay	float			walked	0x1026a8a0 returns RandomFloat(0.2, 0.9) in ST0 (partition's void is wrong) and CNPC_VScurrying 0x103aca60 a constant; OnListened queues each hearing condition on m_DelayedConditionList with this delay (senses.md, "OnListened"); SDK 2013's GetReactionDelay(CBaseEntity*) is the concept, retail takes no argument.
vampire.dll	472	OnSeeEntity	void	CBaseEntity*		walked	Base 0x101a67a0 is empty (RET 4); Troika 0x102b3e00 is the attention path run for every candidate passing cone and trace, and CNPC_VHunter 0x103887d0 passes the word to IRelationType (slot 404) before chaining, so it is an entity; SDK 2013 OnSeeEntity(CBaseEntity*) sits right after OnListened (470).
vampire.dll	473	GetSoundInterests	int			walked	Base 0x1026ae90 returns 7 (COMBAT, WORLD, PLAYER) and Troika 0x102b4070 0x81f; CAI_Senses::Listen 0x1030f940 uses it as the sound type mask (senses.md, "Listen"); SDK 2013 GetSoundInterests.
vampire.dll	474	GetBestSound	CSound*			walked	Base 0x1026aef0 pushes type 0 to the senses lookup 0x100014f6 with warning "NULL Return from GetBestSound" and returns the pointer; Troika 0x102b4520 returns the m_BestSound record (senses.md); SDK 2013 GetBestSound(int validTypes) takes a word, retail takes none.
vampire.dll	475	GetBestScent	CSound*			walked	0x1026af30 pushes 1 to the same senses lookup with warning "NULL Return from GetBestScent" and returns the pointer, SDK 2013 GetBestScent().
vampire.dll	476	HearingSensitivity	float			walked	Base 0x101a67c0 loads a constant into ST0 and Troika 0x101aa5f0 loads +0x63c0; CanHearSound 0x1030f7b0 multiplies the sound volume by it (senses.md, "radius = HearingSensitivity"); the partition's void is wrong; SDK 2013 HearingSensitivity.
vampire.dll	479	IsValidEnemy	bool	CBaseEntity*		walked	0x101a6820 returns true (RET 4) with no override; BestEnemy 0x102743c0 calls it per memory candidate (senses.md, "IsValidEnemy (slot 479)"), SDK 2013 IsValidEnemy(CBaseEntity*).
vampire.dll	482	CanPlaySequence	CanPlaySequence_t	bool, int		walked	Base 0x10278090 returns 0 when a live cine refuses (0x101a8ac0) or slot 158 IsAlive is false, 2 with a live cine, else 1 unless the byte is 0 and the state is not NONE/IDLE, ideal not IDLE and not (ALERT with the int at least 1), matching SDK 2013 CanPlaySequence(bool fDisregardState, int interruptLevel).
vampire.dll	483	CanPlaySentence	bool	bool		walked	0x101a6840 ignores its word and returns slot 158 IsAlive, exactly SDK 2013 CanPlaySentence(bool fDisregardState).
vampire.dll	484	PlaySentence	int	const char*, float, float, soundlevel_t, CBaseEntity*		walked	0x10278e30 takes a sentence name (a leading bang goes through sentence index 0x100104d8 with a PAS filter), the second word as delay, the int fourth word as soundlevel converted to attenuation, and returns the sentence index or -1 in EAX (RET 0x14), SDK 2013 PlaySentence.
vampire.dll	485	PlayScriptedSentence	int	const char*, float, float, soundlevel_t, bool, CBaseEntity*		walked	0x10279000 forwards words 1-4 and NULL to slot 484 and returns its EAX (RET 0x18), dropping bConcurrent and pListener, the SDK 2013 PlayScriptedSentence shape.
vampire.dll	486	FOkToMakeSound	bool			walked	Base 0x1027a5c0 refuses while curtime is before m_flSoundWaitTime or the squad's +0x60 wait, and when spawnflag 2 is set outside COMBAT; Troika 0x102b4c10 refuses while IsInDialog 0x102c1170; SDK 2013 FOkToMakeSound(int soundPriority) takes a word, retail none.
vampire.dll	487	JustMadeSound	void			walked	Base 0x1027a640 sets m_flSoundWaitTime and the squad's +0x60 to curtime + RandomFloat(1.5, 2.0), Troika 0x102b4c40 with 0.25-0.75; SDK 2013 JustMadeSound(int, float) takes two words, retail none.
vampire.dll	488	DeathSound	void			walked	Base 0x101a6880 empty; Troika 0x10293ec0 looks up sound concept "Death" and plays it through 0x101f5950; SDK 2013 DeathSound heads the sound run, retail takes no CTakeDamageInfo.
vampire.dll	489	AlertSound	void			walked	Base 0x101a68a0 empty; Troika 0x10293f80 plays concept "Target_Suspect"; SDK 2013 AlertSound() order.
vampire.dll	490	IdleSound	void			walked	Base 0x101a68c0 empty; Troika 0x10294280 plays concept "Idle_Calm"; SDK 2013 IdleSound() order.
vampire.dll	491	PainSound	void			walked	Base 0x101a68e0 empty; Troika 0x10294340 plays concept "Pain" and CGeneric_NPC 0x1035a670 plays a random npc_citizen_pain wav; SDK 2013 PainSound order, retail takes no CTakeDamageInfo.
vampire.dll	492	FearSound	void			walked	Base 0x101a6900 empty; Troika 0x10294400 plays concept "Fear_Start"; SDK 2013 FearSound() order.
vampire.dll	493	LostEnemySound	void			walked	Base 0x101a6920 empty; Troika 0x102944c0 plays concept "Target_Lost" on a 25 percent roll; SDK 2013 LostEnemySound() order.
vampire.dll	494	FoundEnemySound	void			walked	Base 0x101a6940 empty; Troika 0x10294590 plays concept "Target_Reacquired" unless busy with a discipline; SDK 2013 FoundEnemySound() order.
vampire.dll	495	SurprisedSound	void			walked	Base 0x101a6960 empty; Troika 0x10294660 plays concept "Surprised"; past the SDK 2013 run (BarnacleDeathSound/SpeakSentence do not fit), name from the concept string.
vampire.dll	496	TargetAcquiredSound	void			walked	Base 0x101a6980 empty; Troika 0x10294720 plays concept "Target_Acquired"; name from the concept string.
vampire.dll	497		void			walked	Base 0x101a69a0 empty; Troika 0x102947e0 only caches the concept index for the placeholder string "???" (bytes read at 0x105d8ccc) and plays nothing; CNPC_VNewscaster 0x103a0110 empty; no name evidence.
vampire.dll	498	FleeSound	void			walked	Base 0x101a69c0 empty; Troika 0x10294870 plays concept "Flee" (bytes read at 0x105d8cd0); dispatched by CAI_BaseNPCTroika::SelectSchedule 0x102af660; name from the concept string.
vampire.dll	499	IdleAgitatedSound	void			walked	Base 0x101a69e0 empty; Troika 0x10294930 plays concept "Idle_Agitated"; name from the concept string.
vampire.dll	500	ExertHvySound	void			walked	Base 0x101a6a00 is an empty RET; Troika 0x102949f0 looks up the VSound category "Exert_Heavy" and emits it through 0x101f5950; the CNPC_VWerewolf override 0x103d8660 pushes the scope-trace string "CNPC_VWerewolf::ExertHvySound", the retail spelling; pops 0.
vampire.dll	501	ExertLightSound	void			walked	Base 0x101a6a20 empty; Troika 0x10294ab0 emits VSound category "Exert_Light" through 0x101f5950 (name from the category string, sibling of slot 500 ExertHvySound); pops 0, no argument read.
vampire.dll	502	RiledSound	void			walked	Base 0x101a6a40 empty; Troika 0x10294b70 emits VSound category "Riled" through 0x101f5950 (name from the category string); pops 0.
vampire.dll	503	ComfortSound	void			walked	Base 0x101a6a60 empty; Troika 0x10294c30 emits VSound category "Comfort"; dispatched with no arguments from CAI_BaseNPC::GatherConditions 0x1026ec30 (+0x7dc); pops 0.
vampire.dll	504	UpsetSound	void			walked	Base 0x101a6a80 empty; Troika 0x10294cf0 emits VSound category "Upset"; dispatched with no arguments from CAI_BaseNPC::GatherConditions 0x1026ec30 (+0x7e0); pops 0.
vampire.dll	505	TargetGiveUpSound	void			walked	Base 0x101a6aa0 empty; Troika 0x10294db0 emits VSound category "Target_GiveUp" through 0x101f5950 (name from the category string); pops 0.
vampire.dll	506		void			walked	Base 0x101a6ac0 empty; Troika 0x10294e70 emits VSound category "Target_Reacquired" only when IsBusyWithDiscipline is false; the same category is already emitted by slot 494 (0x10294590), no dispatch site was found for +0x7e8 and no string names this second variant, so the name is left empty; pops 0.
vampire.dll	507	FloatSound	void			walked	Troika 0x10294f40 emits VSound category "Float" (delay shortened when m_iDialog is set) and rearms m_flNextFloatSoundTime from "Float_Sound_Info"; slot 509's body dispatches it (+0x7ec) after slot 510 passes; base 0x101a6ae0 empty; pops 0.
vampire.dll	508	SpeakSentence	void	int		walked	Base 0x101a6b00 is RET 4, VCamera 0x10368330 empty; the only site is CAI_BaseNPC::StartTask 0x102868d6, which truncates pTask->flTaskData to int and passes it, the SDK 2013 TASK_SPEAK_SENTENCE -> SpeakSentence(int) arm, at the SDK position after the sound virtuals.
vampire.dll	509	ShouldPlayIdleSound	bool			walked	Base 0x1027a420 returns AL: IDLE/ALERT state, not gagged, BCC-targetable, no dialog partner, not busy with a discipline, then a random roll (999, or 20 during schedule 0x12f), falling to slot 510/507 for the float sound; Troika 0x10294040 prefixes a 0x102c1170 veto; SDK 2013 ShouldPlayIdleSound position after SpeakSentence.
vampire.dll	510	ShouldPlayFloatSound	bool			walked	Base 0x1027a530 returns false when m_iFloatSoundFrequency is 0 or 8 or curtime is before m_flNextFloatSoundTime, else a random roll against the frequency; Troika 0x10294070 adds idle-state, closest-player and "Float_Sound_Info" distance gates; called from slot 509 (+0x7f8); name from those datamap fields.
vampire.dll	511	StopLoopingSounds	void			walked	Base 0x1027caa0 stops the entity's sounds through the engine sound interface by edict index; CNPC_Crow 0x10357800 stops "NPC_Crow.Flap"; dispatched with no arguments only from CAI_BaseNPC::Event_Killed 0x10265ad0 and UpdateOnRemove 0x1027ca30, the two SDK 2013 call sites of StopLoopingSounds.
vampire.dll	512	GetExpresser	CAI_Expresser*			walked	Base 0x101a6b20 returns 0; CAI_BaseHumanoid/CAI_ExpressiveNPC 0x10260da0 return the pointer at +0x5f48 (the expresser the factory 0x10312cd0 stores); caller 0x10312ef0 uses the result as a this pointer; SDK 2013 GetExpresser position before CapabilitiesGet.
vampire.dll	514	MovementCost	bool	int, const Vector&, const Vector&, float*		walked	Base 0x1027d9d0 pops 4 and returns false, exactly SDK 2013 CAI_BaseNPC::MovementCost(int moveType, const Vector&, const Vector&, float*) at its declaration position between CapabilitiesGet and MaxYawSpeed.
vampire.dll	515	CalcIdealYaw	float	const Vector&		walked	Base 0x10274b30 subtracts GetAbsOrigin from the vector argument (with the navigator's 0x37/0x38 special cases) and tail-returns 0x101d2c70 (vector-to-yaw) leaving the float in ST0; SDK 2013 CalcIdealYaw(const Vector&) sits immediately before MaxYawSpeed (516).
vampire.dll	517	AddFacingTarget	void	CBaseEntity*, const Vector&, float, float, float		walked	Base 0x10278d90 pops 5 and forwards to CAI_Motor +0x30 when the facing cvar allows; the five-word overload of SDK 2013 AddFacingTarget(pTarget, vecPosition, flImportance, flDuration, flRamp); MSVC emits the overload group in reverse declaration order.
vampire.dll	518	AddFacingTarget	void	const Vector&, float, float, float		walked	Base 0x10278d20 pops 4 and forwards to CAI_Motor +0x34; the only site, CNPC_VMingXiao::NPCThink 0x10394990, passes the address of a stack vector then 1.0, 0.5, 0, so this is the SDK 2013 vecPosition overload.
vampire.dll	519	AddFacingTarget	void	CBaseEntity*, float, float, float		walked	Base 0x10278cb0 pops 4 and forwards to CAI_Motor +0x38; the remaining four-word SDK 2013 overload (pTarget, flImportance, flDuration, flRamp), first in declaration order hence last in the reversed group.
vampire.dll	527	IsUnusableNode	bool	CAI_Node*		walked	Base 0x101a6ba0 returns false with RET 4; Troika 0x10293e80 reads the node's hint pointer (+0xa0) and returns true when 0x102d1540 says the hint is locked by someone else; CNodeNPCFilter 0x102f40f0 passes the CAI_Node (type at +0x70) and inverts the bool; retail takes one node word where SDK 2013 takes (int iNodeID, CAI_Hint*).
vampire.dll	528	ValidateNavGoal	bool			walked	Base 0x10280360 returns AL: for the cover goal type with an enemy it traces from the cover position plus EyeOffset(GetCoverActivity) (slots 533, 569) to the enemy's eyes and TaskFails 0x1b returning false when the line is clear, otherwise true; SDK 2013 ValidateNavGoal body at its position (retail adds a memory-bit 0x39 check).
vampire.dll	529	IsCurTaskContinuousMove	bool			walked	Base 0x10280330 fetches the current task via 0x1028a150 and returns true for no task or task ids 0x6e, 0xb, 0x72; SDK 2013 IsCurTaskContinuousMove at its declaration position before IsUnreachable (530).
vampire.dll	531	OnObstructingDoor	bool	AILocalMoveGoal_t*, CBaseDoor*, float, AIMoveResult_t*		walked	Base 0x1027dc80 compares distClear with the move goal's maxDist (+0x28), checks the door's toggle state (+0x4f8 == 1 or 3), writes the AIMoveResult_t and returns AL; Troika 0x102984a0 overrides; SDK 2013 OnObstructingDoor signature and position.
vampire.dll	532		void	int		walked	Base 0x1027e0f0 clears m_hOpeningDoor and m_bOpeningDoorWait (leaves AL=1, unused); Troika 0x10290570 switches on the argument 1/2/4/8 to end the alternate-AI door wait before chaining; dispatched with 1 from 0x1027dd10 (door fully open), 2 from 0x1027de00 (door blocked), 4 from 0x1027dfb0 and 8 from CAI_BaseNPCTroika::OnScheduleChange 0x102a0940; no SDK 2013 twin or string names it.
vampire.dll	533	EyeOffset	Vector	Activity, Activity		walked	Base 0x10274db0 writes m_vDefaultEyeOffset (or 0,0,24 for activity 0x57/8 under a capability bit) through the hidden return pointer; Troika 0x102b4ab0 adds a hint-node offset for hint activities 0x1119..0x1120; CAI_BaseNPC::SetActivityAndSequence 0x10272490 passes the activity and m_TranslatedActivity; three words are the hidden Vector plus two activities, SDK 2013 EyeOffset(Activity) takes one.
vampire.dll	534	EyeLookTarget	CBaseEntity*			walked	Base 0x1026b270 periodically picks the nearest visible NPC/player within 16384 units, stores m_hEyeLookTarget and returns it resolved; SDK 2013 EyeLookTarget at its position after EyeOffset.
vampire.dll	535	AddLookTarget	void	const Vector&, float, float, float		walked	Base 0x101a6be0 is RET 0x10; CAI_BaseHumanoid 0x1025f8e0 compares the first argument as three floats against the look-target array at +0x5f88 and stores importance, curtime+duration and ramp/duration; the vector overload of SDK 2013 AddLookTarget (reversed overload order).
vampire.dll	536	AddLookTarget	void	CBaseEntity*, float, float, float		walked	Base 0x101a6bc0 is RET 0x10; CAI_BaseHumanoid 0x1025f760 resolves each stored handle against the first argument and stores the entity's EHANDLE with the same importance/duration/ramp fields; the entity overload of SDK 2013 AddLookTarget.
vampire.dll	538	AimGun	void			walked	Base 0x1026b4f0: with an enemy, calls slot 574 (GetShootEnemyDir) from Weapon_ShootPosition and hands the direction to slot 539; SDK 2013 AimGun at its position (FInAimCone absent in retail).
vampire.dll	539	SetAim	void	const Vector&		walked	Base 0x1026b480 converts the direction to angles (0x10139970) and sets the "aim_pitch" and "aim_yaw" pose parameters; called from AimGun (slot 538); SDK 2013 SetAim(const Vector&).
vampire.dll	540	PlayScene	float	const char*		walked	Base 0x10279060 calls the instanced-scripted-scene helper 0x10084b40 (creates instanced_scripted_scene, "Unknown scene specified") with this, the name and NULL, and returns without popping ST0 so the scene length is the return; same body as SDK 2013 CBaseFlex::PlayScene, which there takes three extra defaulted words.
vampire.dll	541	GetEnemies	CAI_Enemies*			walked	Base 0x10273e10 returns the enemy-memory pointer at +0x5d88 (a global when m_iSquadDisconnected > 0); 63 virtual callers (GatherEnemyConditions, BestEnemy, ChooseEnemy, RunTask) use it as the memory object; SDK 2013 GetEnemies.
vampire.dll	542		void			walked	Base 0x10273dd0 deletes the NPC's own enemy memory at +0x5d88 and points it at the squad's shared memory (squad +8); dispatched only from CAI_BaseNPC::InitSquad 0x10273d30 and CNPC_VCamera::InitSquad; inserted between GetEnemies and RemoveMemory with no SDK 2013 twin or string.
vampire.dll	543	RemoveMemory	void			walked	Base 0x10273e40 deletes the enemy memory at +0x5d88 only when the NPC has no squad (+0x5da4 == 0), the SDK 2013 RemoveMemory body at its position after GetEnemies.
vampire.dll	544	UpdateEnemyMemory	bool	CBaseEntity*, const Vector&, CBaseEntity*		walked	Base 0x102709c0 returns true without memory, skips squadmates of the same squad, calls slot 541 GetEnemies and its update (0x102df700) with the entity, position and informer, returning that bool; SDK 2013 UpdateEnemyMemory(pEnemy, position, pInformer).
vampire.dll	546	SquadSlotName	const char*	int		walked	Base 0x101a6c00 tail-jumps with the global squad-slot namespace in ECX to 0x102ea020 (IdToSymbol, "<<null>>" for -1, RET 4); the 56 class overrides (e.g. CGeneric_NPC 0x10359e90) first translate the id through their class id space; used by DrawDebugTextOverlays 0x102767d0; SDK 2013 SquadSlotName position after InitSquad.
vampire.dll	547	GetSlotSchedule	int	int		walked	Base 0x1028b0f0 prints "ERROR! Subclass missing GetSlotSchedule Function!" and returns 0 (a schedule id), naming the virtual from the image string; one int argument.
vampire.dll	548	IsValidCover	bool	const Vector&, const CAI_Hint*		walked	Base 0x1028af20 hull-traces down from the cover location, rejects start-solid, then rejects when the NPC has a hint group and the hint's group (+0x5f0) differs; SDK 2013 IsValidCover(const Vector&, CAI_Hint const*) hint-group rule at its position.
vampire.dll	549	IsValidShootPosition	bool	const Vector&, const CAI_Hint*		walked	Base 0x1028b0b0 applies only the hint-group rule (m_strHintGroup vs hint +0x5f0) to its second argument; follows IsValidCover as in SDK 2013, which also passes a CAI_Node* (retail two words, no node).
vampire.dll	550	CoverRadius	float			walked	Base 0x101a6c20 loads a float constant (the same constant RangeAttack1Conditions uses as its far limit); CNPC_VPedestrian 0x103a1de0 and CNPC_VTzimisce 0x103b6e30 override; SDK 2013 CoverRadius position after the cover validators.
vampire.dll	551	OnChangeHintGroup	void	string_t, string_t		walked	Base 0x101a6c40 is an empty RET 8, the SDK 2013 OnChangeHintGroup(string_t oldGroup, string_t newGroup) stub at its position after CoverRadius.
vampire.dll	552	ShouldFadeOnDeath	bool			walked	Base 0x1027a400 returns spawnflags bit 9 (SF_NPC_FADE_CORPSE), the SDK 2013 ShouldFadeOnDeath test at its position before the attack-condition virtuals.
vampire.dll	553	RangeAttack1Conditions	int	float, float		walked	Base 0x1026d890 returns condition 8 (too close), 0x5f, 0x60 (too far), 0x61 (not facing) or 0x4f COND_CAN_RANGE_ATTACK1 from flDot and flDist; VBach/VBatSwarm/VSheriffSwarm override; SDK 2013 RangeAttack1Conditions(float flDot, float flDist).
vampire.dll	554	RangeAttack2Conditions	int	float, float		walked	Base 0x1026d920 returns 8, 0x60, 0x61 or 0x50 COND_CAN_RANGE_ATTACK2; CNPC_VBach 0x10364550 returns 0x50 or 0x61 from the same two floats; the callers' mixed use is the condition int; SDK 2013 RangeAttack2Conditions.
vampire.dll	555	MeleeAttack1Conditions	int	float, float		walked	Base 0x1026d9a0 returns 9, 0x60, 0 or 0x51 COND_CAN_MELEE_ATTACK1 (enemy on ground, weapon permitting) from flDot and flDist; SDK 2013 MeleeAttack1Conditions; the result is a condition id, not void.
vampire.dll	556	MeleeAttack2Conditions	int	float, float		walked	Base 0x1026da90 returns 9, 0x60, 0 or 0x52 COND_CAN_MELEE_ATTACK2; SDK 2013 MeleeAttack2Conditions.
vampire.dll	557	OnBeginMoveAndShoot	bool			walked	Base 0x101a6c60 returns true, the SDK 2013 OnBeginMoveAndShoot stub; retail has no InnateRange1Min/MaxRange before it.
vampire.dll	558	OnEndMoveAndShoot	void			walked	Base 0x101a6c80 is an empty RET, the SDK 2013 OnEndMoveAndShoot stub following OnBeginMoveAndShoot.
vampire.dll	559	FindNamedEntity	CBaseEntity*	const char*		walked	Base 0x10279090 resolves "!player", "!playercontroller", "!enemy", "!self", "!target1", "!nearestfriend", "!friend" and otherwise searches the entity list by name, returning the entity; SDK 2013 FindNamedEntity, which there adds an IEntityFindFilter* (retail one word).
vampire.dll	562	WeaponLOSCondition	bool	const Vector&, const Vector&, bool		walked	Base 0x1026fbe0 asks the active weapon (+0x5b0) or, with the innate capability, slot 573, and sets conditions 0x42/100 only when the third argument is set; SDK 2013 WeaponLOSCondition(ownerPos, targetPos, bSetConditions).
vampire.dll	563	TranslateEnemyChasePosition	void	CBaseEntity*, Vector&, float&, float*		walked	Base 0x10289f20 (asm) offsets arg2 by the enemy's WorldSpaceCenter minus origin and writes the hull width into arg3 for navtype 2, else zeroes arg3; CNPC_VWerewolf 0x103d9e00 (scope string "CNPC_VWerewolf::TranslateEnemyChasePosition") writes m_flGoalTolerance through the fourth word and copies it to the third; ScheduledMoveToGoalEntity 0x102800c0 passes the goal entity, its goal vector, the tolerance and a scratch word; SDK 2013 TranslateNavGoal takes two.
vampire.dll	564	FCanCheckAttacks	bool			walked	Base 0x10270840 returns false for navtypes 3 and 1, else true when condition 0x46 is set and 0x55 is not; Troika 0x102953a0 overrides; SDK 2013 FCanCheckAttacks at its position.
vampire.dll	565	CheckAmmo	void			walked	Base 0x101a6ca0 is an empty RET, the SDK 2013 CheckAmmo stub between FCanCheckAttacks and FValidateHintType (566).
vampire.dll	567	GetHintActivity	Activity	short		walked	Base 0x1026a8f0 returns 1 (ACT_IDLE) with RET 4; CNPC_Crow 0x10358c90 overrides; follows FValidateHintType as in SDK 2013, where it also takes the hint's Activity (retail one word).
vampire.dll	568	GetHintDelay	float	short		walked	Base 0x1026a910 returns 0.0 in ST0 with RET 4, the SDK 2013 GetHintDelay(short sHintType) stub at its position.
vampire.dll	569	GetCoverActivity	Activity	CAI_Hint*		walked	Base 0x10274aa0 (Cover_Base) returns cover activity 7 or 8 for hint types 100/101 when a sequence exists, else 6 or 1; called from ValidateNavGoal (slot 528) with the hint node; Troika 0x10297560 overrides; SDK 2013 GetCoverActivity(CAI_Hint*).
vampire.dll	570	GetReloadActivity	Activity	CAI_Hint*		walked	Base 0x10274820 (Reload_Base) returns the low-cover reload activity 0x57 when a 100..101 hint and enemy trace allow it, else 0x54; Troika 0x102954b0 overrides; SDK 2013 GetReloadActivity(CAI_Hint*), returning the activity in EAX.
vampire.dll	571		Activity	float		walked	Base 0x10289ce0 returns activity 9 below a distance constant and 0x13 at or beyond it; the only site, CAI_BaseNPC::RunTask 0x10288780 TASK 0xb (move to target range), passes the distance and sets the result as movement and ideal activity; no SDK 2013 twin (the 2003-era follow-activity helper) or string names it.
vampire.dll	572	SetTurnActivity	void			walked	Base 0x10289d10 reads the motor's yaw delta and sets turn activities 0xa2/0xa1/0x9d/0x3c/0x3b (memory bit 0x2000) or 1; Troika 0x10297640 gates on m_bAllowTurningAnims; dispatched with no arguments from StartTask/RunTask; SDK 2013 SetTurnActivity.
vampire.dll	573	InnateWeaponLOSCondition	bool	const Vector&, const Vector&, bool		walked	Base 0x1026fcf0 pops 3 and is the capability path WeaponLOSCondition (slot 562) calls with its own three arguments; SDK 2013 InnateWeaponLOSCondition(ownerPos, targetPos, bSetConditions).
vampire.dll	574	GetShootEnemyDir	Vector	const Vector&, int, int		walked	Base 0x10278900 writes (actual shoot position from 0x10278650 minus the origin argument), normalised, through the hidden return pointer; CNPC_VMingXiao 0x10395d00 raises the target; AimGun 0x1026b4f0 passes the Weapon_ShootPosition vector then 0, 0; the two trailing words are forwarded untouched to 0x10278650 (SDK 2013 has one bool bNoisy there).
vampire.dll	575	ShouldMoveAndShoot	bool			walked	Base 0x10278c60 returns capability bit 6 (bits_CAP_MOVE_SHOOT); Troika 0x102bf4a0 additionally requires an enemy, m_bfAINPCFlags2 & 0x400 and a gun weapon; SDK 2013 ShouldMoveAndShoot.
vampire.dll	576	IsLightDamage	bool	float, int		walked	Base 0x10266630 returns flDamage > 0; CNPC_Bullseye 0x10356f30 identical; the 2003 (flDamage, bitsDamageType) form of SDK 2013 IsLightDamage(const CTakeDamageInfo&).
vampire.dll	577	IsHeavyDamage	bool	float, int		walked	Base 0x10266660 returns flDamage above a larger constant; the 2003 (flDamage, bitsDamageType) form of SDK 2013 IsHeavyDamage following IsLightDamage.
vampire.dll	578	NotifyDeadFriend	void	CBaseEntity*		walked	Base 0x101a6cc0 is an empty RET 4; the only site is squad RemoveFromSquad 0x103158f0, which calls it on each member with the removed NPC, the SDK 2013 CAI_Squad::RemoveFromSquad -> NotifyDeadFriend(pFriend) call.
vampire.dll	579		bool	int		walked	Base 0x101a6ce0 ignores its word and returns the negation of slot 158 IsAlive (m_lifeState == 0); no dispatch site found for +0x90c and no SDK 2013 virtual with that shape sits between NotifyDeadFriend and GetClassScheduleIdSpace.
vampire.dll	580	GetClassScheduleIdSpace	CAI_ClassScheduleIdSpace*			walked	Base 0x101a6d00 returns the static 0x1090ff08 and every one of the 58 class bodies returns its own static, the DEFINE_CUSTOM_AI GetClassScheduleIdSpace pattern of SDK 2013.
vampire.dll	581	ReportAIState	void			walked	Base 0x102779a0 DevMsgs classname, state, activity/ideal activity, schedule and task, enemy, movement wait, yaw speed, health and ground entity, the SDK 2013 ReportAIState dump.
vampire.dll	582	ReportOverThinkLimit	void	float		walked	Base 0x10277d90 rate-limits a "%s thinking for %.02fms!!!" DevWarning with the float argument and schedule/task names and draws the bbox, the SDK 2013 ReportOverThinkLimit(float time).
vampire.dll	583	CreateExpresser	CAI_Expresser*			walked	Body 0x10312d40 allocates 0x70 bytes, runs the CAI_Component then CAI_Expresser constructors and returns the object; the only dispatch through slot 583 on this branch is 0x10312cd0 (CreateComponents: calls CAI_BaseNPC's 0x1027cae0, stores the slot-583 result at +0x5f48, sets its outer to this) matching SDK 2013 CAI_BaseActor::CreateExpresser; introduced by CAI_BaseActor (CAI_ExpresserHost over CAI_BaseNPC, datamap base CAI_BaseNPC), which CAI_BaseHumanoid derives from in retail, not by CAI_BaseHumanoid itself.	CAI_BaseActor
vampire.dll	583	CreateExpresser	CAI_Expresser*			walked	Same folded body 0x10312d40 as CAI_BaseActor's slot 583 (new CAI_Expresser, 0 words), consumed by CreateComponents 0x10312cd0 which stores it at +0x5f48; CAI_ExpressiveNPC is the second CAI_ExpresserHost instantiation over CAI_BaseNPC (585 slots = CAI_BaseNPC's 583 plus this and Speak), a separate class so kept as its own row.	CAI_ExpressiveNPC
vampire.dll	583	PossessEntity	void			walked	CCineNPC 0x101a7880 resolves m_hTargetEnt's NPC, prints the image string "Sequence %s targeting %s posessing", saves the target's movetype/movecollide/solid/solidflags/effects and troika flags into the cine, links the NPC to the cine and applies m_fMoveTo; CCineAI 0x101a9080 is the same without the next-script handling and CCineAISchedule 0x101a9790 dispatches slot 586 on the target; 0 words, nothing left in EAX; order PossessEntity/StartSequence/FCanOverrideState/FixScriptNPCSchedule is the HL1 CCineMonster virtual run (SDK 2013 scripted.h made them non-virtual and dropped PossessEntity).	CCineNPC
vampire.dll	583		void	const Vector&		walked	CAI_BaseNPCTroika 0x1028d860 (RET 4) calls slot 614 ResetThinkTimers when dist² from GetAbsOrigin to the vector is within 2048² (lifecycle.md); 0x1028d820 fires it on every Troika NPC after a teleport; the 0-word CCine* bodies and 0x10312d40 belong to the CCineNPC/CAI_BaseHumanoid tables, which extend past slot 582 independently, so they are unrelated virtuals.
vampire.dll	584	Speak	bool	AIConcept_t, const char*		walked	Body 0x10260dc0 loads the CAI_Expresser at +0x5f48 into ECX and tail-jumps to 0x10311c10, which pops 2 words (RET 0x8), looks up the response for the concept, handles the '=', '?' sentence and '^' sound forms and a "scene:" prefix on the second argument, and returns AL; this is SDK 2013 CAI_ExpresserHost::Speak minus the three later-added output/filter parameters; introduced by CAI_BaseActor (CAI_ExpresserHost over CAI_BaseNPC), inherited by CAI_BaseHumanoid.	CAI_BaseActor
vampire.dll	584	Speak	bool	AIConcept_t, const char*		walked	Same folded forwarder 0x10260dc0 to CAI_Expresser 0x10311c10 (RET 0x8, bool in AL) as CAI_BaseActor slot 584; CAI_ExpressiveNPC's own CAI_ExpresserHost instantiation over CAI_BaseNPC, kept as a separate row because it is not a shared base.	CAI_ExpressiveNPC
vampire.dll	584	StartSequence	bool	CAI_BaseNPC*, string_t, bool		walked	CCineNPC body 0x101a82d0 sets m_sequenceStarted, on a null sequence name with the third argument set calls SequenceDone 0x101a8460 and returns false, else LookupSequence on the first argument by the string, warns "unknown scripted sequence", zeroes the cycle and returns true; CCineAI 0x101a9510 is the same returning true on both paths; 3 words match SDK 2013 scripted.h StartSequence(CAI_BaseNPC*, string_t, bool) which is virtual in retail.	CCineNPC
vampire.dll	584		void	int		walked	CAI_BaseNPCTroika 0x1028d910 (RET 4, argument unused) calls slot 614 then stamps m_flLastThink and the four Last*Think fields to curtime (lifecycle.md); 0x1028d8d0 passes its own argument through on every Troika NPC; the 3-word CCine StartSequence bodies 0x101a82d0/0x101a9510 and 0x10260dc0 belong to other tables.
vampire.dll	585	PickLookTarget	void	bool, float, float		walked	Body 0x1025f1c0 chooses a look target (enemy/nearby entities, ValidHeadTarget slot 588 checks) and calls AddLookTarget (slot 536) with random importance/duration built from the second and third stack words as floats; the virtual call site in MaintainEyeDirection 0x1025fa50 pushes 0, 1.5f, 2.5f (SDK 2013 defaults bExcludePlayers=false, minTime=1.5, maxTime=2.5) and discards the result without popping ST0, so retail returns void where SDK 2013 returns float; the partition's int third word is a float; introduced by CAI_BaseActor (look-target run of ai_baseactor.h).	CAI_BaseActor
vampire.dll	585	FCanOverrideState	bool			walked	CCineNPC 0x101a7210 returns spawnflag bit 0x40 (SF_SCRIPT_OVERRIDESTATE) and CCineAI 0x101a9060 / CCineAISchedule 0x101a9770 return true with 0 words, matching SDK 2013 scripted.h FCanOverrideState and HL1 CCineAI's always-true override.	CCineNPC
vampire.dll	585	ProcessTweakParam	void	const char*, const char*		walked	The real virtual is CAI_BaseNPCTroika 0x1029aa10, 2 words: key strings CAPABILITIES, GOALS, NPCPERCEPTION, VISION, HEARING, SQUAD, IPGROUPS, HINTGROUPS, TPMOVETIMER, IGNOREATTACK, NOALERTSTATE with value strings, dispatched from InputTweakParam 0x1029ea40 with two words; the 3-word CAI_BaseHumanoid 0x1025f1c0 (look-target picker called from MaintainEyeDirection with 0,1.5,2.5) and the 0-word CCineAI/CCineAISchedule return-true bodies are unrelated virtuals of tables that branch before Troika.
vampire.dll	586	HasActiveLookTargets	bool			walked	Body 0x1025f1a0 pops 0 words (plain RET; the decompiler's param is spurious) and returns whether the look-queue CUtlVector count at +0x5f94 (vector at +0x5f88, 0x24-byte elements, walked by MaintainEyeDirection and slots 535/536) is nonzero; MaintainEyeDirection 0x1025fa50 calls it and skips PickLookTarget when true, as SDK 2013 CAI_BaseActor::HasActiveLookTargets; introduced by CAI_BaseActor.	CAI_BaseActor
vampire.dll	586	FixScriptNPCSchedule	void	CAI_BaseNPC*		walked	CCineAI 0x101a95d0 prints the image string "FixScriptNPCSchedule: no case" and forces a schedule on the argument NPC; CCineNPC 0x101a8840 sets the NPC's state to script unless it is dead (7) then calls 0x10280d30 on it; CCineAISchedule 0x101a98c0 finds m_sGoalEnt and sets the NPC's forced state and a move/follow/face schedule; 1 word, where SDK 2013 FixScriptNPCSchedule adds an int iSavedCineFlags retail does not take.	CCineNPC
vampire.dll	586	GetBestSeeUnknown	EHANDLE			walked	Troika 0x101aa5d0 copies m_hBestSeeUnknown (+0x6088) through a hidden return pointer (RET 4), and CAI_BaseNPC::OnLooked/GatherConditions dereference the returned handle (senses.md names it); the 0-word CAI_BaseHumanoid 0x1025f1a0 and CCine FixScriptNPCSchedule bodies belong to other tables.
vampire.dll	587	ValidEyeTarget	bool	const Vector&		walked	Body 0x1025e920 pops 1 word, dots EyeDirection3D (slot 371) with the normalised direction from EyePosition (slot 193) to the pointed-to position and returns AL = dot above a constant; MaintainEyeDirection 0x1025fa50 passes each look-queue entry's position address and calls SetViewtarget (slot 277) on true, as SDK 2013 CAI_BaseActor::ValidEyeTarget (EyeDirection3D is the fourth of the SDK Head/Eye direction run at 368-371); introduced by CAI_BaseActor.	CAI_BaseActor
vampire.dll	587	CanWitnessSupernatural	bool	int		walked	Troika 0x1028ef20 (RET 4, argument unused) rejects Kindred, m_iDialog, oblivious, frenzied & 0x10 and busy-with-discipline, then returns whether either supernatural flee/attack level is below 3; project name from schedule-kernel.md ("no Source ancestor", sole consumer the Nosferatu player scan 0x10181be0).
vampire.dll	588	ValidHeadTarget	bool	const Vector&		walked	Body 0x1025ea00 pops 1 word, dots HeadDirection3D (slot 369) with the direction to the pointed-to position, requires it above a constant and the absolute height difference below a limit, returning AL; PickLookTarget 0x1025f1c0 calls it with a candidate's EyePosition before adding the look target, as SDK 2013 CAI_BaseActor::ValidHeadTarget which follows ValidEyeTarget; introduced by CAI_BaseActor.	CAI_BaseActor
vampire.dll	588		void			walked	Troika 0x10293e50 restarts the ideal activity 0xf1 (ACT_DISPOSITION) when the sequence has finished (animation_and_movers.md), dispatched with no arguments three times from CAI_BaseNPCTroika::RunTask 0x102aacf0; WolfMorph 0x103dcf00 empty; the 1-word CAI_BaseHumanoid 0x1025ea00 is a facing-cone test of another table.
vampire.dll	589	SelectRandomExpressionForState	const char*	NPC_STATE		walked	Body 0x10260540 pops 1 word, returns m_iszExpressionOverride (+0x5fa4, in the CAI_BaseActor datamap) unless the argument is NPC_STATE_DEAD (7), else switches on the state returning the idle (+0x5fa8, state 1), alert (+0x5fb0, 2), combat (+0x5fac, 3) or death (+0x5fb4, 5/7) expression string or null, as SDK 2013 CAI_BaseActor::SelectRandomExpressionForState; introduced by CAI_BaseActor.	CAI_BaseActor
vampire.dll	589	SetScriptedDiscipline	void	int, int		walked	Troika 0x102c2ec0 is dispatched only by InputSetScriptedDiscipline 0x102c2c50 with the discipline id parsed from the input string (auspex 1 .. mind_shield 0x10) and a level 0..5 (entries.md); the 1-word CAI_BaseHumanoid 0x10260540 belongs to another table.
vampire.dll	590	OkToInterruptForMelee	bool			walked	Troika 0x1029f940 returns true when 0x1028a190 passes and m_Activity is an idle/walk/run/combat-idle family member; dispatched from 0x1029fa50; VPlaceholder/VSabbatLeader/VRat override.
vampire.dll	591		bool			walked	Troika 0x101aa690 returns true with no argument; its one site, CAI_BaseNPCTroika::RunTask 0x102aacf0, uses it as a gate after a nonzero lookup; no override, string or doc names it.
vampire.dll	592	CanSeekCover	bool			walked	Troika 0x102953e0 returns true on COND_ENEMY_OCCLUDED, an expired m_flCanSeekCoverTimer, or timer-1 passed without COND_CAN_RANGE_ATTACK1; dispatched from PreSelectSchedule 0x102ae920 and the dodge selector 0x102b7cf0; CNPC_VLasombra 0x103893c0 overrides; named in programs.md.
vampire.dll	593		void			walked	Troika 0x1029a070 writes the defaults 0.1, 1.0, 50, 50, 0.01 to +0x655c..+0x656c (read by 0x102c36d0); dispatched with no arguments from CAI_BaseNPCTroika::NPCInit 0x1029a0b0 and OnRestore 0x102998c0; CNPC_VTzimisce 0x103b9180 overrides with its own values; unnamed.
vampire.dll	594		bool	CBaseEntity*, int, CBaseEntity**, int		walked	Troika 0x102b4760 is the stealth sight-admission test (senses.md): range against target m_flStealthVisionScalar × m_flSeekDistInspection with the COMBAT and override-time bypasses, then the Obfuscate check, zeroing the blocker out-pointer on failure; CAI_BaseNPCTroika::FVisible 0x102b4630 (asm) dispatches it with its entity and trace mask followed by two zero words, matching its own (entity, mask, blocker, extra) frame.
vampire.dll	595	AcquireNearestHatedTarget	void			walked	Troika 0x102b4cc0 sweeps a 1024×1024×128 box for the nearest targetable, alive, unhidden D_HT entity and passes it to slot 596; dispatched with no arguments from DoPossession 0x102c51a0 and DoFrenzy 0x102c5310; named in programs.md.
vampire.dll	596		void	CBaseEntity*		walked	Troika 0x102b4f60 resolves the argument's combat owner (0x102707d0), SetEnemy 0x10279a50 and UpdateEnemyMemory (slot 544) at its position; CNPC_VCop 0x10372c50 overrides; programs.md calls it SetEnemy, left unnamed here because that spelling collides with the non-virtual CAI_BaseNPC::SetEnemy it wraps.
vampire.dll	597		void	CBaseEntity*, int		walked	Troika 0x102b4fb0 calls AddEntityRelationship(entity, D_HT, priority); CNPC_VCop 0x10372cc0 first starts player pursuit and applies "Player D_HT 10" before chaining; no string or doc names the virtual.
vampire.dll	598		void	CBaseEntity*		walked	Troika 0x102b4fe0 sets AddEntityRelationship(entity, D_NU, 0), clears m_hEnemy and m_hLastEnemy when they are that entity and drops it from enemy memory via slot 541; CNPC_VCop 0x10372dd0 overrides; unnamed.
vampire.dll	599		bool	int		walked	Troika 0x102b5650 (argument unused) decides melee entry: frenzied flag 2 or slot 293 forces m_bInMelee, else m_flMeleeCanEnterTimer, enemy distance/height and the melee-slot arbiter set m_bInMelee and m_flMeleeMustLeaveTimer, returning it; dispatched from the melee selectors (0x102b7fc0, CNPC_VAsianVampire::SelectScheduleMeleeCombat) with one word; ten species override; unnamed.
vampire.dll	600		bool	CBaseEntity*		walked	Troika 0x102b57c0 ignores its argument and, for an active weapon reporting capability bits 0x18000 while not yet in melee (+0x6078 clear), asks m_pAttackCoordinator +0x65e8 for a slot through 0x10015564 and on success sets +0x6078, re-arms m_flMeleeMustLeaveTimer +0x6074 to curtime+RandomFloat(7.5,15) and returns AL=1, else clears +0x6078 and returns AL=0 (RET 4); dispatch sites OnTakeDamage 0x102beda0 and 0x102a0910/0x1029f8f0 push GetEnemy (slot 167) or their entity parameter, so the word is the enemy; overrides on 64 NPC tables include 0x10385c30 (CNPC_VHuman family) and 0x10395df0 (CNPC_VMingXiao); unnamed.
vampire.dll	601		void	CBaseEntity*		walked	Troika 0x102b5880 ignores its argument, clears +0x6078, re-arms m_flMeleeCanEnterTimer +0x6070 to curtime+RandomFloat(5,10) when HasUsableRangedWeapon (slot 308) and releases the attack-coordinator slot through 0x10013d31 when +0x65e8 is set (RET 4); pushed with GetEnemy by the melee selectors 0x102b6c30/0x10385e40 and with this by UpdateOnRemove 0x1028d6e0 and Event_Killed 0x102bf340, so it is the melee-slot release taking an entity; unnamed.
vampire.dll	602		bool			walked	Troika 0x102b5900 returns AL=0 when frenzied flag 2 (+0x5b84), slot 293 or no attack coordinator, otherwise returns true when a ranged-capable NPC is past m_flMeleeMustLeaveTimer +0x6074 or when +0x6268 exceeds twice the melee range and the coordinator 0x1001450b disagrees, else the coordinator's answer 0x1000d634; the melee selectors 0x102b6c30/0x10385e40 call it with no argument and on AL true release via slot 601 — a should-leave-melee test; unnamed.
vampire.dll	603		float	float*, const float*		walked	Troika 0x102b59e0 (and CNPC_VMingXiao 0x10395e70) compares the float behind word 2 plus a constant against the float behind word 1, may copy word 2's value into word 1, and tail-jumps into random->RandomFloat with a signed range (30..45, 80..120, 170..179) whose RET 8 pops the two words and leaves the result in ST0; sole dispatch StartTask 0x102a1910 pushes two stack float addresses and FSTPs the return, so it returns a float angle through two float pointers; unnamed.
vampire.dll	604	SelectScheduleMeleeCombat	int	int		walked	The retail spelling comes from the scope-trace strings in CNPC_VAsianVampire/CNPC_VChangBros/CNPC_VSabbatLeader/CNPC_VSheriffMan overrides (0x10361be0, 0x1036d800, 0x103aa060, 0x103af960); CNPC_VHuman::SelectSchedule 0x10384ee0 pushes the active weapon's capability word (tested against 0x18000 just before) and uses EAX as a schedule id, falling through to the base selector on 0; Troika 0x102b6c30 ignores the word and returns SCHED ids (0xe4, 0xe9, 0xdc...), CNPC_VBach 0x10364080 forwards it to slot 605 — an int capability mask, not a pointer.
vampire.dll	605	SelectScheduleRangedCombat	int	int		walked	Scope-trace names in CNPC_VAsianVampire 0x103620d0 and CNPC_VSheriffMan 0x103afdb0; dispatched by CNPC_VHuman::SelectSchedule 0x10384ee0 and the Combatant/CombatPatrol/Yukie/HeadClaw selectors with the weapon capability word, returning a schedule id in EAX; Troika 0x102b7fc0 and CNPC_VHuman 0x10386560 forward that word to slot 606; RET 4 on every body.
vampire.dll	606		int	int		walked	Troika 0x102b8320 (the occluded-enemy selector of authored-control.md, 61 tables; CNPC_VBach 0x10364280 the only real override, BatSwarm/SheriffSwarm thunks back) ignores its word and returns 0 or a schedule id from COND 0x48/0x59, frenzied 0x100, the flags and the percent_occluded ladder +0x6420..+0x642c; its only callers are the ranged selectors 0x102b7fc0/0x10386560/0x103967d0 forwarding their capability word; unnamed.
vampire.dll	607		int			walked	Troika 0x102b93c0 on all 64 tables (the follower controller of social.md) returns a schedule id from the follower-boss distance against the three Npc_Follower_Info radii; single dispatch CAI_BaseNPCTroika::SelectSchedule 0x102af660 case 1 with no argument, a non-zero return pre-empting patrol; unnamed.
vampire.dll	608		bool	const char*		walked	Troika 0x102c48b0 (64 tables) string-compares its argument with the names of the three global attack coordinators DAT_1090fbec/f0/f4, stores the match in m_pAttackCoordinator +0x65e8 and its name in +0x65ec and returns AL=1, else AL=0 (RET 4); the only dispatch, Precache 0x10298ad0, pushes the literal "Normal" and ignores the result; unnamed.
vampire.dll	609		CAI_Hint*	bool		walked	Troika 0x102b6b50 returns the cached m_pShootAtHint +0x6444 while slot 566 validates it, otherwise returns NULL while curtime is below +0x6440 unless its byte argument is non-zero, re-arms +0x6440 to curtime+RandomFloat(2,2.5) and returns a type-0x10 hint search (0x1000a1e1) bounded by the weapon's range or 1024 (RET 4); the cover selectors 0x102b7690/0x10386560 push 0 and use EAX as the hint (programs.md shoot-at-hint arm); Bach/BatSwarm/SheriffSwarm override; unnamed.
vampire.dll	610		void	NPC_STATE		walked	Troika 0x102adfe0 (64 tables) switches on its word as an NPC state — 2 and 3/0xb/0xe pick the "Anger"/"Anger_No_Deform" expressions, 8/10 "Fear"/"Fear_NoDeform", default the disposition expression from +0x64d4 — writing +0x10b4, +0x64d0 and weight +0x10b8 (RET 4); its only dispatch, OnStateChange 0x102ae140, pushes the new state; unnamed.
vampire.dll	611		int			walked	Troika 0x102c12a0 (63 tables) is the disposition idle of animation_and_movers.md: it returns a sequence index from the disposition record 0x1000b852 (talking, fidget roll on +0x64e0/+0x64e1, fallback +0x6f0) with nothing popped; CPayphone 0x101aad20 returns SelectWeightedSequence of the dialog partner's activity; callers SetDisposition 0x102c0f70, 0x102c0bb0, 0x102c1400 and 0x10295a80 store EAX as a sequence; unnamed.
vampire.dll	612		int			walked	Troika 0x102c04b0 returns 0x80, 0x280 when the dialog partner handle +0xfe8 is live, 0x680 when additionally +0x654c is clear (CPayphone 0x101aadb0 returns 0xa80/0xe80), popping nothing; its dispatch in the speech emitter 0x102c0520 saves EAX and passes it as the flags argument of the engine-sound EmitSound call, so it returns the speech sound flags; unnamed.
vampire.dll	613		bool			walked	Troika 0x102c0b60 returns true exactly when the dialog-partner handle +0xfe8 resolves to a live entity (CPayphone 0x101aad00 returns 0), popping nothing; 0x102c0bb0 tests AL before resetting to the 0xf1 idle through slot 611; unnamed.
vampire.dll	614	ResetThinkTimers	void			walked	Named by docs/vtmb/npc-ai/lifecycle.md (and cited by the port, ElysiumNpc.h): body 0x102c23f0 on all 64 tables stamps curtime into m_flNextThink +0x17c and the four Next think stamps +0x6244..+0x6250, pops nothing, and is dispatched argument-less from InputTeleportToEntity 0x102c24a0, slots 583/584, RunTask, DoPossession and the feed/dialog inputs.
vampire.dll	615	CanBeSetOnFire	bool			walked	Retail spelling from the CNPC_VGhoulCroucher override 0x1037c420; Troika 0x102ad0c0 returns AL=0 while condition 0x30 (ON_FIRE) is set, else 1 when curtime is past m_flNextBurnTime +0x65bc, popping nothing; CreateDamageEffects 0x10330d00 gates the deferred burn on it (schedule-kernel.md); Gargoyle, Hengeyokai, Rat, Werewolf and CPayphone override.
vampire.dll	616		void			walked	Troika 0x102ad110 on all 64 tables clears condition 0x30 (ON_FIRE) through 0x10015839 and re-arms m_flNextBurnTime +0x65bc to curtime+15, popping nothing; dispatched with no argument from RunTask 0x102aacf0 when TASK_ON_FIRE_LOOP drains the burn (schedule-kernel.md); unnamed.
vampire.dll	617	EnemyCouldSeeHull	bool	Vector, bool, bool, Vector		walked	Body 0x10366510 (shared by CNPC_VMingXiao, CNPC_VTzimisce, CNPC_VTzimisceHeadClaw, CNPC_VTzimisceRunner) pops 8 words and returns AL from up to three hull traces around the enemy, using a by-value Vector position, a bool choosing the hitbox surrounding box and a Vector of extents; the CNPC_VWerewolf override 0x103da230 carries the scope-trace name EnemyCouldSeeHull and forwards all 8 words to the base, and its call site 0x103d8060 pushes a Vector (3 words), 1, 0 and vec3_origin (3 words) and tests AL — 8 words from two by-value Vectors plus two bools.	CNPC_VBaseBoss
vampire.dll	617	InputTransformModel	void	inputdata_t&		walked	CNPC_VVampireBoss::InputTransformModel 0x103c75f0 (scope-trace name; inherited by AndreiBlood, AsianVampire, ChangBros, SabbatLeader, SheriffMan) pops 1 word, sets the monster model name from m_MorphModelName and forces schedule 0x159; its dispatch 0x103c76b0 is the input thunk jumping through the slot with the caller's inputdata word.	CNPC_VVampireBoss
vampire.dll	617	MakeNPC	void	bool		walked	CNPCMaker 0x1034b7b0 (named MakeNPC by docs/vtmb/npc-ai/authored-control.md and the port's ElysiumNpcMaker.cpp; overrides CNPCMaker_Fleshpile 0x1034c2d0, CNPCMaker_Zombie 0x1034d140) pops 1 word and forwards it to CanMakeNPC as the bypass flag (entity_io.md); InputSpawnNPC 0x1034b500 overwrites its argument with 0 and jumps through the slot, MakerThink 0x1034bbf0 dispatches it — retail takes the bool that SDK 2013's MakeNPC(void) lacks.	CNPCMaker
vampire.dll	617		void			walked	CNPC_VGargoyle 0x10379f90 pops nothing and emits one of four character/monster/gargoyle stomp wavs (RandomInt(0,3)) on CHAN_BODY through a PAS attenuation filter; dispatched argument-less from 0x103786c0 on a Gargoyle receiver; unnamed.	CNPC_VGargoyle
vampire.dll	617		void			walked	CNPC_VHengeyokai 0x103817f0 pops nothing and emits one of four character/monster/hengeyokai stomp wavs on CHAN_BODY (footsteps.md, the species footstep); dispatched argument-less from 0x1037fb60 on a Hengeyokai receiver; unnamed.	CNPC_VHengeyokai
vampire.dll	617		bool			walked	CPayphone 0x101aa910 returns AL=0 and pops nothing; no dispatch on a CPayphone receiver was found, so the return width comes only from the body; unnamed.	CPayphone
vampire.dll	618	TransformationStart	void			walked	CNPC_VVampireBoss::TransformationStart 0x103c60a0 (scope-trace name; CNPC_VSabbatLeader overrides with 0x103ab310, also named by its string) pops nothing and runs the protean body swap of lifecycle.md; dispatched argument-less from CNPC_VVampireBoss::StartTask 0x103c5ac0.	CNPC_VVampireBoss
vampire.dll	618	CanMakeNPC	bool	bool		walked	CNPCMaker 0x1034b580 (named CanMakeNPC by docs/vtmb/entity_io.md; shared by CNPCMaker_Fleshpile, CNPCMaker_Zombie overrides with 0x1034d0a0) reads its byte argument as the admission bypass, applies the live-ceiling, scene, visibility, distance and occupancy gates and returns AL (RET 4); MakeNPC 0x1034b7b0 pushes its own argument and tests AL.	CNPCMaker
vampire.dll	618		void			walked	CNPC_VGargoyle 0x1037a100 pops nothing and emits a random character/monster/gargoyle exert wav on CHAN_BODY; dispatched argument-less from CNPC_VGargoyle::StartTask 0x103790d0; unnamed.	CNPC_VGargoyle
vampire.dll	618		void			walked	CNPC_VHengeyokai 0x10381960 pops nothing and emits a random character/monster/hengeyokai exert wav on CHAN_BODY; dispatched argument-less from CNPC_VHengeyokai::StartTask 0x103805d0; unnamed.	CNPC_VHengeyokai
vampire.dll	618		void			walked	CNPC_VTzimisce 0x103b9440 pops nothing and, when slot 486 returns true, emits the SPI_FIDGET voice event through 0x101aeb60; dispatched argument-less from CNPC_VTzimisce::HandleAnimEvent 0x103ba410; unnamed.	CNPC_VTzimisce
vampire.dll	618		void			walked	CNPC_VTzimisceHeadClaw 0x103c24d0 pops nothing and emits a random character/monster/TC_FatGuy exert wav on CHAN_BODY; dispatched argument-less from CNPC_VTzimisceHeadClaw::StartTask 0x103c1820; unnamed.	CNPC_VTzimisceHeadClaw
vampire.dll	618		void			walked	CNPC_VTzimisceRunner 0x103c3ff0 pops nothing and emits a random character/monster/TC_Runner exert wav on CHAN_BODY; dispatched argument-less from CNPC_VTzimisceRunner::StartTask 0x103c35d0; unnamed.	CNPC_VTzimisceRunner
vampire.dll	618		bool	int, int, int, int		unsettled	CNPC_VWerewolf 0x103ca690 only loads AL=1 and pops 4 words, and no dispatch through +0x9a8 on a Werewolf receiver exists in the corpus, so the width is read but the four parameter types cannot be recovered from a body that never touches them; unnamed.	CNPC_VWerewolf
vampire.dll	619	SetSchedule	void	int		walked	CNPC_VAndreiBlood::SetSchedule 0x1035dba0 (scope-trace name) pops 1 word and forwards it as the schedule id to the Troika SetSchedule(int) body 0x10280de0; CNPC_VVampireBoss's own table stops at 618, so each boss subclass introduces this slot separately.	CNPC_VAndreiBlood
vampire.dll	619	SetSchedule	void	int		walked	CNPC_VAsianVampire::SetSchedule 0x10361530 (scope-trace name) pops 1 word and forwards the schedule id to 0x10280de0; CNPC_VVampireBoss does not hold slot 619.	CNPC_VAsianVampire
vampire.dll	619	SetSchedule	void	int		walked	CNPC_VChangBros::SetSchedule 0x1036c760 (scope-trace name; inherited unchanged by CNPC_VChangBrosBlade and CNPC_VChangBrosClaw) pops 1 word and forwards the schedule id to 0x10280de0; CNPC_VVampireBoss does not hold slot 619.	CNPC_VChangBros
vampire.dll	619	SetSchedule	void	int		walked	CNPC_VSabbatLeader::SetSchedule 0x103a9fd0 (scope-trace name) pops 1 word and forwards the schedule id to 0x10280de0; CNPC_VVampireBoss does not hold slot 619.	CNPC_VSabbatLeader
vampire.dll	619	SetSchedule	void	int		walked	CNPC_VSheriffMan::SetSchedule 0x103af8d0 (scope-trace name) pops 1 word and forwards the schedule id to 0x10280de0; CNPC_VVampireBoss does not hold slot 619.	CNPC_VSheriffMan
vampire.dll	619	ChildPreSpawn	void	CAI_BaseNPCTroika*		walked	CNPCMaker 0x1034af30 and the Fleshpile 0x1034bf70 / Zombie 0x1034cbb0 overrides are empty RET 4 bodies; MakeNPC 0x1034b7b0 and Fleshpile 0x1034c2d0 dispatch it with the new child just before the child's spawn dispatch, matching SDK 2013 CBaseNPCMaker::ChildPreSpawn(CAI_BaseNPC*) in declaration position after MakeNPC and in timing.	CNPCMaker
vampire.dll	619		void			walked	CNPC_VTzimisce 0x103b96a0 pops nothing and emits one of six character/monster/spiderchick spi_footstep_indiv wavs (RandomInt(0,5)) on CHAN_BODY; dispatched argument-less from CNPC_VTzimisce::HandleAnimEvent 0x103ba410; unnamed.	CNPC_VTzimisce
vampire.dll	619		void	bool		walked	CNPC_VTzimisceHeadClaw 0x103c2640 pops 1 word and uses its byte to choose between the two TC_FatGuy footstep pairs, then RandomInt(0,1) inside the pair, on CHAN_BODY; CNPC_VTzimisceHeadClaw::HandleAnimEvent 0x103c1540 pushes 0 and 1 for the two foot events; unnamed.	CNPC_VTzimisceHeadClaw
vampire.dll	619		void	bool		walked	CNPC_VTzimisceRunner 0x103c4160 pops 1 word and uses its byte to choose between the TC_Runner foot_steps pairs, then emits a TC_Runner Breath wav as well (footsteps.md); dispatched from CNPC_VTzimisceRunner::HandleAnimEvent 0x103c32c0 with the per-foot flag; unnamed.	CNPC_VTzimisceRunner
vampire.dll	619		int	int		unsettled	CNPC_VWerewolf 0x103cb900 only zeroes EAX and pops 1 word, and no dispatch through +0x9ac on a Werewolf receiver exists in the corpus, so neither the return's width beyond EAX nor the parameter's type can be recovered; unnamed.	CNPC_VWerewolf
vampire.dll	620	ChildPostSpawn	void	CAI_BaseNPCTroika*		walked	CNPCMaker 0x1034af50 and the Fleshpile 0x1034bf90 / Zombie 0x1034cbd0 overrides are empty RET 4 bodies; MakeNPC 0x1034b7b0 and Fleshpile 0x1034c2d0 push the child and dispatch it after the child's spawn dispatch, matching SDK 2013 CBaseNPCMaker::ChildPostSpawn(CAI_BaseNPC*) in declaration position and timing.	CNPCMaker
vampire.dll	620	FootstepSound	void			walked	CNPC_VSabbatLeader::FootstepSound 0x103aa5e0 (scope-trace name) pops nothing and emits one of seven character/monster/andrei_transfo wavs (RandomInt(0,6)) on CHAN_BODY; dispatched argument-less from CNPC_VSabbatLeader::HandleAnimEvent 0x103a7000.	CNPC_VSabbatLeader
vampire.dll	620		void			walked	CNPC_VTzimisce 0x103b9810 pops nothing and emits one of three character/monster/spiderchick spi_attack_swish wavs on CHAN_WEAPON; dispatched argument-less from CNPC_VTzimisce::HandleAnimEvent 0x103ba410; unnamed.	CNPC_VTzimisce
vampire.dll	620	DrawBBoxOverlay	void			walked	CNPC_VWerewolf 0x103d5050 carries the scope-trace name CNPC_VWerewolf::DrawBBoxOverlay, pops nothing, and draws a coloured box when ShouldPursueEnemy 0x103cf5f0 is false, else calls CBaseEntity::DrawBBoxOverlay 0x1009f4e0; no dispatch through +0x9b0 on a Werewolf receiver exists.	CNPC_VWerewolf
vampire.dll	621	AttackSound	void			walked	CNPC_VSabbatLeader::AttackSound 0x103aa7a0 (scope-trace name) pops nothing and emits a random wav from the second andrei_transfo pool on CHAN_BODY; dispatched argument-less from CNPC_VSabbatLeader::StartTask 0x103a78c0.	CNPC_VSabbatLeader
vampire.dll	621		void			walked	CNPC_VTzimisce 0x103b9980 pops nothing, emits the SPI_ATTACK_HIT voice event through 0x101aeb60 and calls 0x103b9f90 with 2 and 0.5; dispatched argument-less from CNPC_VTzimisce::HandleAnimEvent 0x103ba410; unnamed.	CNPC_VTzimisce
vampire.dll	622		void			walked	CNPC_VTzimisce 0x103b9a50 pops nothing, emits the SPI_ATTACK_HIT_MASSIVE voice event through 0x101aeb60 and calls 0x103b9f90; dispatched argument-less from CNPC_VTzimisce::HandleAnimEvent 0x103ba410; unnamed.	CNPC_VTzimisce
vampire.dll	623		void			walked	CNPC_VTzimisce 0x103b9b20 pops nothing and emits the SPI_RUNNING voice event through 0x101aeb60; dispatched argument-less from CNPC_VTzimisce::HandleAnimEvent 0x103ba410; unnamed.	CNPC_VTzimisce
vampire.dll	624		void			walked	CNPC_VTzimisce 0x103b9be0 pops nothing and emits the SPI_LAND_HARD voice event through 0x101aeb60; dispatched argument-less from CNPC_VTzimisce::HandleAnimEvent 0x103ba410; unnamed.	CNPC_VTzimisce
vampire.dll	625		void			walked	CNPC_VTzimisce 0x103b9ca0 pops nothing and emits the SPI_JUMP_ATTACK voice event through 0x101aeb60; dispatched argument-less from CNPC_VTzimisce::HandleAnimEvent 0x103ba410; unnamed.	CNPC_VTzimisce
vampire.dll	626		void			walked	CNPC_VTzimisce 0x103b9d60 pops nothing, emits the SPI_AGGRO voice event through 0x101aeb60 and calls 0x103b9f90; dispatched argument-less from CNPC_VTzimisce::HandleAnimEvent 0x103ba410 (site 0x103ba4bd); unnamed.	CNPC_VTzimisce
vampire.dll	627		void			walked	CNPC_VTzimisce 0x103b9e30 (the last slot of the deepest table) pops nothing and, when slot 486 returns true, emits the SPI_FIDGET voice event through 0x101aeb60; dispatched argument-less from CNPC_VTzimisce::SelectSchedule 0x103bb7c0; unnamed.	CNPC_VTzimisce
