# Layout rows the NPC kernel's shape recovers by reading bodies (story 29b-0), applied by
# `uv run elysium research kernel_shape` on top of what the datamaps state.
#
# module	class	offset	name	type	count	tier	evidence
#
# tier: sdk-order = named by SDK 2013's declaration order between datamap neighbours, type confirmed
#       doc       = an oracle document names this offset on this class (the evidence cites it)
#       walked    = named and typed by reading the bodies the evidence cites
#       unsettled = read, and the reading cannot decide (the evidence says why)
# `class` is the layout table the row belongs to (`CAI_BaseNPCTroika` for its whole chain, else the
# species class). One row per word; an aggregate (array, embedded struct) has a row at its first
# offset carrying the aggregate's type and count, and its touched elements rows of their own.
vampire.dll	CAI_BaseActor	0x5f44	CAI_ExpresserSink::vftable	vftable*	1	walked	Ctor 0x10260b30 installs vftable_CAI_ExpresserSink here, then CAI_ExpressiveNPC_at24388, then CAI_BaseHumanoid_at24388: the secondary base's vtable pointer (same row as partition F6 under CAI_ExpressiveNPC).
vampire.dll	CAI_BaseActor	0x5f48	m_pExpresser	CAI_Expresser*	1	walked	Ctor 0x10260b30 zeroes it right after installing the CAI_ExpresserSink vtable at +0x5f44; CreateComponents 0x10312cd0 stores the created expresser here (same row as partition F6 under CAI_ExpressiveNPC).
vampire.dll	CAI_BaseActor	0x5f4c	m_fLatchedPositions	int	1	sdk-order	Ctor 0x10260b30 zeroes it; UpdateLatchedValues 0x1025e7b0 tests and sets bit 2 (latch eye origin +0x5f50 and head direction +0x5f68 from the eyes attachment) and bit 1 (eye direction +0x5f5c); SetHeadDirection 0x1025eaf0, 0x1025efc0 and slot 250 0x1025e4e0 clear both and slot 277 0x1025e780 clears bit 1, matching SDK 2013 HUMANOID_LATCHED_EYE/HEAD.
vampire.dll	CAI_BaseActor	0x5f50	m_latchedEyeOrigin	Vector	1	sdk-order	Ctor 0x10260b30 fills it from DAT_1070d1b0 (vec3_origin); UpdateLatchedValues 0x1025e7b0 writes the eyes attachment origin (or a fallback origin) into it; slot 193 0x1025e8e0 (EyePosition) returns it.
vampire.dll	CAI_BaseActor	0x5f54	m_latchedEyeOrigin.y	float	1	sdk-order	Second component of m_latchedEyeOrigin (+0x5f50), written by ctor 0x10260b30 and UpdateLatchedValues 0x1025e7b0, returned by 0x1025e8e0.
vampire.dll	CAI_BaseActor	0x5f58	m_latchedEyeOrigin.z	float	1	sdk-order	Third component of m_latchedEyeOrigin (+0x5f50), written by ctor 0x10260b30 and UpdateLatchedValues 0x1025e7b0, returned by 0x1025e8e0.
vampire.dll	CAI_BaseActor	0x5f5c	m_latchedEyeDirection	Vector	1	sdk-order	Ctor 0x10260b30 fills it with vec3_origin; UpdateLatchedValues 0x1025e7b0 writes the viewtarget (slot 0x458) minus m_latchedEyeOrigin and normalises it; slot 373 0x1025f0b0 (EyeDirection3D) returns it.
vampire.dll	CAI_BaseActor	0x5f60	m_latchedEyeDirection.y	float	1	sdk-order	Second component of m_latchedEyeDirection (+0x5f5c), written by ctor 0x10260b30 and 0x1025e7b0, returned by 0x1025f0b0.
vampire.dll	CAI_BaseActor	0x5f64	m_latchedEyeDirection.z	float	1	sdk-order	Third component of m_latchedEyeDirection (+0x5f5c), written by ctor 0x10260b30 and 0x1025e7b0, returned by 0x1025f0b0.
vampire.dll	CAI_BaseActor	0x5f68	m_latchedHeadDirection	Vector	1	sdk-order	Ctor 0x10260b30 fills it with vec3_origin; UpdateLatchedValues 0x1025e7b0 writes the AngleVectors of the eyes attachment angles into it; HeadDirection3D 0x1025f160 returns it.
vampire.dll	CAI_BaseActor	0x5f6c	m_latchedHeadDirection.y	float	1	sdk-order	Second component of m_latchedHeadDirection (+0x5f68), written by ctor 0x10260b30 and 0x1025e7b0, returned by HeadDirection3D 0x1025f160.
vampire.dll	CAI_BaseActor	0x5f70	m_latchedHeadDirection.z	float	1	sdk-order	Third component of m_latchedHeadDirection (+0x5f68), written by ctor 0x10260b30 and 0x1025e7b0, returned by HeadDirection3D 0x1025f160.
vampire.dll	CAI_BaseActor	0x5f80	m_flBlinktime	float	1	sdk-order	Ctor 0x10260b30 zeroes it; MaintainLookTargets (slot 333) 0x1025fa50 toggles the blink word +0x854 when it is below curtime and rearms it to curtime + RandomFloat(1.5, 4.5), which is SDK 2013's blink timer.
vampire.dll	CAI_BaseActor	0x5f84	m_hLookTarget	EHANDLE	1	sdk-order	Ctor 0x10260b30 writes -1 (twice, matching SDK 2013's m_hLookTarget(NULL) initialiser) between m_flBlinktime +0x5f80 and m_lookQueue +0x5f88; no humanoid body reads it.
vampire.dll	CAI_BaseActor	0x5f88	m_lookQueue	CAI_InterestTarget	1	sdk-order	Ctor 0x10260b30 constructs a CUtlVector here (0x10263fb0(0,0), m_Size +0x5f94 = 0, m_pElements +0x5f98 = m_pMemory); MaintainLookTargets 0x1025fa50 and slots 535/536 0x1025f8e0/0x1025f760 walk 0x24-byte CAI_InterestTarget_t entries (+4 handle, +8 position, +0x14/+0x18 start/end, +0x1c ramp, +0x20 interest), expire them and remove them.
vampire.dll	CAI_BaseActor	0x5f94	m_lookQueue.m_Size	int	1	sdk-order	Count of m_lookQueue (+0x5f88): zeroed by ctor 0x10260b30, loop bound and decrement in MaintainLookTargets 0x1025fa50 and the removers 0x1025f760/0x1025f8e0, non-zero test in slot 586 0x1025f1a0 (HasActiveLookTargets).
vampire.dll	CAI_BaseActor	0x5f98	m_lookQueue.m_pElements	CAI_InterestTarget_t*	1	sdk-order	Ctor 0x10260b30 copies m_pMemory (+0x5f88) into it; destructor slot 5 0x10260de0 rewrites it on teardown (retail CUtlVector fifth word).
vampire.dll	CAI_BaseActor	0x5f9c	m_iszExpressionScene	string_t	1	sdk-order	SetExpression 0x10260670 clears it and then stores the scene name here after the scene starter fills +0x5fa0; ClearExpression 0x10260750 zeroes it; MaintainLookTargets 0x1025fa50 restarts the scene when it is set and the +0x5fa0 handle is dead.
vampire.dll	CAI_BaseActor	0x5fa0	m_hExpressionSceneEnt	EHANDLE	1	sdk-order	Ctor 0x10260b30 writes -1; SetExpression 0x10260670 and MaintainLookTargets 0x1025fa50 pass its address to the scene starter 0x10084b40 and test the resolved handle.
vampire.dll	CAI_BaseHumanoid	0x5fa8	m_iszIdleExpression	string_t	1	walked	Zeroed by ctor 0x10260b30; SelectRandomExpressionForState (slot 589) 0x10260540 returns it for NPC_STATE_IDLE (1) unless m_iszExpressionOverride +0x5fa4 is set.
vampire.dll	CAI_BaseHumanoid	0x5fac	m_iszCombatExpression	string_t	1	walked	Zeroed by ctor 0x10260b30; slot 589 0x10260540 returns it for NPC_STATE_COMBAT (3), so retail order here is Idle, Combat, Alert, Death, which differs from SDK 2013's Idle, Alert, Combat, Death declaration.
vampire.dll	CAI_BaseHumanoid	0x5fb0	m_iszAlertExpression	string_t	1	walked	Zeroed by ctor 0x10260b30; slot 589 0x10260540 returns it for NPC_STATE_ALERT (2) (retail stores Alert after Combat, unlike SDK 2013's order).
vampire.dll	CAI_BaseHumanoid	0x5fb4	m_iszDeathExpression	string_t	1	walked	Zeroed by ctor 0x10260b30; slot 589 0x10260540 returns it for states 5 and 7 (PLAYDEAD/DEAD), and for state 7 even when the override is set.
vampire.dll	CAI_BaseHumanoid	0x6024	m_scriptMove	CUtlVector<AI_Movementscript_t>	1	walked	Ctor 0x10260b30 zeroes +0x6024..+0x6034; 0x10262590 (BuildMoveScript) resets its count +0x6030, 0x102630b0 builds and trims it, CAI_HumanoidMotor slot 19 0x10264680 walks it by +0x6030 with a 0x38-byte AI_Movementscript_t stride, destructor 0x10260de0 frees it; this is SDK 2013 CAI_BlendedMotor::m_scriptMove, hosted on the NPC in retail.
vampire.dll	CAI_BaseHumanoid	0x6028	m_scriptMove.m_Memory.m_nAllocationCount	int	1	walked	Second word of the m_scriptMove CUtlVector at +0x6024, zeroed by ctor 0x10260b30 (the +0x6028 in CalcAndStoreMeleeDiceRolls is on a different receiver).
vampire.dll	CAI_BaseHumanoid	0x602c	m_scriptMove.m_Memory.m_nGrowSize	int	1	walked	Third word of m_scriptMove (+0x6024): zeroed by ctor 0x10260b30; destructor 0x10260de0 tests it against -1 (the external-memory marker) before freeing.
vampire.dll	CAI_BaseHumanoid	0x6030	m_scriptMove.m_Size	int	1	walked	Count of m_scriptMove: zeroed by ctor 0x10260b30 and 0x10262590, decremented in 0x102630b0, loop bound in CAI_HumanoidMotor slot 19 0x10264680, zeroed by destructor 0x10260de0.
vampire.dll	CAI_BaseHumanoid	0x6034	m_scriptMove.m_pElements	AI_Movementscript_t*	1	walked	Fifth word of m_scriptMove (+0x6024), zeroed by ctor 0x10260b30 (retail CUtlVector layout).
vampire.dll	CAI_BaseHumanoid	0x6038	m_scriptTurn	CUtlVector<AI_Movementscript_t>	1	walked	Ctor 0x10260b30 zeroes +0x6038..+0x6048; 0x10262ea0 is SDK 2013 BuildInsertNode (splits an entry by flTime, grows via 0x10264370, InsertAfter), 0x10262c20 clamps successive flYaw (+0x10) values, 0x10262590 draws the vecLocation (+0x2c) of its 0x38-byte entries; this is CAI_BlendedMotor::m_scriptTurn.
vampire.dll	CAI_BaseHumanoid	0x603c	m_scriptTurn.m_Memory.m_nAllocationCount	int	1	walked	BuildInsertNode 0x10262ea0 compares it against m_Size+1 before growing m_scriptTurn; zeroed by ctor 0x10260b30 and destructor 0x10260de0.
vampire.dll	CAI_BaseHumanoid	0x6040	m_scriptTurn.m_Memory.m_nGrowSize	int	1	walked	Third word of m_scriptTurn (+0x6038): zeroed by ctor 0x10260b30; destructor 0x10260de0 tests it against -1 before freeing.
vampire.dll	CAI_BaseHumanoid	0x6044	m_scriptTurn.m_Size	int	1	walked	Count of m_scriptTurn: reset by 0x10262590, incremented by BuildInsertNode 0x10262ea0, loop bound in 0x102627e0 and CAI_HumanoidMotor slot 19 0x10264680, zeroed by destructor 0x10260de0.
vampire.dll	CAI_BaseHumanoid	0x6048	m_scriptTurn.m_pElements	AI_Movementscript_t*	1	walked	BuildInsertNode 0x10262ea0 rewrites it to m_pMemory (+0x6038) after growing; zeroed by ctor 0x10260b30 (retail CUtlVector fifth word).
vampire.dll	CAI_BaseNPCTroika	0x0000	vftable	vftable*	1	walked	Primary vtable pointer: ctor 0x1009d980 installs vftable_IServerEntity then vftable_CBaseEntity at +0, ~CBaseEntity 0x1009df20 reinstalls vftable_CBaseEntity then vftable_IServerEntity; AcceptInput 0x100abc90 and ReadKeyField 0x100acab0 only take the object base address for datamap walks.
vampire.dll	CAI_BaseNPCTroika	0x0004	m_szDebugEntityName	char	32	walked	CBaseEntity::DebugSetEntityName 0x1009ac80 copies the name string into this buffer with Q_strncpy limit 0x1f (a 32-byte buffer ending where the class-name buffer starts at +0x24); the SetWaterLevel 0x101252e0 reader is a misattributed movement helper whose +4 is a different object.
vampire.dll	CAI_BaseNPCTroika	0x0008	m_szDebugEntityName[4]	char	1	walked	Interior byte of the 32-byte debug-name buffer at +0x4 filled by DebugSetEntityName 0x1009ac80; the only listed reader SetWaterLevel 0x101252e0 is a movement-helper receiver (its +8 is an entity pointer), not CBaseEntity.
vampire.dll	CAI_BaseNPCTroika	0x0024	m_szDebugClassName	char	32	walked	CBaseEntity::DebugSetClassName 0x1009ae10 copies the class name here with Q_strncpy limit 0x1f, a 32-byte buffer (+0x24..+0x43) beside the +0x4 entity-name buffer; the float/w2 writers (0x100353c0, 0x1006dec0, 0x1013dc60 and others) are guessed receivers of other classes.
vampire.dll	CAI_BaseNPCTroika	0x0050	m_vecAttackExtents	Vector	1	walked	CBaseEntity::SetAttackExtents 0x1009af40 sets collision attack extents via 0x100dc220 and stores the three input floats at +0x50/+0x54/+0x58; getter 0x1009b030 copies the same three words out.
vampire.dll	CAI_BaseNPCTroika	0x0054	m_vecAttackExtents.y	float	1	walked	Second component of the Vector written by SetAttackExtents 0x1009af40 from its input element 1 and returned by getter 0x1009b030.
vampire.dll	CAI_BaseNPCTroika	0x0058	m_vecAttackExtents.z	float	1	walked	Third component of the Vector written by SetAttackExtents 0x1009af40 from its input element 2 and returned by getter 0x1009b030.
vampire.dll	CAI_BaseNPCTroika	0x008c	m_hUseActivator	EHANDLE	1	walked	Ctor 0x1009d980 sets it to -1; 0x100a4fe0 fires m_OnUseBegin with its activator and stores the activator RefEHandle here (or -1 when none); 0x100a5030 fires m_OnUseEnd and resets it to -1.
vampire.dll	CAI_BaseNPCTroika	0x0090	m_flForceTransmitUntil	float	1	walked	CBaseEntity::ForceTransmit 0x1009d1e0 writes curtime plus a constant; CBaseEntity::ShouldTransmit 0x100ab020 transmits unconditionally while curtime is below it, before the normal visibility tests.
vampire.dll	CAI_BaseNPCTroika	0x0094	m_pBaseNPC	CAI_BaseNPC*	1	walked	Self-downcast cache: CBaseEntity ctor 0x1009d980 zeroes it and the CAI_BaseNPC ctor 0x1027c300 stores this; PhysicsDispatchThink 0x10033b80 derefs it at +0x5c38 and calls its vtable slot +0x918, FVisible tests a target copy non-null.
vampire.dll	CAI_BaseNPCTroika	0x0098	m_pBaseNPCTroika	CAI_BaseNPCTroika*	1	walked	Self-downcast cache: CBaseEntity ctor 0x1009d980 zeroes it and the CAI_BaseNPCTroika ctor 0x1028d230 stores this; readers (CAI_BaseNPC::Spawn null test, DecBloodPool deref +0x628c, 0x10274e30 deref +0x62ec, PhysicsStepTroika) use Troika-range offsets through it.
vampire.dll	CAI_BaseNPCTroika	0x009c	m_pCombatCharacter	CBaseCombatCharacter*	1	walked	Self-downcast cache: CBaseEntity ctor 0x1009d980 zeroes it and the CBaseCombatCharacter ctor 0x10326de0 stores this; PrecacheSoundTable 0x1009d460 passes it to CBaseCombatCharacter::IsMale and FindEntityFOV passes a target copy to CalcLookData.
vampire.dll	CAI_BaseNPCTroika	0x00a0	m_pCombatWeapon	CBaseCombatWeapon*	1	walked	Self-downcast cache: CBaseEntity ctor 0x1009d980 zeroes it and the CBaseCombatWeapon ctor 0x10250ac0 stores this; PrecacheSoundTable 0x1009d460 tests it for non-character entities and 0x10167470 hands a target copy to a weapon virtual.
vampire.dll	CAI_BaseNPCTroika	0x00a8	m_pPlayer	CBasePlayer*	1	walked	Self-downcast cache: CBaseEntity ctor 0x1009d980 zeroes it and the CBasePlayer ctor 0x1015d7c0 stores this; Inventory_Insert, Feed, MoneyRemove and Weapon_Equip use it as the CBasePlayer, and ShouldTransmit 0x100ab020 tests the recipient copy.
vampire.dll	CAI_BaseNPCTroika	0x00ac	m_pAnimal	CNPC_VAnimal*	1	walked	Self-downcast cache: CBaseEntity ctor 0x1009d980 zeroes it and the CNPC_VAnimal ctor 0x1035eba0 stores this; PrecacheSoundTable 0x1009d460 selects sound table 3 when it is set and CBaseCombatCharacter::IsKine 0x10337e40 tests it.
vampire.dll	CAI_BaseNPCTroika	0x00b4	m_iVSoundGroup	int	1	walked	Ctor 0x1009d980 sets -2 (not looked up); PrecacheSoundTable 0x1009d460 stores the lookup of m_iszVSoundGroup (variant 0) in the sound-group table 0x1073dc28; GetVSoundGroup 0x1009d6a0 re-precaches through slot +0x11c when it is below -1 and returns it.
vampire.dll	CAI_BaseNPCTroika	0x00b8	m_iVSoundGroupFemale	int	1	walked	Ctor 0x1009d980 sets -2; PrecacheSoundTable 0x1009d460 stores the female-variant lookup of m_iszVSoundGroup; read back by GetVSoundGroupFemale 0x1009d760.
vampire.dll	CAI_BaseNPCTroika	0x00bc	m_iVSoundTableIdx	int	1	walked	Ctor 0x1009d980 sets -2; PrecacheSoundTable 0x1009d460 writes 3 for animals, 2 when slot +0x118 answers true, 1 for IsMale characters, else 0; species SetModel/Precache overrides (0x1037b1f0, 0x103cb2a0, 0x103e0540) rewrite it; read by GetVSoundTableIdx 0x1009d5e0.
vampire.dll	CAI_BaseNPCTroika	0x0114	m_pfnMoveDone	BASEPTR	1	sdk-order	SDK 2013 declares m_pfnMoveDone immediately before m_pfnThink (+0x118); 0x10026c50 (MoveDone) calls through it when non-null, and CFuncPlat/CBaseDoor virtuals store member-function addresses into it.
vampire.dll	CAI_BaseNPCTroika	0x01ac	touchStamp	int	1	sdk-order	CBaseEntity::SetCheckUntouch 0x100b11d0 increments it before raising EFL_CHECK_UNTOUCH exactly as SDK 2013 does with touchStamp; PhysicsCheckForEntityUntouch 0x1003d490 and PhysicsMarkEntityAsTouched 0x1003dc70 read it.
vampire.dll	CAI_BaseNPCTroika	0x01b0	m_NetworkChangeState	CEntityNetworkChangeState	1	walked	Undeclared-in-SDK 8-byte record (bool at +0, changed bool at +1, bool at +2, short interval at +4, short countdown at +6) zeroed by 0x10146640 from ctor 0x1009d980; 0x10026b50 asks 0x10146700 whether a send is due, 0x10026b70 clears the two flags, static prop/brush Spawns set +0 via 0x101466e0; the same record type sits at m_Network+0x10; struct name is descriptive.
vampire.dll	CAI_BaseNPCTroika	0x01b1	m_NetworkChangeState.m_bChanged	bool	1	walked	Second byte of the +0x1b0 change-state record: SetAbsOrigin, CalcAbsolutePosition, SetModel, SetLocalVelocity, SetLocalAngularVelocity and ResetClientsideFrame set it to 1; 0x10146790 clears it and 0x10146700 consults it.
vampire.dll	CAI_BaseNPCTroika	0x01bc	m_aThinkFunctions.m_Memory.m_nAllocationCount	int	1	sdk-order	CUtlVector<thinkfunc_t> at +0x1b8 in SDK CUtlMemory layout: ~CBaseEntity 0x1009df20 zeroes it after freeing the buffer, RegisterThinkContext 0x100ac360 reads it when growing.
vampire.dll	CAI_BaseNPCTroika	0x01c0	m_aThinkFunctions.m_Memory.m_nGrowSize	int	1	sdk-order	~CBaseEntity 0x1009df20 frees m_pMemory only when this word is not -1 (the external-buffer marker), the CUtlMemory m_nGrowSize contract.
vampire.dll	CAI_BaseNPCTroika	0x01c4	m_aThinkFunctions.m_Size	int	1	sdk-order	Ctor 0x1009d980 zeroes it after constructing the memory; RegisterThinkContext 0x100ac360 bumps it, PhysicsRunThink 0x10033f60 and GetIndexForContext 0x100ac250 loop to it.
vampire.dll	CAI_BaseNPCTroika	0x01c8	m_aThinkFunctions.m_pElements	thinkfunc_t*	1	sdk-order	Ctor 0x1009d980, RegisterThinkContext 0x100ac360 and ~CBaseEntity 0x1009df20 copy m_pMemory into it (CUtlVector debug element pointer at +0x10).
vampire.dll	CAI_BaseNPCTroika	0x01cc	m_iCurrentThinkContext	int	1	sdk-order	Declared after m_aThinkFunctions in SDK 2013; ctor 0x1009d980 sets -1, PhysicsRunThink 0x10033f60 sets it to the running context index and back to -1, SetNextThink 0x100ac610 and GetLastThink 0x100ac720 read it.
vampire.dll	CAI_BaseNPCTroika	0x01d0	m_ResponseContexts	CUtlVector<ResponseContext_t>	1	sdk-order	Second CUtlVector (0x14 bytes, +0x1d0..+0x1e3) constructed in ctor 0x1009d980 and torn down in ~CBaseEntity 0x1009df20, sitting between m_iCurrentThinkContext and m_iszResponseContext exactly as SDK 2013 declares.
vampire.dll	CAI_BaseNPCTroika	0x01d4	m_ResponseContexts.m_Memory.m_nAllocationCount	int	1	sdk-order	~CBaseEntity 0x1009df20 zeroes it after freeing the +0x1d0 vector buffer.
vampire.dll	CAI_BaseNPCTroika	0x01d8	m_ResponseContexts.m_Memory.m_nGrowSize	int	1	sdk-order	~CBaseEntity 0x1009df20 frees the +0x1d0 buffer only when this word is not -1 (CUtlMemory external-buffer marker).
vampire.dll	CAI_BaseNPCTroika	0x01e0	m_ResponseContexts.m_pElements	ResponseContext_t*	1	sdk-order	Ctor 0x1009d980 and ~CBaseEntity 0x1009df20 copy the +0x1d0 m_pMemory into it (CUtlVector debug element pointer).
vampire.dll	CAI_BaseNPCTroika	0x01e4	m_iszResponseContext	string_t	1	sdk-order	CBaseEntity::Activate 0x100a0bc0 passes it to AddContext when non-null, the SDK 2013 m_iszResponseContext use, declared right after m_ResponseContexts.
vampire.dll	CAI_BaseNPCTroika	0x01f8	m_pLink	CBaseEntity*	1	walked	CBaseEntity::Dump 0x1009c980 prints this word with DumpEntity under the image string m_pLink (SDK 2013 CBaseEntity *m_pLink).
vampire.dll	CAI_BaseNPCTroika	0x0228	m_pTimedOverlay	TimedOverlay_t*	1	sdk-order	SDK 2013 declares it after m_debugOverlays; ctor 0x1009d980 zeroes it, AddTimedOverlay 0x1009f3c0 links new records onto it and DrawTimedOverlays 0x1009fe40 walks and prunes the list.
vampire.dll	CAI_BaseNPCTroika	0x0230	m_DamageModifiers	CUtlLinkedList<CDamageModifier*,int>	1	sdk-order	Linked list (+0x230..+0x253) constructed in ctor 0x1009d980 and purged in ~CBaseEntity 0x1009df20; GetAttackDamageScale 0x100a1360 and GetReceivedDamageScale 0x100a1470 walk its 0xc-byte nodes multiplying each modifier scale, SDK 2013 m_DamageModifiers.
vampire.dll	CAI_BaseNPCTroika	0x0234	m_DamageModifiers.m_Memory.m_nAllocationCount	int	1	sdk-order	~CBaseEntity 0x1009df20 zeroes it after freeing the list node buffer.
vampire.dll	CAI_BaseNPCTroika	0x0238	m_DamageModifiers.m_Memory.m_nGrowSize	int	1	sdk-order	~CBaseEntity 0x1009df20 frees the node buffer only when this word is not -1 (CUtlMemory external-buffer marker).
vampire.dll	CAI_BaseNPCTroika	0x023c	m_DamageModifiers.m_Head	int	1	sdk-order	GetAttackDamageScale 0x100a1360 and GetReceivedDamageScale 0x100a1470 start iteration from this index and stop at -1, following each node next link.
vampire.dll	CAI_BaseNPCTroika	0x02b5	m_Collision.m_usSolidFlags.hibyte	unsigned char	1	walked	Not a separate member: the high byte of the short m_Collision.m_usSolidFlags at +0x2b4; DrawBBoxOverlay 0x1009f4e0 tests bit 0 of it (solid flag 0x100) to decide whether to draw the surrounding box.
vampire.dll	CAI_BaseNPCTroika	0x02d4	m_Network	CServerNetworkProperty	1	sdk-order	Embedded network property: ctor 0x1009d980 constructs it via 0x101ab3d0 (vftable_IServerNetworkable then vftable_CServerNetworkProperty) and binds the outer entity through 0x101ab590; ~CBaseEntity destroys it via 0x101ab550; ShouldTransmit 0x100ab020 calls its vtable +0x1c and 0x101ab8f0.
vampire.dll	CAI_BaseNPCTroika	0x02e0	m_Network.m_pPev	edict_t*	1	walked	m_Network+0xc (zeroed by 0x101ab590; +4 is the outer entity and +8 the transmit proxy freed in 0x101ab550); DrawBBoxOverlay 0x1009f4e0 and SendDebugPivotOverlay gate on it non-null and DrawTimedOverlays/DrawDebugTextOverlays pass it to engine calls as the entity edict.
vampire.dll	CAI_BaseNPCTroika	0x0378	m_pPythonObject	PyObject*	1	walked	CBaseEntity::Dump 0x1009c980 prints it with DumpPtr under the image string m_pPythonObject; ctor 0x1009d980 zeroes it and ~CBaseEntity 0x1009df20 releases it through 0x10196850 when non-null.
vampire.dll	CAI_BaseNPCTroika	0x0380	m_bSentLastFrame	bool	1	walked	CBaseEntity::SetSentLastFrame 0x100b12e0 writes the byte (ctor 0x1009d980 calls it with 0) and GetSentLastFrame 0x100b1380 returns it.
vampire.dll	CAI_BaseNPCTroika	0x03bc	m_vecAbsVelocity	Vector	1	sdk-order	SDK 2013 declares m_vecAbsVelocity between m_vecBaseVelocity (+0x3b0) and m_vecAngVelocity (+0x3c8); CalcAbsoluteVelocity 0x100b1d10 and SetAbsVelocity 0x100b2770 write three floats +0x3bc..+0x3c4, PhysicsTryMove and PhysicsAddHalfGravity read them.
vampire.dll	CAI_BaseNPCTroika	0x03c0	m_vecAbsVelocity.y	float	1	sdk-order	Second float of the absolute velocity written by CalcAbsoluteVelocity 0x100b1d10 and SetAbsVelocity 0x100b2770.
vampire.dll	CAI_BaseNPCTroika	0x03c4	m_vecAbsVelocity.z	float	1	sdk-order	Third float of the absolute velocity written by CalcAbsoluteVelocity 0x100b1d10 and SetAbsVelocity 0x100b2770, read by PhysicsAddHalfGravity 0x10035490.
vampire.dll	CAI_BaseNPCTroika	0x043c	m_bIsPlayerSimulated	bool	1	sdk-order	SDK 2013 declares it right before m_hPlayerSimulationOwner (+0x440); CBaseEntity::UnsetPlayerSimulated 0x100b3ee0 clears this byte.
vampire.dll	CAI_BaseNPCTroika	0x0444	m_fDataObjectTypes	int	1	sdk-order	HasDataObjectType 0x1003cb00 tests, AddDataObjectType 0x1003cbc0 sets and RemoveDataObjectType 0x1003cc80 clears bits of it, SDK 2013 m_fDataObjectTypes after m_hPlayerSimulationOwner.
vampire.dll	CAI_BaseNPCTroika	0x0448	m_RefEHandle	CBaseHandle	1	sdk-order	Ctor 0x1009d980 sets it to -1; 0x10027450 writes it and GetRefEHandle 0x10027470 returns its address, which ~CBaseEntity 0x1009df20 hands to the entity list for removal.
vampire.dll	CAI_BaseNPCTroika	0x05ac	m_bGroundSpeedFromIntervalMovement	bool	1	walked	Only writer is the CNPC_VZombie RunAI override 0x103df850 setting it to 1 each run; CBaseAnimating::GetSequenceGroundSpeed 0x10091490 uses sequence move distance over duration when it is 0 and measured GetIntervalMovement over the last anim interval when set.
vampire.dll	CAI_BaseNPCTroika	0x05b8	m_hExtraAnimationEntity	EHANDLE	1	walked	CBaseAnimating ctor 0x1008b230 sets -1; AddExtraAnimationModels 0x1008e0a0 stores the source entity RefEHandle; GetModelPtr 0x100952d0 and OnRestore 0x1008df10 require it to resolve before using the extra models.
vampire.dll	CAI_BaseNPCTroika	0x05bc	m_nExtraAnimModelIndex	int	2	walked	AddExtraAnimationModels 0x1008e0a0 stores its two model-index arguments at +0x5bc/+0x5c0 (clamped at 0, both zero means remove) and compares them to skip a redundant rebind; GetModelPtr 0x100952d0 indexes this pair with its 0/1 argument to fetch the extra studio model.
vampire.dll	CAI_BaseNPCTroika	0x05c0	m_nExtraAnimModelIndex[1]	int	1	walked	Second extra model index written by AddExtraAnimationModels 0x1008e0a0 from its fifth argument and read by GetModelPtr 0x100952d0 for index 1.
vampire.dll	CAI_BaseNPCTroika	0x05c4	m_ExtraAnimSequenceMap	CUtlVector<ExtraAnimSequenceMap_t>	2	walked	Two 0x14-byte CUtlVectors (+0x5c4, +0x5d8) constructed in CBaseAnimating ctor 0x1008b230; AddExtraAnimationModels 0x1008e0a0 and OnRestore 0x1008df10 rebuild each through 0x100c7be0, which appends 0x3c-byte records (extra-model sequence index, own-model sequence index, a flag byte, an identity matrix3x4) for sequences whose names match the stored prefixes; element struct name is descriptive.
vampire.dll	CAI_BaseNPCTroika	0x05ec	m_szExtraAnimSeqPrefix	char	40	walked	AddExtraAnimationModels 0x1008e0a0 compares its first name argument with this buffer and copies it in with Q_strncpy limit 0x28; OnRestore 0x1008df10 and SetModel 0x10095030 pass it to 0x100c7be0 as the sequence-name prefix to match; the float writer 0x102d1420 is another class.
vampire.dll	CAI_BaseNPCTroika	0x0614	m_szExtraAnimSeqReplacePrefix	char	40	walked	AddExtraAnimationModels 0x1008e0a0 stores its second name argument here with Q_strncpy limit 0x28 (ending at m_hWindSourceEntity +0x63c); 0x100c7be0 substitutes it for the matched prefix (falling back to the +0x5ec prefix when empty) before looking the name up in the other model.
vampire.dll	CAI_BaseNPCTroika	0x0a58	m_SceneEvents	CUtlVector<CSceneEventInfo>	1	walked	CBaseFlex::AddSceneEvent 0x100b5e60 (string "CBaseFlex::AddExpression") grows it by alloc count/grow size and inserts a 7-word 0x1c-byte record {event, scene, started, layer, sequence, startTime}; 0x100b5d80 and 0x100b6180 remove/clear it by m_Size; matches SDK 2013 CBaseFlex m_SceneEvents declared after m_blinktoggle (docs/vtmb/choreographed_scenes.md cites the array at +0xa58 stride 0x1c).
vampire.dll	CAI_BaseNPCTroika	0x0a5c	m_SceneEvents.m_Memory.m_nAllocationCount	int	1	walked	0x100b5e60 compares it with m_Size+1, doubles or adds the grow size and writes it back before Plat_Alloc/Plat_Realloc of count*0x1c.
vampire.dll	CAI_BaseNPCTroika	0x0a60	m_SceneEvents.m_Memory.m_nGrowSize	int	1	walked	0x100b5e60 reads it as the grow increment (0 means double, -1 means external memory that may not grow).
vampire.dll	CAI_BaseNPCTroika	0x0a64	m_SceneEvents.m_Size	int	1	walked	Element count: 0x100b5e60 increments it on insert, 0x100b5d80 decrements it per removed record and zeroes it on the clear-all arm, AddSceneExpressions 0x10105f30 iterates to it.
vampire.dll	CAI_BaseNPCTroika	0x0a68	m_SceneEvents.m_pElements	CSceneEventInfo*	1	walked	0x100b5e60 mirrors the memory pointer into it after each grow (the retail CUtlVector debug element pointer), never read back.
vampire.dll	CAI_BaseNPCTroika	0x0a88	m_MeleeDiceRolls	CUtlVector<MeleeDiceRoll_t>	1	walked	Constructor 0x10326de0 builds it with 0x10349d10 and zero size; CalcAndStoreMeleeDiceRolls 0x10346380 appends a 0x10-byte record {EHANDLE defender, lethality, defense successes, soak successes}; GetMeleeDiceRolls 0x10345980 scans it by defender handle; ~CBaseCombatCharacter 0x103274d0 purges it (docs/vtmb/combat-and-damage.md opposed record array).
vampire.dll	CAI_BaseNPCTroika	0x0a94	m_MeleeDiceRolls.m_Size	int	1	walked	Record count: ForceMeleeReset 0x10346760 zeroes it each swing, 0x10345980 loops to it, 0x10346380 inserts at it (combat-and-damage.md names the count at +0xA94); the vector spans 0xa88..0xa9b.
vampire.dll	CAI_BaseNPCTroika	0x0a98	m_MeleeDiceRolls.m_pElements	MeleeDiceRoll_t*	1	walked	Constructor 0x10326de0 and destructor 0x103274d0 copy the memory pointer into it (CUtlVector debug element pointer at +0x10 of the 0x14-byte vector).
vampire.dll	CAI_BaseNPCTroika	0x0a9c	m_flUnknown_a9c	float	1	unsettled	Written only with the float -1.0 (0xbf800000), by constructor 0x10326de0 and LeaveGrappleState 0x10329a70; no reader exists in the decompiled corpus or the listing, so its meaning cannot be recovered from use.
vampire.dll	CAI_BaseNPCTroika	0x0aa0	m_bDidPlayMeleeImpactEffect	bool	1	walked	MeleeSwingStep 0x10343020 fires the surface impact effect 0x101cfef0 on the traced hit only while it is 0 and then sets it to 1; ForceMeleeReset 0x10346760 clears it per swing.
vampire.dll	CAI_BaseNPCTroika	0x0aa3	m_bDidSendSwingActiveEvent	bool	1	walked	MeleeSwingUpdate 0x10346cd0, once IsMeleeSwingActive holds, calls the active weapon's vfunc +0x534 with event 0x15 only while it is 0 and then latches it; ForceMeleeReset 0x10346760 clears it (sits after the datamap bools m_bMeleeSwingIsLive/m_bDidSendIncomingSwingNotice).
vampire.dll	CAI_BaseNPCTroika	0x0e68	m_iScriptedEyeLookType	int	1	walked	SetScriptedEyeTarget 0x10325cb0 stores its mode param with m_hEyeLookTarget (0 clears both); MaintainScriptedEyeDirection 0x10325620 switches on it: 1 target eye position (vt+0x304), 2 target centre (vt+0x300), 3 target origin (vt+0x364), else head-forward, and zeroes it when the handle dies; UpdateCharacter 0x103246d0 tests it for 0 (LookAtEntityEye/Center/Origin inputs).
vampire.dll	CAI_BaseNPCTroika	0x108c	m_iLookDataFrame	int	1	walked	CalcLookData 0x10331da0 compares it with the engine frame counter (engine vt+0x1e0) and refreshes the cached head position/forward when it differs, storing the new frame; HeadDirection3D 0x10331b30 returns the cached forward when it matches (docs/vtmb/camera-view-modes.md per-frame head cache).
vampire.dll	CAI_BaseNPCTroika	0x1090	m_vecLookDataHeadPosition	Vector	1	walked	CalcLookData 0x10331da0 writes it as VectorTransform (0x10137fe0) of m_vecViewOffset plus the head bone offset through the head bone matrix and copies its three words to the caller's position out-param (a Vector, not the matrix camera-view-modes.md describes).
vampire.dll	CAI_BaseNPCTroika	0x1094	m_vecLookDataHeadPosition.y	float	1	walked	Second component of the cached head position written by 0x10137fe0 in CalcLookData 0x10331da0 and copied to the out-param's second word.
vampire.dll	CAI_BaseNPCTroika	0x1098	m_vecLookDataHeadPosition.z	float	1	walked	Third component of the cached head position written by 0x10137fe0 in CalcLookData 0x10331da0 and copied to the out-param's third word.
vampire.dll	CAI_BaseNPCTroika	0x109c	m_vecLookDataHeadForward	Vector	1	walked	CalcLookData 0x10331da0 writes it as VectorRotate (0x101381b0) of m_vecHeadLocalForward by the head bone matrix; HeadDirection3D 0x10331b30 returns its three words when the frame stamp matches.
vampire.dll	CAI_BaseNPCTroika	0x10a0	m_vecLookDataHeadForward.y	float	1	walked	Second component of the cached head forward, copied out by CalcLookData 0x10331da0 and HeadDirection3D 0x10331b30.
vampire.dll	CAI_BaseNPCTroika	0x10a4	m_vecLookDataHeadForward.z	float	1	walked	Third component of the cached head forward, copied out by CalcLookData 0x10331da0 and HeadDirection3D 0x10331b30.
vampire.dll	CAI_BaseNPCTroika	0x10b0	m_TeamSymbol	unsigned short	1	walked	Constructor 0x10326de0 sets it to 0xffff; AddToTeam 0x103239a0 strips a leading '!' and stores the 16-bit symbol id returned by the lowercased symbol-table lookup 0x10230880 on the team registry 0x10751140; 0x10323a70 returns it as a word.
vampire.dll	CAI_BaseNPCTroika	0x10bc	m_Expressions	CUtlVector<ScriptedExpression_t>	1	doc	docs/vtmb/facial_animation.md "The expression stack" names the CUtlVector at +0x10bc, count +0x10c8, stride 0x20, max 10, absent from the datamap; ReloadExpressionsForMyModel 0x10106c40, AddScriptedExpression 0x101067e0, UpdateExpressions 0x10106050, ClearExpressions 0x10106490 and the destructor 0x103274d0 (purge via 0x10107480) operate on it.
vampire.dll	CAI_BaseNPCTroika	0x10c0	m_Expressions.m_Memory.m_nAllocationCount	int	1	walked	~CBaseCombatCharacter 0x103274d0 zeroes it after freeing the memory; AddScriptedExpression 0x101067e0 and 0x102c1a80 read it when growing the 0x20-stride buffer.
vampire.dll	CAI_BaseNPCTroika	0x10c4	m_Expressions.m_Memory.m_nGrowSize	int	1	walked	~CBaseCombatCharacter 0x103274d0 frees the memory only when it is not -1 (external memory marker); read by ReloadExpressionsForMyModel 0x10106c40 and 0x102c1a80 on grow.
vampire.dll	CAI_BaseNPCTroika	0x10c8	m_Expressions.m_Size	int	1	walked	Element count per facial_animation.md: AddScriptedExpression 0x101067e0 checks it against max 10 and increments it, UpdateExpressions 0x10106050 and FadeoutExpressions 0x101063a0 iterate it, DrawDebugStatOverlays 0x1029c010 prints it.
vampire.dll	CAI_BaseNPCTroika	0x10cc	m_Expressions.m_pElements	ScriptedExpression_t*	1	walked	Written with the memory pointer by every mutator (0x10106050, 0x10106490, 0x101067e0, 0x10106c40, 0x102c1a80) and the destructor 0x103274d0, never read: the CUtlVector debug element pointer.
vampire.dll	CAI_BaseNPCTroika	0x10d8	m_hUnreadHandle10d8	EHANDLE	1	unsettled	CBaseCombatCharacter ctor 0x10326de0 writes -1 here next to m_hActiveIArmor/m_hLastIArmor (+0x10dc/+0x10e0, also -1), so it is a handle, but no other body in the corpus reads or writes it, so no behaviour names it.
vampire.dll	CAI_BaseNPCTroika	0x1208	m_pVAttributesBase	int*	1	walked	Constructor 0x10326de0 points it at m_iVAttributesBase (+0x10f0) and passes &+0x1208 to CVStatListManager_t::BindStatList 0x10201e70 as stat list 0; the destructor 0x103274d0 zeroes it.
vampire.dll	CAI_BaseNPCTroika	0x120c	m_pVAttributesCurrent	int*	1	walked	Constructor 0x10326de0 points it at m_iVAttributesCurrent (+0x117c), second word of the binding pair handed to BindStatList(0); the destructor 0x103274d0 zeroes it.
vampire.dll	CAI_BaseNPCTroika	0x1278	m_pVAbilitiesBase	int*	1	walked	Constructor 0x10326de0 points it at m_iVAbilitiesBase (+0x1210) and passes &+0x1278 to CVStatListManager_t::BindStatList as stat list 1; the destructor 0x103274d0 zeroes it.
vampire.dll	CAI_BaseNPCTroika	0x127c	m_pVAbilitiesCurrent	int*	1	walked	Constructor 0x10326de0 points it at m_iVAbilitiesCurrent (+0x1244) for BindStatList(1); the destructor 0x103274d0 zeroes it.
vampire.dll	CAI_BaseNPCTroika	0x1308	m_pVDisciplinesBase	int*	1	walked	Constructor 0x10326de0 points it at m_iVDisciplinesBase (+0x1280) and passes &+0x1308 to CVStatListManager_t::BindStatList as stat list 2; the destructor 0x103274d0 zeroes it.
vampire.dll	CAI_BaseNPCTroika	0x130c	m_pVDisciplinesCurrent	int*	1	walked	Constructor 0x10326de0 points it at m_iVDisciplinesCurrent (+0x12c4) for BindStatList(2); the destructor 0x103274d0 zeroes it.
vampire.dll	CAI_BaseNPCTroika	0x1398	m_pVActiveDisciplinesBase	int*	1	walked	Constructor 0x10326de0 points it at m_iVActiveDisciplinesBase (+0x1310) and passes &+0x1398 to CVStatListManager_t::BindStatList as stat list 3; the destructor 0x103274d0 zeroes it.
vampire.dll	CAI_BaseNPCTroika	0x139c	m_pVActiveDisciplinesCurrent	int*	1	walked	Constructor 0x10326de0 points it at m_iVActiveDisciplinesCurrent (+0x1354) for BindStatList(3); the destructor 0x103274d0 zeroes it.
vampire.dll	CAI_BaseNPCTroika	0x13a4	m_iUpdateFlags	int	1	walked	CBaseCombatCharacter::Dump 0x103222c0 prints it under the image string "m_iUpdateFlags" between m_iVHistoryID and m_iGender; 0x1022ec20 ORs bit 1 into it after applying CVStatAction_t actions (stat dirty flag).
vampire.dll	CAI_BaseNPCTroika	0x13a8	m_StatListManager	CVStatListManager_t	1	walked	Constructor 0x10326de0 sets its first word (grow increment) to 1, calls CVStatListManager_t::Bind 0x10201ca0 (which fills +0x4..+0x20 of it) and BindStatList x4 on it; MemberSync 0x10337ca0 calls CVStatListManager_t::Update on &+0x13a8; the object spans 0x13a8..0x13cb up to m_iGender.
vampire.dll	CAI_BaseNPCTroika	0x13ac	m_StatListManager.m_nNextListId	int	1	walked	CVStatListManager_t::Bind 0x10201ca0 post-increments this+4 as the id passed to each new CVStatList_t; the constructor 0x10326de0 and destructor 0x103274d0 zero it.
vampire.dll	CAI_BaseNPCTroika	0x13b8	m_StatListManager.m_nAllocated	int	1	walked	CVStatListManager_t::Bind 0x10201ca0 grows this+0x10 by the grow word at +0 when it equals the count and reallocates the list array to it; the destructor 0x103274d0 zeroes it.
vampire.dll	CAI_BaseNPCTroika	0x13bc	m_StatListManager.m_nCount	int	1	walked	Count of CVStatList_t pointers (this+0x14): Bind 0x10201ca0 increments it per list, the destructor 0x103274d0 deletes that many lists, and stat readers (UpdateAuspex 0x100532b0, NPCInit 0x1029a0b0, IsMale 0x10336920) bound-check list ids against it.
vampire.dll	CAI_BaseNPCTroika	0x13c0	m_StatListManager.m_ppLists	CVStatList_t**	1	walked	Array of CVStatList_t pointers (this+0x18) allocated by Bind 0x10201ca0 and dereferenced by BindStatList 0x10201e70 as entries 0..3; about 200 stat readers index it (Attributes list id 0 per docs/vtmb/stealth.md); the destructor 0x103274d0 deletes each entry and frees it.
vampire.dll	CAI_BaseNPCTroika	0x1460	m_ReactionIds	CVReactionIdList_t	1	walked	Separate 8-byte {int count; int* ids} member after m_tEffectList (constructed by 0x101f1b90 and destroyed by 0x101f1bb0 apart from m_tEffectList's 0x101f9670/0x101f9690, so the datamap custom extent is 0x84); 0x101f1be0 appends and 0x101f1c70 removes ids validated against the ReactionInfoList table 0x1073a9a0 from stat actions 0x101f8510/0x101f8e20; the dialog-reaction calc 0x10227da0 and dump 0x100d7520 iterate it.
vampire.dll	CAI_BaseNPCTroika	0x149c	m_hFeedTarget	EHANDLE	1	doc	docs/vtmb/feeding.md offset table and animation_events.md name +0x149c the authoritative feed-target handle m_hFeedTarget; constructor 0x10326de0 sets -1, FeedBegin 0x10339d90 stores the victim handle, FeedInterrupt 0x1033a9e0 clears it, CanFeed 0x103395f0 and Feed 0x1033a400 resolve it.
vampire.dll	CAI_BaseNPCTroika	0x14a8	m_bFeedContinuation	bool	1	doc	docs/vtmb/feeding.md names +0x14a8 the player feed-continuation latch (set by Replenish and SeductiveFeed 0x10198150); constructor 0x10326de0 zeroes it, FeedInterrupt 0x1033a9e0 and PrayerEnd 0x1033b890 clear it; animation_and_movers.md reads it as the prayer hold byte.
vampire.dll	CAI_BaseNPCTroika	0x14a9	m_bInFeedInterrupt	bool	1	doc	docs/vtmb/feeding.md names +0x14a9 the FeedInterrupt re-entry guard; FeedInterrupt 0x1033a9e0 tests, sets and clears it, the constructor 0x10326de0 zeroes it.
vampire.dll	CAI_BaseNPCTroika	0x14aa	m_bPrayerHasTarget	bool	1	walked	Constructor 0x10326de0, CBasePlayer::Spawn 0x1016d260, Event_Killed 0x10163af0 and PrayerEnd 0x1033b890 clear it; 0x1018b7e0 uses the +0x14ac handle only when InPrayer and this byte are set, 0x1016bb50 gates a player mode on it with +0x14a8, 0x10181780 mirrors it into flag bit 4; no writer of a true value exists in the listing.
vampire.dll	CAI_BaseNPCTroika	0x14ac	m_hPrayerTarget	EHANDLE	1	walked	Set to -1 by constructor 0x10326de0, CBasePlayer::Spawn 0x1016d260, Event_Killed 0x10163af0 and PrayerEnd 0x1033b890; 0x1018b7e0 resolves it through the entity handle table as the subject while InPrayer and +0x14aa hold, beside the feed-target +0x149c and grapple-partner +0x1538 arms; no non-(-1) writer in the listing.
vampire.dll	CAI_BaseNPCTroika	0x1534	m_GrappleSavedMoveType	int	1	walked	Dump 0x103222c0 prints it under the image string "m_GrappleSavedMoveType"; EnterGrappleState 0x10329760 stores GetMoveType (vt+0x178) before changing move type, LeaveGrappleState 0x10329a70 restores via vt+0x174 (docs/vtmb/stealth.md).
vampire.dll	CAI_BaseNPCTroika	0x1538	m_GrapplePartner	EHANDLE	1	walked	Dump 0x103222c0 prints it with DumpEhandle under the image string "m_GrapplePartner"; constructor 0x10326de0 sets -1, EnterGrappleState 0x10329760 stores the partner handle, LeaveGrappleState 0x10329a70 resets -1, NPCThink/RunAlternateAI/Event_Killed resolve it (docs/vtmb/stealth.md).
vampire.dll	CAI_BaseNPCTroika	0x153c	m_GrappleRole	int	1	walked	Dump 0x103222c0 prints it under "m_GrappleRole"; EnterGrappleState 0x10329760 stores param_2 (-1 none, 0 attacker, 1 victim), LeaveGrappleState 0x10329a70 resets -1; constructor 0x10326de0 seeds -1 (docs/vtmb/stealth.md).
vampire.dll	CAI_BaseNPCTroika	0x1540	m_GrappleType	int	1	walked	Dump 0x103222c0 prints it under "m_GrappleType"; EnterGrappleState 0x10329760 stores param_3, LeaveGrappleState 0x10329a70 tests types 1/4 then resets -1; CanStartGrappleAttack 0x103285a0 and FeedBegin read the mode (8 zombie feed, 3 senses arm) per docs/vtmb/stealth.md.
vampire.dll	CAI_BaseNPCTroika	0x1544	m_GrapplePosition	int	1	walked	Dump 0x103222c0 prints it under "m_GrapplePosition"; EnterGrappleState 0x10329760 stores param_4, LeaveGrappleState 0x10329a70 resets -1, TranslateBaseGrappleActivity 0x10328380 reads it to pick the activity variant.
vampire.dll	CAI_BaseNPCTroika	0x1548	m_vecGrappleSavedOrigin	Vector	1	walked	EnterGrappleState 0x10329760 copies the three words of GetAbsOrigin (vt+0x370) into +0x1548..+0x1550; LeaveGrappleState 0x10329a70 passes &+0x1548 to the SetAbsOrigin helper 0x101cf5c0 when no Bip01 bone exists and reads +0x1550 as the z height otherwise (docs/vtmb/stealth.md).
vampire.dll	CAI_BaseNPCTroika	0x154c	m_vecGrappleSavedOrigin.y	float	1	walked	Second word of the origin copied by EnterGrappleState 0x10329760; read back with the vector by LeaveGrappleState 0x10329a70.
vampire.dll	CAI_BaseNPCTroika	0x1550	m_vecGrappleSavedOrigin.z	float	1	walked	Third word of the origin copied by EnterGrappleState 0x10329760; LeaveGrappleState 0x10329a70 loads it as a float for the restored bone-position z.
vampire.dll	CAI_BaseNPCTroika	0x1554	m_bGrappleHolsteredWeapon	bool	1	walked	EnterGrappleState 0x10329760 clears it and sets it to 1 when param_7 asks and the active weapon is holstered via vt+0x108; LeaveGrappleState 0x10329a70 re-deploys the active weapon via vt+0x10c only when it is set.
vampire.dll	CAI_BaseNPCTroika	0x1558	m_hGrappleAnimDriver	EHANDLE	1	walked	Sendtable builder 0x10321a60 registers the ehandle prop "m_hGrappleAnimDriver" at offset 0x1558; EnterGrappleState 0x10329760 stores the partner handle only when role != 0, LeaveGrappleState 0x10329a70 and the constructor 0x10326de0 set -1 (docs/vtmb/stealth.md).
vampire.dll	CAI_BaseNPCTroika	0x156c	m_eDefaultHull	int	1	walked	Constructor 0x10326de0 sets it and m_eHull to 0x17; the hull setter 0x102d7730 and Spawns (CGeneric_NPC 0x1035a090, CNPC_Crow 0x10357440) write both, while transform StartTasks (CNPC_VHengeyokai 0x103805d0, CNPC_VMingXiao 0x10392d80) change m_eHull alone; DrawDebugGeometryOverlays 0x1029ca50 draws this hull's extents when it differs from m_eHull.
vampire.dll	CAI_BaseNPCTroika	0x1590	m_bCutsceneForceLOD	bool	1	walked	Sendtable builder 0x10321a60 registers the 1-byte prop "m_bCutsceneForceLOD" at offset 0x1590; written by the three setter virtuals 0x102b51e0/0x102b5220/0x102b5260 and by 0x102c0360.
vampire.dll	CAI_BaseNPCTroika	0x19b0	CAI_DefMovementSink::vftable	vftable*	1	walked	CAI_BaseNPC's second base (SDK 2013 ai_basenpc.h: CBaseCombatCharacter, CAI_DefMovementSink): the base constructor 0x1027c300 installs vftable_CAI_DefMovementSink here right after the CBaseCombatCharacter constructor, then overwrites it with vftable_CAI_BaseNPC_at6576; CAI_BaseNPCTroika 0x1028d230 and every species constructor/destructor install their own <Class>_at6576 table at the same word.
vampire.dll	CAI_BaseNPCTroika	0x19b4	m_ExtendedSaveHeader	AIExtendedSaveHeader_t	1	walked	0x8c-byte member ending at m_bShouldMove +0x1a40: CAI_BaseNPC::Restore 0x1027c160 reads it with datamap_AIExtendedSaveHeader_t (flags +4, szSchedule[128] +8, scheduleCrc +0x88) before CBaseCombatCharacter::Restore; retail keeps SDK 2013's local saveHeader as a member.
vampire.dll	CAI_BaseNPCTroika	0x19b4	m_ExtendedSaveHeader.version	short	1	walked	constructor 0x1027c300 writes word 1 here; CAI_BaseNPC::OnRestore 0x1027bf50 requires the short to equal 1 (with szSchedule non-empty) before trusting the saved schedule, the SDK 2013 AIExtendedSaveHeader_t::version check.
vampire.dll	CAI_BaseNPCTroika	0x19b8	m_ExtendedSaveHeader.flags	unsigned int	1	walked	datamap_AIExtendedSaveHeader_t names flags at header +4; OnRestore 0x1027bf50 tests bit 1 against GetEnemy (slot +0x29c) and bit 2 against m_hTargetEnt (SDK AIESH_HAD_ENEMY/AIESH_HAD_TARGET) and copies bit 4 into +0x5c58 (navigator-restore flag); constructor zeroes it.
vampire.dll	CAI_BaseNPCTroika	0x19bc	m_ExtendedSaveHeader.szSchedule	char[128]	128	walked	datamap_AIExtendedSaveHeader_t names szSchedule[128] at header +8; OnRestore 0x1027bf50 tests its first byte and passes its address to g_AI_SchedulesManager.GetScheduleByName 0x1030f350 to recover m_pSchedule +0x5c38.
vampire.dll	CAI_BaseNPCTroika	0x1a3c	m_ExtendedSaveHeader.scheduleCrc	CRC32_t	1	walked	datamap_AIExtendedSaveHeader_t names scheduleCrc at header +0x88; OnRestore 0x1027bf50 CRCs the looked-up schedule's task array (sched +0x20, count +0x24 times 8) and clears m_pSchedule when it differs from this word.
vampire.dll	CAI_BaseNPCTroika	0x1a48	m_DeferredDeathInfo	CTakeDamageInfo	1	doc	docs/vtmb/npc-ai/social.md "Death deferred under a scripted sequence": Event_Killed 0x10265ad0 copies the whole 0x4c-byte damage packet here (ending at m_hLastEnemy +0x1a94) when NPC_STATE_SCRIPT with a started cine not flagged 0x80-without-0x2000, then returns; constructed by 0x101c2690 in the base constructor; read nowhere (dead store).
vampire.dll	CAI_BaseNPCTroika	0x1a48	m_DeferredDeathInfo.m_pVDmg	CVDmg_t*	1	walked	packet +0: the damage-info init 0x101c26d0 stores its sixth argument here, a CVDmg_t descriptor (CBaseCombatCharacter::Die passes a stack CVDmg_t; docs/vtmb/stealth.md mode-3 completion names it the descriptor); 0x101c2890 defaults it to 0; Event_Killed 0x10265ad0 copies it.
vampire.dll	CAI_BaseNPCTroika	0x1a4c	m_DeferredDeathInfo.m_flScale04	float	1	unsettled	packet +4: only seen defaulted to 1.0 by the init 0x101c2890 and copied by Event_Killed 0x10265ad0; one of three unit-float scales at +4/+8/+0xc whose consumer was not walked, so the name is not recoverable from these bodies.
vampire.dll	CAI_BaseNPCTroika	0x1a50	m_DeferredDeathInfo.m_flScale08	float	1	unsettled	packet +8: defaulted to 1.0 by 0x101c2890 and copied by Event_Killed 0x10265ad0; consumer not walked, name not recoverable here.
vampire.dll	CAI_BaseNPCTroika	0x1a54	m_DeferredDeathInfo.m_flScale0C	float	1	unsettled	packet +0xc: defaulted to 1.0 by 0x101c2890 and copied by Event_Killed 0x10265ad0; consumer not walked, name not recoverable here.
vampire.dll	CAI_BaseNPCTroika	0x1a58	m_DeferredDeathInfo.m_vecDamageForce	Vector	1	walked	packet +0x10: 0x101c2910 fills it from its first Vector argument (vec3_origin in the default constructor 0x101c2690), and Event_Killed 0x10265ad0 copies it with the Vector assign 0x1003e4b0; SDK 2013 CTakeDamageInfo's first Vector.
vampire.dll	CAI_BaseNPCTroika	0x1a64	m_DeferredDeathInfo.m_vecDamagePosition	Vector	1	walked	packet +0x1c: 0x101c2910 fills it from its second Vector argument and Event_Killed 0x10265ad0 copies it with the Vector assign 0x1003e4b0; SDK 2013 CTakeDamageInfo's second Vector.
vampire.dll	CAI_BaseNPCTroika	0x1a70	m_DeferredDeathInfo.m_pInflictor	CBaseEntity*	1	walked	packet +0x28: 0x101c2890 stores the inflictor argument here (callers pass the weapon/grenade/rotating entity this), copied by Event_Killed 0x10265ad0; raw pointer in retail, not an EHANDLE.
vampire.dll	CAI_BaseNPCTroika	0x1a74	m_DeferredDeathInfo.m_pAttacker	CBaseEntity*	1	walked	packet +0x2c: 0x101c2890 stores the attacker argument (or the inflictor when null); Event_Killed 0x10265ad0 calls slot +4 GetRefEHandle on the source packet's +0x2c to fill m_hLastDamageEnt +0x5b7c.
vampire.dll	CAI_BaseNPCTroika	0x1a78	m_DeferredDeathInfo.m_flDamage	float	1	walked	packet +0x30: 0x101c2890 stores the damage amount argument (1.0 and m_flBlockDamage at call sites) here and again at +0x34; copied by Event_Killed 0x10265ad0.
vampire.dll	CAI_BaseNPCTroika	0x1a7c	m_DeferredDeathInfo.m_flMaxDamage	float	1	walked	packet +0x34: 0x101c2890 seeds it with the same damage argument as +0x30 (SDK 2013 m_flMaxDamage follows m_flDamage); copied by Event_Killed 0x10265ad0.
vampire.dll	CAI_BaseNPCTroika	0x1a80	m_DeferredDeathInfo.m_bitsDamageType	int	1	walked	packet +0x38: 0x101c2890 stores the damage-type argument (the stealth mode-3 kill passes 0, CFuncRotating passes 1); copied by Event_Killed 0x10265ad0.
vampire.dll	CAI_BaseNPCTroika	0x1a84	m_DeferredDeathInfo.m_iDamageCustom	int	1	walked	packet +0x3c: 0x101c2890 stores the fifth init argument (0 at most call sites), the SDK 2013 position after m_bitsDamageType; copied by Event_Killed 0x10265ad0.
vampire.dll	CAI_BaseNPCTroika	0x1a88	m_DeferredDeathInfo.m_iAmmoType	int	1	walked	packet +0x40: 0x101c2890 stores the last init argument, -1 at every constructor call read (0x101c2690, Die, CFuncRotating, grenade), the SDK m_iAmmoType default; copied by Event_Killed 0x10265ad0.
vampire.dll	CAI_BaseNPCTroika	0x1a8c	m_DeferredDeathInfo.m_flScale44	float	1	unsettled	packet +0x44: defaulted to 1.0 by 0x101c2890 and copied by Event_Killed 0x10265ad0; consumer not walked (the feeding.md m_iClientFeedBloodPool hint is the player's +0x1a8c, a different receiver).
vampire.dll	CAI_BaseNPCTroika	0x1a90	m_DeferredDeathInfo.m_bFlag48	bool	1	unsettled	packet +0x48: cleared by 0x101c2890 and byte-copied by Event_Killed 0x10265ad0; consumer not walked, name not recoverable here.
vampire.dll	CAI_BaseNPCTroika	0x1a91	m_DeferredDeathInfo.m_bFlag49	bool	1	unsettled	packet +0x49: cleared by 0x101c2890 and byte-copied by Event_Killed 0x10265ad0; consumer not walked.
vampire.dll	CAI_BaseNPCTroika	0x1a92	m_DeferredDeathInfo.m_bFlag4A	bool	1	unsettled	packet +0x4a: cleared by 0x101c2890 and byte-copied by Event_Killed 0x10265ad0; consumer not walked.
vampire.dll	CAI_BaseNPCTroika	0x1b2c	m_SelectScheduleTrace	AIDebugTrace_t	1	walked	selector debug stamp {int selector tag, const char* __FILE__, int __LINE__}: SelectSchedule 0x1028a380 writes tag 1 on entry and the file/line pair (AI_BaseNPC.cpp, 0xe5b..0xf21) before every return; 0x1026f4d0 zeroes all three words; write-only (no reader in the image).
vampire.dll	CAI_BaseNPCTroika	0x1b2c	m_SelectScheduleTrace.m_iSelector	int	1	walked	tag of the class whose selector chose the schedule: base PreSelectSchedule 0x1028a2a0 and SelectSchedule 0x1028a380 write 1, the fail route writes 1 (schedule-kernel.md), CNPC_VAndreiBlood::SelectSchedule 4, CNPC_VAnimal 5, CNPC_VCamera 9, CNPC_VHumanCombatant 0x15, CNPC_VSabbatLeader 0x1f, CNPC_VSheriffSwarm 0x22.
vampire.dll	CAI_BaseNPCTroika	0x1b30	m_SelectScheduleTrace.m_pszFile	const char*	1	walked	SelectSchedule 0x1028a380 stores the string E:\Vampire\main\dlls\AI_BaseNPC.cpp here beside each line number; the dialog inputs 0x1029ef80/0x1029f060/0x1029f120 and species selectors store their own source paths; zeroed by 0x1026f4d0.
vampire.dll	CAI_BaseNPCTroika	0x1b34	m_SelectScheduleTrace.m_iLine	int	1	walked	SelectSchedule 0x1028a380 stores a distinct source line per return arm (0xe51 dead, 0xe5b.. idle, 0xf13 script, 0xf21 no-suitable) alongside +0x1b30; zeroed by 0x1026f4d0.
vampire.dll	CAI_BaseNPCTroika	0x1b38	m_SelectIdealStateTrace	AIDebugTrace_t	1	walked	second {tag, file, line} stamp, for ideal-state changes: stamped immediately before every m_IdealNPCState +0x5cc4 write (Event_Killed 0x10265ad0 lines 0x217/0x241, NPCInit 0x10273390 line 0x1af1, 0x1026f4d0 lines 0x12f7/0x12f8); write-only.
vampire.dll	CAI_BaseNPCTroika	0x1b38	m_SelectIdealStateTrace.m_iSelector	int	1	walked	tag of the class whose SelectIdealState ran: base 0x1026f590 writes 1 on entry, CNPC_VAnimal 0x1035fe80 writes 5, CNPC_VHengeyokai slot 461 0x13, CNPC_VHunter slot 461 0x17.
vampire.dll	CAI_BaseNPCTroika	0x1b3c	m_SelectIdealStateTrace.m_pszFile	const char*	1	walked	Event_Killed 0x10265ad0 and NPCInit 0x10273390 store the AI_BaseNPC.cpp path string here right before writing m_IdealNPCState +0x5cc4; species files (hl2_dll NPC paths) from 0x103723f0/0x10374e50.
vampire.dll	CAI_BaseNPCTroika	0x1b40	m_SelectIdealStateTrace.m_iLine	int	1	walked	the __LINE__ of the ideal-state write: Event_Killed 0x10265ad0 0x217 and 0x241, NPCInit 0x10273390 0x1af1, CineCleanup 0x1027d170 0x2b1d/0x2b22, 0x1027be60 0x28d0.
vampire.dll	CAI_BaseNPCTroika	0x1b44	m_TaskFailTrace	AIDebugFileLine_t	1	walked	third stamp, {const char* file, int line} with no tag: HandleAnimEvent 0x10274e30 writes AI_BaseNPC.cpp with lines 0x1f06/0x1f0e/0x1f19 immediately before each TaskFail call through slot +0x700 with its message string; 0x1026f4d0 zeroes both words; write-only.
vampire.dll	CAI_BaseNPCTroika	0x1b44	m_TaskFailTrace.m_pszFile	const char*	1	walked	HandleAnimEvent 0x10274e30 stores the AI_BaseNPC.cpp path before slot +0x700 TaskFail ("Weapon in use by someone else", "Can't use this weapon type", "Weapon stolen by someone else"); StartTask/RunTask and species StartTask write their own paths.
vampire.dll	CAI_BaseNPCTroika	0x1b48	m_TaskFailTrace.m_iLine	int	1	walked	HandleAnimEvent 0x10274e30 stores 0x1f06/0x1f0e/0x1f19, the source line of each TaskFail it raises; zeroed by 0x1026f4d0.
vampire.dll	CAI_BaseNPCTroika	0x1b4c	m_bRanAI	bool	1	walked	set to 1 at the end of CAI_BaseNPC::RunAI 0x1026f110 after MaintainSchedule 0x102817c0 and the per-think condition clears, cleared by StartNPC 0x10273ad0 (the "ReadyNPC couldn't find target" body); no reader in the image.
vampire.dll	CAI_BaseNPCTroika	0x1b4d	m_bUnknown1b4d	bool	1	unsettled	only write is CAI_BaseNPCTroika's constructor 0x1028d230 clearing this byte (the base constructor 0x1027c300 leaves it alone and its buffer zeroing starts at +0x1b4e); no reader found, so nothing names it.
vampire.dll	CAI_BaseNPCTroika	0x1b4e	m_szDebugBuffer	char[16384]	16384	walked	the ~16 KB stretch is a per-NPC circular text log: constructor 0x1027c300 zeroes 0x1000 words from +0x1b4e; 0x1027ef20 sprintfs a message at +0x1b4e plus the cursor +0x5b50 and wraps past 0x3dff; 0x1027efb0 DevMsgs it in 0x200-byte chunks between BEGIN/END BUFFER DUMP FOR banners.
vampire.dll	CAI_BaseNPCTroika	0x5b50	m_iDebugBufferPos	int	1	walked	write cursor of m_szDebugBuffer: 0x1027ef20 adds each sprintf length and resets it to 0 on wrap; 0x1027efb0 dumps from cursor+1 when wrapped, then 0..cursor; base constructor 0x1027c300 zeroes it.
vampire.dll	CAI_BaseNPCTroika	0x5b54	m_bDebugBufferWrapped	bool	1	walked	0x1027ef20 sets it when the cursor passes 0x3dff and wraps; 0x1027efb0 dumps the older tail after the cursor only when it is set; base constructor 0x1027c300 clears it.
vampire.dll	CAI_BaseNPCTroika	0x5b55	m_bDumpDebugBuffer	bool	1	walked	CAI_BaseNPC::NPCThink 0x1026ca80, CAI_BaseNPCTroika::NPCThinkDebugPre 0x10292500 and CNPC_VCamera::NPCThink 0x10369120 test it on entry, clear it and call the buffer dump 0x1027efb0; base constructor 0x1027c300 clears it; no setter in the decompiled image (request flag from outside).
vampire.dll	CAI_BaseNPCTroika	0x5b58	m_iUnknown5b58	int	1	unsettled	NPCInit 0x10273390 and CNPC_VCamera::NPCInit 0x103692c0 zero it right after m_bForceStateChange and beside the +0x5b5c curtime stamp; no reader anywhere, and SDK 2013 has no matching member at this position.
vampire.dll	CAI_BaseNPCTroika	0x5b5c	m_flNPCInitTime	float	1	walked	NPCInit 0x10273390 and CNPC_VCamera::NPCInit 0x103692c0 copy gpGlobals->curtime (globals +0xc) into it; no reader in the image.
vampire.dll	CAI_BaseNPCTroika	0x5b90	m_pSurfaceData	surfacedata_t*	1	doc	docs/vtmb/footsteps.md names it (+0x5b90 on CAI_BaseNPC): CAI_Navigator::MoveEnact 0x102ef870 sets it through 0x10270290, 0x102702b0 returns it, NPCInit 0x10273390 and OnRestore 0x1027bf50 zero it, and the footstep player 0x1026d460 reads stepleft +0x2c / stepright +0x2e off it and is silent when null.
vampire.dll	CAI_BaseNPCTroika	0x5c38	m_pSchedule	CAI_Schedule*	1	doc	schedule-kernel.md "ClearSchedule (0x10280d30)" names +0x5c38 m_pSchedule; SetSchedule 0x10280e50 installs it, IsScheduleValid 0x10280ff0 returns false when it is NULL and reads the program's flags at +0x18 and masks at +0x00/+0x28 through it.
vampire.dll	CAI_BaseNPCTroika	0x5c58	m_bDoPostRestoreRefindPath	bool	1	doc	schedule-kernel.md DiscardScheduleState row: OnRestore 0x1027bf50 sets this byte from save-header bit2 (navigator goal active) and reads it to decide the refind 0x102ee1e0; SDK 2013 declares m_bDoPostRestoreRefindPath right after m_failSchedule, and the next word +0x5c5c is already m_Conditions so retail has none of 2013's think-time/choreo/pose members here.
vampire.dll	CAI_BaseNPCTroika	0x5c5c	m_Conditions	CAI_ScheduleBits	1	doc	Retail CAI_ScheduleBits is 6 dwords (192 bits): SetSchedule 0x10280e50 and NPCInit 0x10273390 zero six words here (conditions-and-states.md "SetSchedule clears the condition set"), HasCondition 0x10269aa0 indexes by bit>>5, and IsScheduleValid 0x10280ff0 scans bits 0..0xbf; the next set starts exactly 0x18 later at +0x5c74.
vampire.dll	CAI_BaseNPCTroika	0x5c60	m_Conditions.m_ints[1]	int	1	walked	Word 1 of the 6-word m_Conditions set; IsScheduleValid 0x10280ff0 ANDs it with +0x5c78 and complements it against +0x5c90.
vampire.dll	CAI_BaseNPCTroika	0x5c64	m_Conditions.m_ints[2]	int	1	walked	Word 2 of m_Conditions; IsScheduleValid 0x10280ff0 ANDs it with +0x5c7c and complements it against +0x5c94.
vampire.dll	CAI_BaseNPCTroika	0x5c68	m_Conditions.m_ints[3]	int	1	walked	Word 3 of m_Conditions; IsScheduleValid 0x10280ff0 ANDs it with +0x5c80 and complements it against +0x5c98.
vampire.dll	CAI_BaseNPCTroika	0x5c6c	m_Conditions.m_ints[4]	int	1	walked	Word 4 of m_Conditions; IsScheduleValid 0x10280ff0 ANDs it with +0x5c84 and complements it against +0x5c9c.
vampire.dll	CAI_BaseNPCTroika	0x5c70	m_Conditions.m_ints[5]	int	1	walked	Word 5 (last) of m_Conditions; IsScheduleValid 0x10280ff0 ANDs it with +0x5c88 and complements it against +0x5ca0.
vampire.dll	CAI_BaseNPCTroika	0x5c74	m_CustomInterruptConditions	CAI_ScheduleBits	1	sdk-order	CacheInterruptConditions 0x1026a0f0 copies the running CAI_Schedule's interrupt mask (schedule words 10..15, +0x28) into these six words, zeroes them when no schedule, then lets slots 453/411 edit them; HasInterruptCondition 0x10269d30 and IsScheduleValid 0x10280ff0 test m_Conditions against it — SDK 2013's second set, same role.
vampire.dll	CAI_BaseNPCTroika	0x5c78	m_CustomInterruptConditions.m_ints[1]	int	1	walked	Word 1 of the interrupt mask; written by CacheInterruptConditions 0x1026a0f0 from schedule word 11, read by IsScheduleValid 0x10280ff0 and DrawDebugTextOverlays 0x1029d4e0.
vampire.dll	CAI_BaseNPCTroika	0x5c7c	m_CustomInterruptConditions.m_ints[2]	int	1	walked	Word 2 of the interrupt mask; written by CacheInterruptConditions 0x1026a0f0 from schedule word 12, read by IsScheduleValid 0x10280ff0.
vampire.dll	CAI_BaseNPCTroika	0x5c80	m_CustomInterruptConditions.m_ints[3]	int	1	walked	Word 3 of the interrupt mask; written by CacheInterruptConditions 0x1026a0f0 from schedule word 13, read by IsScheduleValid 0x10280ff0.
vampire.dll	CAI_BaseNPCTroika	0x5c84	m_CustomInterruptConditions.m_ints[4]	int	1	walked	Word 4 of the interrupt mask; written by CacheInterruptConditions 0x1026a0f0 from schedule word 14, read by IsScheduleValid 0x10280ff0.
vampire.dll	CAI_BaseNPCTroika	0x5c88	m_CustomInterruptConditions.m_ints[5]	int	1	walked	Word 5 of the interrupt mask; written by CacheInterruptConditions 0x1026a0f0 from schedule word 15, read by IsScheduleValid 0x10280ff0.
vampire.dll	CAI_BaseNPCTroika	0x5c8c	m_InverseInterruptConditions	CAI_ScheduleBits	1	walked	Third and last retail condition set (m_bConditionsGathered follows at +0x5ca4, so 2013's m_ConditionsPreIgnore/m_InverseIgnoreConditions do not exist): CacheInterruptConditions 0x1026a0f0 copies the schedule's inverted !COND mask (schedule words 0..5) here and IsScheduleValid 0x10280ff0 breaks the schedule on this mask AND NOT m_Conditions.
vampire.dll	CAI_BaseNPCTroika	0x5c90	m_InverseInterruptConditions.m_ints[1]	int	1	walked	Word 1 of the inverse interrupt mask; CacheInterruptConditions 0x1026a0f0 copies schedule word 1, IsScheduleValid 0x10280ff0 ANDs it with the complement of +0x5c60.
vampire.dll	CAI_BaseNPCTroika	0x5c94	m_InverseInterruptConditions.m_ints[2]	int	1	walked	Word 2 of the inverse interrupt mask; CacheInterruptConditions 0x1026a0f0 copies schedule word 2, IsScheduleValid 0x10280ff0 ANDs it with the complement of +0x5c64.
vampire.dll	CAI_BaseNPCTroika	0x5c98	m_InverseInterruptConditions.m_ints[3]	int	1	walked	Word 3 of the inverse interrupt mask; CacheInterruptConditions 0x1026a0f0 copies schedule word 3, IsScheduleValid 0x10280ff0 ANDs it with the complement of +0x5c68.
vampire.dll	CAI_BaseNPCTroika	0x5c9c	m_InverseInterruptConditions.m_ints[4]	int	1	walked	Word 4 of the inverse interrupt mask; CacheInterruptConditions 0x1026a0f0 copies schedule word 4, IsScheduleValid 0x10280ff0 ANDs it with the complement of +0x5c6c.
vampire.dll	CAI_BaseNPCTroika	0x5ca0	m_InverseInterruptConditions.m_ints[5]	int	1	walked	Word 5 of the inverse interrupt mask; CacheInterruptConditions 0x1026a0f0 copies schedule word 5, IsScheduleValid 0x10280ff0 ANDs it with the complement of +0x5c70.
vampire.dll	CAI_BaseNPCTroika	0x5ca8	m_HeardConditions	CAI_ScheduleBits	1	walked	A fourth 6-dword condition set filling +0x5ca8..+0x5cc0 (m_NPCState): base OnListened 0x1026a5e0 zeroes six words then ORs in each HEAR_* condition it queues on the delayed list (senses.md "six-dword heard-type field"), and Troika OnListened 0x102b39e0 tests it (via 0x102c66b0 for 0x72 HEAR_FLINCH) to decide which CSound to snapshot.
vampire.dll	CAI_BaseNPCTroika	0x5cb4	m_HeardConditions.m_ints[3]	int	1	walked	Word 3 (conditions 96..127) of m_HeardConditions; Troika OnListened 0x102b39e0 tests its bits 13/14/15/10/17 for HEAR_COMBAT 0x6d, HEAR_WORLD 0x6e, HEAR_PLAYER 0x6f, HEAR_DANGER 0x6a, HEAR_PHYSICS_DANGER 0x71.
vampire.dll	CAI_BaseNPCTroika	0x5cb6	m_HeardConditions.m_ints[3]+2	unsigned char	1	walked	Byte 2 of word 3 of m_HeardConditions (bit 16 = condition 0x70 HEAR_BULLET_IMPACT), read as a byte by Troika OnListened 0x102b39e0 before snapshotting m_LastSoundBulletImpact; not a separate member.
vampire.dll	CAI_BaseNPCTroika	0x5cf8	m_MoveAndShootOverlay.m_pOuter	CAI_BaseNPC*	1	sdk-order	CreateComponents 0x1027cae0 stores this into overlay+0x4 exactly where SDK 2013 does m_MoveAndShootOverlay.SetOuter(this); the overlay is a CAI_Component (vtable at +0 then m_pOuter).
vampire.dll	CAI_BaseNPCTroika	0x5d00	m_MoveAndShootOverlay.m_iUnread0c	int	1	unsettled	CAI_BaseNPC ctor 0x1027c300 writes -1 at overlay+0xc (after vftable +0x5cf4 and m_pOuter +0x5cf8, before m_bMovingAndShooting +0x5d04); none of the overlay bodies 0x102e8250/0x102e8270/0x102e83e0/0x102e84a0/0x102e8560/0x102e8a40 touch +0xc, so it is an int that is never read and has no behavioural name.
vampire.dll	CAI_BaseNPCTroika	0x5d38	m_pLocalNavigator	CAI_LocalNavigator*	1	sdk-order	CreateComponents 0x1027cae0 fills it from slot 0x6b0 between CreateMotor and CreateMoveProbe and passes it+0x10 to the motor Init 0x102e0ba0 and calls LocalNavigator Init 0x102ddc00 on it, matching SDK 2013 CreateComponents; declared between m_pNavigator and m_pPathfinder.
vampire.dll	CAI_BaseNPCTroika	0x5d40	m_pMoveProbe	CAI_MoveProbe*	1	sdk-order	CreateComponents 0x1027cae0 fills it from slot 0x6a8 after the local navigator (SDK 2013 order); CheckOnGround 0x1026e5e0 derefs it inside the CAI_MoveProbe_TraceHull VProf scope and CanStandAt 0x102a0ed0 / IsAreaClear 0x102a0fb0 read it.
vampire.dll	CAI_BaseNPCTroika	0x5d5c	m_flCheckOnGroundTime	float	1	walked	Retail CUtlVector is 0x14 (m_UnreachableEnts +0x5d48, m_Size at +0xc) so this is the next member; CheckOnGround 0x1026e5e0 only traces when curtime minus it exceeds a constant and then re-arms it to curtime plus a constant — the 2003 float form of SDK 2013's m_CheckOnGroundTimer.
vampire.dll	CAI_BaseNPCTroika	0x5d6c	m_flNextEyeLookTime	float	1	sdk-order	First member after m_vDefaultEyeOffset as in SDK 2013; NPCInit 0x10273390 and MaintainEyeDirection 0x1026b810 zero it, 0x1026b270 (EyeLookTarget) picks a target only when it is below curtime and re-arms it to curtime+RandomInt, Troika MaintainEyeDirection 0x102bff20 pushes it forward (camera-view-modes.md "next-scan time +0x5d6c").
vampire.dll	CAI_BaseNPCTroika	0x5d7c	m_ScriptArrivalActivity	Activity	1	sdk-order	ReadyNPC-like 0x10273ad0 and CNPC_VCamera 0x10369930 set it to -1 (AIN_DEF_ACTIVITY) with +0x5d80 cleared, and StartTask 0x102827f0 consumes/resets the pair — SDK 2013 declares m_ScriptArrivalActivity after m_hCine (retail inserts m_bCineScriptHidden between).
vampire.dll	CAI_BaseNPCTroika	0x5d80	m_strScriptArrivalSequence	string_t	1	sdk-order	Paired with +0x5d7c: 0x10273ad0 and CNPC_VCamera 0x10369930 zero it, StartTask 0x102827f0 tests it non-null and uses it as a sequence-name string before clearing it, as SDK 2013's m_strScriptArrivalSequence.
vampire.dll	CAI_BaseNPCTroika	0x5d88	m_pEnemies	CAI_Enemies*	1	doc	social.md names m_pEnemies +0x5d88; SetSquad 0x1029a930 and NPCInit 0x1029a0b0 install it and 0x10273dd0/0x10273e10/0x10273e40 call through it; SDK 2013 declares m_pEnemies immediately before m_afMemory (+0x5d8c).
vampire.dll	CAI_BaseNPCTroika	0x5d90	m_hEnemyOccluder	EHANDLE	1	sdk-order	SetEnemyOccluder 0x10270aa0 stores the entity's handle or -1; NPCThinkDebugPre 0x10292500 reads it; SDK 2013 declares EHANDLE m_hEnemyOccluder right after m_afMemory.
vampire.dll	CAI_BaseNPCTroika	0x5da4	m_pSquad	CAI_Squad*	1	doc	social.md and conditions-and-states.md name m_pSquad +0x5da4; InitSquad 0x10273d30 and SetSquad 0x1029a930 write it and its readers pass it to CAI_Squad member calls behind the m_iSquadDisconnected < 1 test.
vampire.dll	CAI_BaseNPCTroika	0x5df0	m_fNoDamageDecal	bool	1	sdk-order	TraceAttack 0x10266780 clears it on entry and sets it on the no-decal arm exactly as SDK 2013 CAI_BaseNPC::TraceAttack; first of 2013's run after m_spawnEquipment.
vampire.dll	CAI_BaseNPCTroika	0x5df4	m_hStoredPathTarget	EHANDLE	1	sdk-order	StartTask 0x102827f0 stores a handle here while setting the stored goal +0x5df8, type +0x5e04 and flags +0x5e08 (the TASK_STORE_*_IN_* arms of SDK 2013) and reads it back for TASK_GET_PATH_TO_GOAL.
vampire.dll	CAI_BaseNPCTroika	0x5df8	m_vecStoredPathGoal	Vector	1	sdk-order	StartTask 0x102827f0 copies a three-float position into +0x5df8/+0x5dfc/+0x5e00 when storing a path goal and passes its address to 0x102edaa0; SDK 2013 m_vecStoredPathGoal.
vampire.dll	CAI_BaseNPCTroika	0x5dfc	m_vecStoredPathGoal.y	float	1	sdk-order	Second component of m_vecStoredPathGoal, written with +0x5df8 by StartTask 0x102827f0.
vampire.dll	CAI_BaseNPCTroika	0x5e00	m_vecStoredPathGoal.z	float	1	sdk-order	Third component of m_vecStoredPathGoal, written with +0x5df8 by StartTask 0x102827f0.
vampire.dll	CAI_BaseNPCTroika	0x5e04	m_nStoredPathType	GoalType_t	1	sdk-order	StartTask 0x102827f0 writes goal-type constants (2 = GOALTYPE_ENEMY) beside the stored goal and reads it to build the nav goal; SDK 2013 m_nStoredPathType.
vampire.dll	CAI_BaseNPCTroika	0x5e08	m_fStoredPathFlags	int	1	sdk-order	StartTask 0x102827f0 zeroes it with every stored goal; SDK 2013 m_fStoredPathFlags, the last word before m_OnDamaged +0x5e0c (2013's m_hEnemyFilter/m_iszEnemyFilterName/m_bDidDeathCleanup are absent).
vampire.dll	CAI_BaseNPCTroika	0x5f2d	m_fIsUsingSmallHull	bool	1	sdk-order	SetHullSizeNormal 0x10273070 acts when it is set (or forced) and clears it, SetHullSizeSmall 0x10273180 acts when clear and sets it, exactly SDK 2013's m_fIsUsingSmallHull; CNPC_VWerewolf NPCThink 0x103cb590 / CheckStuck 0x103cb920 read it.
vampire.dll	CAI_BaseNPCTroika	0x5f30	m_failText	const char*	1	sdk-order	CAI_BaseNPC ctor 0x1027c300 zeroes +0x5f30..+0x5f3c; IsScheduleValid 0x10280ff0 writes the condition name into +0x5f34 (m_interruptText) and m_pSchedule into +0x5f3c (m_interuptSchedule), NextScheduledTask 0x10280f40 writes +0x5f38/+0x5f3c, MaintainSchedule 0x102817c0 steps +0x5f40 (m_nDebugCurIndex), so +0x5f30 is the SDK 2013 declaration just before m_interruptText.
vampire.dll	CAI_BaseNPCTroika	0x5f34	m_interruptText	const char*	1	sdk-order	IsScheduleValid 0x10280ff0 stores the breaking condition's name (slot 0x728 ConditionName) or the "ERROR: Unknown condition" string and prints it in "Break condition -> %s", as SDK 2013 m_interruptText; implies m_failText at +0x5f30.
vampire.dll	CAI_BaseNPCTroika	0x5f38	m_failedSchedule	CAI_Schedule*	1	sdk-order	IsScheduleValid 0x10280ff0 zeroes it when an interrupt breaks the schedule (SDK 2013 sets m_failedSchedule = NULL there); NextScheduledTask 0x10280f40 also writes it.
vampire.dll	CAI_BaseNPCTroika	0x5f3c	m_interuptSchedule	CAI_Schedule*	1	sdk-order	IsScheduleValid 0x10280ff0 copies m_pSchedule into it when an interrupt breaks the schedule, SDK 2013 m_interuptSchedule (retail spelling kept); NextScheduledTask 0x10280f40 also writes it.
vampire.dll	CAI_BaseNPCTroika	0x6028	m_MeleeMoveHistory	MeleeMoveRecord_t	5	walked	Five 0xc records {mstudioseqdesc_t* attacker sequence, int times seen, float last time} filling +0x6028..+0x6064: ctor 0x1028d230 and OnVictimHitByMe 0x1029f8d0 clear them via 0x1028b160, CalcAndStoreMeleeDiceRolls 0x10346380 on the victim reads 0x1028b300 for the repeated-move defense bonus ("Added Defense Bonus of %d") and records the move via 0x1028b190.
vampire.dll	CAI_BaseNPCTroika	0x6081	m_bSeenInOuterBand	bool	1	doc	senses.md "+0x6081" (outer-band byte, no datamap entry): FVisible 0x102b4760 clears it then sets it when the target is beyond 0.7 of the seek radius, and 0x102b3e00, CNPC_VCop::vfunc472 0x10371ae0 and CNPC_VHunter::vfunc472 0x103887d0 read it.
vampire.dll	CAI_BaseNPCTroika	0x611c	m_LastSoundDanger.m_bNoExpirationTime	bool	1	sdk-order	Byte at CSound+0x14 between m_flExpireTime and m_iNext; Troika OnListened 0x102b39e0 copies the sense's CSound word 5 as a byte into each snapshot, so this is CSound's own bool member (SDK 2013 m_bNoExpirationTime position).
vampire.dll	CAI_BaseNPCTroika	0x6148	m_LastSoundPhysicsDanger.m_bNoExpirationTime	bool	1	sdk-order	CSound+0x14 byte of m_LastSoundPhysicsDanger, copied as a byte from the sensed CSound by Troika OnListened 0x102b39e0; SDK 2013 CSound declares bool m_bNoExpirationTime right after m_flExpireTime and m_iNext.
vampire.dll	CAI_BaseNPCTroika	0x61a0	m_LastSoundBulletImpact.m_bNoExpirationTime	bool	1	sdk-order	CSound+0x14 byte of m_LastSoundBulletImpact, copied as a byte from the sensed CSound by Troika OnListened 0x102b39e0; SDK 2013 CSound declares bool m_bNoExpirationTime right after m_flExpireTime and m_iNext.
vampire.dll	CAI_BaseNPCTroika	0x61cc	m_LastSoundPlayer.m_bNoExpirationTime	bool	1	sdk-order	CSound+0x14 byte of m_LastSoundPlayer, copied as a byte from the sensed CSound by Troika OnListened 0x102b39e0; SDK 2013 CSound declares bool m_bNoExpirationTime right after m_flExpireTime and m_iNext.
vampire.dll	CAI_BaseNPCTroika	0x61f8	m_LastSoundWorld.m_bNoExpirationTime	bool	1	sdk-order	CSound+0x14 byte of m_LastSoundWorld, copied as a byte from the sensed CSound by Troika OnListened 0x102b39e0; SDK 2013 CSound declares bool m_bNoExpirationTime right after m_flExpireTime and m_iNext.
vampire.dll	CAI_BaseNPCTroika	0x62e9	m_bInitialized	bool	1	walked	Ctor 0x1028d230 clears it, Spawn 0x10298d30 sets it on entry and OnRestore 0x102998c0 sets it at the end; no reader exists in the image (vtmb_readers finds only the ctor), so the name is descriptive.
vampire.dll	CAI_BaseNPCTroika	0x62ec	m_pInterestingPlace	CAI_InterestingPlace*	1	doc	programs.md calls it m_hInterestingPlace but it is a raw pointer: Spawn 0x10298d30 zeroes it, OnRestore 0x102998c0 rebuilds it through 0x102db5e0 (a handle would need no rebuild), StartTask 0x102a1910 stores PickRandomInterestingPlace's result and calls 0x102a9e80 on it, RunTask 0x102aacf0 reads place+0x571.
vampire.dll	CAI_BaseNPCTroika	0x62fc	m_pLastInterestingPlace	CAI_InterestingPlace*	1	walked	The interesting-place release 0x102da600 writes the releasing place into npc+0x62fc; NPCInit 0x1029a0b0 and CNPC_VCamera NPCInit 0x103692c0 zero it; no reader found.
vampire.dll	CAI_BaseNPCTroika	0x6300	m_pPatrolInterestPlace	CAI_InterestingPlace*	1	doc	programs.md "Patrol paths, walked": 0x1029f780 resolves the patrol interest record's named entity to its CAI_InterestingPlace here; TASK_FACE_PATROL_INTEREST / DO_PATROL_INTEREST_ACTIVITY in StartTask 0x102a1910 / RunTask 0x102aacf0 use and clear it, TaskFail 0x1029adb0 and OnScheduleChange 0x102a0940 clear it.
vampire.dll	CAI_BaseNPCTroika	0x630c	m_pPedestrianLink	CAI_Link*	1	walked	Setter 0x102a0b90 stores it and ORs m_bfAINPCFlags bit 4; Save 0x102993c0 writes a present-bool and link+4/link+8; OnRestore 0x102998c0 rebuilds it with 0x102f96e0, which walks a network node's link list for the link whose far end matches; UpdatePedestrianInfo 0x102a0d20 reads it (savegame_format.md).
vampire.dll	CAI_BaseNPCTroika	0x6310	m_iRestorePedLinkNode	int	1	walked	Ctor 0x1028d230 sets -1; Restore 0x10299700 reads the saved link+4 into it and OnRestore 0x102998c0 uses it as the navigator network node index to rebuild m_pPedestrianLink.
vampire.dll	CAI_BaseNPCTroika	0x6314	m_iRestorePedLinkDestNode	int	1	walked	Ctor 0x1028d230 sets -1; Restore 0x10299700 reads the saved link+8 into it and OnRestore 0x102998c0 passes it to 0x102f96e0 as the destination node id of the link to find.
vampire.dll	CAI_BaseNPCTroika	0x6360	m_iPLCriminalLevelWitnessed.m_CoderBase	unsigned char	1	walked	m_iPLCriminalLevelWitnessed is a 0xc MvsnSec CSecureType<int> (ctor 0x1028d230 installs the CSecureTypeBase vftable at +0x635c and copies a coder via 0x102c62c0); 0x1028ea60, CNPC_VWerewolf NPCInit 0x103caef0 and CNPC_VZombie Spawn 0x103df170 copy this byte from the encode temporary's first (empty-base) byte, never initialised and never read.
vampire.dll	CAI_BaseNPCTroika	0x6361	m_iPLCriminalLevelWitnessed.m_TraitsBase	unsigned char	1	walked	Second empty-base byte of the CSecureType coder: the same three writers (0x1028ea60, 0x103caef0, 0x103df170) copy it from the encode temporary's byte 1; no reader.
vampire.dll	CAI_BaseNPCTroika	0x6364	m_iPLCriminalLevelWitnessed.m_iEncoded	int	1	doc	programs.md "+0x6364 is the witnessed criminal level, obfuscated": 0x1028ea60 stores encode(level) 0x1042fde0 mixed with the XOR/ADD constants; PreSelectSchedule 0x102ae920, SelectSchedule 0x102af660, 0x102ad340 and CNPC_VPedestrian vfunc461 invert the mix and decode via 0x1042fe90.
vampire.dll	CAI_BaseNPCTroika	0x6440	m_flNextShootAtHintSearchTime	float	1	doc	programs.md cover arm: slot 609 0x102b6b50 returns early while curtime is below it and otherwise re-arms it to curtime+RandomFloat(2,2.5) before searching type-10400 hints; NPCInit 0x1029a0b0 and OnRestore 0x102998c0 set it.
vampire.dll	CAI_BaseNPCTroika	0x6444	m_pShootAtHint	CAI_Hint*	1	walked	Slot 609 0x102b6b50 returns it while slot 0x8d8 still validates it, else searches hints (0x102d2980); cover selector 0x102b7690 fills it from slot 0x984 and returns 0xa2 SHOOT_AT_HINT when set; NPCThink 0x10292de0 drops it when invalid; NPCInit/OnRestore zero it — a raw hint pointer, not a handle.
vampire.dll	CAI_BaseNPCTroika	0x647c	m_hFollowerBoss	EHANDLE	1	doc	social.md "CAI_BaseNPCTroika+0x647c is the resolved handle for the follower_boss keyfield": ctor 0x1028d230 sets -1, SetFollowerBoss 0x102c44e0 writes it, GetFollowerBoss slot 293 0x102c5470, IRelationType 0x10299da0 and ShouldInvestigate 0x102b3270 resolve it.
vampire.dll	CAI_BaseNPCTroika	0x6484	m_flFollowerDistanceBackAway	float	1	doc	social.md SetFollowerType: 0x102c4680 passes &+0x6484 to 0x101e8c90 which reads FollowerDistanceBackAway from the Npc_Follower_Info row of Rules.txt; StartTask 0x102a1910 compares the boss distance with it (FOLLOWER_BACKAWAY).
vampire.dll	CAI_BaseNPCTroika	0x6488	m_flFollowerDistanceWalkTo	float	1	doc	social.md SetFollowerType: 0x102c4680 reads FollowerDistanceWalkTo into it and clamps it to at least BackAway+10; StartTask 0x102a1910 compares the boss distance with it (FOLLOWER_FOLLOW_WALK).
vampire.dll	CAI_BaseNPCTroika	0x648c	m_flFollowerDistanceRunTo	float	1	doc	SetFollowerType helper 0x102c4680 fills +0x6484/+0x6488/+0x648c from the Rules.txt Npc_Follower_Info row and clamps runTo to walkTo+10 with the FollowerDistanceRunTo DevMsgs; the follower controller 0x102b93c0 compares boss distance squared against it (docs/vtmb/npc-ai/social.md).
vampire.dll	CAI_BaseNPCTroika	0x6497	m_bInBossRegistry	bool	1	doc	lifecycle.md UpdateCharacter: Troika UpdateCharacter 0x10298070 sets it when a m_bIsBossMonster body stores its handle in the two-slot global DAT_109247e0 and tests it to compact a no-longer-boss body out; ctor 0x1028d230 clears it.
vampire.dll	CAI_BaseNPCTroika	0x64d0	m_idxNoDeformExpression	int	1	walked	SetDisposition 0x102c0f70 writes the disposition row's second expression index here (0x100ec2e0, row +0x84) next to m_idxDefExpression +0x10b4 (0x100ec360, row +0x44); 0x102adfe0 writes LookupExpressionIndex of Anger_No_Deform / Fear_NoDeform here while +0x10b4 gets Anger / Fear; read by CBaseCombatCharacter::UpdateExpressions 0x10106050.
vampire.dll	CAI_BaseNPCTroika	0x64e8	m_iDispositionModelIndex	int	1	walked	Precache 0x10298ad0 and SetModel 0x10298ce0 store the CDispositionTable row index returned by 0x100ec640 (find-or-precache the model's stance idle/fidget/trans sequences); CDispositionTable::GetTransitionAnim 0x100ed150, 0x100ecee0, 0x100ecfc0, 0x100ed030 index the table's 0x104-byte model rows with it.
vampire.dll	CAI_BaseNPCTroika	0x654c	m_bDialogQueIsFinal	bool	1	walked	Written only by 0x102c0470 together with the Q_strncpy of m_szDialogQue (+0x64ec, 0x60 chars), called from CDialog::message_send 0x100e58e0 with predicate 0x100e58b0 (CDialog +0x30e9 set or speech index +0x2830 zero); the ObjectCaps bodies 0x102c04b0 and 0x101aadb0 drop the 0x400 cap bit while it is true.
vampire.dll	CAI_BaseNPCTroika	0x6554	m_hDialogScene	EHANDLE	1	doc	lifecycle.md IsInDialog 0x102c1170: the speech scripted_scene handle; ctor 0x1028d230 sets -1, FinishTalking 0x102c0ca0 writes it, 0x102c0520/0x102c0aa0/0x103a0ff0 resolve it (the partition's m_hDialogPartner hint is +0xfe8, a different member).
vampire.dll	CAI_BaseNPCTroika	0x655c	m_flTargetLeadMin	float	1	walked	Slot 593 0x1029a070 sets 0.1 (CNPC_VTzimisce 0x103b9180: 0.01); the target-lead predictor 0x102c36d0 clamps the distance/speed lead fraction to at least this.
vampire.dll	CAI_BaseNPCTroika	0x6560	m_flTargetLeadMax	float	1	walked	Slot 593 0x1029a070 sets 1.0 (Tzimisce 0x103b9180 same); 0x102c36d0 clamps the lead fraction to at most this before extrapolating the target along its motion.
vampire.dll	CAI_BaseNPCTroika	0x6564	m_flTargetLeadCurrentWeight	float	1	walked	Slot 593 0x1029a070 sets 50.0; 0x102c36d0 weights the current/previous aim point by it when blending with the predicted point.
vampire.dll	CAI_BaseNPCTroika	0x6568	m_flTargetLeadPredictedWeight	float	1	walked	Slot 593 0x1029a070 sets 50.0; 0x102c36d0 weights the extrapolated target point by it in the blend.
vampire.dll	CAI_BaseNPCTroika	0x656c	m_flTargetLeadWeightScale	float	1	walked	Slot 593 0x1029a070 sets 0.01 (the reciprocal of the two 50.0 weights); 0x102c36d0 multiplies the weighted sum by it to normalise the blended point before a world-only hull trace.
vampire.dll	CAI_BaseNPCTroika	0x6590	m_sppPatrolPath.m_pPath	CAI_PatrolPath*	1	doc	programs.md "Patrol paths, walked": m_sppPatrolPath is a two-word cell (owned byte at +0x658c, CAI_PatrolPath* at +0x6590); NPCInit 0x1029a0b0 zeroes it, SelectSchedule 0x102af660 and species SelectSchedule bodies read path+4 through it.
vampire.dll	CAI_BaseNPCTroika	0x6598	m_sppPatrolPathHunt.m_pPath	CAI_PatrolPath*	1	doc	programs.md: m_sppPatrolPathHunt is the sibling cell +0x6594/+0x6598; NPCInit 0x1029a0b0 zeroes the pointer and SelectSchedule 0x102af660 clears MADE_HUNT_PATH when it is NULL.
vampire.dll	CAI_BaseNPCTroika	0x659c	m_pPatrolInterestHint	CAI_Hint*	1	walked	A separate member after the 8-byte hunt cell (m_bPatrolPathUseHint at +0x65a0): 0x1029f730 caches here the node's hint (network node +0xa0, the info_node_patrol_point with its place name and chance) returned by 0x1029f6c0, only while +0x65a0 is set; NPCInit, TaskFail 0x1029adb0, OnScheduleChange 0x102a0940, StartTask and RunTask clear it (programs.md "cached at +0x659c").
vampire.dll	CAI_BaseNPCTroika	0x65a8	m_QueuedBurnDamage	CUtlVector<CTakeDamageInfo>	1	doc	schedule-kernel.md / stealth.md: the queued-burn list of 0x4c-byte CTakeDamageInfo copies, count +0x65b4; the ctor 0x1028d230 zeroes the five CUtlVector words +0x65a8..+0x65b8, EnterGrappleState 0x102b5c00 applies them to the partner and TASK_ON_FIRE_LOOP in RunTask 0x102aacf0 drains it.
vampire.dll	CAI_BaseNPCTroika	0x65ac	m_QueuedBurnDamage.m_Memory.m_nAllocationCount	int	1	walked	Zeroed by Troika ctor 0x1028d230 as the second word of the CUtlVector<CTakeDamageInfo> at +0x65a8, whose m_pMemory +0x65a8 and m_Size +0x65b4 RunTask 0x102aacf0 and EnterGrappleState 0x102b5c00 use.
vampire.dll	CAI_BaseNPCTroika	0x65b0	m_QueuedBurnDamage.m_Memory.m_nGrowSize	int	1	walked	Zeroed by Troika ctor 0x1028d230 as the third word of the CUtlVector<CTakeDamageInfo> at +0x65a8 (retail CUtlVector 0x14 layout).
vampire.dll	CAI_BaseNPCTroika	0x65b4	m_QueuedBurnDamage.m_Size	int	1	doc	The CUtlVector count (+0xc) of m_QueuedBurnDamage; EnterGrappleState 0x102b5c00 refuses when it is non-zero and RunTask 0x102aacf0 reads and shrinks it.
vampire.dll	CAI_BaseNPCTroika	0x65b8	m_QueuedBurnDamage.m_pElements	CTakeDamageInfo*	1	walked	Zeroed by Troika ctor 0x1028d230 as the fifth word of the CUtlVector<CTakeDamageInfo> at +0x65a8 (retail CUtlVector 0x14 layout, m_Size at +0x65b4).
vampire.dll	CAI_BaseNPCTroika	0x65c0	m_hDetectedAttacker	EHANDLE	1	walked	0x102bf560 (called from 0x102bf5d0 when a non-ally combat character attacks an idle/alert NPC within range or in view, skipped under m_bIgnoreDetectedAttack +0x65f5) stores the attacker's handle; NPCInit 0x1029a0b0 sets -1; GatherConditions 0x102b27f0, SelectIdealState 0x102ad660, StartTask 0x102a1910 and CNPC_VHuman SelectSchedule 0x10384ee0 resolve it.
vampire.dll	CAI_BaseNPCTroika	0x65c4	m_flDetectedAttackExpireTime	float	1	walked	0x102bf560 sets it to curtime plus a constant with +0x65c0; GatherConditions 0x102b27f0 acts on the detected attacker only while curtime is below it and then consumes it by writing curtime; NPCInit 0x1029a0b0 zeroes it.
vampire.dll	CAI_BaseNPCTroika	0x65e4	m_iCombatStartActivity	int	1	doc	authored-control.md "combat_start_activity — m_sCombatStartActivity +0x65e0 → activity id +0x65e4": Spawn 0x10298d30 and OnRestore 0x102998c0 resolve the string via 0x1029f340; PreSelectSchedule 0x102ae920 and StartTask 0x102a1910 test it against -1.
vampire.dll	CAI_BaseNPCTroika	0x65e8	m_pAttackCoordinator	CAI_AttackCoordinator*	1	walked	0x102c48b0 matches m_sAttackCoordinatorName against the three global coordinators DAT_1090fbec/f0/f4 and stores the match here (rewriting +0x65ec from the coordinator's name); melee-entry 0x102b5650 and the Tzimisce/Andrei slot-599 bodies ask it for a slot (0x1025db70), UpdateOnRemove 0x1028d6e0 releases through slot 0x964 when set ("Dumping attack coordinator slots").
vampire.dll	CAI_BaseNPCTroika	0x660c	m_LastTakeDamageInfo	CTakeDamageInfo	1	walked	Troika ctor 0x1028d230 constructs a CTakeDamageInfo here via 0x101c2690 (0x101c2910 with zero vectors and a -1 handle); CAI_BaseNPCTroika::OnTakeDamage 0x102beda0 copies the whole incoming 0x4c packet (CVDmg_t* at +0, Vectors at +0x10/+0x1c, words to +0x44, bytes +0x48..+0x4a) before calling 0x10265ed0; no reader found; spans +0x660c..+0x6657 (docs/vtmb/combat-and-damage.md).
vampire.dll	CAI_BaseNPCTroika	0x6658	m_bUnread6658	bool	1	unsettled	Troika ctor 0x1028d230 writes byte 0 at +0x6658, right after the 0x4c CTakeDamageInfo at +0x660c; no other body in the corpus touches it, so it is a bool with no behavioural name.
vampire.dll	CAI_BaseNPCTroika	0x6659	m_ScheduleLoader	CAI_BaseNPCTroika::CScheduleLoader	1	walked	Troika ctor 0x1028d230 constructs it via 0x102b9780, whose only act is calling 0x102b97a0 = LoadSchedules (base loader 0x1027c2c0, then InitCustomSchedules 0x102b9810 when DAT_105d105c differs from the manager signature DAT_10936b68, then the fValid/signature update), which is SDK 2013 DEFINE_CUSTOM_SCHEDULE_PROVIDER's empty CScheduleLoader member.
vampire.dll	CAI_BaseNPCTroika	0x665a	pad_665a	char[2]	2	walked	Alignment tail after the one-byte m_ScheduleLoader at +0x6659; the first derived member (CNPCMaker m_iszNPCClassname, CNPC_VBaseBoss m_BlacklistedEntities, CNPC_VHuman's own loader 0x10384130) starts at +0x665c and nothing touches +0x665a/+0x665b.
vampire.dll	CAI_ExpressiveNPC	0x5f44	CAI_ExpresserSink::vftable	vftable*	1	walked	Constructor chain 0x10260b30 installs CAI_ExpresserSink's then CAI_ExpressiveNPC_at24388's vftable at this word (also 0x10312c80); CreateComponents 0x10312cd0 hands its address to the new expresser as the sink pointer (expresser +0x10), i.e. the SDK 2013 CAI_ExpresserHost protected CAI_ExpresserSink base subobject
vampire.dll	CAI_ExpressiveNPC	0x5f48	m_pExpresser	CAI_Expresser*	1	walked	CreateComponents 0x10312cd0 stores the result of the CreateExpresser virtual (slot 583, +0x91c) here, sets its outer (+4) to this and sink (+0x10) to this+0x5f44, fails when null; 0x10260da0 returns it (GetExpresser) and 0x10260dc0 forwards a speak call through it, matching SDK 2013 CAI_BaseActor::m_pExpresser
vampire.dll	CCineNPC	0x5f98	m_pLastFoundEntity	CBaseEntity*	1	walked	CCineNPC::Spawn 0x101a6f10 zeroes this dword (at 0x101a70b5) right after setting m_hNextCine to -1, the SDK 2013 position of m_hLastFoundEntity = NULL; the zero (not -1) write means a raw pointer rather than an EHANDLE, and no other function in the corpus reads it
vampire.dll	CNPCMaker	0x66cc	m_szMapDataBuffer	char	4096	walked	CNPCMaker::ParseMapData 0x1034b3c0 copies the entity's raw keyvalue block up to the closing brace into this inline buffer, appends a brace, and points m_sRefMapDataBuffer (+0x76cc, exactly 0x1000 bytes later) at it when non-empty
vampire.dll	CNPC_Crow	0x5f4c	m_flEnemyDist	float	1	sdk-order	SDK 2013 npc_crow.h declares float m_flEnemyDist between m_flGroundIdleMoveTime (+0x5f48) and m_nMorale (+0x5f50); GatherEnemyConditions 0x10357680 stores the eye-to-enemy distance here and sets conditions 0x78/0x77 from it, SelectSchedule 0x10358ce0 compares it against two ranges, DrawDebugTextOverlays 0x10358f90 prints it
vampire.dll	CNPC_VBach	0x66a4	m_bAimedShotReady	bool	1	walked	RunTask 0x103652b0 sets it once the rifle aim task (0xb0/0xb1) has waited past m_flWaitFinished, or immediately for a non-rifle weapon; StartTask 0x103645a0 tasks 0x34/0x35 fire through the base only when it is set (or the weapon is not the Remington) and clear it, otherwise complete without firing; weapon-switch tasks 0x14a/0x151 and Spawn 0x10363850 clear it
vampire.dll	CNPC_VBach	0x66a6	m_bTookDamageSinceGather	bool	1	walked	The OnTakeDamage_Alive-slot body 0x10363c70 (vfunc390, takes the 0x13-word CTakeDamageInfo) sets it on every damage accepted once m_bCanFightYet; GatherAttackConditions 0x10363db0 clears it after servicing damage conditions 0x4c/0x4d; Spawn 0x10363850 clears it; never read
vampire.dll	CNPC_VBach	0x66a9	m_ScheduleLoader	CNPC_VBach::CScheduleLoader	1	walked	Bach ctor 0x10362c10 constructs it through 0x10362d20, which only calls LoadSchedules 0x10362d40 (base loader, then InitCustomSchedules when DAT_1062d224 differs from the signature DAT_10936b68); this is SDK 2013 DEFINE_CUSTOM_AI's one-byte CScheduleLoader, right after m_bCanFightYet +0x66a8.
vampire.dll	CNPC_VBaseBoss	0x665c	m_BlacklistedEntities	CUtlVector<BlacklistedEntity_t>	1	walked	CNPC_VBaseBoss member, inherited by Werewolf, MingXiao and the three Tzimisce classes: boss dtor 0x10391170 frees it; 8-byte elements {EHANDLE, float expiry} appended by 0x103662d0 with curtime+duration, tested by 0x10366400/0x10366490; Werewolf locks used hints for 3/5/15 s, MingXiao 0x10396bc0 blacklists its thrown object for 20 s (name is descriptive, no retail spelling)
vampire.dll	CNPC_VBaseBoss	0x665c	m_BlacklistedEntities.m_Memory.m_pMemory	BlacklistedEntity_t*	1	walked	CUtlMemory base pointer: Plat_Alloc/Plat_Realloc'd in 0x103662d0 (count<<3), Plat_Free'd in dtors 0x103ca7c0/0x10391170.
vampire.dll	CNPC_VBaseBoss	0x6660	m_BlacklistedEntities.m_Memory.m_nAllocationCount	int	1	walked	CUtlMemory allocation count: grown 4/doubling in 0x103662d0, zeroed after free in 0x103ca7c0/0x10391170.
vampire.dll	CNPC_VBaseBoss	0x6664	m_BlacklistedEntities.m_Memory.m_nGrowSize	int	1	walked	CUtlMemory grow size: ctor 0x103dbeb0 sets it to 0, 0x103662d0 uses it as the growth increment, dtors skip the free when it is -1 (external buffer).
vampire.dll	CNPC_VBaseBoss	0x6668	m_BlacklistedEntities.m_Size	int	1	walked	CUtlVector element count: incremented by 0x103662d0, iterated by 0x10366490, decremented by 0x10366400 on expiry, zeroed in dtors.
vampire.dll	CNPC_VBaseBoss	0x666c	m_BlacklistedEntities.m_pElements	BlacklistedEntity_t*	1	walked	CUtlVector debugger element pointer, refreshed from m_pMemory in 0x103662d0 and dtors 0x103ca7c0/0x10391170.
vampire.dll	CNPC_VCameraSecurity	0x6664	m_hLinkedCamera	EHANDLE	1	walked	Ctor 0x10369df0 writes -1; 0x10369e70 resolves m_iszLinkedCamera (+0x6660) by name, dynamic-casts it to CSecCamera, stores the handle here and returns the entity, and sets byte +0x6668 once the camera has been valid (removing itself when it later dies).
vampire.dll	CNPC_VCop	0x6673	m_ScheduleLoader	CNPC_VCop::CScheduleLoader	1	walked	Cop ctor 0x103708e0 constructs it through 0x10370a00, which only calls LoadSchedules 0x10370a20 (signature check DAT_10631bac against DAT_10936b68); this is DEFINE_CUSTOM_AI's CScheduleLoader after m_bCountedAlive +0x6671.
vampire.dll	CNPC_VGuard1	0x6661	m_ScheduleLoader	CNPC_VGuard1::CScheduleLoader	1	walked	Guard1 ctor 0x1037c620 constructs it through 0x1037c730, which only calls LoadSchedules 0x1037c750 (signature check DAT_1063b604 against DAT_10936b68); this is DEFINE_CUSTOM_AI's CScheduleLoader after m_fHatesPlayer +0x6660.
vampire.dll	CNPC_VHengeyokai	0x6680	m_ePathMode	int	1	walked	Mirrors CNPC_VTzimisce::m_ePathMode (+0x668c): NPCInit 0x1037fa70 zeroes it, StartTask 0x103805d0 sets 2 when routing to m_hPickupTarget, and the OnScheduleChange override 0x10383090 zeroes it and decrements m_iShunnedFindFish exactly as Tzimisce's 0x103bf610 does for m_ePathMode/m_iShunnedFindBody; Hengeyokai has no reader (no slot-410 override) and does not save it
vampire.dll	CNPC_VHengeyokai	0x6698	m_SecurePickupParam	CSecureType<int>	1	unsettled	Ctor 0x1037e680 builds a 0xc SafeDisc secure value here (MvsnSec UCPfnTraits4 secure-coder vftable at +0x6698, key bytes +0x669c/+0x669d, encoded word +0x66a0 holding 30 via 0x10430080), the same shape as the Troika datamap custom m_iPLCriminalLevelWitnessed; 0x10382670 decodes it (0x10430130) and passes it to slots 0x2fc/0x424 of a dynamic-cast grabbed entity before creating the phys_animlink, but what those entity slots mean is not recovered, so the name is descriptive only.
vampire.dll	CNPC_VHengeyokai	0x669d	m_SecurePickupParam.m_nKey1	unsigned char	1	walked	Second key byte of the secure value at +0x6698, written from the coder's stack pair by ctor 0x1037e680 (the other key byte goes to +0x669c).
vampire.dll	CNPC_VHengeyokai	0x66a0	m_SecurePickupParam.m_nEncoded	int	1	walked	Encoded word of the secure value at +0x6698: ctor 0x1037e680 stores the obfuscated 30, and 0x10382670 applies the inverse mask and decodes it through 0x10430130.
vampire.dll	CNPC_VHengeyokai	0x66a4	m_BlacklistedEntities	CUtlVector<BlacklistedEntity_t>	1	walked	Ctor 0x1037e680 zeroes +0x66a4..+0x66b4 then reserves 8 entries of 8 bytes (Plat_Alloc 0x40); 0x10382970 grows it (count<<3), 0x10382aa0/0x10382b30 find an entry, test its +4 expiry float against curtime and swap-remove it, a byte-for-byte twin of CNPC_VBaseBoss's m_BlacklistedEntities bodies 0x103662d0/0x10366400/0x10366490 at +0x665c.
vampire.dll	CNPC_VHengeyokai	0x66a8	m_BlacklistedEntities.m_Memory.m_nAllocationCount	int	1	walked	Ctor 0x1037e680 zeroes it then raises it to 8 when below 8 before the Plat_Alloc; 0x10382970 grows it and reallocates count<<3 bytes.
vampire.dll	CNPC_VHengeyokai	0x66ac	m_BlacklistedEntities.m_Memory.m_nGrowSize	int	1	walked	Ctor 0x1037e680 zeroes it and then writes 8 before reserving the initial allocation (retail CUtlVector third word).
vampire.dll	CNPC_VHengeyokai	0x66b0	m_BlacklistedEntities.m_Size	int	1	walked	Zeroed by ctor 0x1037e680; 0x10382aa0 swap-removes an expired entry and decrements it.
vampire.dll	CNPC_VHengeyokai	0x66b4	m_BlacklistedEntities.m_pElements	BlacklistedEntity_t*	1	walked	Ctor 0x1037e680 sets it to the freshly allocated m_pMemory (+0x66a4).
vampire.dll	CNPC_VManBat	0x6668	m_iMoveGoalNodeMode	MvsnSec::CSecureType<int>	1	walked	Constructor 0x10389cc0 installs the RTTI vftable MvsnSec::CSecureType<int,CPfnTraits0,CSecureCoderBasic<...>> (CSecureTypeBase) at +0x6668 and an encoded 0 at +0x6670; saved through CSafeDiscSaveRestoreOps_0 (0x1042f1c0/0x1042f230); a 12-byte SafeDisc-protected int (vftable, 2 junk bytes, encoded value)
vampire.dll	CNPC_VManBat	0x666c	m_iMoveGoalNodeMode.m_Coded.m_Salt[0]	unsigned char	1	walked	Ctor 0x10389cc0, every mode assignment in StartTask 0x1038c390 and CSafeDiscSaveRestoreOps_0 restore 0x1042f230 copy an uninitialised stack byte here alongside the encoded value; never read, it heads the 8-byte coded pair the secure type copies as a unit (0x10390060)
vampire.dll	CNPC_VManBat	0x666d	m_iMoveGoalNodeMode.m_Coded.m_Salt[1]	unsigned char	1	walked	Second junk byte written together with +0x666c by ctor 0x10389cc0, StartTask 0x1038c390 and restore 0x1042f230; never read
vampire.dll	CNPC_VManBat	0x6670	m_iMoveGoalNodeMode.m_Coded.m_nEncoded	int	1	walked	StartTask 0x1038c390 stores mode ids 0-9 through encoders 0x1042fb50/0x103908c0; OverrideMove 0x1038b120, RunTask 0x1038d130, SelectSchedule 0x1038e340 and FValidateHintType 0x1038e480 decode it with the inverse transform and 0x1042fbf0 before comparing
vampire.dll	CNPC_VManBat	0x669c	m_hPlayerEmitter	EHANDLE	1	walked	Ctor 0x10389cc0 writes -1; the screech hit body 0x1038e9c0 creates Manbat_player_emitter when the handle is dead, stores its handle here and attaches it to the victim's Bip01_Spine; 0x1038f020 tears it down.
vampire.dll	CNPC_VManBat	0x66a0	m_hHUDEmitter	EHANDLE	1	walked	Ctor 0x10389cc0 writes -1; 0x1038e9c0 creates HUD_Manbat_emitter for a player victim when the handle is dead, stores it here and attaches it to the victim's view; 0x1038f020 removes it and writes -1.
vampire.dll	CNPC_VManBat	0x66a4	m_hScreechConeEmitter	EHANDLE	1	walked	Ctor 0x10389cc0 sets -1; the screech attack 0x1038e9c0 removes any live entity in it then fills it with a created "Manbat_screechcone_emitter" attached at Bip01_Jaw; Event_Killed 0x1038e8c0 removes that entity via 0x101cd940 and resets it to -1
vampire.dll	CNPC_VManBat	0x66a8	m_hBlastPlayerEmitter	EHANDLE	1	walked	Ctor 0x10389cc0 writes -1; 0x1038e9c0 creates Manbat_blast_player when the handle is dead, stores it here and attaches it to the victim's Bip01_Spine.
vampire.dll	CNPC_VManBat	0x66b9	m_ScheduleLoader	CNPC_VManBat::CScheduleLoader	1	walked	Ctor 0x10389cc0 constructs it through 0x10389e80, which only calls LoadSchedules 0x10389ea0 (signature check DAT_10640d38 against DAT_10936b68); this is DEFINE_CUSTOM_AI's CScheduleLoader after m_bHasPlayedFlyBySound +0x66b8.
vampire.dll	CNPC_VMingXiao	0x6751	m_ScheduleLoader	CNPC_VMingXiao::CScheduleLoader	1	walked	Ctor 0x10390ee0 constructs it through 0x103912c0, which only calls LoadSchedules 0x103912e0 (signature check DAT_106433a4 against DAT_10936b68); this is DEFINE_CUSTOM_AI's CScheduleLoader after m_bBlockedByFriend +0x6750.
vampire.dll	CNPC_VMingXiaoTentacle	0x669a	m_ScheduleLoader	CNPC_VMingXiaoTentacle::CScheduleLoader	1	walked	Ctor 0x1039afe0 constructs it through 0x1039b160, which only calls LoadSchedules 0x1039b180 (signature check DAT_106477d4 against DAT_10936b68); this is DEFINE_CUSTOM_AI's CScheduleLoader after m_bPlayedDeathAnim +0x6699.
vampire.dll	CNPC_VNewscaster	0x665c	m_MainStories	CUtlVector<NewscasterStory_t>	1	walked	Ctor 0x1039ff60 zeroes +0x665c..+0x6688; loader 0x103a0ab0 parses %sNewscaster_Main.txt and inserts 0x28-byte entries (growing via 0x103a1320), 0x103a0d50 frees each entry's nine strings and empties it, 0x103a0670 picks the next main story; destructor 0x103a0270 frees the memory.
vampire.dll	CNPC_VNewscaster	0x6660	m_MainStories.m_Memory.m_nAllocationCount	int	1	walked	Zeroed by ctor 0x1039ff60; loader 0x103a0ab0 compares it with m_Size+1 before growing m_MainStories.
vampire.dll	CNPC_VNewscaster	0x6664	m_MainStories.m_Memory.m_nGrowSize	int	1	walked	Zeroed by ctor 0x1039ff60; destructor 0x103a0270 tests it against -1 (external memory) before the Plat_Free of +0x665c.
vampire.dll	CNPC_VNewscaster	0x6668	m_MainStories.m_Size	int	1	walked	Zeroed by ctor 0x1039ff60; incremented by loader 0x103a0ab0, drained by 0x103a0d50, and used as the RandomInt bound and wrap limit of the main index in 0x103a0670.
vampire.dll	CNPC_VNewscaster	0x666c	m_MainStories.m_pElements	NewscasterStory_t*	1	walked	Zeroed by ctor 0x1039ff60; loader 0x103a0ab0 rewrites it to m_pMemory after each insert.
vampire.dll	CNPC_VNewscaster	0x6670	m_SideStories	CUtlVector<NewscasterStory_t>	1	walked	Zeroed by ctor 0x1039ff60; loader 0x103a0ab0 fills it from %sNewscaster_Side.txt with the same 0x28-byte entries, 0x103a0d50 empties it, 0x103a0670 picks side stories from it.
vampire.dll	CNPC_VNewscaster	0x6674	m_SideStories.m_Memory.m_nAllocationCount	int	1	walked	Zeroed by ctor 0x1039ff60; loader 0x103a0ab0 compares it with m_Size+1 before growing m_SideStories.
vampire.dll	CNPC_VNewscaster	0x6678	m_SideStories.m_Memory.m_nGrowSize	int	1	walked	Zeroed by ctor 0x1039ff60 as the third word of the m_SideStories CUtlVector at +0x6670.
vampire.dll	CNPC_VNewscaster	0x667c	m_SideStories.m_Size	int	1	walked	Zeroed by ctor 0x1039ff60; incremented by loader 0x103a0ab0, drained by 0x103a0d50, and used as the RandomInt bound and wrap limit of the side index in 0x103a0670.
vampire.dll	CNPC_VNewscaster	0x6680	m_SideStories.m_pElements	NewscasterStory_t*	1	walked	Zeroed by ctor 0x1039ff60; loader 0x103a0ab0 rewrites it to m_pMemory after each insert.
vampire.dll	CNPC_VNewscaster	0x6684	m_iMainStoryIndex	int	1	walked	Zeroed by ctor 0x1039ff60; 0x103a0670 seeds it with RandomInt over m_MainStories after loading, then advances and wraps it and plays that entry's line through 0x102c0520.
vampire.dll	CNPC_VNewscaster	0x6688	m_iSideStoryIndex	int	1	walked	Zeroed by ctor 0x1039ff60; 0x103a0670 seeds it with RandomInt over m_SideStories, then advances and wraps it when a side story is chosen.
vampire.dll	CNPC_VNewscaster	0x668c	m_bPlayMainStory	int	1	walked	Zeroed by ctor 0x1039ff60; 0x103a0670 writes 1 when RandomInt over the main+side counts lands in the main range, else 0, and branches on it.
vampire.dll	CNPC_VNewscaster	0x6690	m_bStoriesLoaded	bool	1	walked	Ctor 0x1039ff60 zeroes the byte; loader 0x103a0ab0 sets it to 1, 0x103a0d50 clears it, and 0x103a0670 loads the story files when it is 0.
vampire.dll	CNPC_VSabbatLeader	0x66e6	m_ScheduleLoader	CNPC_VSabbatLeader::CScheduleLoader	1	walked	Ctor 0x103a5be0 constructs it through 0x103a5d80, which only calls LoadSchedules 0x103a5da0 (signature check DAT_1064c7b0 against DAT_10936b68); this is DEFINE_CUSTOM_AI's CScheduleLoader after m_bLastAttackWasNova +0x66e5.
vampire.dll	CNPC_VScurrying	0x6678	m_flNextDetectTime	float	1	walked	Ctor 0x103abb00 zeroes it and nothing else writes it; GatherConditions 0x103ac500 re-validates or re-searches m_hDetectedEntity only once curtime has reached it, so retail searches every think
vampire.dll	CNPC_VScurrying	0x667c	m_hDetectedEntity	EHANDLE	1	walked	Ctor 0x103abb00 sets -1; GatherConditions 0x103ac500 keeps it while 0x103acac0 (within m_flDetectionDistance, ignore_nosferatu/must_detect rules) accepts it, else refills from 0x103aca80, and sets condition 0x78 while it resolves; StartTask 0x103ac740 task 0x14a flees from its origin at twice the detection distance
vampire.dll	CNPC_VScurrying	0x6680	m_vecFrightOrigin	Vector	1	walked	SelectSchedule 0x103ac610 copies the position of m_LastSoundBulletImpact into +0x6680/+0x6684/+0x6688 on condition 0x70 before returning fright schedule 0x162; StartTask 0x103ac740 task 0x14a loads the three floats as the flee-from point when no detected entity resolves
vampire.dll	CNPC_VScurrying	0x6684	m_vecFrightOrigin.y	float	1	walked	Second component, written by SelectSchedule 0x103ac610 and read by StartTask 0x103ac740 with +0x6680/+0x6688
vampire.dll	CNPC_VScurrying	0x6688	m_vecFrightOrigin.z	float	1	walked	Third component, written by SelectSchedule 0x103ac610 and read by StartTask 0x103ac740 with +0x6680/+0x6684
vampire.dll	CNPC_VScurrying	0x668c	m_flFrightEndTime	float	1	walked	Spawn 0x103ac430 sets it to curtime; SelectSchedule 0x103ac610 sets curtime+m_flFrightDurationSeconds on a bullet-impact sound and keeps returning schedule 0x162 while curtime is below it; StartTask 0x103ac740 fails task 0x14a when no detected entity resolves and it has passed
vampire.dll	CNPC_VSheriffMan	0x66e7	m_bFloorHeightsCached	bool	1	walked	NPCInit 0x103ae6c0 clears it, CacheFloorHeights 0x103b1510 sets it once both the center and ledge nodes were found, RunAI 0x103aebd0 tests it to decide whether to cache
vampire.dll	CNPC_VSheriffMan	0x66e8	m_flCenterFloorHeight	float	1	walked	CacheFloorHeights 0x103b1510 stores the z of SelectCenterNode's origin; CategorizeHeight 0x103b1790 returns 0 when a height is nearer to it than to the ledge height
vampire.dll	CNPC_VSheriffMan	0x66ec	m_flLedgeFloorHeight	float	1	walked	CacheFloorHeights 0x103b1510 stores the z of SelectLedgeNode's origin; CategorizeHeight 0x103b1790 returns 1 when a height is not nearer the center height than this
vampire.dll	CNPC_VTzimisce	0x6690	m_FailedPickupTargets	CUtlVector<BlacklistedEntity_t>	1	walked	Tzimisce's own 8-byte {EHANDLE, float expire} CUtlVector: TaskFail 0x103ba350 appends m_hPickupTarget with curtime+constant via 0x103bf200, the pickup search 0x103be180 skips unexpired entries via 0x103bf330 and finder 0x103bf3c0, dtor 0x103b6e90 frees it
vampire.dll	CNPC_VTzimisce	0x6694	m_FailedPickupTargets.m_Memory.m_nAllocationCount	int	1	walked	Grown by 0x103bf200 before Plat_Realloc of count*8; zeroed by dtor 0x103b6e90
vampire.dll	CNPC_VTzimisce	0x6698	m_FailedPickupTargets.m_Memory.m_nGrowSize	int	1	walked	Tested against -1 by dtor 0x103b6e90 and add 0x103bf200
vampire.dll	CNPC_VTzimisce	0x669c	m_FailedPickupTargets.m_Size	int	1	walked	Incremented by 0x103bf200, iterated by 0x103bf3c0, decremented on swap-remove by 0x103bf330, zeroed by dtor 0x103b6e90
vampire.dll	CNPC_VTzimisce	0x66a0	m_FailedPickupTargets.m_pElements	BlacklistedEntity_t*	1	walked	Debugger mirror of m_pMemory refreshed by 0x103bf200 and dtor 0x103b6e90; never read
vampire.dll	CNPC_VTzimisce	0x66bd	m_ScheduleLoader	CNPC_VTzimisce::CScheduleLoader	1	walked	Ctor 0x103b6c60 constructs it through 0x103b7020, which only calls LoadSchedules 0x103b7040 (signature check DAT_10653438 against DAT_10936b68); this is DEFINE_CUSTOM_AI's CScheduleLoader after m_bJustFoundBody +0x66bc.
vampire.dll	CNPC_VTzimisceHeadClaw	0x667c	m_hPlayerEmitter	EHANDLE	1	walked	Ctor 0x103c1220 writes -1; the slug hit body (slot 332) 0x103c1d80 creates Tzim2_player_emitter on the victim when the handle is dead and stores it here; 0x103c2230 removes it and writes -1 when the slow (m_flSlowedExpire +0x6678) ends.
vampire.dll	CNPC_VTzimisceHeadClaw	0x6680	m_hHUDEmitter	EHANDLE	1	walked	Ctor 0x103c1220 writes -1; slot 332 0x103c1d80 creates HUD_Tzim2_emitter for a player victim when the handle is dead and stores it here; 0x103c2230 removes it and writes -1 when the slow ends.
vampire.dll	CNPC_VTzimisceRunner	0x6672	m_bSmallSize	bool	1	walked	Spawn 0x103c3b30 clears it, NotifyChangeSizeSmall 0x103c3cd0 sets it with the small hull, NotifyChangeSizeNormal 0x103c3d10 clears it on restore; SetActivity 0x103c3d80 and NPC_EarlyTranslateActivity 0x103c3e10 remap activities 1/3/9/0x13/0xf1 to 0x1134-0x1137 while it is set
vampire.dll	CNPC_VTzimisceRunner	0x6674	m_flSmallSizeEngineTime	float	1	walked	NotifyChangeSizeSmall 0x103c3cd0 stores the float returned by IVEngineServer slot 119 (engine.dll 0x2010acd0, returns one of two engine clock globals, arg 0); NotifyChangeSizeNormal 0x103c3d10 restores the normal hull only when the same call now returns a different value
vampire.dll	CNPC_VVampireBoss	0x6694	m_pszMonsterClassname	const char*	1	walked	NPCInit 0x103c5840 and Restore 0x103c5910 point it at the literal "npc_VVampireBoss" (SheriffMan 0x103ae6c0/0x103ae7f0 and SabbatLeader 0x103a6d40/0x103a6e80 set their own); TransformationStart 0x103c60a0 passes it to CreateEntityByName 0x10136580 to spawn the morph partner that then takes m_pMonsterModelName
vampire.dll	CNPC_VWerewolf	0x6684	m_hRotDoor1	EHANDLE	1	walked	Ctor 0x103ca4b0 writes -1; 0x103cade0 finds the entity named rotdoor1, dynamic-casts it to CFuncMoveLinear and stores its handle (or -1); 0x103d1e50 resolves both door handles and compares their positions when m_DoorState +0x6680 is not 2.
vampire.dll	CNPC_VWerewolf	0x6688	m_hRotDoor2	EHANDLE	1	walked	Ctor 0x103ca4b0 writes -1; 0x103cade0 stores the CFuncMoveLinear handle of rotdoor2 (or -1); the door-state test 0x103d1e50 reads it together with m_hRotDoor1.
vampire.dll	CNPC_VWerewolf	0x668c	m_ScheduleHistory	CUtlVector<CAI_Schedule*>	1	doc	docs/vtmb/npc-ai/schedule-kernel.md names a 50-entry werewolf schedule history at +0x668c; ctor 0x103ca4b0 builds it (0x103dc040), OnScheduleChange 0x103ced10 appends the new CAI_Schedule* and drops the oldest past 0x32, DrawDebugStatOverlays 0x103d5130 prints the last five schedule names (+0x40), dtor 0x103ca7c0 frees it.
vampire.dll	CNPC_VWerewolf	0x668c	m_ScheduleHistory.m_Memory.m_pMemory	CAI_Schedule**	1	walked	Memory pointer indexed with stride 4 in 0x103ced10 and 0x103d5130, freed in dtor 0x103ca7c0.
vampire.dll	CNPC_VWerewolf	0x6690	m_ScheduleHistory.m_Memory.m_nAllocationCount	int	1	walked	Compared against size+1 before growth (0x103dc490) in OnScheduleChange 0x103ced10, zeroed after free in dtor 0x103ca7c0.
vampire.dll	CNPC_VWerewolf	0x6694	m_ScheduleHistory.m_Memory.m_nGrowSize	int	1	walked	Dtor 0x103ca7c0 skips Plat_Free when it is -1 (external buffer marker).
vampire.dll	CNPC_VWerewolf	0x6698	m_ScheduleHistory.m_Size	int	1	walked	Ctor 0x103ca4b0 zeroes it; OnScheduleChange 0x103ced10 caps it at 50 and increments it; DrawDebugStatOverlays 0x103d5130 bounds its loop by it.
vampire.dll	CNPC_VWerewolf	0x669c	m_ScheduleHistory.m_pElements	CAI_Schedule**	1	walked	Debugger element pointer refreshed from m_pMemory in ctor 0x103ca4b0, OnScheduleChange 0x103ced10 and dtor 0x103ca7c0.
vampire.dll	CNPC_VWerewolf	0x66a0	m_bHintDataInitialized	bool	1	walked	Ctor 0x103ca4b0 clears it; NPCThink 0x103cb590 runs InitializeHintData and 0x103cade0 when it is false or m_HintData is empty, then sets it to 1.
vampire.dll	CNPC_VWerewolf	0x66a1	m_bEnemyUnreachable	bool	1	walked	IsEnemyUnreachable 0x103da0a0 caches its answer here once per engine tick (set 1 with no/unroutable enemy, cleared when HasPath succeeds) and returns it; TaskFail 0x103ce750 forces it to 1; NPC init 0x103cac20 clears it.
vampire.dll	CNPC_VWerewolf	0x66a4	m_iEnemyUnreachableCheckTick	int	1	walked	IsEnemyUnreachable 0x103da0a0 stores the engine tick/frame (IVEngineServer +0x1e0) and skips recomputation when it matches; TaskFail 0x103ce750, ScriptUnhide 0x103d4a20 and init 0x103cac20 zero it to force a recheck.
vampire.dll	CNPC_VWerewolf	0x66a8	m_bWasEnemyUnreachable	bool	1	walked	UpdateConditionEnemyUnreachable 0x103cc320 latches last think's COND 0x59 (enemy unreachable) here to detect its rising edge; StartTask 0x103ccda0 task 0x15b, SnapToAnimationPoint 0x103d9f90 and init 0x103cac20 clear it.
vampire.dll	CNPC_VWerewolf	0x66a9	m_bPlayFrustration	bool	1	walked	Set by UpdateConditionEnemyUnreachable 0x103cc320 when the enemy just became unreachable and CheckAllMoveHints finds no hint; SelectSchedule 0x103cee70 consumes it (clears) and returns schedule 0x15d; Spawn 0x103caa30 and init 0x103cac20 clear it.
vampire.dll	CNPC_VWerewolf	0x66ac	m_pTeleportHintSearchStart	CAI_Hint*	1	walked	FindTeleportHint 0x103d3c20 resumes its round-robin walk of the hint list from this hint's next link (+0x5d8) and stops when it wraps back to it, storing the give-up/last candidate; Spawn 0x103caa30, TeleportOut 0x103d4a60 and init 0x103cac20 zero it.
vampire.dll	CNPC_VWerewolf	0x66b8	m_pMoveHintSearchStart	CAI_Hint*	1	walked	FindMoveHint 0x103d2a10 and FindRandomMoveHint 0x103d14f0 start the hint-list walk from its next link (+0x5d8), loop until wrapping back to it and store their cursor; CheckAllMoveHints 0x103cfc50 / CheckAllRandomMoveHints 0x103cf770 and init 0x103cac20 zero it.
vampire.dll	CNPC_VWerewolf	0x66cc	m_flHullRadius	float	1	walked	Init 0x103cac20 adds the 2-D half-extent length of NAI_Hull mins/maxs for m_eHull (+0x1568) to it (accumulates, never reset); UpdateConditionCanTeleport 0x103cc0d0, StartTask 0x103ccda0 task 0x4e (goal tolerance) and GatherConditions 0x103d0410 add it to +0x66d0 as a distance margin.
vampire.dll	CNPC_VWerewolf	0x66d0	m_flTargetHullRadius	float	1	walked	Init 0x103cac20 adds sqrt of a double constant (0x104704c0) to it (accumulates); always read summed with m_flHullRadius in UpdateConditionCanTeleport 0x103cc0d0, StartTask 0x103ccda0 task 0x4e and GatherConditions 0x103d0410, i.e. the enemy-side radius of a contact distance.
vampire.dll	CNPC_VWerewolf	0x66d4	m_iLastHintSearchTick	int	1	walked	FindTeleportHint 0x103d3c20, FindMoveHint 0x103d2a10, FindRandomMoveHint 0x103d14f0 and FindBreakHint 0x103d0ec0 store the engine tick (IVEngineServer +0x1e0) and refuse a second search in the same tick; CheckAll*MoveHints, ScriptUnhide 0x103d4a20 and init 0x103cac20 zero it.
vampire.dll	CNPC_VWerewolf	0x66d8	m_flLastHintSearchTime	float	1	walked	The same Find*Hint bodies store gpGlobals->curtime and refuse a new search until a per-kind interval has passed; CheckAll*MoveHints 0x103cfc50/0x103cf770, ScriptUnhide 0x103d4a20 and init 0x103cac20 zero it.
vampire.dll	CNPC_VWerewolf	0x66dc	m_vecLastFakeHullOrigin	Vector	1	walked	UpdateFakeHull 0x103d93b0 stores the Bip01 world position each think, and when it moved and the swept hull overlaps the enemy it pushes/crushes the enemy along the delta; reset to vec3_invalid (0x1070d1b0) by init 0x103cac20, SnapToAnimationPoint 0x103d9f90 and UpdateFakeHull with no enemy.
vampire.dll	CNPC_VWerewolf	0x66dc	m_vecLastFakeHullOrigin[0]	float	1	walked	x component, compared to vec3_invalid.x and subtracted from the new Bip01 x in UpdateFakeHull 0x103d93b0.
vampire.dll	CNPC_VWerewolf	0x66e0	m_vecLastFakeHullOrigin[1]	float	1	walked	y component, compared to vec3_invalid.y and subtracted from the new Bip01 y in UpdateFakeHull 0x103d93b0.
vampire.dll	CNPC_VWerewolf	0x66e4	m_vecLastFakeHullOrigin[2]	float	1	walked	z component, compared to vec3_invalid.z and subtracted from the new Bip01 z in UpdateFakeHull 0x103d93b0.
vampire.dll	CNPC_VWerewolf	0x66e8	m_iZoneFlags	int	1	walked	Bitfield whose bits DrawDebugStatOverlays 0x103d5130 names ZONE_NO_TALL_ANIMS(1), ZONE_PLAYER_ON_BREAKABLE(2), ZONE_PLAYER_ON_PLATFORM(4), ZONE_PLAYER_INSIDE(0x40), ZONE_PLAYER_OUTSIDE(0x80), ZONE_WOLF_ON_PLATFORM(0x100), ZONE_WOLF_INSIDE(0x800), ZONE_WOLF_OUTSIDE(0x1000); NPCThink 0x103cb590 teleports out on 0x20; tested by StartTask, SelectSchedule, IsImperative*/IsValid*Hint, cleared by TaskFail 0x103ce750, TeleportOut 0x103d4a60 and StartTask; RunTask 0x103cdfb0 clears bit 2 (set side presumably trigger_werewolf_zone, not read here).
vampire.dll	CNPC_VWerewolf	0x66ec	m_flLastSeenByPlayerTime	float	1	walked	UpdateConditionCanTeleport 0x103cc0d0 stamps curtime while the player can see Bip01 and sets COND 0x77 (CAN_TELEPORT) once curtime minus it exceeds a convar (debug overlay 0x103d5130 prints it as Not Seen Time); TeleportIn 0x103d4d60, ScriptUnhide 0x103d4a20, StartTask task 0x152 and init 0x103cac20 stamp it; StartTask task 0x14f, ShouldPursueEnemy and IsValidRandomMoveHint 0x103d7dc0 read the elapsed time.
vampire.dll	CNPC_VWerewolf	0x66f4	m_flLastFakeHullDamageTime	float	1	walked	UpdateFakeHull 0x103d93b0 applies a 20-point crush CTakeDamageInfo to the overlapped enemy only when curtime exceeds it plus a constant, then stamps curtime; init 0x103cac20 stamps curtime.
vampire.dll	CNPC_VWerewolf	0x6708	m_iMoveHintNodeZone	int	1	walked	FindMoveHint 0x103d2a10 records +0x94 of the NPC's cached nearest CAI_Node (0x103d0ad0) when it picks a hint (+0x94 read as the node's zone, both nonzero meaning connected in 0x103d0e70); TaskFail 0x103ce750, SnapToAnimationPoint 0x103d9f90 and init 0x103cac20 reset it to -1; no reader found.
vampire.dll	CNPC_VWerewolf	0x670c	m_iRandomMoveHintNodeZone	int	1	walked	FindRandomMoveHint 0x103d14f0 records the nearest node's +0x94 (zone) when it picks a random hint; IsValidRandomMoveHint 0x103d7dc0 compares the current nearest node's +0x94 against it for the 0x3a99-0x3a9b hint types; TaskFail, SnapToAnimationPoint and init 0x103cac20 reset it to -1.
vampire.dll	CNPC_VWerewolf	0x6710	m_bPlayerIsMalkavian	bool	1	walked	Ctor 0x103ca4b0 clears it; StartTask 0x103ccda0 task 0x14a writes whether the closest player's char template equals Player_Malkavian before making the player its enemy; no reader found in the corpus.
vampire.dll	CNPC_VWerewolf	0x6714	m_HintData	CUtlVector<CHintData_WW>	1	walked	Ctor 0x103ca4b0 builds it (0x103dc180); InitializeHintData 0x103d7710 appends one 0x48-byte CHintData_WW per map hint (end-entity EHANDLE, hint pointer, groundpoint, target groundpoint); GetHintEndEntity/GetHintGroundpoint/GetHintTargetGroundpoint/GetDataForHint search it; dtor 0x103ca7c0 destructs each element (0x103dc5b0) and frees it.
vampire.dll	CNPC_VWerewolf	0x6714	m_HintData.m_Memory.m_pMemory	CHintData_WW*	1	walked	Element storage indexed with stride 0x48 in InitializeHintData 0x103d7710 and dtor 0x103ca7c0, address passed to the insert helper 0x103dc090.
vampire.dll	CNPC_VWerewolf	0x6718	m_HintData.m_Memory.m_nAllocationCount	int	1	walked	Zeroed with the free in dtor 0x103ca7c0; the CUtlMemory allocation count by position.
vampire.dll	CNPC_VWerewolf	0x671c	m_HintData.m_Memory.m_nGrowSize	int	1	walked	Dtor 0x103ca7c0 skips Plat_Free when it is -1 (external buffer marker).
vampire.dll	CNPC_VWerewolf	0x6720	m_HintData.m_Size	int	1	walked	Element count: InitializeHintData 0x103d7710 inserts at it only when zero, NPCThink 0x103cb590 and StartTask task 0x14a test it for emptiness, the GetHint* lookups bound their loops by it, ctor zeroes and dtor iterates/zeroes it.
vampire.dll	CNPC_VWerewolf	0x6724	m_HintData.m_pElements	CHintData_WW*	1	walked	Debugger element pointer refreshed from m_pMemory in ctor 0x103ca4b0 and dtor 0x103ca7c0.
vampire.dll	CNPC_VYukie	0x6664	m_hUnreadHandle6664	EHANDLE	1	unsettled	Yukie ctor 0x103dd000 writes -1 here after the CNPC_VHumanCombatant ctor 0x10386aa0 (whose own loader is at +0x6660) and before Yukie's CScheduleLoader at +0x6668 (0x103dd120 then LoadSchedules 0x103dd140); no Yukie body (Spawn 0x103dd620, SelectSchedule 0x103dd6b0, NPCInit 0x103dd800, 0x103dd8b0) reads it, so it has no behavioural name.
vampire.dll	CNPC_VZombie	0x668c	m_DeathDamageInfo	CTakeDamageInfo	1	walked	CreateCorpse 0x103dfbb0 (slot 301) saves the 19-word (0x4c) CTakeDamageInfo it is given here word-for-word alongside m_vecDeathForceVector, and SelectSchedule 0x103df2e0 and RunTask 0x103e01d0 replay CreateCorpse / CBaseCombatCharacter::CreateCorpse with this address for the deferred ragdoll; layout per ctor 0x101c2890/0x101c2910.
vampire.dll	CNPC_VZombie	0x668c	m_DeathDamageInfo.m_iUnknown00	int	1	unsettled	Word 0 of the Troika CTakeDamageInfo: 0x101c2890 zeroes it and 0x101c26d0 overwrites it with its sixth argument; no SDK 2013 counterpart at offset 0 and no reader walked here to give it meaning.
vampire.dll	CNPC_VZombie	0x6690	m_DeathDamageInfo.m_flUnknownScale[0]	float	1	unsettled	Word 1 of the Troika CTakeDamageInfo, set to 1.0 by ctor 0x101c2890 (first of three 1.0 floats at +4..+0xc); consumer not walked so the meaning is open.
vampire.dll	CNPC_VZombie	0x6694	m_DeathDamageInfo.m_flUnknownScale[1]	float	1	unsettled	Word 2 of the Troika CTakeDamageInfo, set to 1.0 by ctor 0x101c2890; consumer not walked.
vampire.dll	CNPC_VZombie	0x6698	m_DeathDamageInfo.m_flUnknownScale[2]	float	1	unsettled	Word 3 of the Troika CTakeDamageInfo, set to 1.0 by ctor 0x101c2890; consumer not walked.
vampire.dll	CNPC_VZombie	0x669c	m_DeathDamageInfo.m_vecDamageForce[0]	float	1	walked	Info +0x10 is the force vector: 0x101c2910 copies its force argument to +0x10..+0x18 and UpdateFakeHull 0x103d93b0 writes the scaled push delta there.
vampire.dll	CNPC_VZombie	0x66a0	m_DeathDamageInfo.m_vecDamageForce[1]	float	1	walked	Info +0x14, y of the force vector written by 0x101c2910.
vampire.dll	CNPC_VZombie	0x66a4	m_DeathDamageInfo.m_vecDamageForce[2]	float	1	walked	Info +0x18, z of the force vector written by 0x101c2910.
vampire.dll	CNPC_VZombie	0x66a8	m_DeathDamageInfo.m_vecDamagePosition[0]	float	1	walked	Info +0x1c is the damage position: 0x101c2910 copies its position argument to +0x1c..+0x24 and UpdateFakeHull 0x103d93b0 writes the enemy-contact point there.
vampire.dll	CNPC_VZombie	0x66ac	m_DeathDamageInfo.m_vecDamagePosition[1]	float	1	walked	Info +0x20, y of the damage position written by 0x101c2910.
vampire.dll	CNPC_VZombie	0x66b0	m_DeathDamageInfo.m_vecDamagePosition[2]	float	1	walked	Info +0x24, z of the damage position written by 0x101c2910.
vampire.dll	CNPC_VZombie	0x66b4	m_DeathDamageInfo.m_hInflictor	EHANDLE	1	walked	Info +0x28 takes the first (inflictor) argument in 0x101c2890, as SDK 2013 CTakeDamageInfo::Set.
vampire.dll	CNPC_VZombie	0x66b8	m_DeathDamageInfo.m_hAttacker	EHANDLE	1	walked	Info +0x2c takes the attacker argument, or the inflictor when attacker is null, in 0x101c2890 (SDK 2013 Set semantics).
vampire.dll	CNPC_VZombie	0x66bc	m_DeathDamageInfo.m_flDamage	float	1	walked	Info +0x30 takes the damage amount in 0x101c2890 (20.0 from UpdateFakeHull 0x103d93b0).
vampire.dll	CNPC_VZombie	0x66c0	m_DeathDamageInfo.m_flMaxDamage	float	1	walked	Info +0x34 is set to the same damage amount as +0x30 in 0x101c2890 (SDK 2013 m_flMaxDamage).
vampire.dll	CNPC_VZombie	0x66c4	m_DeathDamageInfo.m_bitsDamageType	int	1	walked	Info +0x38 takes the damage-type bits argument in 0x101c2890 (1 = DMG_CRUSH from UpdateFakeHull 0x103d93b0).
vampire.dll	CNPC_VZombie	0x66c8	m_DeathDamageInfo.m_iDamageCustom	int	1	walked	Info +0x3c takes the argument following the damage type in 0x101c2890 (0 from UpdateFakeHull), matching SDK 2013's m_iDamageCustom position after m_bitsDamageType.
vampire.dll	CNPC_VZombie	0x66cc	m_DeathDamageInfo.m_iAmmoType	int	1	walked	Info +0x40 takes the last ctor argument (-1 default) in 0x101c2890 and is set by the one-line setter 0x101c2a10 (called with 2 by UpdateFakeHull 0x103d93b0), matching SDK 2013 m_iAmmoType's -1 default.
vampire.dll	CNPC_VZombie	0x66d0	m_DeathDamageInfo.m_flMultiplier	float	1	walked	Info +0x44 defaults to 1.0 in 0x101c2890 and has its own setter 0x101c2a50; docs/vtmb/combat-and-damage.md describes a Multiplier carried in the CTakeDamageInfo envelope (name by that doc, offset not stated there).
vampire.dll	CNPC_VZombie	0x66d4	m_DeathDamageInfo.m_bUnknown48	bool	1	unsettled	Info +0x48 byte cleared by ctor 0x101c2890; no setter or reader walked.
vampire.dll	CNPC_VZombie	0x66d5	m_DeathDamageInfo.m_bUnknown49	bool	1	unsettled	Info +0x49 byte cleared by ctor 0x101c2890; no setter or reader walked.
vampire.dll	CNPC_VZombie	0x66d6	m_DeathDamageInfo.m_bUnknown4A	bool	1	unsettled	Info +0x4a byte cleared by ctor 0x101c2890 and set true through setter 0x101c2b10 by UpdateFakeHull 0x103d93b0; its consumer was not walked.
vampire.dll	CNPC_VZombie	0x66e4	m_iActivityVariant	int	1	walked	Ctor 0x103de220 sets it to RandomInt(1,3); StartTask 0x103dfd80 task 0x153 maps 1/2/3 to activities 0x1098/0x109b/0x109e (else keeps m_Activity) before SetIdealActivity; no other writer.
