# The porting verdicts of the NPC kernel's closure, one row per retail function.
#
# `kernel_ledger --checklist <band>` renders `docs/vtmb/npc-kernel/checklist-<band>.md` from the
# ledger joined with this overlay, and `coverage.md`'s `## Verdicts by layer band` counts it. The
# verdict lives here rather than in the rendered table because the table is rewritten from the
# corpus on every run and a verdict is a reading that must survive that.
#
#   address   the retail function, lower-case, no `0x`
#   verdict   rule | mechanism | present | dead | unsettled
#   band      the `order.md` layer band the row was verdicted in (`0-4`, `5-9`, …)
#   target    rule: the port method that carries the body. mechanism: the Unreal service or port
#             seam. present: the port function that already runs it. dead: `-`.
#   evidence  one line: the reason, or the automation test a `rule` row's port is covered by
#
address	verdict	band	target	evidence
10007ea0	present	0-4	ElysiumNpc.cpp:FElysiumNpc::LeaveGrappleState	decrements/clamps +0x5bb4 to 0 then calls FUN_10009601; port comment at ElysiumNpc.cpp:789 maps this exact retail address to NpcFlags.RemoveGrappleOblivious() + ReconnectToSquad() inside LeaveGrappleState (stealth-kill grapple exit)
10009601	rule	0-4	FElysiumNpc::ReconnectToSquad	decrements ScheduleHost.SquadDisconnected-mapped counter at +0x5bb0; at <1 it would call through the squad pointer at +0x5da4 (mapped ABSENT: this substrate has no squad object) then resets the counter to 0; unconditionally clears flag bits 0x80000000 and 0x00800000 at +0x14bc; closest port concept is ReconnectToSquad, which never touches the squad pointer or auto-decays per tick -- could also be a distinct unported per-tick decay
10026530	rule	0-4	default:void	empty body (return;); CAI_BaseNPC#21 is a Troika-line slot fill (slot 21); CAI_BaseNPCTroika's own override lives separately at 0x1029f800 (Slot21, layer 3)
10026550	rule	0-4	default:void	empty body; CAI_BaseNPC#22 Troika-line slot 22; Troika's own override is separate (0x1029f850, Slot22, layer 3)
10026570	rule	0-4	default:void	empty body; CAI_BaseNPC#23 Troika-line slot 23; Troika's own override is separate (0x1029f890, Slot23, layer 3)
100265b0	rule	0-4	hand:FElysiumNpc::Slot25	empty body; CAI_BaseNPC#25 and CAI_BaseNPCTroika#25 fill slot 25; matches generated stub FElysiumNpc::Slot25(FElysiumEntity*), not yet implemented
100265d0	rule	0-4	hand:FElysiumNpc::Slot26	empty body; CAI_BaseNPC#26 and CAI_BaseNPCTroika#26 fill slot 26; matches generated stub FElysiumNpc::Slot26(FElysiumEntity*)
100265f0	rule	0-4	default:void	empty body; CAI_BaseNPC#27 Troika-line slot 27; Troika's own override is separate (0x1029f8f0, Slot27, layer 4)
10026650	rule	0-4	default:0.0	body is return (float10)_DAT_104454c4;, confirmed 0.0 by ElysiumCameraOverride.h:43 (the same constant is CBaseEntity's slot-48 answer, DefaultRollDegrees); fills CAI_BaseNPC#30 (Troika-line slot 30), distinct from Troika's own GetStealthHearingDist override at 0x101aa650
10026670	rule	0-4	default:0	body return 0;; CAI_BaseNPCTroika#32 fills slot 32; matches generated stub FElysiumNpc::CanBeInteractiveUsed(CBaseEntity*), not yet implemented
10026690	rule	0-4	default:0xffffffff	body return 0xffffffff;; CAI_BaseNPCTroika#33 fills slot 33; matches generated stub FElysiumNpc::Slot33(), not yet implemented
100266d0	rule	0-4	default:0	body return 0;; CAI_BaseNPC#35 fills slot 35; Troika's own override is separate (0x102c0220, layer 16)
100266f0	rule	0-4	default:0	body return 0;; CAI_BaseNPCTroika#36 fills slot 36; matches generated stub FElysiumNpc::Slot36(), not yet implemented
10026710	rule	0-4	hand:FElysiumNpc::Slot37	slot 37's whole body is `return <float at 0x104454c8>;` - a compiled float constant. Its value is not in the corpus (the .rdata word has 23 readers and no writer), so the row is not a `default:` the generator can emit; UpdateEnemyPos 0x10271900 and UpdateTargetPos 0x10271b10 read the same constant, which is where its value will be recovered
10026730	rule	0-4	hand:FElysiumNpc::Slot38	body return this;, ignoring the CBaseEntity* param; the declared slot signature is CBaseEntity* vfunc38(CBaseEntity*), so this is a genuine always-answers-itself default, not a decompiler artifact; CAI_BaseNPCTroika#38 fills slot 38; matches generated stub FElysiumNpc::Slot38(FElysiumEntity*), not yet implemented
10026750	rule	0-4	default:void	empty body; CAI_BaseNPCTroika#40 fills slot 40; matches generated stub FElysiumNpc::Slot40(FElysiumEntity*)
10026770	rule	0-4	default:void	empty body; CAI_BaseNPCTroika#41 fills slot 41; matches generated stub FElysiumNpc::Slot41(FElysiumEntity*)
10026790	rule	0-4	default:void	empty body; CAI_BaseNPCTroika#43 fills slot 43; matches generated stub FElysiumNpc::Slot43(FElysiumEntity*)
100267b0	rule	0-4	default:1	body return 1;; CAI_BaseNPCTroika#44 fills slot 44; matches generated stub FElysiumNpc::Slot44(FElysiumEntity*)
100267d0	rule	0-4	default:void	empty body (void, no param); CAI_BaseNPCTroika#46 fills slot 46; matches generated stub FElysiumNpc::Slot46()
100267f0	rule	0-4	default:void	empty body; CAI_BaseNPCTroika#47 fills slot 47; matches generated stub FElysiumNpc::Slot47()
10026810	present	0-4	hand:FElysiumNpc::Slot48	returns _DAT_104454c4 = 0.0; port cites this exact retail address (0x10026810) at ElysiumCameraOverride.h:43 as DefaultRollDegrees, CBaseEntity's default roll answer for slot 48
10026830	present	0-4	hand:FElysiumNpc::Slot49	returns _DAT_104454cc = 75.0; port cites this exact retail address (0x10026830) at ElysiumCameraOverride.h:44 and ElysiumCameraSolve.cpp:467 as DefaultFieldOfView, CBaseEntity's default FOV answer for slot 49
10026910	rule	0-4	default:0	body return 0;; CAI_BaseNPC#54 fills slot 54; Troika's own override is separate (0x102b50b0, layer 2)
10026930	rule	0-4	default:void	empty body (7-param); CAI_BaseNPC#55 fills slot 55; Troika's own override is separate (0x102b5100)
10026950	rule	0-4	default:void	empty body (8-param); CAI_BaseNPC#56 fills slot 56; Troika's own override is separate (0x102b5120, layer 1)
10026970	rule	0-4	default:void	empty body (7-param); CAI_BaseNPC#57 fills slot 57; Troika's own override is separate (0x102b51a0)
10026990	rule	0-4	default:void	empty body (2-param); CAI_BaseNPC#58 fills slot 58; Troika's own override is separate (0x102b51c0)
100269b0	rule	0-4	default:void	empty body; CAI_BaseNPC#59 fills slot 59; Troika's own override is separate (0x102b51e0)
100269d0	rule	0-4	default:void	empty body; CAI_BaseNPC#60 fills slot 60; Troika's own override is separate (0x102b5220)
100269f0	rule	0-4	default:void	empty body; CAI_BaseNPC#61 fills slot 61; Troika's own override is separate (0x102b5260)
10026ad0	rule	0-4	registry:72	species-only fill (no CAI_BaseNPC#/Troika# token): CAISound#72, CAI_Hint#72, CAI_InterestingPlace#72, CAI_InterestingPlaceConverstation#72, CAI_StandoffGoal#72; body return 0;; value 0
10026bd0	rule	0-4	default:void	empty body (2-param); CAI_BaseNPC#112 and CAI_BaseNPCTroika#112 fill slot 112; matches generated stub FElysiumNpc::Slot112(int,int)
10026bf0	rule	0-4	default:void	empty body; CAI_BaseNPC#115 and CAI_BaseNPCTroika#115 fill slot 115; matches generated stub FElysiumNpc::Slot115(CBaseEntity*)
10026c10	rule	0-4	default:0xffffffff	body return 0xffffffff;; CAI_BaseNPCTroika#131 fills slot 131; matches generated stub FElysiumNpc::RequiredEdictIndex()
10026c30	rule	0-4	default:void	empty body (void, no param); CAI_BaseNPCTroika#132 fills slot 132; matches generated stub FElysiumNpc::Slot132()
10026c50	rule	0-4	FElysiumNpc::MoveDone	corpus asm: the base slot-133 body is `if (m_pfnThink +0x114) (this->*that)(); ` - a tail JMP through the stored move-done callback and nothing else; the port's MoveDone is the same one-callback dispatch
10026c70	present	0-4	ElysiumNpc.cpp:FElysiumNpc::Think	base CBaseEntity think-dispatcher: pushes/pops a debug scope-trace entry naming the entity then invokes the stored think function pointer at +0x0118 if set; CAI_BaseNPC#134 and CAI_BaseNPCTroika#134 fill slot 134; the port's slot table (ElysiumNpcKernelSlots.inl:44) names this exact address as FElysiumNpc::Think -- NPCThink 0x10292de0, the whole pass -- already implemented, not a generated stub
10026d10	rule	0-4	registry:135	species-only fill (CAISound#135, CAI_Hint#135, CAI_InterestingPlace#135, CAI_InterestingPlaceConverstation#135, CAI_StandoffGoal#135); body return (float10)param_1;, an identity pass-through of the caller's own argument (not a member); retail's default answer is accept-the-value-unchanged; Troika's own slot-135 override is separate (0x101c10d0)
10026d30	rule	0-4	registry:136	species-only fill (CAISound#136, CAI_Hint#136, CAI_InterestingPlace#136, CAI_InterestingPlaceConverstation#136, CAI_StandoffGoal#136); body return 0;; value 0; Troika's own slot-136 override is separate (0x101a6860)
10026d50	rule	0-4	registry:137	species-only fill (CAISound#137, CAI_Hint#137, CAI_InterestingPlace#137, CAI_InterestingPlaceConverstation#137, CAI_StandoffGoal#137); body return 0; (undefined4, no param); value 0
10026d70	rule	0-4	default:void	empty body (1-param); CAI_BaseNPC#139 and CAI_BaseNPCTroika#139 fill slot 139; matches generated stub FElysiumNpc::DeathNotice(CBaseEntity*)
10026db0	rule	0-4	default:1	body return 1;; CAI_BaseNPC#147 and CAI_BaseNPCTroika#147 fill slot 147; matches generated stub FElysiumNpc::IsTriggered(CBaseEntity*)
10026dd0	rule	0-4	default:void	empty body (2-param); CAI_BaseNPC#148 and CAI_BaseNPCTroika#148 fill slot 148; matches generated stub FElysiumNpc::AddPoints(int,bool)
10026df0	rule	0-4	default:void	empty body (2-param); CAI_BaseNPC#149 and CAI_BaseNPCTroika#149 fill slot 149; matches generated stub FElysiumNpc::AddPointsToTeam(int,bool)
10026e10	rule	0-4	default:0	body return 0;; CAI_BaseNPC#150 and CAI_BaseNPCTroika#150 fill slot 150; matches generated stub FElysiumNpc::AddPlayerItem(CBaseCombatWeapon*)
10026e30	rule	0-4	default:0	body return 0;; CAI_BaseNPC#151 and CAI_BaseNPCTroika#151 fill slot 151; matches generated stub FElysiumNpc::RemovePlayerItem(CBaseCombatWeapon*)
10026e50	rule	0-4	registry:152	species-only fill (CAISound#152, CAI_Hint#152, CAI_InterestingPlace#152, CAI_InterestingPlaceConverstation#152, CAI_StandoffGoal#152); body returns _DAT_104454c4 = 0.0 (the same constant confirmed via ElysiumCameraOverride.h:43 for the sibling slot-48 fill); value 0.0
10026e70	rule	0-4	FElysiumNpc::BaseEntityIsMoving	species-only fill (CAISound#153, CAI_Hint#153, CAI_InterestingPlace#153, CAI_InterestingPlaceConverstation#153, CAI_StandoffGoal#153); compares this->m_vecVelocity (+0x03d4) component-wise against the static globals DAT_1070d1b0/b4/b8, the same always-zero vector that GetGroundVelocityToApply (slot 210, 0x10027370) always answers, returning true if velocity differs from that default; no port citation
10026ee0	rule	0-4	default:void	empty body (1-param); CAI_BaseNPC#156 and CAI_BaseNPCTroika#156 fill slot 156; matches generated stub FElysiumNpc::Slot156(int), itself marked unsettled in the ledger
10026f00	rule	0-4	default:0	body return 0;; CAI_BaseNPC#157 and CAI_BaseNPCTroika#157 fill slot 157; matches generated stub FElysiumNpc::OnControls(CBaseEntity*)
10026f60	rule	0-4	default:0	body return 0; (no param); CAI_BaseNPC#162 and CAI_BaseNPCTroika#162 fill slot 162; matches generated stub FElysiumNpc::IsPlayer()
10026f80	rule	0-4	hand:FElysiumNpc::CanStandOn	if param_1 is non-null, calls a vtable slot at param_1's own +0x290 and returns false only if that call returns 0, else returns true; CAI_BaseNPC#166 and CAI_BaseNPCTroika#166 fill slot 166; matches generated stub FElysiumNpc::CanStandOn(CBaseEntity*), not yet implemented
10027000	rule	0-4	registry:167	species-only fill (CAISound#167, CAI_Hint#167, CAI_InterestingPlace#167, CAI_InterestingPlaceConverstation#167, CAI_StandoffGoal#167); body return 0; (undefined4, no param); value 0; distinct from CAI_BaseNPC's slot-167 GetEnemy() (0x101a67e0), a different numbering context
10027040	rule	0-4	default:void	empty body (1-param); CAI_BaseNPC#169 and CAI_BaseNPCTroika#169 fill slot 169; matches generated stub FElysiumNpc::ViewPunch(const QAngle&)
10027060	rule	0-4	default:void	empty body (1-param); CAI_BaseNPC#170 and CAI_BaseNPCTroika#170 fill slot 170; matches generated stub FElysiumNpc::VelocityPunch(const Vector&)
100270a0	rule	0-4	default:void	empty body (void, no param); CAI_BaseNPC#179 and CAI_BaseNPCTroika#179 fill slot 179; matches generated stub FElysiumNpc::EndBlocked()
100270c0	rule	0-4	default:0	body return 0; (no param); CAI_BaseNPC#186 and CAI_BaseNPCTroika#186 fill slot 186; matches generated stub FElysiumNpc::Slot186()
100270e0	rule	0-4	default:0	body return 0; (no param); CAI_BaseNPC#187 and CAI_BaseNPCTroika#187 fill slot 187; matches generated stub FElysiumNpc::Respawn()
10027100	rule	0-4	default:0	body return 0; (no param); CAI_BaseNPC#188 and CAI_BaseNPCTroika#188 fill slot 188; matches generated stub FElysiumNpc::IsLockedByMaster()
10027120	rule	0-4	default:0.0	body returns _DAT_104454c4 = 0.0; CAI_BaseNPC#190 and CAI_BaseNPCTroika#190 fill slot 190; matches generated stub FElysiumNpc::GetDamage(), retail's default answer is 0.0 damage
10027140	rule	0-4	default:void	empty body (1-param); CAI_BaseNPC#191 and CAI_BaseNPCTroika#191 fill slot 191; matches generated stub FElysiumNpc::SetDamage(float)
10027330	rule	0-4	default:0	body return 0; (no param); CAI_BaseNPC#205 and CAI_BaseNPCTroika#205 fill slot 205; matches generated stub FElysiumNpc::Slot205()
10027350	rule	0-4	default:0	body return 0; (5-param); CAI_BaseNPC#206 and CAI_BaseNPCTroika#206 fill slot 206; matches generated stub FElysiumNpc::Slot206(int,int,int,int,int), itself marked unsettled in the ledger
10027370	rule	0-4	hand:FElysiumNpc::GetGroundVelocityToApply	writes the retail default ground-velocity contribution -- the shared static globals DAT_1070d1b0/b4/b8 (never written in the corpus, effectively (0,0,0)) -- into the Vector& out-param; CAI_BaseNPC#210 and CAI_BaseNPCTroika#210 fill slot 210; matches generated stub FElysiumNpc::GetGroundVelocityToApply(Vector&), not yet implemented
100273b0	rule	0-4	default:0	body return 0; (1-param); CAI_BaseNPC#224 and CAI_BaseNPCTroika#224 fill slot 224; matches generated stub FElysiumNpc::ForceVPhysicsCollide(CBaseEntity*)
100273f0	rule	0-4	default:void	empty body (1-param); CAI_BaseNPC#235 and CAI_BaseNPCTroika#235 fill slot 235; matches generated stub FElysiumNpc::OnPhysGunPickup(CBasePlayer*)
10027410	rule	0-4	default:void	empty body (2-param); CAI_BaseNPC#236 and CAI_BaseNPCTroika#236 fill slot 236; matches generated stub FElysiumNpc::OnPhysGunDrop(CBasePlayer*,bool)
10027430	rule	0-4	registry:240	species-only fill (CAISound#240, CAI_Hint#240, CAI_InterestingPlace#240, CAI_InterestingPlaceConverstation#240, CAI_StandoffGoal#240); body returns the global DAT_1072b36c (value unresolved); distinct from CAI_BaseNPC's slot-240 (Python vfunc240, 0x1014f8b0), a different numbering context
10027450	rule	0-4	hand:FElysiumNpc::SetRefEHandle	writes the 4-byte param into +0x0448 (the entity handle/serial field); CAI_BaseNPC#0 and CAI_BaseNPCTroika#0 fill slot 0; matches generated stub FElysiumNpc::SetRefEHandle(const CBaseHandle&), not yet implemented
10027490	rule	0-4	hand:FElysiumNpc::IsMarkedForDeletion	body return this->m_iEFlags & 1;, testing bit 0 (EFL_KILLME) of the entity-flags word at +0x0268; CAI_BaseNPC#116 and CAI_BaseNPCTroika#116 fill slot 116; matches generated stub FElysiumNpc::IsMarkedForDeletion(), not yet implemented -- Unreal's own actor-destroy/pending-kill state is the natural landing spot
10027630	rule	0-4	hand:FElysiumNpc::GetNetworkable	body return &this->field_0x2d4;, the address of an embedded sub-object at +0x02d4; CAI_BaseNPC#3 and CAI_BaseNPCTroika#3 fill slot 3; matches generated stub FElysiumNpc::GetNetworkable(), not yet implemented
10027650	rule	0-4	hand:FElysiumNpc::GetBaseEntity	body return this;; retail's GetBaseEntity() always answers itself (declared return type CBaseEntity*); CAI_BaseNPC#4 and CAI_BaseNPCTroika#4 fill slot 4; matches generated stub FElysiumNpc::GetBaseEntity(), not yet implemented
1004fc10	rule	0-4	hand:FElysiumNpc::GetDelay	body return (float10)*(float*)(param_1+0x500);, a plain field read of a base CBaseEntity delay field at +0x0500 (below the NPC word table); CAI_BaseNPC#152 (CAI_BaseHumanoid family) fills slot 152; matches generated stub FElysiumNpc::GetDelay(), not yet implemented
1004fc50	rule	0-4	hand:FElysiumNpc::GetBaseAnimating	body return this;; retail's default GetBaseAnimating() answers itself; CAI_BaseNPC#137 (CAI_BaseHumanoid family) fills slot 137; matches generated stub FElysiumNpc::GetBaseAnimating(), not yet implemented
10098a40	rule	0-4	default:0	body return 0; (no param); CAI_BaseNPC#267 fills slot 267; matches generated stub FElysiumNpc::GetFirstGestureLayer()
10099630	rule	0-4	hand:FElysiumNpc::RemoveAllGestures	loops 4 times over the AnimOverlay array (+0x073c, 0x30-byte stride), zeroing each slot's sequence and cycle/weight fields; CAI_BaseNPC#275 fills slot 275; matches generated stub FElysiumNpc::RemoveAllGestures(), not yet implemented; oracle: docs/vtmb/npc-ai/schedule-kernel.md:610
10099660	rule	0-4	hand:FElysiumNpc::RemoveLayer	zeroes two m_angPrevSeqAngles components (indices param_1*0xc+7 and +10, +0x0720) for the given gesture-layer index; CAI_BaseNPC#269 fills slot 269; matches generated stub FElysiumNpc::RemoveLayer(int), not yet implemented
100997f0	rule	0-4	hand:FElysiumNpc::Slot266	loops 3 times over the m_Flinch array (+0x07f4, 7-word stride), setting each slot's sequence to -1 (0xffffffff) and a duration field to a cached global time minus the current time; CAI_BaseNPC#266 fills slot 266; matches generated stub FElysiumNpc::Slot266(), not yet implemented
1009a660	rule	0-4	registry:80	species-only fill (CAISound#80, CAI_Hint#80, CAI_InterestingPlace#80, CAI_InterestingPlaceConverstation#80, CAI_StandoffGoal#80); body return &DAT_106cfe10;, a pointer to a static global (likely a datamap/table); value = &DAT_106cfe10
1009a680	rule	0-4	registry:81	species-only fill (CAISound#81, CAI_Hint#81, CAI_InterestingPlace#81, CAI_InterestingPlaceConverstation#81, CAI_StandoffGoal#81); body return 0; (no param); value 0
1009af00	rule	0-4	hand:FElysiumNpc::DebugGetClassName	body return (int)&this->field_0x24;, the address of the classname pointer/embedded string at +0x0024; CAI_BaseNPC#14 and CAI_BaseNPCTroika#14 fill slot 14; matches generated stub FElysiumNpc::DebugGetClassName(), not yet implemented
1009b030	rule	0-4	hand:FElysiumNpc::GetAttackExtents	copies three floats (+0x0050/+0x0054/+0x0058) into the out-param; CAI_BaseNPC#16 and CAI_BaseNPCTroika#16 fill slot 16; matches generated stub FElysiumNpc::GetAttackExtents(), not yet implemented; the port already carries an analogous ScheduleHost.AttackExtentsCm/SetAttackExtents pair (ElysiumNpc.h:654), a plausible landing spot
1009e100	mechanism	0-4	FElysiumSaveArchive	body return &datamap_CBaseEntity_10552d34;, the static save/restore DataDescMap descriptor pointer for CBaseEntity; species-only fill (CAISound#79, CAI_Hint#79, CAI_InterestingPlace#79, CAI_InterestingPlaceConverstation#79, CAI_StandoffGoal#79); Unreal's UPROPERTY reflection plus the port's own save-archive system already supply equivalent save/restore introspection
100ab430	rule	0-4	default:void	empty body (2-param); CAI_BaseNPC#101 and CAI_BaseNPCTroika#101 fill slot 101; matches generated stub FElysiumNpc::ComputeWorldSpaceSurroundingBox(Vector*,Vector*)
100ad8f0	rule	0-4	default:void	empty body (4-param); CAI_BaseNPC#182 and CAI_BaseNPCTroika#182 fill slot 182; matches generated stub FElysiumNpc::Slot182(int,int,int,int), itself marked unsettled in the ledger
100ad910	rule	0-4	default:void	empty body (3-param); CAI_BaseNPC#183 and CAI_BaseNPCTroika#183 fill slot 183; matches generated stub FElysiumNpc::NotifySystemEvent(CBaseEntity*,notify_system_event_t,const notify_system_event_params_t&)
100b1890	rule	0-4	hand:FElysiumNpc::SetSize	pushes/pops a debug scope-trace entry (CBaseEntity::SetSize) then writes the size Vector into m_vecSize/+0x0390/+0x0394; CAI_BaseNPC#213 and CAI_BaseNPCTroika#213 fill slot 213; matches generated stub FElysiumNpc::SetSize(const Vector&), not yet implemented; Unreal's collision component naturally owns actor bounds as the eventual host
100b4320	present	0-4	FElysiumEntity::ObjectCaps	body return 2;, a fixed FCAP_* bitfield answer; CAI_BaseNPC#117 and CAI_BaseNPCTroika#117 fill slot 117 (7 direct + 39 outside callers); the port's slot table (ElysiumNpcKernelSlots.inl:42) names this exact address as FElysiumEntity::ObjectCaps -- the FCAP_* bitfield the port reads one bit of -- already implemented, not a generated stub; see also ElysiumCameraCinematic.h:211
100b4dc0	rule	0-4	hand:FElysiumNpc::IsAlive	body return this->m_lifeState == 0;, LIFE_ALIVE; CAI_BaseNPC#158 and CAI_BaseNPCTroika#158 fill slot 158, heavily used (29v/28c +4 outside callers); matches generated stub FElysiumNpc::IsAlive(), not yet implemented; oracle: docs/vtmb/stealth.md:363
100b4de0	rule	0-4	hand:FElysiumNpc::ShouldCollide	the answer is true (1) unless this->m_CollisionGroup==1 (+0x0368) and bit 0x4000000 of param_2 is clear, in which case it answers false; a ShouldCollide-style predicate; CAI_BaseNPC#91 and CAI_BaseNPCTroika#91 fill slot 91; no port citation
100b4ea0	rule	0-4	hand:FElysiumNpc::DamageDecal	corpus asm: slot 154 DamageDecal(int,int) answers -1 when m_nRenderMode +0x16c is 4, 0x34 when the render mode is non-zero and the second argument is 0x47, and otherwise tail-calls the decal singleton at 0x1070b244 slot 2 with its two arguments replaced by (0, 4); three retail constants and their order, keyed on the render mode rather than on the damage
100b5080	rule	0-4	registry:223	species-only fill (CAISound#223, CAI_Hint#223, CAI_InterestingPlace#223, CAI_InterestingPlaceConverstation#223, CAI_StandoffGoal#223); body return 0; (no param); value 0
100b5b00	rule	0-4	hand:FElysiumNpc::SetViewtarget	copies three floats from *param_1 into m_viewtarget (+0x0848); CAI_BaseNPC#277 and CAI_BaseNPCTroika#277 fill slot 277; matches generated stub FElysiumNpc::SetViewtarget(const Vector&), not yet implemented
100e58b0	rule	0-4	FElysiumNpc::DialogQueIsFinal	no vtable slot (free function, 1 direct caller); if the byte at +0x30e9 is non-zero, answers true; otherwise answers (int at +0x2830 == 0); two threshold checks over unmapped offsets, no port or oracle citation
100e65d0	rule	0-4	ElysiumDlgClan::OffsetFromSheetClan	a 1650-byte clan-detection routine: lazily hashes seven Camarilla clan template names (Brujah, Gangrel, Nosferatu, Toreador, Tremere, Ventrue, Malkavian) into per-clan caches on first use, then compares the character's own CharTemplate hash against each cached clan hash in order, returning the matching clan index (0-6) or -1; no port citation; oracle: docs/vtmb/game_runtime.md:1266,1537
100f7060	mechanism	0-4	FElysiumEntityHandle	a serial-checked index-to-pointer hash lookup (masks a 0x1fff bucket index, verifies the stored serial against the computed one, then calls the resolved object's vtable+0x10); Source's classic CBaseEntityList::LookupEntity pattern, heavily used (7 direct + 35 outside callers); the port's own FElysiumEntityHandle already supplies equivalent handle-to-pointer resolution
1014f710	rule	0-4	default:void	empty body (3-param); CAI_BaseNPC#316 fills slot 316
1014f730	rule	0-4	default:0	body return 0; (1-param); CAI_BaseNPC#317 fills slot 317
1014f7b0	rule	0-4	default:0	body return 0; (1-param); CAI_BaseNPC#321 and CAI_BaseNPCTroika#321 fill slot 321
1014f7d0	rule	0-4	default:void	empty body (1-param); CAI_BaseNPC#322 fills slot 322
1014f7f0	rule	0-4	default:1	body return 1; (no param); CAI_BaseNPC#324 and CAI_BaseNPCTroika#324 fill slot 324
1014f810	rule	0-4	default:1	body return 1; (no param); CAI_BaseNPC#325 and CAI_BaseNPCTroika#325 fill slot 325
1014f830	rule	0-4	default:0	body return 0; (no param); CAI_BaseNPC#328 and CAI_BaseNPCTroika#328 fill slot 328
1014f850	rule	0-4	default:0	body return 0; (no param); CAI_BaseNPC#329 and CAI_BaseNPCTroika#329 fill slot 329
1014f870	rule	0-4	default:void	empty body (2-param); CAI_BaseNPC#330 fills slot 330
1014f890	rule	0-4	hand:FElysiumNpc::Slot332	slot 332's Troika-line body is return; and stays that way. Flipped from default:void to hand: by story 29d family SpeciesMisc10 so the slot has a port method to hang its ONE species override on (CNPC_VTzimisceHeadClaw 0x103c1d80, a 956-byte body). Same instrument change story 29c-1's cleanup made for slots 488 and 506; the emitted body is the empty base plus the species dispatch, so nothing observable moved.
1014f8b0	rule	0-4	hand:FElysiumNpc::Slot240	slot 240's whole body is `return DAT_1072b360;` - one global word, not a literal, so it is not a `default:` the generator can emit; the global is the CPython interop side of the entity and the value is whatever the embedded interpreter last stored there
1014f910	rule	0-4	default:0xffffffff	body return 0xffffffff; (1-param); CAI_BaseNPC#359 fills slot 359
1014f930	rule	0-4	default:0	body return 0; (no param); CAI_BaseNPC#360 and CAI_BaseNPCTroika#360 fill slot 360
1014f950	rule	0-4	default:0	body return 0; (no param); CAI_BaseNPC#361 and CAI_BaseNPCTroika#361 fill slot 361
1014f9d0	rule	0-4	default:1	body return 1; (2-param); CAI_BaseNPC#377 and CAI_BaseNPCTroika#377 fill slot 377
1014f9f0	rule	0-4	default:1	body return 1; (2-param); CAI_BaseNPC#378 and CAI_BaseNPCTroika#378 fill slot 378
1014fa30	rule	0-4	default:0	body return 0; (no param); CAI_BaseNPC#399 and CAI_BaseNPCTroika#399 fill slot 399
1014fa50	rule	0-4	default:0	body return 0; (no param); CAI_BaseNPC#400 and CAI_BaseNPCTroika#400 fill slot 400
1015dc20	rule	0-4	default:1	body return 1; (1-param); CAI_BaseNPC#72 and CAI_BaseNPCTroika#72 fill slot 72; matches generated stub FElysiumNpc::Slot72(int)
10160680	rule	0-4	FElysiumNpc::ScaleField_0x1ddc	no vtable slot (1 direct caller); multiplies *(float*)(this+0x1ddc) by a compiled constant DAT_10725c9c; a scaling formula, retail name/value unrecovered
101618a0	mechanism	0-4	FElysiumEntityHandle	a serial-checked handle resolve at +0x1db0 (mask 0x1fff bucket, serial compare), returning the resolved pointer's own field or 0; 3 direct + 8 outside callers; oracle: docs/vtmb/entity_io.md:931; the port's FElysiumEntityHandle already supplies equivalent handle resolution
10161ed0	mechanism	0-4	FElysiumEntityHandle	the same serial-checked handle-resolve pattern as 0x101618a0/0x10175180, here over the handle at +0x1da4; 1 direct caller; the port's FElysiumEntityHandle already supplies equivalent handle resolution
10175180	rule	0-4	FElysiumPlayer::CanAttemptStealthKill	resolves the handle at +0x1db0, verifies its serial, then calls the resolved object's vtable+0x228 and answers true only if the result equals 3 (a busy-state enum); the port's CanAttemptStealthKill (ElysiumPlayerEntity.cpp:57) names this exact retail address explicitly as a skip with no producer here, so retail's real condition is never evaluated and this substrate always answers not-busy for it -- an acknowledged gap, not an implementation
10178120	rule	0-4	FElysiumNpc::FUN_10178120	plain getter of param+0x1d24 with no vtable slot, not bound in the shape map; 3 direct kernel callers plus 5 outside; no port counterpart
1017cf90	rule	0-4	FElysiumNpc::GetActiveCameraEntity	validates the active-camera handle at +0x19b4 against the global entity table (serial check via PTR_DAT_10566458) and requires +0x1ec4>0 before returning the resolved pointer, else 0; oracle cites entity_io.md:935 and stealth.md:349; no port counterpart
1017d900	rule	0-4	FElysiumNpc::CameraOverrideFadeFraction	computes a progress ratio between curtime-like fields +0x19b8/+0x19bc clamped to constants _DAT_104454c4/_DAT_104454c0, using a resolved entity's vtable+0x1dc getter for current time; resets +0x19b8..+0x19e4 to 0/-1 on the failure arm; no port counterpart
1017dd80	rule	0-4	FElysiumNpc::LevelSupernaturalAct	branches on a global object's vfunc4 boolean and DAT_10724ffc[0xb] to choose between the stored field +0x1ccc, 0, or the global's own value; a real ordering over developer/global state; no port counterpart
1017de60	rule	0-4	FElysiumNpc::LevelInvestigateAct	same branch pattern as 0x1017dd80 against a different global DAT_107250d4 and field +0x1cdc; no port counterpart
1017e720	rule	0-4	FElysiumNpc::CriminalActCount	plain getter of field +0x1ce8, no vtable slot, not bound in the shape map; no port counterpart
1017e740	rule	0-4	FElysiumNpc::SupernaturalActCount	plain getter of field +0x1cec; oracle cites npc-ai/conditions-and-states.md:80 as the walked concern; no port counterpart
1017f770	rule	0-4	FElysiumPlayer::DialogThreatCount	getter of field +0x1d10, one of the two fields DialogRefusalReason names as the threat count (ElysiumPlayerEntity.cpp:1451); DialogThreatCount() is an explicit SEAM hardcoded to 0 in ElysiumPlayer.h:2287-2291, so this value is not yet ported
1017f8b0	rule	0-4	FElysiumPlayer::DialogHunterThreatCount	getter of field +0x1d14, the second threat-count field cited alongside 0x1017f770 at ElysiumPlayerEntity.cpp:1451; DialogThreatCount() seam still answers 0 (ElysiumPlayer.h:2291), not yet ported
1017f8d0	rule	0-4	FElysiumNpc::IsHeightenedAlertActive	compares a global curtime-like field DAT_1070b228+0xc against stored field +0x1d1c and returns a bool threshold test; no port counterpart
101800a0	present	0-4	ElysiumPlayer.h:FElysiumPlayer::LatestSeenByNpcTime	loops the 5 floats at +0x1d28 for the max; matches LatestSeenByNpcTime (ElysiumPlayer.h:2118-2124), cited from ElysiumFeed.cpp:764 where FeedBegin gates SetAiEnabled(false) on it being over 3s old, same as retail's FeedBegin tail
10182c40	rule	0-4	FElysiumNpc::SetPlayerAnim	copies a suffix string, writes a derived flag at +0x1ca4 from a global char, computes a time value from curtime minus a constant at +0x1ca8, adding a vtable-resolved float from param_2 when the target at +0xfe8 resolves and its field +0x98 is nonzero, else a fallback constant _DAT_10471720; sets bit 0 of +0x1cac; a full retail formula with no port counterpart
101a5db0	mechanism	0-4	FElysiumSaveArchive	slot 82 is CCineNPC's save/restore datamap accessor (returns &datamap_CCineNPC per docs/vtmb/npc-kernel/slots.md:92); UE's reflection-based archive is the equivalent service, nothing to port
101a6420	rule	0-4	hand:FElysiumNpc::TranslateNavGoalPosition	slot 410 (slots.md:420); body is an identity passthrough return param_1, not a fixed literal, so retail's base answer echoes whatever the caller supplies; oracle cites animation_and_movers.md:1167 and player-entity.md:556; no port counterpart
101a64c0	rule	0-4	default:void	slot 416; base body is return; (does nothing); Troika overrides for real at 0x101aa750, writing m_bForceFrequentThink, already ported at ElysiumNpc.h:613
101a64e0	rule	0-4	default:0	slot 417; base body is return 0;; Troika overrides for real at 0x101aa770, reading m_bForceFrequentThink
101a6500	rule	0-4	default:void	slot 419; base body is return;; Troika overrides at 0x102c5500 (outside this pack)
101a6520	rule	0-4	default:0	slot 128 (slots.md:138); body is return 0;, no Troika override recorded, so retail's answer at this slot is uniformly false
101a6540	rule	0-4	default:void	slot 421; body is return;; oracle cites npc-ai/lifecycle.md:89; CNPC_VWerewolf overrides for real elsewhere
101a6560	rule	0-4	default:void	slot 434; body is return;; oracle cites npc-ai/senses.md:403
101a6580	rule	0-4	default:void	slot 436; body is return; with the param ignored; oracle cites npc-ai/senses.md:405
101a6660	rule	0-4	FElysiumNpc::GetSchedulingErrorName	slot 451; body returns the fixed string constant s_CAI_BaseNPC_10594820, the default no-error scheduling name; not a numeric-literal default form, no port counterpart
101a6680	rule	0-4	default:0	slot 454; body is return 0;, no override recorded
101a66a0	rule	0-4	default:0	slot 455; body is return 0;; oracle cites npc-ai/schedule-kernel.md:617
101a66c0	rule	0-4	default:0	slot 456; body is return 0;, 18 dispatch sites, no override recorded
101a66e0	rule	0-4	default:0	slot 457; body is return 0;, 32 dispatch sites, no override recorded
101a6700	rule	0-4	default:0	slot 462; body is return 0;; Troika overrides for real at 0x101aa6b0, reading m_bGoToIdleState (+0x63fc)
101a6720	present	0-4	hand:FElysiumNpc::GetState	body returns this->m_NPCState (+0x5cc0); shape map binds +0x5cc0 to FElysiumNpcMind::CurrentState (private) and its accessor State() at ElysiumNpcMind.h:32 returns it verbatim
101a6740	rule	0-4	default:void	slot 465; body is return;; Troika overrides for real at 0x10295a60, four species further override; oracle cites animation_and_movers.md:1694-1695
101a6760	rule	0-4	default:1	slot 467; body is return 1;; Troika's real body at 0x102b35b0 is already ported at ElysiumNpcSenses.cpp:841 (the interest-mask/radius hearing test); this base fallback answers true unconditionally
101a6780	rule	0-4	default:1	slot 468; body is return 1;; Troika's real QuerySeeEntity at 0x102b38b0 is already ported at ElysiumNpcSenses.cpp:636
101a67a0	rule	0-4	default:void	slot 472; body is return;; Troika's real override at 0x102b3e00 is cited present at ElysiumNpcSenses.h:44
101a67c0	rule	0-4	FElysiumNpc::BaseHearingSensitivity	slot 476; body returns a fixed float10 constant _DAT_104454c0 with no numeric value recoverable from the decompilation; Troika's real override at 0x101aa5f0 reads the bound HearingScalar field; oracle cites npc-ai/senses.md:210
101a67e0	rule	0-4	hand:FElysiumNpc::GetEnemy	slot 167, 126 real callers; resolves m_hEnemy (+0x5ce0, bound to FElysiumNpcMemory::Enemy) through the entity handle table and returns the pointer or 0; the port's FElysiumNpc::GetEnemy (ElysiumNpcKernelSlots.cpp:1258-1264) is still the 29b-generated stub (FireKernelSlot then return {}), so the resolve is not yet ported
101a6820	rule	0-4	default:1	slot 479; body is return 1;; oracle cites npc-ai/senses.md:178; no override recorded
101a6860	rule	0-4	default:1	slot 136 (slots.md:146); body is return 1;, 0 dispatch sites, no override recorded
101a6880	rule	0-4	default:void	slot 488; body is return;; Troika overrides for real at 0x10293ec0, six species further override
101a68a0	rule	0-4	default:void	slot 489; body is return;; Troika overrides at 0x10293f80, six species further override
101a68c0	rule	0-4	default:void	slot 490; body is return;; Troika and per-species overrides exist elsewhere in the family
101a68e0	rule	0-4	default:void	slot 491; body is return;; Troika overrides at 0x10294340, six species further override
101a6900	rule	0-4	default:void	slot 492; body is return;; Troika overrides at 0x10294400, five species further override
101a6920	rule	0-4	default:void	slot 493; body is return;; Troika overrides at 0x102944c0, five species further override
101a6940	rule	0-4	default:void	slot 494; body is return;; Troika overrides at 0x10294590, five species further override
101a6960	rule	0-4	default:void	slot 495; body is return;, 1 dispatch site; Troika and per-species overrides exist elsewhere in the family
101a6980	rule	0-4	default:void	slot 496; body is return;; Troika overrides at 0x10294720, four species further override
101a69a0	rule	0-4	default:void	slot 497; body is return;; Troika overrides at 0x102947e0, four species further override
101a69c0	rule	0-4	default:void	slot 498; body is return;; Troika overrides at 0x10294870, one species further overrides
101a69e0	rule	0-4	default:void	slot 499; body is return;; Troika overrides at 0x10294930, one species further overrides
101a6a00	rule	0-4	default:void	slot 500; body is return;; Troika overrides at 0x102949f0, two species further override
101a6a20	rule	0-4	default:void	slot 501; body is return;; Troika overrides at 0x10294ab0, one species further overrides
101a6a40	rule	0-4	default:void	slot 502; body is return;; Troika overrides at 0x10294b70, one species further overrides
101a6a60	rule	0-4	default:void	slot 503; body is return;; Troika overrides at 0x10294c30, one species further overrides
101a6a80	rule	0-4	default:void	slot 504; body is return;; Troika overrides at 0x10294cf0, one species further overrides
101a6aa0	rule	0-4	default:void	slot 505; body is return;; Troika overrides at 0x10294db0, one species further overrides
101a6ac0	rule	0-4	default:void	slot 506; body is return;; Troika overrides at 0x10294e70, one species further overrides
101a6ae0	rule	0-4	default:void	slot 507; body is return;; Troika overrides at 0x10294f40, one species further overrides
101a6b00	rule	0-4	default:void	slot 508; body is return; with the param ignored, no Troika override recorded, CNPC_VCamera overrides for real elsewhere
101a6b20	rule	0-4	default:0	slot 512; body is return 0; (base always answers null expresser); CAI_ExpressiveNPC's real override at 0x10260da0 reads a per-instance field, no Troika override
101a6b40	rule	0-4	hand:FElysiumNpc::StepHeight	slot 522; body returns a fixed float10 constant _DAT_10453b94 (the default step height); CAI_TestHull and three species override it for real elsewhere; no port counterpart
101a6b60	rule	0-4	FElysiumNpc::GetMaxJumpSpeed	slot 523; body returns the same constant _DAT_10453b94 as StepHeight; Troika's own override at 0x101aa670 returns a different constant _DAT_1044faa8; no port counterpart
101a6b80	rule	0-4	hand:FElysiumNpc::GetJumpGravity	slot 524; body returns a fixed float10 constant _DAT_10477ce8; 0 dispatch sites in the closure but the slot itself is still filled, so it is not dead; no port counterpart
101a6ba0	rule	0-4	default:0	slot 527; body is return 0;; Troika overrides for real at 0x10293e80
101a6bc0	rule	0-4	default:void	slot 536; body is return; with four params ignored; CAI_BaseHumanoid overrides for real at 0x1025f760
101a6be0	rule	0-4	default:void	slot 535; body is return; with four params ignored; CAI_BaseHumanoid overrides for real at 0x1025f8e0
101a6c20	rule	0-4	hand:FElysiumNpc::CoverRadius	slot 550; body returns a fixed float10 constant _DAT_1045d650; CNPC_VPedestrian and CNPC_VTzimisce override it for real elsewhere; no port counterpart
101a6c40	rule	0-4	default:void	slot 551; body is return; with two params ignored, no override recorded
101a6c60	rule	0-4	default:1	slot 557; body is return 1;, 0 dispatch sites, no override recorded
101a6c80	rule	0-4	default:void	slot 558; body is return;, no override recorded
101a6ca0	rule	0-4	default:void	slot 565; body is return;, no override recorded
101a6cc0	rule	0-4	default:void	slot 578; body is return; with the param ignored, no override recorded
101a6d00	rule	0-4	FElysiumNpc::BaseClassScheduleIdSpace	slot 580, 49 dispatch sites; returns a fixed per-class static table pointer &DAT_1090ff08; Troika and every species subclass override it with their own table (e.g. Troika's own at 0x101aa790 returns &DAT_10924248); the table's retail meaning is not yet identified, no port counterpart
101a6da0	rule	0-4	registry:363	CCineAI/CCineAISchedule/CCineNPC's shared FInViewCone override always answers false; species-only slot 363, no Troika line in this row's slots; registry row: class CCineAISchedule family, value false
101a6dc0	rule	0-4	registry:362	CCineAI/CCineAISchedule/CCineNPC's shared vfunc362 override always answers false; species-only slot 362 in this row's slots; registry row: class CCineAISchedule family, value false
101a6de0	rule	0-4	registry:365	CCineAI/CCineAISchedule/CCineNPC's shared vfunc365 override always answers false; species-only slot 365 in this row's slots; registry row: class CCineAISchedule family, value false
101a6e00	rule	0-4	registry:364	CCineAI/CCineAISchedule/CCineNPC's shared vfunc364 override always answers false; species-only slot 364, 5 dispatch sites; registry row: class CCineAISchedule family, value false
101a6e20	rule	0-4	registry:72	CCineAI/CCineAISchedule/CCineNPC's shared vfunc72 override always answers false; species-only slot 72 in this row's slots; registry row: class CCineAISchedule family, value false
101a7210	rule	0-4	registry:585	CCineNPC::vfunc585 returns bit 6 of m_spawnflags (a mapper keyfield); species-only slot 585; registry row: class CCineNPC, value the spawnflags bit-6 keyfield
101a7540	rule	0-4	FElysiumNpc::CineIsTimeToStart	checks a schedule-like field less than 1 at +0x5f70 AND a wait deadline at +0x5f74 against curtime for completion; oracle cites npc-ai/schedule-kernel.md:615; no vtable slot, no port counterpart
101a7580	rule	0-4	FElysiumNpc::Blocked	CCineAI/CCineAISchedule/CCineNPC's shared Blocked() override is a no-op (body is return; with the param ignored); species-only slot 178, so default:void does not formally apply since no CAI_BaseNPC# is in this row; retail answer is nothing happens for cine actors, no port counterpart
101a75a0	rule	0-4	FElysiumNpc::Touch	CCineAI/CCineAISchedule/CCineNPC's shared Touch() override is a no-op (body is return; with the param ignored); species-only slot 175; retail answer is nothing happens for cine actors, no port counterpart
101a8930	rule	0-4	FElysiumNpc::CineCanInterrupt	resolves TargetEnt (+0x5ce4, bound to FElysiumNpc::TargetEnt) through the entity table when flag +0x5f90 is set, then calls its vtable+0x278 predicate and returns true only if both the flag and the call hold; no vtable slot, no port counterpart
101a9060	rule	0-4	registry:585	CCineAI::vfunc585 always returns true; species-only slot 585; registry row: class CCineAI, value true
101a9620	mechanism	0-4	FElysiumSaveArchive	slot 82 is CCineAISchedule's save/restore datamap accessor (returns &datamap_CCineAISchedule); UE's reflection-based archive is the equivalent service, nothing to port
101a9770	rule	0-4	registry:585	CCineAISchedule::vfunc585 always returns true; species-only slot 585; registry row: class CCineAISchedule, value true
101aa5d0	present	0-4	hand:FElysiumNpc::GetBestSeeUnknown	writes this->m_hBestSeeUnknown (+0x6088) out through the param pointer; shape map binds +0x6088 to FElysiumNpcMemory::BestSeeUnknown, a plain accessor over an already-bound word
101aa5f0	present	0-4	hand:FElysiumNpc::HearingSensitivity	reads +0x63c0; shape map binds +0x63c0 to FElysiumNpcPerception::HearingScalar (the resolved-channel hearing scalar), a plain accessor over an already-bound word
101aa610	present	0-4	hand:FElysiumNpc::GetStealthVisionScalar	reads this->m_flStealthVisionScalar (+0x63c4); shape map binds +0x63c4 to FElysiumNpcSenses::StealthVisionScalar (ElysiumNpcSenses.h:295), a plain accessor over an already-bound word
101aa630	present	0-4	hand:FElysiumNpc::GetStealthVisionCone	reads this->m_flStealthVisionCone (+0x63c8); shape map binds +0x63c8 to FElysiumNpcSenses::StealthVisionCone (ElysiumNpcSenses.h:297), a plain accessor over an already-bound word
101aa650	present	0-4	hand:FElysiumNpc::GetStealthHearingDist	reads +0x63cc; shape map binds +0x63cc to FElysiumNpcSenses::StealthHearingDist (ElysiumNpcSenses.h:298), a plain accessor over an already-bound word
101aa670	rule	0-4	hand:FElysiumNpc::GetMaxJumpSpeed	Troika's override of slot 523 returns a fixed float10 constant _DAT_1044faa8, distinct from the base's constant at 0x101a6b60; no port counterpart
101aa690	rule	0-4	default:1	slot 591; body is return 1; and this row's slots line includes CAI_BaseNPCTroika#591, so it is Troika-line default
101aa6b0	present	0-4	hand:FElysiumNpc::ShouldGoToIdleState	reads this->m_bGoToIdleState (+0x63fc); shape map binds +0x63fc to FElysiumNpc::bGoToIdleState (ElysiumNpc.h:1060), a plain accessor over an already-bound word
101aa6d0	present	0-4	hand:FElysiumNpc::GetLastUpdateThink	reads this->m_flLastUpdateThink (+0x6254); shape map binds +0x6254 to FElysiumNpcScheduleHost::LastUpdate (ElysiumNpcScheduleHost.h:17), a plain accessor over an already-bound word
101aa6f0	present	0-4	hand:FElysiumNpc::GetLastNormalThink	reads this->m_flLastNormalThink (+0x6258); shape map binds +0x6258 to FElysiumNpcScheduleHost::LastNormal (ElysiumNpcScheduleHost.h:17), a plain accessor over an already-bound word
101aa710	present	0-4	hand:FElysiumNpc::GetLastMoveThink	reads this->m_flLastMoveThink (+0x625c); shape map binds +0x625c to FElysiumNpcScheduleHost::LastMove (ElysiumNpcScheduleHost.h:17), a plain accessor over an already-bound word
101aa730	present	0-4	hand:FElysiumNpc::GetLastAIThink	reads +0x6260; shape map binds +0x6260 to FElysiumNpcScheduleHost::LastAI (ElysiumNpcScheduleHost.h:17), a plain accessor over an already-bound word
101aa750	present	0-4	hand:FElysiumNpc::SetForceFrequentThink	writes this->m_bForceFrequentThink = param_1 (+0x63f0); shape map binds +0x63f0 to FElysiumNpc::bForceFrequentThink and the port already cites this setter at ElysiumNpc.h:613
101aa770	present	0-4	hand:FElysiumNpc::GetForceFrequentThink	reads this->m_bForceFrequentThink (+0x63f0); shape map binds +0x63f0 to FElysiumNpc::bForceFrequentThink, a plain accessor over the already-ported word
101aa790	rule	0-4	hand:FElysiumNpc::GetClassScheduleIdSpace	Troika's override of slot 580 returns its own fixed table pointer &DAT_10924248, 18 dispatch sites; same unresolved per-class table concern as the base at 0x101a6d00; no port counterpart
101aa7b0	rule	0-4	hand:FElysiumNpc::GetSchedulingErrorName	Troika's override of slot 451 returns a different fixed string PTR_s_CAI_BaseNPCTroika_105d1060, its own default no-error name; no port counterpart
101aa850	rule	0-4	registry:363	CPayphone::FInViewCone always answers false; species-only slot 363; registry row: class CPayphone, value false
101aa870	rule	0-4	registry:362	CPayphone::vfunc362 always answers false; species-only slot 362; registry row: class CPayphone, value false
101aa890	rule	0-4	registry:365	CPayphone::vfunc365 always answers false; species-only slot 365; registry row: class CPayphone, value false
101aa8b0	rule	0-4	registry:364	CPayphone::vfunc364 always answers false; species-only slot 364, 5 dispatch sites; registry row: class CPayphone, value false
101aa8d0	rule	0-4	registry:294	CPayphone::IsValidStealthKillTarget always answers false; species-only slot 294 (the base/Troika real check is already ported at ElysiumNpc.cpp:3585-3599); registry row: class CPayphone, value false
101aa8f0	rule	0-4	registry:615	CPayphone::CanBeSetOnFire always answers false; species-only slot 615; oracle cites npc-ai/schedule-kernel.md:610 for the slot generally; registry row: class CPayphone, value false
101aa930	rule	0-4	registry:72	CPayphone::vfunc72 always answers false; species-only slot 72; registry row: class CPayphone, value false
101aabd0	rule	0-4	registry:138	CPayphone::Classify always answers 0; species-only slot 138 (the base/Troika real classify logic is oracle-cited at stealth.md:762 but is a separate function); registry row: class CPayphone, value 0
101aad90	rule	0-4	FElysiumNpc::PayphoneAddSceneEvent	CPayphone::vfunc286 is a no-op (body is return; with two params ignored); species-only slot 286, so default:void does not formally apply; oracle cites animation_and_movers.md:1849,1956,1958 for the slot generally; no port counterpart
101aadb0	rule	0-4	FElysiumNpc::PayphoneSpeechSoundFlags	selects between two fixed ids, 0xa80 or 0xe80, based on bDialogQueIsFinal (+0x654c, bound to FElysiumNpcDialogue::bDialogQueIsFinal); a real per-class formula for CPayphone at slot 612, no port counterpart
101aae20	rule	0-4	registry:359	CPayphone::vfunc359 always returns 0xffffffff (-1); species-only slot 359; registry row: class CPayphone, value -1
101aae40	rule	0-4	registry:37	CPayphone::vfunc37 returns a fixed float constant _DAT_1047a3ac, exact value unrecovered from the decompilation; species-only slot 37; registry row: class CPayphone
101bb4a0	mechanism	0-4	FElysiumSaveArchive	slot 82 is CAISound's save/restore datamap accessor (returns &datamap_CAISound); UE's reflection-based archive is the equivalent service, nothing to port
102518f0	mechanism	0-4	CRT:memcpy	849-byte body is a field-by-field byte copy over a large NPC-sized struct spanning offsets 0x0-0xec60 (stride loops equivalent to memcpy/memmove), a compiler-generated copy assignment or constructor; nothing to port beyond UE's own struct copy semantics
1025e450	mechanism	0-4	FElysiumSaveArchive	slot 82 override for CAI_BaseHumanoid returns &datamap_CAI_BaseActor, the same save/restore datamap accessor pattern as the other slot-82 rows; UE's reflection-based archive is the equivalent service
1025f1a0	rule	0-4	FElysiumNpc::HasActiveLookTargets	reads a per-instance field at +0x5f94 (unbound in the shape map, sitting inside the IMPLICIT output-descriptor stride noted at +0x5f8c/+0x5fa4) and returns it as bool; species-only override for CAI_BaseHumanoid at slot 586; could also be unsettled given the field-reuse ambiguity; no port counterpart
10260540	rule	0-4	FElysiumNpc::SelectRandomExpressionForState	switches on param_1 (1/2/3/5/7) to return one of four string pointers at +0x5fa4/+0x5fa8/+0x5fac/+0x5fb0/+0x5fb4, falling back to a shared sentinel DAT_106b8540; these offsets overlap the shape map's IMPLICIT output-descriptor region at +0x5fa4, so could also be unsettled given the possible field reuse; species-only override for CAI_BaseHumanoid at slot 589, no port counterpart
10260750	rule	0-4	FElysiumNpc::ClearExpression	zeroes a field at +0x5f9c (unbound in the shape map); one direct caller in the closure; no vtable slot, no port counterpart
10260da0	rule	0-4	FElysiumNpc::GetExpresser	CAI_ExpressiveNPC's real override of slot 512 reads a per-instance expresser pointer at +0x5f48 (unbound in the shape map); the base at 0x101a6b20 stubs 0; no port counterpart, the expression system substrate is not wired
102623a0	rule	0-4	FElysiumNpc::TaskFail	corpus asm: CAI_Motor slot 1 is `ECX = this->m_pOuter (+0x4); JMP [[ECX] + 0x700]` - the motor forwards its slot 1 to the owning NPC's slot 448 TaskFail unchanged
102623e0	unsettled	0-4	-	body returns register in_EAX with no assignment (float10*), CAI_Motor#11 has 0 callers of any kind; decompilation does not establish what this vfunc answers, likely superseded by CAI_BaseHumanoid::MaxYawSpeed at 0x102624b0
102624b0	rule	0-4	FElysiumNpc::MaxYawSpeed	switch on state field +0xfec: states 9/0x12/0x13 return _DAT_10463584, 0x3b/0x3c return _DAT_104492a4, default _DAT_1049949c; slot 516
10266630	rule	0-4	hand:FElysiumNpc::IsLightDamage	returns true when the damage param exceeds threshold _DAT_104454c4 else false; slot 576
10266660	rule	0-4	hand:FElysiumNpc::IsHeavyDamage	returns true when the damage param exceeds threshold _DAT_1044eb0c else false; slot 577
1026a2a0	rule	0-4	FElysiumNpcSenses	writes offset +0x10 inside the object at this->Senses (+0x5cdc, bound to FElysiumNpc::Senses); no port member is bound to that inner field and no citation exists, so which field this sets is unrecovered -- reclassified from `unsettled`: the body reads, what is missing is the port seam it writes through, and CLAUDE.md's rule for that is to build the seam and say so, not to record a failure to read
1026a8a0	rule	0-4	hand:FElysiumNpc::GetReactionDelay	calls RandomFloat(0.2, 0.9) (0x3e4ccccd=0.2f, 0x3f666666=0.9f) as the base reaction-delay range; slot 471; oracle docs/vtmb/npc-ai/senses.md:228
1026a8d0	rule	0-4	default:0	slot 566 FValidateHintType, base always returns false
1026a8f0	rule	0-4	default:1	slot 567 GetHintActivity, base always returns 1
1026a910	rule	0-4	hand:FElysiumNpc::GetHintDelay	returns global constant _DAT_104454c4 (the same threshold slots 576/577 compare damage against); slot 568
1026ae90	rule	0-4	default:7	slot 473 GetSoundInterests, base always returns the literal sound-interest mask 7
1026c120	rule	0-4	FElysiumNpc::PerformMovement	strips VProf scope-trace bookkeeping around a single delegating call to m_pNavigator's vtable slot 5 forwarding both params, retail's move-step entry into the navigator; the port's navigator/motor half (0002) is not built yet
1026d7f0	rule	0-4	hand:FElysiumNpc::RemoveIgnoredConditions	corpus asm: slot 459 only acts while m_NPCState +0x5cc0 is 4 and the handle at +0x5d74 still resolves through the entity table, then dispatches that entity's own slot 459; outside state 4 it returns without touching anything
1026d890	rule	0-4	hand:FElysiumNpc::RangeAttack1Conditions	nested threshold tree against DAT constants returning condition codes 8, 0x5f, 0x60, 0x61 or 0x4f; slot 553
1026d920	rule	0-4	hand:FElysiumNpc::RangeAttack2Conditions	nested threshold tree against DAT constants returning 8, 0x60, 0x61 or 0x50; slot 554
1026dc00	present	0-4	FElysiumNpc::CapabilityWord	ORs param into the capability word and stores it back; bound at +0x5cec (ElysiumNpcKernelShapeMap.cpp:151)
1026dc30	present	0-4	FElysiumNpc::CapabilityWord	ANDs out param from the capability word; bound at +0x5cec
1026dc60	present	0-4	FElysiumNpc::CapabilityWord	zeroes the capability word; bound at +0x5cec
1026e3e0	present	0-4	ElysiumNpc.cpp:FElysiumNpc::NpcStateFlags	switch on new state writes m_bfNPCStateFlags per case (idle 0x31, combat 0x8f, alert 0x39, scripted 8, dead/flee 0, prone/etc 4/0x85/0x7f); ported verbatim at ElysiumNpc.cpp:2100-2117, cited directly
10270180	rule	0-4	FElysiumNpc::UpdateEnemyWentOccluded	three-branch state machine: reset on null enemy, snapshot enemy origin on loss (param_2==0), else squared-distance compare against _DAT_104563b0 flips the occluded-edge flag; fields bound at +0x5bc5/+0x5bc8..+0x5bd0 (ElysiumNpcSenses.h:245) but this update logic is not wired yet
10270290	present	0-4	Visual/ElysiumNpcBody.cpp:RefreshGroundSurface	stores the ground-surface pointer at +0x5b90; port cites CAI_Navigator::MoveEnact -> 0x10270290 -> +0x5b90 directly at ElysiumNpcBody.cpp:488
10270aa0	present	0-4	FElysiumNpcMemory::EnemyOccluder	resolves param_1's CBaseEntity* (vtable+4) into +0x5d90 or stores -1 on null; bound at ElysiumNpcKernelShapeMap.cpp:193
10271f50	present	0-4	Visual/ElysiumNpcActivityTables.cpp:PreTranslate_Base	identity pass-through returning param_1 unchanged; slot 375, listed verbatim as PreTranslate_Base "identity" at ElysiumNpcActivityTables.cpp:272
10272900	rule	0-4	hand:FElysiumNpc::IsActivityFinished	true only when m_bSequenceFinished is set and m_nSequence equals m_nIdealSequence; slot 251
10273e10	rule	0-4	hand:FElysiumNpc::GetEnemies	when m_iSquadDisconnected<1 (squad-connected) returns the shared squad enemies pointer at +0x5d88, else a default DAT_109203f0; slot 541; squad object not modeled yet (ElysiumNpc.h:666-669)
10273f90	present	0-4	ElysiumSchedule.cpp:ElysiumSchedule::Tick	task status word +0x5c44 left untouched on a Running/Failed result so the task reads as still running; Tick preserves the same invariant, cited at ElysiumSchedule.cpp:958-961
102781a0	rule	0-4	FElysiumNpc::SharesSquadWith	squad-identity equality test comparing this and param_1's squad pointer at +0x5da4, explicitly ABSENT (no squad object modeled, ElysiumNpc.h:666-669); retail name unrecovered -- reclassified from `unsettled`: the body reads, what is missing is the port seam it writes through, and CLAUDE.md's rule for that is to build the seam and say so, not to record a failure to read
102781e0	rule	0-4	FElysiumNpc::OnChangeHintGroup	sets m_strHintGroup (+0x5db0, bound HintGroup) and, only on an actual change, dispatches vtable+0x89c(old,new) -- 0x89c/4=551, exactly slot 551 OnChangeHintGroup, which the port declares but leaves stubbed (ElysiumNpcKernelSlots.cpp:4162)
10278cb0	rule	0-4	hand:FElysiumNpc::AddFacingTarget	corpus asm: slot 519 AddFacingTarget(CBaseEntity*,float,float,float) is gated on the engine interface answering false to vtable+0x4 and holding a non-null +0x2c, then tail-jumps to the motor at +0x5d44's slot 14 with the arguments shifted down one; on the gate it returns and adds nothing
10278d20	rule	0-4	hand:FElysiumNpc::AddFacingTarget	corpus asm: slot 518 AddFacingTarget(const Vector&,float,float,float) is the same engine gate, then the motor at +0x5d44's slot 13
10278d90	rule	0-4	hand:FElysiumNpc::AddFacingTarget	corpus asm: slot 517 AddFacingTarget(CBaseEntity*,const Vector&,float,float,float) is the same engine gate, then the motor at +0x5d44's slot 12
10278e00	rule	0-4	hand:FElysiumNpc::GetFacingDirection	forwards param_1 to CAI_Motor vtable+0x3c; slot 520; motor not implemented
10279b70	present	0-4	FElysiumNpcMemory::LastEnemy	resolves a CBaseEntity* (vtable+4) into m_hLastEnemy or -1 on null; bound at +0x1a94, written with equivalent handle-assignment logic at ElysiumNpcEnemy.cpp:305 and rebased/serialized at ElysiumNpcSenses.cpp:201,309
10279cc0	present	0-4	ElysiumNpc.h:FElysiumNpc::SetTarget	resolves a CBaseEntity* into m_hTargetEnt or -1 on null; the port's SetTarget is the named, cited equivalent (ElysiumNpc.h:671-673)
1027a400	rule	0-4	hand:FElysiumNpc::ShouldFadeOnDeath	returns bit 9 of m_spawnflags; slot 552
1027a530	rule	0-4	FElysiumNpc::ShouldPlayFloatSound	gates on m_iFloatSoundFrequency (0 or 8 disables), a curtime window test, then an engine frequency-roll call; slot 510
1027a5c0	rule	0-4	FElysiumNpc::FOkToMakeSound	squad/time/spawnflag-gated permission tree comparing curtime against m_flSoundWaitTime (self and squad partner) and testing spawnflag bit 9 plus combat state; slot 486
1027a640	rule	0-4	FElysiumNpc::JustMadeSound	sets m_flSoundWaitTime = curtime + RandomFloat(1.5, 2.0) for self and, if squad-connected, the squad partner too; slot 487
1027a7c0	mechanism	0-4	FElysiumSaveArchive	returns &datamap_CAI_BaseNPC, Source's save/field-reflection descriptor; slot 82, replaced by UE's own UPROPERTY reflection
1027c2e0	rule	0-4	default:1	slot 452 LoadedSchedules, base always returns true
1027caa0	rule	0-4	hand:FElysiumNpc::StopLoopingSounds	forwards this NPC's stored sound handle (+0x2e0) into a global sound system's stop call (vtable slot 5); slot 511
1027d990	rule	0-4	FElysiumNpcNavigator	reads Motor-chain field +0x18 off the pointer at +0x5d34; 29 direct callers but not a vtable slot, no citation, no recoverable retail name, and the Motor object's own internal layout is not itemized past the chain redirect -- reclassified from `unsettled`: the body reads, what is missing is the port seam it writes through, and CLAUDE.md's rule for that is to build the seam and say so, not to record a failure to read
1027d9d0	rule	0-4	default:0	slot 514 MovementCost, base always returns false
1027d9f0	rule	0-4	hand:FElysiumNpc::OverrideMoveFacing	body is entirely retail's g_ScopeTraceStack push/pop bookkeeping around an unconditional false return; slot 526 OverrideMoveFacing declines; UE's own stat/trace system replaces the bookkeeping -- reclassified from `mechanism`: the scope trace around it is retail's own debug bookkeeping, but the ANSWER is the rule -- the base declines, unconditionally, and that is what every species override is measured against
1027da90	rule	0-4	hand:FElysiumNpc::OverrideMove	same scope-trace push/pop pattern around an unconditional false return; slot 525 OverrideMove declines -- reclassified from `mechanism`: the scope trace around it is retail's own debug bookkeeping, but the ANSWER is the rule -- the base declines, unconditionally, and that is what every species override is measured against
1027db30	rule	0-4	FElysiumNpc::IsUnusableNodeIndex	corpus asm: bounds-checks the task index against the schedule at +0x5d34's task list (+0x2c) count, bumps the global failure counter 0x106c994c and returns false when it is negative or past the end, returns false on a null task, and otherwise tail-jumps to this->vtable+0x83c with the task pointer
1027dc80	rule	0-4	FElysiumNpc::OnObstructingDoor	threshold-compares a stored float against param_3, branches on the door's state word (+0x4f8, values 1 or 3), compares against _DAT_104493d0, and writes back the stored float plus an out result of 0 or -1; slot 531
1027e0f0	rule	0-4	FElysiumNpc::FUN_1027e0f0	resets m_hOpeningDoor to -1 and m_bOpeningDoorWait to 0 (bound at +0x5d24/+0x5d30) and reports handled; slot 532, retail name unrecovered, so the port keeps the FUN_ spelling
1027e120	rule	0-4	hand:FElysiumNpc::IsTemplate	returns bit 0xb of m_spawnflags; slot 423
1027ee00	rule	0-4	default:0x77	slot 409 GetLastSharedCondition, base always returns the literal condition id 0x77
10280a20	present	0-4	FElysiumNpcScheduleHost::MoveWaitFinished	returns true when curtime exceeds the stored wait-finished stamp; bound at +0x5cf0
10280bb0	rule	0-4	FElysiumNpc::MaxYawSpeed	base CAI_BaseNPC returns the single default yaw-speed constant _DAT_1049949c (same value as 0x102624b0's default arm); slot 516
10280d30	present	0-4	ElysiumNpc.cpp:FElysiumNpc::ClearSchedule	zeroes the six schedule words +0x5c38..+0x5c4c, clears PRESERVE_PATH and dispatches slot 435; the port's ClearSchedule delegates to ElysiumSchedule::ClearSchedule, cited directly at ElysiumNpc.cpp:2263-2270
10280db0	rule	0-4	FElysiumNpcScheduleHost::IsTaskIndexCurrent	reads the current schedule pointer (+0x5c38) and task index (+0x5c40) and tests whether the task index equals a field of the schedule object (+0x24); no port citation and the schedule object's own field layout at that offset is not itemized, so the exact comparison is unrecovered -- reclassified from `unsettled`: the body reads, what is missing is the port seam it writes through, and CLAUDE.md's rule for that is to build the seam and say so, not to record a failure to read
10280fb0	present	0-4	ElysiumNpc.cpp:FElysiumNpc::BuildScheduleTestBits	base body is exactly return; (empty); the port's comment at ElysiumNpc.cpp:3200-3201 names this exact address as the empty base beside the real CAI_BaseNPCTroika override
10280fd0	rule	0-4	default:void	slot 411, base always does nothing
10288630	present	0-4	FElysiumScriptedCharacter::Motor	returns the raw pointer at +0x5d34 (chained, "the navigator is the one motor seam", ElysiumNpcKernelShapeMap.cpp:162); a plain accessor over an already-chained word
10288650	present	0-4	FElysiumScriptedCharacter::Motor	returns the raw pointer at +0x5d44 (chained, "the motor's own steering state", ElysiumNpcKernelShapeMap.cpp:170); a plain accessor over an already-chained word
10289ce0	rule	0-4	hand:FElysiumNpc::Slot571	returns activity 9 or 0x13 depending on whether param_1 reaches threshold _DAT_1049a17c; slot 571, retail name unrecovered ("vfunc571" per ElysiumNpcKernelSlots.inl)
1028a150	present	0-4	ElysiumSchedule.cpp:ElysiumSchedule::Tick	bounds-checks the task index against the schedule's task-array length and indexes into it; the port's Tick performs the identical bounds-checked Schedule->Tasks[State.TaskIndex] lookup (ElysiumSchedule.cpp:869-879); oracle docs/vtmb/npc-ai/schedule-kernel.md:542
1028abe0	present	0-4	hand:FElysiumNpc::SelectFailSchedule	returns m_failSchedule or default FAIL(0x43); the port's FailScheduleFor is the cited, named equivalent (ElysiumSchedule.cpp:663-668)
1028ae60	rule	0-4	FElysiumNpc::VacateSquadSlot	vacates a squad slot bitmap entry (+0x5dac MySquadSlot against a squad array at +0x6c); MySquadSlot (+0x5dac) is bound but never written elsewhere, and the squad object it indexes into is unmodeled (ElysiumNpc.h:666-669, 0002/17); retail name unrecovered -- reclassified from `unsettled`: the body reads, what is missing is the port seam it writes through, and CLAUDE.md's rule for that is to build the seam and say so, not to record a failure to read
1028b0b0	rule	0-4	hand:FElysiumNpc::IsValidShootPosition	compares m_strHintGroup (bound HintGroup) against param_2's hint-group field (+0x5f0) when both are set; slot 549
1028b0f0	rule	0-4	hand:FElysiumNpc::GetSlotSchedule	logs an error string ("ERROR: Subclass missing GetSlotS...") and returns 0; slot 547, base is a should-be-overridden stub that warns
1028cd10	mechanism	0-4	hand:FElysiumNpc::GetDataDescMap	returns &datamap_CAI_BaseNPCTroika; slot 82, same RTTI/save-descriptor pattern as 0x1027a7c0
1028e360	present	0-4	ElysiumNpcConditions.cpp:ElysiumNpcCond::GatherSeeUnknown	manages the see-unknown handle/position/grace-timer state machine at +0x6084..+0x6098; the port's GatherSeeUnknown is the cited, named equivalent (ElysiumNpcConditions.cpp:410-446, citing this exact body at line 438)
1028e940	present	0-4	ElysiumNpc.cpp:FElysiumNpc::OnDamage	max-writes the stealth-vision-override deadline (+0x6604) to curtime+param_1 if later than the current value; the port's OnDamage calls the equivalent Senses.ExtendVisionOverride(...,5.0), cited directly at ElysiumNpc.cpp:296-311
1028eb30	rule	0-4	FElysiumNpc::RecordSupernaturalWitness	initializes a witness-channel record: channel id, a 3-float position, and a resolved entity handle plus flag, across +0x6368..+0x6394; all touched fields are individually bound but this composite initializer is not cited anywhere
1028fc90	present	0-4	FElysiumNpcSenses::StealthVisionScalar	resets three perception fields to retail defaults: StealthVisionScalar=1.0, StealthVisionCone=1.0, StealthHearingDist=0.0 (+0x63c4/+0x63c8/+0x63cc, all bound)
10290fc0	present	0-4	ElysiumNpcThinkCadence.cpp:ElysiumNpcThink::CalcNextMoveThink	sets NextMove = curtime + 0.001 outright with no due-test and no preserved-stamp read; the port's CalcNextMoveThink is the cited, named equivalent (ElysiumNpcThinkCadence.cpp:194-203)
10293d70	present	0-4	FElysiumNpcScheduleHost::MemoryBits	clears bit 0x2000 of the memory-bits word; bound at +0x5d8c
10293d90	present	0-4	FElysiumNpcWitness::Channels	sets a witness channel deadline to curtime+param_1; bound at +0x6398
10293dc0	present	0-4	FElysiumNpcWitness::Channels	sets a witness channel deadline to curtime+param_1; bound at +0x639c
10293df0	present	0-4	FElysiumNpcWitness::NosferatuIgnoreUntil	sets the Nosferatu-ignore deadline to curtime+param_1; bound at +0x63a0
10295710	present	0-4	hand:FElysiumNpc::NPC_TranslateActivity	ACT_IDLE (1) becomes ACT_LAUGH_IDLE (0x105d/4189) when +0x14bc bit 0x80000 is set; slot 376, listed verbatim as ClassTranslate_Troika at ElysiumNpcActivityTables.cpp:308-310
10295a60	rule	0-4	default:void	slot 465 OnChangeActivity, CAI_BaseNPCTroika's own body does nothing
10299d80	rule	0-4	default:4	slot 138 Classify, CAI_BaseNPCTroika's own body always returns class 4
1029a070	present	0-4	hand:FElysiumNpc::Slot593	initializes all five target-lead fields to their retail defaults: Min=0.1, Max=1.0, CurrentWeight=50, PredictedWeight=50, WeightScale=0.01 (+0x655c..+0x656c, all bound)
1029c970	rule	0-4	FElysiumNpcSenses::EffectiveVisionDistanceCm	picks an effective vision distance: the stored VisionDistanceCm unless the stealth-vision override is active (curtime<+0x6604) or (combat state and not bEnemyWentOccluded), in which case a Senses-owned field (+0x10 off +0x5cdc) is used instead, then clamps to a floor _DAT_104454c4
1029f2e0	present	0-4	FElysiumNpc::IsAiDisabled	returns the stored bDisableAi byte; bound at +0x6080, cited at ElysiumChoreoScene.cpp:540-541
1029f300	present	0-4	FElysiumNpc::SetDisableAi	on a disabling->enabling transition calls the AI-restart vtable hook, then stores the new bDisableAi; cited at ElysiumChoreoScene.cpp:542 and ElysiumNpcClasses.cpp:96
1029f6c0	rule	0-4	FElysiumNpcNavigator	resolves a node index through param_1, bounds-checks it against a Motor-chain array (+0x2c/+0x1) and returns element+0xa0; not a vtable slot, no citation, Motor-internal layout not itemized past the chain redirect -- reclassified from `unsettled`: the body reads, what is missing is the port seam it writes through, and CLAUDE.md's rule for that is to build the seam and say so, not to record a failure to read
102a0b90	rule	0-4	FElysiumNpc::SetAtCrosswalk	sets bit 4 of +0x14b8 and stores param_1 at +0x630c; +0x630c is explicitly ABSENT (no port counterpart) and +0x14b8 is not itemized, so neither field has a home yet -- reclassified from `unsettled`: the body reads, what is missing is the port seam it writes through, and CLAUDE.md's rule for that is to build the seam and say so, not to record a failure to read
102a13d0	rule	0-4	FElysiumNpcScheduleHost::HintNodeActivity	hint-node-type-keyed activity lookup (100/0x65/0x27d8) off the resolved hint node (+0x5ddc), adjusted by bLeaningLeft (+0x63fd); returns -1 for other types
102a1420	rule	0-4	FElysiumNpcScheduleHost::HintNodeActivity	same hint-type-keyed lookup returning a different activity triple, no bLeaningLeft adjustment; base -1
102a1470	rule	0-4	FElysiumNpcScheduleHost::HintNodeActivity	same hint-type-keyed lookup, bLeaningLeft-adjusted, third activity triple
102a14c0	rule	0-4	FElysiumNpcScheduleHost::HintNodeActivity	same hint-type-keyed lookup, bLeaningLeft-adjusted, fourth activity triple
102a1510	rule	0-4	FElysiumNpcScheduleHost::HintNodeActivity	same hint-type-keyed lookup, no bLeaningLeft adjustment, fifth activity triple
102a18a0	rule	0-4	FElysiumNpcScheduleHost::SetWaitFinished	sets the wait-finished stamp to curtime+param unless the duration is at or below a floor, in which case a retail default duration _DAT_10447ee0 is used instead; bound at +0x5db4
102a98c0	present	0-4	FElysiumScriptedCharacter::Motor	returns the raw pointer at +0x5d40 (chained, "the motor answers the move probe's world queries"); a plain accessor over an already-chained word
102a98e0	present	0-4	FElysiumNpcScheduleHost::MemoryBits	clears param_1's bits from the memory-bits word; bound at +0x5d8c; oracle docs/vtmb/animation_and_movers.md:1567
102a9910	present	0-4	ElysiumNpc.h:FElysiumNpc::ConnectedSquad	returns the squad pointer when m_iSquadDisconnected<1, else null; the port's ConnectedSquad is the cited, named equivalent, which always answers null since no squad object exists yet (ElysiumNpc.h:666-669)
102a9940	present	0-4	FElysiumNpcScheduleHost::DesiredMoveYaw	stores param_1 directly; bound at +0x63ec
102a9960	present	0-4	FElysiumNpcScheduleHost::HintCoverObject	resolves the stored EHANDLE (+0x6448) to its live pointer or 0; bound, plain accessor
102a99a0	present	0-4	FElysiumNpc::bJumping	stores param_1 directly; bound at +0x6498
102ae7f0	present	0-4	FElysiumNpcScheduleHost::ForcedSchedule	stores param_1 directly; bound at +0x65c8
102ae840	rule	0-4	FElysiumNpc::AcceptScriptedScheduleOrder	when neither this nor param_2 is in state 7 (dead) and a capability-vtable check (+0x278) or param_2 passes, records the scripted order id (+0x65cc), forces a state-change flag (+0x1b28, Mind::bForceStateChange) and sets a bit in +0x14bc; all individually bound but this composite gate is not cited
102b4070	rule	0-4	default:0x81f	slot 473 GetSoundInterests, CAI_BaseNPCTroika's own body always returns the literal interest mask 0x81f
102b4520	rule	0-4	hand:FElysiumNpc::GetBestSound	returns the address of this NPC's own m_BestSound member; slot 474
102b4c40	rule	0-4	hand:FElysiumNpc::JustMadeSound	Troika override: sets m_flSoundWaitTime = curtime + RandomFloat(0.25, 0.75) for self and, if squad-connected, the squad partner
102b5100	rule	0-4	default:void	slot 55, CAI_BaseNPCTroika's own body does nothing
102b51a0	rule	0-4	default:void	slot 57, CAI_BaseNPCTroika's own body does nothing
102b51c0	rule	0-4	default:void	slot 58, CAI_BaseNPCTroika's own body does nothing
102b51e0	rule	0-4	hand:FElysiumNpc::Slot59	sets bInChoreoScene=1 (bound +0x5bc4) and, when param_1's +0x57d byte is set, an unbound secondary flag (+0x1590); slot 59
102b5220	rule	0-4	hand:FElysiumNpc::Slot60	sets bInChoreoScene=0 and conditionally clears the unbound +0x1590 flag; slot 60
102b5260	rule	0-4	hand:FElysiumNpc::Slot61	identical body to slot 60 (sets bInChoreoScene=0, conditionally clears +0x1590); slot 61
102b5dc0	present	0-4	FElysiumNpc::AlertLevel	stores param_1 directly; bound at +0x63f4
102b97f0	rule	0-4	hand:FElysiumNpc::LoadedSchedules	CAI_BaseNPCTroika override returns global flag DAT_105d1058 rather than the base's literal true; slot 452
102c0470	present	0-4	FElysiumNpc::SetDialogQue	Q_strncpy's the dialogue file name into the 0x60-byte DialogQue buffer (+0x64ec) and stores the is-final flag (+0x654c); both bound
102c04b0	rule	0-4	hand:FElysiumNpc::Slot612	picks a network priority (0x80 default, 0x280/0x680) based on whether +0xfe8 resolves to a live dialogue/cine handle and bDialogQueIsFinal (+0x654c); slot 612, retail name unrecovered
102c0aa0	rule	0-4	FElysiumNpcDialogue::IsTalking	true when a live dialogue scene (+0x6554) has its "done" byte set, or else when curtime has passed the talking-until stamp (+0x64cc); oracle docs/vtmb/game_runtime.md:1508, npc-ai/lifecycle.md:369
102c1170	present	0-4	ElysiumNpcThinkCadence.cpp:ElysiumNpcThink::ShouldThinkFrequently	four-term IsInDialog test (bIsTalking, dialogue string, partner handle, +0x6554); ShouldThinkFrequently reproduces the same OR-chain via Dialogue.bInDialog/IsTalking, cited directly at ElysiumNpcThinkCadence.cpp:77-89
102c23f0	present	0-4	ElysiumNpc.cpp:FElysiumNpc::ResetThinkTimers	stamps five Next* fields to curtime; the port's ResetThinkTimers is the cited, named equivalent (slot 614, ElysiumNpc.cpp:3728-3735)
102c4470	rule	0-4	FElysiumNpc::SetFollowerBossName	picks "!player" when +0xa8 is set else this entity's own name, calls an unresolved thunk, then stores a masked pointer into m_sFollowerBoss (+0x6478, bound); the thunk (thunk_FUN_102c44e0) is unresolved
102c4640	rule	0-4	FElysiumNpc::SetFollowerType	calls an unresolved thunk (thunk_FUN_102c4680) then stores a masked param_1 into m_sFollowerType (+0x6480, bound); oracle docs/vtmb/npc-ai/authored-control.md:302, social.md:200
102c5470	rule	0-4	hand:FElysiumNpc::GetFollowerBoss	resolves m_hFollowerBoss (+0x647c, bound) and returns boss+0x9c; slot 293; the port's GatherSight explicitly documents this as "a named seam that currently answers nothing" pending story 16a (ElysiumNpcSenses.cpp:415-420)
102c5870	mechanism	0-4	hand:FElysiumNpc::GetServerClass	returns &DAT_10925398, a Source RTTI/server-class-adjacent descriptor pointer; slot 80 GetServerClass
102c5890	rule	0-4	default:0	slot 81 YouForgotToImplementOrDeclareServerClass, base always returns 0
102c72f0	mechanism	0-4	FElysiumSaveArchive	returns &DAT_10925398, the same RTTI-descriptor pattern as GetDataDescMap/GetServerClass, for the unrelated CAI_StandoffBehavior composition class; slot 6 of that class
102c7310	mechanism	0-4	UClass	returns a pointer to a class-name string constant (debug RTTI); slot 19 of CAI_StandoffBehavior
102c73f0	rule	0-4	default:void	slot 8 of CAI_StandoffBehavior (outside the CAI_BaseNPC/Troika family the default-void carve-out is scoped to, but the body is the identical empty-return fact); base does nothing
102c7490	rule	0-4	FElysiumNpc::StandoffVfunc4	Recomputes a countdown from world time (DAT_1070b228+0xc) plus this+0x40/+0x44 (branches on this+0x44 vs sentinel DAT_104454c4), writes it to this+0x3c, saves the NPC's prior +0x5de4 value into this+0x50 and resets NPC+0x5de4 to FLT_MAX (0x7f7fffff), and sets NPC+0x1fc=1 when this+0x1a is set; retail standoff timer reset, not yet ported.
102c7dd0	rule	0-4	FElysiumNpc::StandoffVfunc26	When this+0x20>0 writes retail float constants 5.0 (0x40a00000), 0.0 and -1.0 (0xbf800000) into this+0x5c/0x60/0x58, and when this+0x20==2 sets this+0x4c=1; retail standoff aim-param reset with named literal thresholds.
102c7ef0	rule	0-4	FElysiumNpc::StandoffVfunc28	Whole body returns global flag DAT_10601874, a retail runtime toggle controlling a standoff-behavior variant; not per-class species data, not yet ported.
102c8980	mechanism	0-4	UStruct	Returns &datamap_CAI_StandoffGoal, the Source-engine RTTI/save-reflection descriptor (GetDataDescMap); UE's UStruct/UPROPERTY reflection replaces this and save games are disposable per project rules.
102d0370	mechanism	0-4	UStruct	Returns &datamap_CAI_Hint, same GetDataDescMap RTTI accessor pattern.
102d1320	rule	0-4	FElysiumNpc::IsViewable	If this->m_iDisabled is set returns it masked, else returns whether this->m_nHintType==0xd (13); retail hint-visibility rule with named constant 13, not yet ported.
102d72b0	rule	0-4	FElysiumNpc::StepHeight	Returns fixed retail step-height constant _DAT_10462950 (CAI_TestHull::StepHeight), a movement tunable; called 3x in closure.
102d72d0	rule	0-4	FElysiumNpc::GetMaxJumpSpeed	Returns fixed retail jump-speed constant _DAT_10462950 (CAI_TestHull::GetMaxJumpSpeed), a movement tunable.
102d9500	mechanism	0-4	UStruct	Returns &datamap_CAI_InterestingPlace, GetDataDescMap RTTI accessor.
102db7f0	mechanism	0-4	UStruct	Returns &datamap_CAI_InterestingPlaceConverstation, GetDataDescMap RTTI accessor.
102e1420	rule	0-4	registry:9	Empty body (return;); CAI_Motor's vtable slot 9 is a no-op for this class, recorded as class-registry entry.
102ecb50	rule	0-4	FElysiumNpc::NavSnapshotOwnerPointers	Copies three fields from the owner NPC (npc+0x5d44/0x5d40/0x5d38) into this+0x20/0x24/0x28 and stores param_1 into this+0x2c; retail navigator-state snapshot, not yet ported.
102eea30	rule	0-4	registry:4	Empty body (return;) with an ignored param_1; CAI_Navigator's vtable slot 4 is a no-op for this class.
102eea50	rule	0-4	registry:6	Empty body (return;); CAI_Navigator's vtable slot 6 is a no-op for this class.
10321670	mechanism	0-4	hand:FElysiumNpc::GetPredDescMap	Returns &datamap_CBaseCombatCharacter_10619d10, the shared GetDataDescMap RTTI accessor for the whole CAI_BaseNPC family (slot 79, CAI_BaseNPCTroika#79 present); mechanism precedes the Troika default rule since the whole body is an RTTI helper.
10321960	mechanism	0-4	UStruct	Size-6 stub returning fixed global &DAT_10936d54 at slot 80; vtmb_slot shows slot 80 filled by the identical same-shape stub in well over a thousand unrelated classes across every module (UI panels, weapons, client entities), confirming a compiler/RTTI-level accessor, not gameplay data.
10321980	rule	0-4	default:0	vfunc81 across the whole CAI_BaseNPC family (slot 81, CAI_BaseNPC#81 present) returns constant 0.
10326ae0	rule	0-4	hand:FElysiumNpc::FInAimCone	Retail debug scope-trace wrapper (string constant names CBaseCombatCharacter::FInAimCone) around the real computation: calls this's vtable+0x304 to get a position, feeds it through the target's vtable+0x314, then evaluates via this vtable+0x5b0 (the aim-cone test); slot 365 across the CAI_BaseNPCTroika family, not yet ported.
10345460	rule	0-4	default:1	vfunc327 across the CAI_BaseNPC family (slot 327, CAI_BaseNPCTroika#327 present) returns constant 1.
10348ba0	rule	0-4	hand:FElysiumNpc::Slot296	Reads this+0x1538/0x153c, looks the value up in the retail network-object table PTR_DAT_10566458, and returns a packed bool only when the table's stored index matches and param_1==0xb (11); slot 296 across the CAI_BaseNPCTroika family, real lookup rule, not yet ported.
1034a2d0	rule	0-4	registry:138	Returns literal 0 (Classify); CGenericNPC species data.
1034a2f0	rule	0-4	registry:516	Returns fixed float constant _DAT_10455050 (MaxYawSpeed); CGenericNPC species data, no per-instance branch.
1034a6b0	rule	0-4	registry:473	Returns literal 0 (vfunc473); CGenericNPC species data.
1034ab50	mechanism	0-4	UStruct	Returns &datamap_CNPCMaker, GetDataDescMap RTTI accessor.
1034ae50	rule	0-4	registry:363	Returns literal 0 (FInViewCone, param_1 ignored); CNPCMaker species data.
1034ae70	rule	0-4	registry:362	Returns literal 0 (vfunc362); CNPCMaker species data.
1034ae90	rule	0-4	registry:365	Returns literal 0 (vfunc365); CNPCMaker species data.
1034aeb0	rule	0-4	registry:364	Returns literal 0 (vfunc364); CNPCMaker species data.
1034aed0	rule	0-4	registry:587	Returns literal 0 (param_1 ignored); species data shared by CNPCMaker, CNPCMaker_Fleshpile, CNPCMaker_Zombie.
1034aef0	rule	0-4	registry:72	Returns literal 0 (param_1 ignored); species data shared by CNPCMaker, CNPCMaker_Fleshpile, CNPCMaker_Zombie.
1034af10	rule	0-4	registry:86	Returns literal 0 (five params ignored); species data shared by CNPCMaker, CNPCMaker_Fleshpile, CNPCMaker_Zombie.
1034b140	rule	0-4	registry:113	Empty body (return;); no-op species data shared by CNPCMaker, CNPCMaker_Fleshpile, CNPCMaker_Zombie.
1034b430	present	0-4	ElysiumNpcMaker.h:FElysiumNpcMaker::IsDepleted	not an NPC body at all: CNPCMaker::"!m_bInfChild (+0x66c3) && m_iMaxNumNPCs (+0x6660) < 1", which the port already carries verbatim as FElysiumNpcMaker::IsDepleted (ElysiumNpcMaker.h:47, now citing the address); 29c filed it as a rule on FElysiumNpc by reading the offsets against the NPC layout, and family Species re-verdicted it from the decompiled C
1034bd30	rule	0-4	registry:123	Empty body (return;) for DrawDebugGeometryOverlays; no-op species data shared by CNPCMaker, CNPCMaker_Fleshpile, CNPCMaker_Zombie.
1034bdc0	mechanism	0-4	UStruct	Returns &datamap_CNPCMaker_Fleshpile, GetDataDescMap RTTI accessor.
1034bef0	rule	0-4	registry:363	Returns literal 0 (FInViewCone); CNPCMaker_Fleshpile species data.
1034bf10	rule	0-4	registry:362	Returns literal 0 (vfunc362); CNPCMaker_Fleshpile species data.
1034bf30	rule	0-4	registry:365	Returns literal 0 (vfunc365); CNPCMaker_Fleshpile species data.
1034bf50	rule	0-4	registry:364	Returns literal 0 (vfunc364); CNPCMaker_Fleshpile species data.
1034c9f0	mechanism	0-4	UStruct	Returns &datamap_CNPCMaker_Zombie, GetDataDescMap RTTI accessor.
1034cb30	rule	0-4	registry:363	Returns literal 0 (FInViewCone); CNPCMaker_Zombie species data.
1034cb50	rule	0-4	registry:362	Returns literal 0 (vfunc362); CNPCMaker_Zombie species data.
1034cb70	rule	0-4	registry:365	Returns literal 0 (vfunc365); CNPCMaker_Zombie species data.
1034cb90	rule	0-4	registry:364	Returns literal 0 (vfunc364); CNPCMaker_Zombie species data.
1034d430	mechanism	0-4	UStruct	Returns &datamap_CScriptedTarget, GetDataDescMap RTTI accessor.
103564f0	mechanism	0-4	UStruct	Returns &datamap_CNPC_Bullseye, GetDataDescMap RTTI accessor.
10356f30	rule	0-4	FElysiumNpc::BullseyeIsLightDamage	Returns 1 when param_1 exceeds retail constant _DAT_104454c4, else 0; bullseye distance/threshold gate, not yet ported.
10357350	rule	0-4	registry:516	Returns fixed float constant _DAT_1044f00c (MaxYawSpeed); CNPC_Crow species data.
10357370	rule	0-4	registry:580	Returns fixed per-class table pointer &DAT_1093a0d0 (vfunc580); 18 dispatch sites target this slot elsewhere in the kernel closure, but the table's semantics beyond this address are not yet recovered. CNPC_Crow species data.
10357390	rule	0-4	registry:451	Returns fixed debug string pointer PTR_s_CNPC_Crow_10628a50 (GetSchedulingErrorName), used only in schedule-load error prints. CNPC_Crow species data.
103573b0	mechanism	0-4	UStruct	Returns &datamap_CNPC_Crow, GetDataDescMap RTTI accessor.
10357660	rule	0-4	registry:138	Returns literal 10 (Classify); CNPC_Crow species data.
10357b30	rule	0-4	FElysiumNpc::OnChangeActivity	When param_1==0x22 (34), calls the retail animation interface (*DAT_1070b244+4)(0, 0x3f400000) and stores the result into m_flCycle; retail per-activity animation-cycle reset with named constants, not yet ported (CNPC_Crow::OnChangeActivity).
10358310	rule	0-4	registry:434	Empty body (return;); no PrescheduleThink logic for CNPC_Crow.
10358c60	rule	0-4	FElysiumNpc::FValidateHintType	Returns whether the hint's type field at param_1+0x5dc equals retail constant 700; CNPC_Crow only accepts hint type 700 (perch/roost), a real comparison, not yet ported.
103590f0	rule	0-4	registry:473	Returns literal 0xf; CNPC_Crow species data.
103591e0	rule	0-4	registry:452	Returns global flag DAT_10628a48 (LoadedSchedules); CNPC_Crow species data.
10359e30	rule	0-4	registry:452	Returns global flag DAT_10629a38 (LoadedSchedules); CGeneric_NPC species data.
10359f00	rule	0-4	registry:580	Returns fixed per-class table pointer &DAT_1093a1a8 (vfunc580); same unresolved shared-slot pattern as CNPC_Crow, 18 dispatch sites elsewhere. CGeneric_NPC species data.
10359f20	rule	0-4	registry:451	Returns fixed debug string pointer PTR_s_CGeneric_NPC_10629a40 (GetSchedulingErrorName); CGeneric_NPC species data.
1035a7e0	rule	0-4	FElysiumNpc::GenericNpcSoundInterests	Reads this+0x5cc0 and returns 0x19 when it equals 1, else 0x17; real per-instance branch selecting between two retail codes, not a plain species constant, not yet ported.
1035a810	rule	0-4	FElysiumNpc::MaxYawSpeed	Chooses turn-rate by activity/sequence id at param_1+0xfec: 0x13 -> _DAT_1047a3ac, 0x3a<val<0x3d -> _DAT_1044f00c, else _DAT_1049949c; retail per-activity yaw-speed rule with named thresholds, identical across CGeneric_NPC/_bathack/Sabbat, not yet ported.
1035a850	rule	0-4	registry:138	Returns literal 4 (Classify); CGeneric_NPC species data.
1035a920	rule	0-4	registry:434	Empty body (return;); no PrescheduleThink logic for CGeneric_NPC.
1035ac80	rule	0-4	registry:452	Returns global flag DAT_10629da0 (LoadedSchedules); CGeneric_NPC_bathack species data.
1035ad70	rule	0-4	registry:580	Returns fixed per-class table pointer &DAT_1093a2c8 (vfunc580); same unresolved shared-slot pattern. CGeneric_NPC_bathack species data.
1035ad90	rule	0-4	registry:451	Returns fixed debug string pointer PTR_s_CGeneric_NPC_bathack_10629da8 (GetSchedulingErrorName); CGeneric_NPC_bathack species data.
1035afe0	rule	0-4	registry:495	Empty body (return;); no-op species data for CGeneric_NPC_bathack.
1035b000	rule	0-4	registry:489	Empty body (return;); no-op species data for CGeneric_NPC_bathack.
1035b020	rule	0-4	registry:488	Empty body (return;); no-op species data for CGeneric_NPC_bathack.
1035b040	rule	0-4	registry:491	Empty body (return;); no-op species data for CGeneric_NPC_bathack.
1035b080	rule	0-4	FElysiumNpc::MaxYawSpeed	Same activity-id branch as CGeneric_NPC's MaxYawSpeed (0x13/0x3a-0x3d/else against _DAT_1047a3ac/_DAT_1044f00c/_DAT_1049949c) duplicated for CGeneric_NPC_bathack, not yet ported.
1035b0c0	rule	0-4	registry:138	Returns literal 4 (Classify); CGeneric_NPC_bathack species data.
1035b1a0	rule	0-4	registry:434	Empty body (return;); no PrescheduleThink logic for CGeneric_NPC_bathack.
1035b490	rule	0-4	registry:452	Returns global flag DAT_1062a024 (LoadedSchedules); CGenericSabbat_NPC species data.
1035b560	rule	0-4	registry:580	Returns fixed per-class table pointer &DAT_1093a3b0 (vfunc580); same unresolved shared-slot pattern. CGenericSabbat_NPC species data.
1035b580	rule	0-4	registry:451	Returns fixed debug string pointer PTR_s_CGenericSabbat_NPC_1062a02c (GetSchedulingErrorName); CGenericSabbat_NPC species data.
1035be50	rule	0-4	FElysiumNpc::GenericNpcSoundInterests	Same this+0x5cc0 branch (0x19 vs 0x17) as CGeneric_NPC's vfunc473, duplicated for CGenericSabbat_NPC, not yet ported.
1035be80	rule	0-4	FElysiumNpc::MaxYawSpeed	Same activity-id branch as CGeneric_NPC's MaxYawSpeed, duplicated for CGenericSabbat_NPC, not yet ported.
1035bec0	rule	0-4	registry:138	Returns literal 0xf (Classify); CGenericSabbat_NPC species data.
1035bfb0	rule	0-4	registry:434	Empty body (return;); no PrescheduleThink logic for CGenericSabbat_NPC.
1035c190	rule	0-4	registry:378	Returns literal 0 (two params ignored); shared no-op species data across CNPC_VAndreiBlood, CNPC_VAsianVampire, CNPC_VChangBros, CNPC_VChangBrosBlade, CNPC_VChangBrosClaw, CNPC_VSabbatLeader, CNPC_VSheriffMan, CNPC_VVampireBoss.
1035c1b0	rule	0-4	registry:580	Returns fixed per-class table pointer &DAT_1093d330 (vfunc580); same unresolved shared-slot pattern. CNPC_VVampireBoss species data.
1035c1d0	rule	0-4	registry:451	Returns fixed debug string pointer PTR_s_CNPC_VVampireBoss_1065e6cc (GetSchedulingErrorName); CNPC_VVampireBoss species data.
1035c230	rule	0-4	registry:580	Returns fixed per-class table pointer &DAT_1093a420 (vfunc580); same unresolved shared-slot pattern. CNPC_VAndreiBlood species data.
1035c250	rule	0-4	registry:451	Returns fixed debug string pointer PTR_s_CNPC_VAndreiBlood_1062a460 (GetSchedulingErrorName); CNPC_VAndreiBlood species data.
1035c2a0	mechanism	0-4	UStruct	Returns &datamap_CNPC_VAndreiBlood, GetDataDescMap RTTI accessor.
1035c400	rule	0-4	registry:452	Returns global flag DAT_1062a458 (LoadedSchedules); CNPC_VAndreiBlood species data.
1035d150	rule	0-4	FElysiumNpc::CNPC_VAndreiBlood_vfunc461	Writes this+0x1b38=4 (a retail state/counter reset) and returns 1 or 2 depending on whether m_bActivated is set; real state write plus branch, called from both inside and outside the kernel closure (+1 outside), not yet ported.
1035db00	rule	0-4	registry:566	Returns literal 1 (FValidateHintType, param_1 ignored); CNPC_VAndreiBlood species data, accepts any hint type.
1035e920	rule	0-4	FElysiumNpc::FUN_1035e920	Compares param_1+0x66b8 (a float NPC field) against retail constant _DAT_10452dc4 and returns a packed bool; real threshold predicate with one direct caller in the closure, not yet ported.
1035e950	rule	0-4	FElysiumNpc::FUN_1035e950	Calls the retail engine interface (*DAT_1070b244+8)(2,4) and stores the result into param_1+0x66dc; likely a randomized retail value (constants 2,4) written to an NPC field, one direct caller, not yet ported.
1035eb10	mechanism	0-4	UStruct	Returns &datamap_CNPC_VAnimal (slots CNPC_VAnimal#82, CNPC_VDog#82), GetDataDescMap RTTI accessor.
1035ebf0	rule	0-4	registry:587	Returns literal 0 (param_1 ignored); species data shared by CNPC_VAnimal, CNPC_VDog, CNPC_VRat, CNPC_VScurrying, CNPC_VZombie.
1035ec10	rule	0-4	registry:580	Returns fixed per-class table pointer &DAT_1093a4a8 (vfunc580); same unresolved shared-slot pattern. CNPC_VAnimal species data.
1035ec30	rule	0-4	registry:451	Returns fixed debug string pointer PTR_s_CNPC_VAnimal_1062b650 (GetSchedulingErrorName); CNPC_VAnimal species data.
1035ed50	rule	0-4	registry:452	Returns global flag DAT_1062b648 (LoadedSchedules); CNPC_VAnimal species data.
1035f540	present	0-4	ElysiumNpcSenses.cpp:FElysiumNpcSenses::TickHearing	Returns literal 0x1f (31); ported at ElysiumNpcSenses.cpp:827-831 where TickHearing sets Interests=0x1f for npc_vanimal/npc_vdog/npc_vrat/npc_vscurrying, citing this address in a comment. Port and oracle (docs/vtmb/npc-ai/senses.md:299) both cite it.
1035f560	rule	0-4	registry:138	Returns literal 10 (Classify); CNPC_VAnimal species data.
10360180	rule	0-4	registry:434	Empty body (return;); no PrescheduleThink logic shared by CNPC_VAnimal, CNPC_VDog, CNPC_VRat, CNPC_VScurrying, CNPC_VZombie.
103601e0	rule	0-4	registry:366	Returns literal 0 (HandleInteraction, three params ignored); species data shared by CNPC_VAnimal, CNPC_VDog, CNPC_VRat, CNPC_VScurrying, CNPC_VZombie.
103603d0	rule	0-4	registry:580	Returns fixed per-class table pointer &DAT_1093a530 (vfunc580); same unresolved shared-slot pattern. CNPC_VAsianVampire species data.
103603f0	rule	0-4	registry:451	Returns fixed debug string pointer PTR_s_CNPC_VAsianVampire_1062c5ec (GetSchedulingErrorName); CNPC_VAsianVampire species data.
10360450	mechanism	0-4	UStruct	Returns &datamap_CNPC_VAsianVampire, GetDataDescMap RTTI accessor.
103605b0	rule	0-4	registry:452	Returns global flag DAT_1062c5e4 (LoadedSchedules); CNPC_VAsianVampire species data.
10361470	rule	0-4	registry:566	Returns literal 1 (FValidateHintType, param_1 ignored); CNPC_VAsianVampire species data, accepts any hint type.
10361990	rule	0-4	FElysiumNpc::AddHintToStoredJumpPositions	Copies the target's position (via vtable+0x364) into a 2-slot ring buffer m_vLastJumpPosition at m_iLastJumpPositionIdx, then advances and wraps the index at >1; retail jump-position memory with a fixed buffer size of 2, two direct callers, not yet ported.
10362670	rule	0-4	FElysiumNpc::StationaryForTooLong	Returns true when world time minus m_fMovedTimeStamp is >= retail constant _DAT_104a9318; real stationary-timeout threshold, one direct caller, not yet ported.
10362c50	rule	0-4	registry:580	Returns fixed per-class table pointer &DAT_1093a620 (vfunc580); same unresolved shared-slot pattern. CNPC_VBach species data.
10362c70	rule	0-4	registry:451	Returns fixed debug string pointer PTR_s_CNPC_VBach_1062d228 (GetSchedulingErrorName); CNPC_VBach species data.
10362d90	rule	0-4	registry:452	Returns global flag DAT_1062d220 (LoadedSchedules); CNPC_VBach species data.
10363720	mechanism	0-4	UStruct	Returns &datamap_CNPC_VBach, GetDataDescMap RTTI accessor.
10363970	rule	0-4	registry:473	Returns literal 0x17; CNPC_VBach species data.
10363990	rule	0-4	registry:138	Returns literal 0x19 (Classify); CNPC_VBach species data.
10364500	rule	0-4	FElysiumNpc::BachRangeAttack1Conditions	Returns 0x4f when param_1>=retail constant _DAT_10449270 or param_2<=_DAT_1044f00c, else 0x61; real two-threshold selection between two retail codes, not yet ported.
10364550	rule	0-4	FElysiumNpc::BachRangeAttack2Conditions	Same two-threshold structure as vfunc553 (param_1>=_DAT_10449270 or param_2<=_DAT_1044f00c) but returns 0x50 instead of 0x4f, else 0x61; not yet ported.
10366490	rule	0-4	FElysiumNpc::FUN_10366490	Walks this+0x665c (count this+0x6668), looks each packed entry up in the retail network-object table PTR_DAT_10566458 with sentinel 0xffffffff, and returns the index whose resolved value equals param_1, else -1. Recovered at docs/vtmb/npc-ai/shape.md:75 (oracle cite) but no port cite, not yet ported.
10366c70	rule	0-4	registry:580	Returns fixed per-class table pointer &DAT_1093a688 (vfunc580); same unresolved shared-slot pattern. CNPC_VBatSwarm species data.
10366c90	rule	0-4	registry:451	Returns fixed debug string pointer PTR_s_CNPC_VBatSwarm_1062ef08 (GetSchedulingErrorName); CNPC_VBatSwarm species data.
10366db0	rule	0-4	registry:452	Returns global flag DAT_1062ef00 (LoadedSchedules); CNPC_VBatSwarm species data.
103672d0	mechanism	0-4	UClass	vfunc82 returns &datamap_CNPC_VBatSwarm, the class static datamap RTTI pointer (GetDataDescMap) Source uses for save/restore and keyvalue reflection; UE's UClass property reflection replaces this, nothing species-specific happens
103673e0	rule	0-4	registry:473	vfunc473 returns the literal 0x17, CNPC_VBatSwarm's slot-473 sound-interest bitmask consumed by TickHearing (ElysiumNpcSenses.cpp:829-834); that switch covers human/cop 0x81f, animal 0x1f, camera 0, pedestrian 0x81d and zombie 0x17 but has no CNPC_VBatSwarm case so it wrongly falls to the 0x81f default
10367400	rule	0-4	registry:138	Classify (slot 138) returns the literal 0x20 for CNPC_VBatSwarm; Classify has no port citation yet, species are data in this port so this is a class-to-value row (CNPC_VBatSwarm to 0x20)
10367870	rule	0-4	FElysiumNpc::GetClassScheduleIdSpace	vfunc580 (slot 580, GetClassScheduleIdSpace) returns CNPC_VBrujah's own DAT pointer, its per-class local schedule/task/condition id namespace; 29b's slot surface names slot 580 GetClassScheduleIdSpace (ElysiumNpcKernelSlots.inl:1882-1885), not yet ported per species
10367890	rule	0-4	registry:451	GetSchedulingErrorName (slot 451) returns the literal pointer PTR_s_CNPC_VBrujah_1062f280, a fixed per-class debug name string; species data, class-to-value row (CNPC_VBrujah to its own class name string)
103679b0	rule	0-4	FElysiumNpc::LoadedSchedules	LoadedSchedules (slot 452) returns the per-class static flag DAT_1062f278; per schedule-kernel.md:483 this is the slot-452 gate CAI_BaseNPC::Precache checks, a false return rejects spawn with an error in the NPCs schedules, not a fixed literal, and 29b's slot surface names it FElysiumNpc::LoadedSchedules, not yet wired to a load path
10367f00	rule	0-4	registry:138	Classify (slot 138) returns the literal 0x10 for CNPC_VBrujah; class-to-value row (CNPC_VBrujah to 0x10)
10367f60	mechanism	0-4	UClass	vfunc82 returns &datamap_CNPC_VCamera, the class datamap RTTI pointer; same GetDataDescMap reflection boilerplate as CNPC_VBatSwarm::vfunc82
103680b0	rule	0-4	FElysiumNpc::DeathSound	FUN_103680b0 fills slot 488 (DeathSound per ElysiumNpcKernelSlots.inl:1590) with an empty body; base CAI_BaseNPC::FUN_101a68xx family is also return by default but vocal species like CNPC_Crow override with a named sound script (NPC_Crow.Die); camera/CameraSecurity stay mute, not yet ported per species
103680d0	rule	0-4	FElysiumNpc::AlertSound	FUN_103680d0 fills slot 489 (AlertSound, ElysiumNpcKernelSlots.inl:1593) with an empty body; camera/CameraSecurity make no alert vocalization, unlike CNPC_Crow's NPC_Crow.Alert override
103680f0	rule	0-4	FElysiumNpc::IdleSound	FUN_103680f0 fills slot 490 (IdleSound, ElysiumNpcKernelSlots.inl:1596) with an empty body; CAI_BaseNPCTroika::FUN_10294280 (0x10294280) does a real idle-sound-modifier lookup and EmitSound call for this slot, but camera overrides it to a no-op, silencing idle vocalization
10368110	rule	0-4	FElysiumNpc::PainSound	FUN_10368110 fills slot 491 (PainSound, ElysiumNpcKernelSlots.inl:1599) with an empty body; camera/CameraSecurity never emit a pain vocalization
10368130	rule	0-4	FElysiumNpc::FearSound	FUN_10368130 fills slot 492 (FearSound, ElysiumNpcKernelSlots.inl:1602) with an empty body; camera/CameraSecurity never emit a fear vocalization
10368150	rule	0-4	FElysiumNpc::LostEnemySound	FUN_10368150 fills slot 493 (LostEnemySound, ElysiumNpcKernelSlots.inl:1605) with an empty body
10368170	rule	0-4	FElysiumNpc::FoundEnemySound	FUN_10368170 fills slot 494 (FoundEnemySound, ElysiumNpcKernelSlots.inl:1608) with an empty body
10368190	rule	0-4	FElysiumNpc::SurprisedSound	FUN_10368190 fills slot 495 (SurprisedSound, ElysiumNpcKernelSlots.inl:1611) with an empty body
103681b0	rule	0-4	FElysiumNpc::TargetAcquiredSound	FUN_103681b0 fills slot 496 (TargetAcquiredSound, ElysiumNpcKernelSlots.inl:1614) with an empty body
103681d0	rule	0-4	FElysiumNpc::Slot497	FUN_103681d0 fills slot 497 (unnamed sound hook, ElysiumNpcKernelSlots.inl:1617-1619, part of the same sound-hook cluster as IdleSound/PainSound) with an empty body
103681f0	rule	0-4	FElysiumNpc::FleeSound	FUN_103681f0 fills slot 498 (FleeSound, ElysiumNpcKernelSlots.inl:1620) with an empty body
10368210	rule	0-4	FElysiumNpc::IdleAgitatedSound	FUN_10368210 fills slot 499 (IdleAgitatedSound, ElysiumNpcKernelSlots.inl:1623) with an empty body
10368230	rule	0-4	FElysiumNpc::ExertHvySound	FUN_10368230 fills slot 500 (ExertHvySound, ElysiumNpcKernelSlots.inl:1626) with an empty body
10368250	rule	0-4	FElysiumNpc::ExertLightSound	FUN_10368250 fills slot 501 (ExertLightSound, ElysiumNpcKernelSlots.inl:1629) with an empty body
10368270	rule	0-4	FElysiumNpc::RiledSound	FUN_10368270 fills slot 502 (RiledSound, ElysiumNpcKernelSlots.inl:1632) with an empty body
10368290	rule	0-4	FElysiumNpc::ComfortSound	FUN_10368290 fills slot 503 (ComfortSound, ElysiumNpcKernelSlots.inl:1635) with an empty body
103682b0	rule	0-4	FElysiumNpc::UpsetSound	FUN_103682b0 fills slot 504 (UpsetSound, ElysiumNpcKernelSlots.inl:1638) with an empty body
103682d0	rule	0-4	FElysiumNpc::TargetGiveUpSound	FUN_103682d0 fills slot 505 (TargetGiveUpSound, ElysiumNpcKernelSlots.inl:1641) with an empty body
103682f0	rule	0-4	FElysiumNpc::Slot506	FUN_103682f0 fills slot 506 (unnamed sound hook, ElysiumNpcKernelSlots.inl:1644-1646) with an empty body
10368310	rule	0-4	FElysiumNpc::FloatSound	FUN_10368310 fills slot 507 (FloatSound, ElysiumNpcKernelSlots.inl:1647) with an empty body
10368330	rule	0-4	FElysiumNpc::SpeakSentence	FUN_10368330 fills slot 508 (SpeakSentence(int), ElysiumNpcKernelSlots.inl:1650) with an empty body, ignoring its sentence-index parameter; camera never speaks a scripted sentence
10368350	rule	0-4	registry:509	FUN_10368350 fills slot 509 (ShouldPlayIdleSound, ElysiumNpcKernelSlots.inl:1653) and returns the literal 0 (false); class-to-value row (CNPC_VCamera/CNPC_VCameraSecurity to false)
10368370	rule	0-4	registry:510	FUN_10368370 fills slot 510 (ShouldPlayFloatSound, ElysiumNpcKernelSlots.inl:1656) and returns the literal 0 (false); class-to-value row (CNPC_VCamera/CNPC_VCameraSecurity to false)
10368390	rule	0-4	registry:72	FUN_10368390 fills slot 72 (unnamed bool vfunc72(int), ElysiumNpcKernelSlots.inl:278-280) and returns the literal 0, ignoring its int parameter; class-to-value row (CNPC_VCamera/CNPC_VCameraSecurity to false)
103683b0	rule	0-4	FElysiumNpc::GetClassScheduleIdSpace	FUN_103683b0 fills slot 580 (GetClassScheduleIdSpace) returning CNPC_VCamera's own DAT pointer, its local schedule-id namespace; not yet ported per species
103683d0	rule	0-4	registry:451	GetSchedulingErrorName (slot 451) returns the literal pointer PTR_s_CNPC_VCamera_1062f670; class-to-value row (CNPC_VCamera/CNPC_VCameraSecurity to its class name string)
103684f0	rule	0-4	FElysiumNpc::LoadedSchedules	LoadedSchedules (slot 452) returns the per-class static flag DAT_1062f668, the schedule-parse-succeeded gate Precache checks; state, not authored data, not yet wired
10368e60	rule	0-4	registry:138	Classify (slot 138) returns the literal 0 for CNPC_VCamera/CNPC_VCameraSecurity; class-to-value row (to CLASS_NONE, 0)
10368e80	rule	0-4	registry:337	GetUsedHullBits (slot 337) returns the literal 0x80 for CNPC_VCamera/CNPC_VCameraSecurity; class-to-value row (to 0x80)
10368ea0	rule	0-4	FElysiumNpc::OnStateChange	OnStateChange (slot 463) is an empty body ignoring both NPC_STATE params; the ported ElysiumNpc.cpp:1422-1429 documents Troika's default OnStateChange arming m_bReturnToInitialPos on ALERT/COMBAT entry, and FElysiumNpc::ClassHolstersOnState (ElysiumNpc.cpp:1540+) tracks the holster-body overrides, but camera's total suppression of the slot is not in that registry
10368ec0	rule	0-4	FElysiumNpc::HandleAnimEvent	HandleAnimEvent (slot 259) is an empty body ignoring its event id; FElysiumNpc::HandleAnimEvent (ElysiumNpc.cpp:114) ports the base Troika footstep arm for every NPC uniformly, with no camera-specific suppression wired in, though retail cameras swallow every anim event
10368ee0	rule	0-4	FElysiumNpc::TranslateEnemyChasePosition	TranslateEnemyChasePosition (slot 563) is an empty body ignoring all four params (entity, position, two floats); not yet ported per species
10368f00	rule	0-4	registry:564	FUN_10368f00 fills slot 564 (FCanCheckAttacks) and returns the literal 0 (false); class-to-value row (CNPC_VCamera/CNPC_VCameraSecurity to false, camera cannot check attacks)
10368f20	rule	0-4	FElysiumNpc::PreSelectSchedule	PreSelectSchedule (slot 437) writes field_0x1b2c=9 (a debug-trace tag) and unconditionally returns schedule id 0x156, bypassing whatever the general pre-selector would choose; not yet ported per species
10368f40	rule	0-4	FElysiumNpc::SelectSchedule	SelectSchedule (slot 438) writes field_0x1b2c=9 and unconditionally returns schedule id 0x156, the same hardcode as PreSelectSchedule; FElysiumNpc::SelectSchedule (ElysiumNpc.cpp:1432, the state-switch base selector per ElysiumNpcKernelSlots.inl:59-60) has no camera short-circuit for this
10368f60	rule	0-4	registry:482	FUN_10368f60 fills slot 482 (unnamed, shared with CNPC_VAnimal/CNPC_VDog/CNPC_VRat/CNPC_VScurrying/CNPC_VZombie) and returns the literal 0, ignoring both params; class-to-value row (CNPC_VCamera/CNPC_VCameraSecurity to 0)
10369060	rule	0-4	FElysiumNpc::SelectIdealState	FUN_10369060 fills slot 461 (SelectIdealState); it writes a source-file/line debug tag (s_E__Vampire_main_dlls_hl2_dll_NPC_1062f7a4 at line 0x1a7) and unconditionally sets this-greater-than m_IdealNPCState = 3 (retail's classic NPC_STATE_COMBAT ordinal), the SetIdealState debug macro idiom; camera's ideal state is hardcoded, not the general selector
103690a0	present	0-4	Visual/ElysiumNpcActivityTables.cpp:PreTranslate_Camera	NPC_EarlyTranslateActivity returns param_1 unchanged (identity); the generated table's PreTranslate_Camera row (ElysiumNpcActivityTables.cpp:281-283) records this exact body as 0x103690a0 with rule identity
103690c0	present	0-4	Visual/ElysiumNpcActivityTables.cpp:ClassTranslate_Camera	NPC_TranslateActivity returns param_1 unchanged (identity); the generated table's ClassTranslate_Camera row (ElysiumNpcActivityTables.cpp:315-317) records this exact body as 0x103690c0 with rule identity
10369100	rule	0-4	FElysiumNpc::PrescheduleThink	PrescheduleThink (slot 434) is an empty body; not yet ported per species
10369240	rule	0-4	registry:390	FUN_10369240 fills slot 390 (OnTakeDamage_Alive) and returns the literal 0, ignoring its damage-info param; class-to-value row (CNPC_VCamera/CNPC_VCameraSecurity to 0)
10369260	rule	0-4	registry:366	HandleInteraction (slot 366) returns the literal 0, ignoring all three params; class-to-value row (CNPC_VCamera/CNPC_VCameraSecurity to false, no interaction)
103692a0	present	0-4	ElysiumNpcSenses.cpp:TickHearing	FUN_103692a0 fills slot 473 and returns the literal 0; TickHearing's Interests switch (ElysiumNpcSenses.cpp:827-834) explicitly comments camera 0x103692a0 and sets Interests=0 for classnames starting npc_vcamera, matching this body exactly
10369cf0	mechanism	0-4	UClass	vfunc82 returns &datamap_CNPC_VCameraSecurity, the class datamap RTTI pointer; same GetDataDescMap boilerplate
1036a030	rule	0-4	FElysiumNpc::QuerySeeEntity	vfunc468 fills slot 468 (QuerySeeEntity) and additionally requires *(int*)(param_1+0xa8) != 0 on the candidate entity, on top of whatever the base Troika QuerySeeEntity does; the base Troika logic is already ported (ElysiumNpcSenses.cpp:636, the two sense-off bytes then any player/non-players only at D_HT/D_FR) but this extra CameraSecurity-specific +0xa8 gate is not wired in
1036a190	rule	0-4	registry:138	Classify (slot 138) returns the literal 0x10, shared by CNPC_VChangBros/CNPC_VChangBrosBlade/CNPC_VChangBrosClaw; class-to-value row (to 0x10)
1036a1b0	rule	0-4	FElysiumNpc::GetClassScheduleIdSpace	vfunc580 (slot 580) returns CNPC_VChangBros's own DAT pointer, its local schedule-id namespace; not yet ported per species
1036a1d0	rule	0-4	registry:451	GetSchedulingErrorName (slot 451) returns the literal pointer PTR_s_CNPC_VChangBros_1062fe1c; class-to-value row (to its class name string)
1036a230	mechanism	0-4	UClass	vfunc82 returns &datamap_CNPC_VChangBros, the class datamap RTTI pointer; GetDataDescMap boilerplate
1036a390	rule	0-4	FElysiumNpc::LoadedSchedules	LoadedSchedules (slot 452) returns the per-class static flag DAT_1062fe14, the schedule-parse-succeeded gate; state, not yet wired
1036b6b0	rule	0-4	FElysiumNpc::SectorIsInPit	SectorIsInPit (name recovered via NameFromStrings 0x10630fd0) is a real one-instance helper (not a vtable slot): returns true only when 0 less-than param_1 less-than 3, i.e. sectors 1 and 2 count as the pit for the ChangBros twin-boss arena; wrapped in the retail ScopeTrace bookkeeping which carries no gameplay data
1036c6a0	rule	0-4	registry:566	FValidateHintType (slot 566) returns the literal 1 (always accepts), shared by CNPC_VChangBros/Blade/Claw; class-to-value row (to true, accepts every hint type)
1036c7f0	rule	0-4	FElysiumNpc::FUN_1036c7f0	FUN_1036c7f0 (2 direct callers, no vtable slot) is a plain setter writing param_1 into this+0x66b8, the ChangBros field CNPC_VChangBros::SelectUnitedNode (0x1036d100) later reads to pick a twin node; retail name not recovered
1036d100	rule	0-4	FElysiumNpc::SelectUnitedNode	SelectUnitedNode (name recovered via NameFromStrings 0x106311b8) walks the global list DAT_10925450 for nodes whose +0x5dc field equals 18000 and, based on this-greater-than m_ChangType (0 takes the first, 1 takes the second), returns that node; the ChangBros twin-coordination pick, real retail logic
1036d270	rule	0-4	FElysiumNpc::GetTeleportPosition	GetTeleportPosition (name recovered via NameFromStrings 0x10631200) fails if more than _DAT_104ada04 seconds elapsed since this-greater-than m_fLastTeleportTime, else writes out this-greater-than m_vLastTeleportPosition and returns true; a real retail cooldown-gated getter
1036e400	rule	0-4	FElysiumNpc::StoreArenaCenter	StoreArenaCenter (name recovered via NameFromStrings 0x106313a0) walks a linked list from DAT_10925450 to a node tagged 0x4651, calls its vtable+0x364 method for a 3-float position, stores it as this-greater-than m_vArenaCenter and sets this-greater-than m_bCenterStored=1; real retail arena-center capture for the ChangBros fight
1036e580	rule	0-4	FElysiumNpc::GetSector	GetSector (name recovered via NameFromStrings 0x106313c8) returns 0 if m_bCenterStored is false, else buckets the given position into sector 1/2/3/4 by squared XY distance from m_vArenaCenter against thresholds _DAT_104ada60/_DAT_1093aa88/_DAT_1093aa0c gated by a Z threshold _DAT_104ada6c; real retail arena-sector formula
1036eab0	rule	0-4	FElysiumNpc::GetClassScheduleIdSpace	vfunc580 (slot 580) returns CNPC_VChangBrosBlade's own DAT pointer, its local schedule-id namespace; not yet ported per species
1036ead0	rule	0-4	registry:451	GetSchedulingErrorName (slot 451) returns the literal pointer PTR_s_CNPC_VChangBrosBlade_1062fe40; class-to-value row
1036eb30	mechanism	0-4	UClass	vfunc82 returns &datamap_CNPC_VChangBrosBlade, the class datamap RTTI pointer; GetDataDescMap boilerplate
1036ec90	rule	0-4	FElysiumNpc::LoadedSchedules	LoadedSchedules (slot 452) returns the per-class static flag DAT_1062fe38; state, not yet wired
1036f2b0	rule	0-4	FElysiumNpc::GetClassScheduleIdSpace	vfunc580 (slot 580) returns CNPC_VChangBrosClaw's own DAT pointer, its local schedule-id namespace; not yet ported per species
1036f2d0	rule	0-4	registry:451	GetSchedulingErrorName (slot 451) returns the literal pointer PTR_s_CNPC_VChangBrosClaw_1062fe64; class-to-value row
1036f330	mechanism	0-4	UClass	vfunc82 returns &datamap_CNPC_VChangBrosClaw, the class datamap RTTI pointer; GetDataDescMap boilerplate
1036f490	rule	0-4	FElysiumNpc::LoadedSchedules	LoadedSchedules (slot 452) returns the per-class static flag DAT_1062fe5c; state, not yet wired
1036fb10	rule	0-4	FElysiumNpc::GetClassScheduleIdSpace	vfunc580 (slot 580) returns CNPC_VCombatman's own DAT pointer, its local schedule-id namespace; not yet ported per species
1036fb30	rule	0-4	registry:451	GetSchedulingErrorName (slot 451) returns the literal pointer PTR_s_CNPC_VCombatman_10631680; class-to-value row
1036fc50	rule	0-4	FElysiumNpc::LoadedSchedules	LoadedSchedules (slot 452) returns the per-class static flag DAT_10631678; state, not yet wired
103701d0	rule	0-4	registry:138	Classify (slot 138) returns the literal 4 for CNPC_VCombatman; class-to-value row
10370460	mechanism	0-4	UClass	vfunc82 returns &datamap_CNPC_VCop, the class datamap RTTI pointer; GetDataDescMap boilerplate
10370930	rule	0-4	FElysiumNpc::GetClassScheduleIdSpace	vfunc580 (slot 580) returns CNPC_VCop's own DAT pointer, its local schedule-id namespace; not yet ported per species
10370950	rule	0-4	registry:451	GetSchedulingErrorName (slot 451) returns the literal pointer PTR_s_CNPC_VCop_10631bb0; class-to-value row
10370a70	rule	0-4	FElysiumNpc::LoadedSchedules	LoadedSchedules (slot 452) returns the per-class static flag DAT_10631ba8; state, not yet wired
10371b50	rule	0-4	registry:138	Classify (slot 138) returns the literal 7 for CNPC_VCop; class-to-value row
10373530	rule	0-4	FElysiumNpc::GetClassScheduleIdSpace	vfunc580 (slot 580) returns CNPC_VDog's own DAT pointer, its local schedule-id namespace; not yet ported per species
10373550	rule	0-4	registry:451	GetSchedulingErrorName (slot 451) returns the literal pointer PTR_s_CNPC_VDog_106368b0; class-to-value row
10373670	rule	0-4	FElysiumNpc::LoadedSchedules	LoadedSchedules (slot 452) returns the per-class static flag DAT_106368a8; state, not yet wired
10374080	rule	0-4	registry:138	Classify (slot 138) returns the literal 0xb for CNPC_VDog; class-to-value row
10374aa0	rule	0-4	FElysiumNpc::FValidateHintType	FValidateHintType (slot 566, unusual calling convention noted by the decompiler) returns true only when *(int*)(param_1+0x5dc) == 12000, a real per-species hint-type comparison, unlike ChangBros's blanket accept-all; not registry data because it reads the hint parameter rather than returning a fixed literal
103750e0	rule	0-4	FElysiumNpc::GetClassScheduleIdSpace	FUN_103750e0 (slot 580, shared by CNPC_VPlayerController and CNPC_VVampire) returns CNPC_VVampire's own DAT pointer, its local schedule-id namespace; not yet ported per species
10375100	rule	0-4	registry:451	GetSchedulingErrorName (slot 451, shared by CNPC_VPlayerController/CNPC_VVampire) returns the literal pointer PTR_s_CNPC_VVampire_1065e090; class-to-value row
10375120	rule	0-4	registry:363	FUN_10375120 fills slot 363 (FInViewCone(CBaseEntity*), shared by CNPC_VPlayerController/CNPC_VWolfMorph) and returns the literal 0 (false), ignoring its entity param; class-to-value row (to false, never in view cone)
10375140	rule	0-4	registry:362	FUN_10375140 fills slot 362 (FInViewCone(const Vector&), shared by CNPC_VPlayerController/CNPC_VWolfMorph) and returns the literal 0 (false), ignoring its vector param; class-to-value row
10375160	rule	0-4	registry:365	FUN_10375160 fills slot 365 (FInAimCone(CBaseEntity*), shared by CNPC_VPlayerController/CNPC_VWolfMorph) and returns the literal 0 (false), ignoring its entity param; class-to-value row
10375180	rule	0-4	registry:364	FUN_10375180 fills slot 364 (FInAimCone(const Vector&), shared by CNPC_VPlayerController/CNPC_VWolfMorph) and returns the literal 0 (false), ignoring its vector param; class-to-value row
103751a0	rule	0-4	registry:72	FUN_103751a0 fills slot 72 (unnamed bool vfunc72(int), shared by CNPC_VFrenzyShadow/CNPC_VPlayerController/CNPC_VWolfMorph) and returns the literal 0, ignoring its int parameter; class-to-value row
10375240	rule	0-4	FElysiumNpc::GetClassScheduleIdSpace	vfunc580 (slot 580) returns CNPC_VFrenzyShadow's own DAT pointer, its local schedule-id namespace; not yet ported per species
10375260	rule	0-4	registry:451	GetSchedulingErrorName (slot 451) returns the literal pointer PTR_s_CNPC_VFrenzyShadow_10637b4c; class-to-value row
10375280	mechanism	0-4	UClass	vfunc82 returns &datamap_CNPC_VFrenzyShadow, the class datamap RTTI pointer; GetDataDescMap boilerplate
103753e0	rule	0-4	FElysiumNpc::LoadedSchedules	LoadedSchedules (slot 452) returns the per-class static flag DAT_10637b44; state, not yet wired
10375d70	rule	0-4	registry:138	Classify (slot 138) returns the literal 3 for CNPC_VFrenzyShadow; class-to-value row
10376b50	rule	0-4	FElysiumNpc::Event_Killed	Event_Killed (slot 144) is an empty body ignoring its param; CNPC_VFrenzyShadow's death handling is fully suppressed versus the base CAI_BaseNPC::Event_Killed, not yet ported per species
10376b70	rule	0-4	FElysiumNpc::Slot599	vfunc599 (slot 599, unnamed bool Slot599(int)) sets this-greater-than m_bInMelee (+0x6078) = 1 and calls through a fixed global vtable pointer DAT_10924edc+4 (likely the base class's own Slot599 body); real per-species melee-entry logic
10376ba0	rule	0-4	FElysiumNpc::Slot600	FUN_10376ba0 (slot 600, unnamed bool Slot600(CBaseEntity*)) sets this-greater-than m_bInMelee (+0x6078) = 1, then calls through the same DAT_10924edc+4 vtable pointer and returns true; paired with vfunc599's melee-entry logic
10377070	rule	0-4	FElysiumNpc::GetClassScheduleIdSpace	vfunc580 (slot 580) returns CNPC_VGangrel's own DAT pointer, its local schedule-id namespace; not yet ported per species
10377090	rule	0-4	registry:451	GetSchedulingErrorName (slot 451) returns the literal pointer PTR_s_CNPC_VGangrel_10639098; class-to-value row
103771b0	rule	0-4	FElysiumNpc::LoadedSchedules	LoadedSchedules (slot 452) returns the per-class static flag DAT_10639090; state, not yet wired
10377700	rule	0-4	registry:138	Classify (slot 138) returns the literal 0x11 for CNPC_VGangrel; class-to-value row
10377910	mechanism	0-4	UClass	vfunc82 returns &datamap_CNPC_VGargoyle, the class datamap RTTI pointer; GetDataDescMap boilerplate
10377ae0	rule	0-4	registry:615	CanBeSetOnFire (slot 615) returns the literal 0 (false) for CNPC_VGargoyle; class-to-value row (a stone gargoyle cannot be set on fire)
10377b00	rule	0-4	registry:378	vfunc378 (slot 378, unnamed bool Slot378(CBaseCombatCharacter*, int)) returns the literal 0, ignoring both params; class-to-value row (CNPC_VGargoyle to false)
10377b20	rule	0-4	FElysiumNpc::GetClassScheduleIdSpace	vfunc580 (slot 580) returns CNPC_VGargoyle's own DAT pointer, its local schedule-id namespace; not yet ported per species
10377b40	rule	0-4	registry:451	GetSchedulingErrorName (slot 451) returns the literal pointer PTR_s_CNPC_VGargoyle_106395c8; class-to-value row
10377c70	rule	0-4	FElysiumNpc::LoadedSchedules	LoadedSchedules (slot 452) returns the per-class static flag DAT_106395c0; state, not yet wired
10378640	rule	0-4	registry:473	vfunc473 returns the literal 0x17, CNPC_VGargoyle's slot-473 sound-interest bitmask; TickHearing's Interests switch (ElysiumNpcSenses.cpp:829-834) has no CNPC_VGargoyle case (only zombie maps to 0x17) so it wrongly falls to the 0x81f default
10378660	rule	0-4	registry:138	Classify (slot 138) returns the literal 0x1b for CNPC_VGargoyle; class-to-value row
10378680	rule	0-4	registry:337	GetUsedHullBits (slot 337) returns the literal 0x4000 for CNPC_VGargoyle; class-to-value row
10379470	rule	0-4	registry:70	IsMonster (slot 70) returns the literal 1 (true) for CNPC_VGargoyle; class-to-value row
10379ef0	rule	0-4	FElysiumNpc::Slot599	vfunc599 (slot 599) sets this-greater-than m_bInMelee (+0x6078) = 1 and calls through DAT_10924edc+4, identical pattern to CNPC_VFrenzyShadow::vfunc599; real per-species melee-entry logic
10379f20	rule	0-4	FElysiumNpc::Slot600	FUN_10379f20 (slot 600) sets this-greater-than m_bInMelee (+0x6078) = 1, calls through DAT_10924edc+4 and returns true; identical pattern to CNPC_VFrenzyShadow's FUN_10376ba0
1037a5f0	rule	0-4	registry:359	vfunc359 (slot 359, unnamed int Slot359(CBaseEntity*)) returns the literal 1, ignoring its entity param; class-to-value row (CNPC_VGargoyle to 1)
1037a610	rule	0-4	registry:74	ReceivesImpactDamage (slot 74) returns the literal 0 (false) for CNPC_VGargoyle; class-to-value row (a stone gargoyle does not receive impact damage)
1037a6e0	mechanism	0-4	FElysiumSaveArchive	returns &datamap_CNPC_VGhoulCroucher, the Source save/restore entity reflection descriptor for slot 82 (GetDataDescMap, 1015 classes fill it engine-wide); nothing gameplay to port, the port's own save system supplies this.
1037a8f0	rule	0-4	registry:452	returns static flag DAT_1063abc0; slot 452 LoadedSchedules, sole virtual caller CAI_BaseNPC::Precache per vtmb_callers on 1027c2e0, gates whether the class's text schedule/task/condition data parsed; port's schedules are compiled data, not text-parsed at runtime. -- reclassified from `mechanism`: slot 452 is retail's per-class load-once gate on the schedule blob, read by Precache. The value is the species', and the load-once rule is the kernel's, so neither half is an engine service
1037afb0	rule	0-4	registry:580	returns &DAT_1093b0f8, the per-class condition/task/schedule name symbol table at slot 580 (base CAI_BaseNPC::FUN_101a6d00, read by SetCondition/HasCondition/TaskName/GetScheduleOfType/IsScheduleValid per vtmb_callers); string-name resolution is unneeded once schedules are compiled data. -- reclassified from `mechanism`: slot 580 is the class's own schedule / condition / task id space, which SetCondition, HasCondition, GetScheduleOfType and TaskName all resolve through. That is kernel data keyed on the species, not an engine service, so its port is a class registry row
1037afd0	rule	0-4	registry:451	returns PTR_s_CNPC_VGhoulCroucher_1063abc8, a per-class debug string; slot 451 GetSchedulingErrorName's sole virtual caller is CAI_BaseNPC::GetScheduleOfType (vtmb_callers on 101a6660); Unreal already gives a class's display name for logging. -- reclassified from `mechanism`: slot 451 is the class's own name as the scheduling error path prints it. The string is species data, so its port is a class registry row beside slots 452 and 580, not UE's own class name
1037b870	rule	0-4	FElysiumNpc::UnawareTableA	indexes static table DAT_1063abcc by CNPC_VGhoulCroucher::m_nUnawareType (+0x6668); retail purpose of the table (message, sound, or activity selection) is not recovered, no name, no oracle or port citation. -- reclassified from `unsettled`: the body reads, what is missing is the port seam it writes through, and CLAUDE.md's rule for that is to build the seam and say so, not to record a failure to read
1037b890	rule	0-4	FElysiumNpc::UnawareTableB	same shape as FUN_1037b870 but indexes a different static table, DAT_1063abdc, by the same +0x6668 m_nUnawareType; retail purpose not recovered. -- reclassified from `unsettled`: the body reads, what is missing is the port seam it writes through, and CLAUDE.md's rule for that is to build the seam and say so, not to record a failure to read
1037bb20	rule	0-4	FElysiumNpc::IsDisturbed	returns this->m_bWasDisturbed (+0x6666) wrapped in AI scope-trace push/pop boilerplate; ElysiumNpc.cpp:3587-3588 already names this exact producer ("!IsDisturbed()... that producer is not in this runtime") as the unported short-circuit for IsValidStealthKillTarget; verbatim state read, not yet wired.
1037c520	mechanism	0-4	FElysiumSaveArchive	returns &datamap_CNPC_VGuard1, the same slot 82 save/restore reflection descriptor as CNPC_VGhoulCroucher; nothing gameplay to port.
1037c660	rule	0-4	registry:580	returns &DAT_1093b168, the per-class schedule/condition/task name symbol table at slot 580 for CNPC_VGuard1; same mechanism as CNPC_VGhoulCroucher's vfunc580. -- reclassified from `mechanism`: slot 580 is the class's own schedule / condition / task id space, which SetCondition, HasCondition, GetScheduleOfType and TaskName all resolve through. That is kernel data keyed on the species, not an engine service, so its port is a class registry row
1037c680	rule	0-4	registry:451	returns PTR_s_CNPC_VGuard1_1063b608, the slot 451 debug class-name string used only from the schedule error path. -- reclassified from `mechanism`: slot 451 is the class's own name as the scheduling error path prints it. The string is species data, so its port is a class registry row beside slots 452 and 580, not UE's own class name
1037c7a0	rule	0-4	registry:452	returns DAT_1063b600, the slot 452 schedule-data-loaded flag set once at Precache, same as CNPC_VGhoulCroucher's LoadedSchedules. -- reclassified from `mechanism`: slot 452 is retail's per-class load-once gate on the schedule blob, read by Precache. The value is the species', and the load-once rule is the kernel's, so neither half is an engine service
1037cdd0	rule	0-4	registry:138	class CNPC_VGuard1, Classify returns 7; species-only slot 138, body is a bare literal return.
1037e4f0	mechanism	0-4	FElysiumSaveArchive	returns &datamap_CNPC_VHengeyokai, slot 82 save/restore reflection descriptor.
1037e7f0	rule	0-4	registry:615	class CNPC_VHengeyokai, CanBeSetOnFire returns 0; species-only slot 615.
1037e810	rule	0-4	registry:378	class CNPC_VHengeyokai, vfunc378 ignores both params and returns 0; species-only slot 378.
1037e830	rule	0-4	registry:580	returns &DAT_1093b328, slot 580 name symbol table for CNPC_VHengeyokai. -- reclassified from `mechanism`: slot 580 is the class's own schedule / condition / task id space, which SetCondition, HasCondition, GetScheduleOfType and TaskName all resolve through. That is kernel data keyed on the species, not an engine service, so its port is a class registry row
1037e850	rule	0-4	registry:451	returns PTR_s_CNPC_VHengeyokai_1063c038, slot 451 debug class-name string. -- reclassified from `mechanism`: slot 451 is the class's own name as the scheduling error path prints it. The string is species data, so its port is a class registry row beside slots 452 and 580, not UE's own class name
1037ea00	rule	0-4	registry:452	returns DAT_1063c030, slot 452 schedule-data-loaded flag for CNPC_VHengeyokai. -- reclassified from `mechanism`: slot 452 is retail's per-class load-once gate on the schedule blob, read by Precache. The value is the species', and the load-once rule is the kernel's, so neither half is an engine service
1037fae0	rule	0-4	registry:473	class CNPC_VHengeyokai, vfunc473 returns 0x17; species-only slot 473.
1037fb00	rule	0-4	registry:138	class CNPC_VHengeyokai, Classify returns 0x1d.
1037fb20	rule	0-4	registry:337	class CNPC_VHengeyokai, GetUsedHullBits returns 0x40001.
10380f70	rule	0-4	registry:70	class CNPC_VHengeyokai, IsMonster returns 1.
10381750	present	0-4	FElysiumNpc::bInMelee	calls the base class implementation via vtable+4 then sets this->m_bInMelee=1 (+0x6078, bound FElysiumNpc::bInMelee in ElysiumNpcKernelShapeMap.cpp:291); slot 599 one-field setter over an already-bound word.
10381780	present	0-4	FElysiumNpc::bInMelee	slot 600 variant: sets +0x6078=1 first, then calls the base vtable+4 implementation and returns true; same bound word as CNPC_VHengeyokai::vfunc599.
10381c00	rule	0-4	FElysiumNpc::FormBit	toggles CAI_BaseNPCTroika m_bfAINPCFlags bit 0x20 (+0x14b8) from param_1; when set also writes a timer at +0x666c (engine time plus a constant) and clears flag +0x667d; matches the already-recovered "class's own form bit +0x14b8 on CNPC_VHengeyokai" (ElysiumActionTables.h:499, ElysiumNpcActivityTables.cpp:91 citing sibling 0x10381b50); this setter not yet cited by the port, could also be a distinct FElysiumNpc method.
10381ca0	rule	0-4	FElysiumNpc::FormBit	reads the +0x666c timer set by FUN_10381c00 and compares it to the global _DAT_1070b228+0xc threshold, returning whether the carry/form duration has expired; pairs with FUN_10381c00's setter, not yet ported.
10382b30	mechanism	0-4	TArray::IndexOfByPredicate	iterates the +0x66a4 entity-handle array (count +0x66b0), resolving each handle through the global handle table PTR_DAT_10566458 (Source's CBaseHandle::Get idiom) and returns the index matching param_1, or -1; whole body is handle resolution plus a linear scan.
10383540	rule	0-4	registry:74	class CNPC_VHengeyokai, ReceivesImpactDamage ignores its param and returns 0.
10383f10	mechanism	0-4	FElysiumSaveArchive	datamap accessor shared by CNPC_VCombatman, CNPC_VHuman, CNPC_VMoleman (slot 82).
10384060	rule	0-4	registry:580	returns &DAT_1093b3e0, slot 580 name symbol table for CNPC_VHuman. -- reclassified from `mechanism`: slot 580 is the class's own schedule / condition / task id space, which SetCondition, HasCondition, GetScheduleOfType and TaskName all resolve through. That is kernel data keyed on the species, not an engine service, so its port is a class registry row
10384080	rule	0-4	registry:451	returns PTR_s_CNPC_VHuman_1063f630, slot 451 debug class-name string. -- reclassified from `mechanism`: slot 451 is the class's own name as the scheduling error path prints it. The string is species data, so its port is a class registry row beside slots 452 and 580, not UE's own class name
103841a0	rule	0-4	registry:452	returns DAT_1063f628, slot 452 schedule-data-loaded flag for CNPC_VHuman. -- reclassified from `mechanism`: slot 452 is retail's per-class load-once gate on the schedule blob, read by Precache. The value is the species', and the load-once rule is the kernel's, so neither half is an engine service
103846e0	rule	0-4	registry:473	slot 473 returns 0x81f, shared by CNPC_VAndreiBlood and 25 more classes; oracle already cites docs/vtmb/npc-ai/senses.md:206 and :298 for this value.
10384700	rule	0-4	registry:138	class CNPC_VHuman, Classify returns 4.
10385a30	rule	0-4	registry:434	value void; PrescheduleThink body is a bare return, shared species-only slot 434 across CNPC_ProneDialog, CNPC_VAndreiBlood and ~39 more humanoid classes.
10385a70	rule	0-4	registry:366	value 0; HandleInteraction ignores its three params and returns 0, shared species-only slot 366 across the same ~41-class humanoid family.
103869a0	mechanism	0-4	FElysiumSaveArchive	datamap shared by CNPC_ProneDialog, CNPC_VHumanCombatant, CNPC_VYukie (slot 82).
10386ae0	rule	0-4	registry:580	returns &DAT_1093b498, slot 580 name symbol table shared by CNPC_ProneDialog and CNPC_VHumanCombatant. -- reclassified from `mechanism`: slot 580 is the class's own schedule / condition / task id space, which SetCondition, HasCondition, GetScheduleOfType and TaskName all resolve through. That is kernel data keyed on the species, not an engine service, so its port is a class registry row
10386b00	rule	0-4	registry:451	returns PTR_s_CNPC_VHumanCombatant_1063f8c0, slot 451 debug class-name string shared by CNPC_ProneDialog and CNPC_VHumanCombatant. -- reclassified from `mechanism`: slot 451 is the class's own name as the scheduling error path prints it. The string is species data, so its port is a class registry row beside slots 452 and 580, not UE's own class name
10386c20	rule	0-4	registry:452	returns DAT_1063f8b8, slot 452 schedule-data-loaded flag shared by CNPC_ProneDialog and CNPC_VHumanCombatant. -- reclassified from `mechanism`: slot 452 is retail's per-class load-once gate on the schedule blob, read by Precache. The value is the species', and the load-once rule is the kernel's, so neither half is an engine service
10387180	rule	0-4	registry:473	slot 473 returns 0x81f, shared by CNPC_ProneDialog, CNPC_VCop and 7 more classes; oracle already cites docs/vtmb/npc-ai/senses.md:299 for this value.
103871a0	rule	0-4	registry:138	slot 138 returns 4, shared by CNPC_ProneDialog, CNPC_VGhoulCroucher, CNPC_VHumanCombatPatrol, CNPC_VHumanCombatant, CNPC_VSabbatGunman, CNPC_VStalker.
103875d0	mechanism	0-4	FElysiumSaveArchive	returns &datamap_CNPC_VHumanCombatPatrol, slot 82 save/restore reflection descriptor.
10387710	rule	0-4	registry:580	returns &DAT_1093b538, slot 580 name symbol table for CNPC_VHumanCombatPatrol. -- reclassified from `mechanism`: slot 580 is the class's own schedule / condition / task id space, which SetCondition, HasCondition, GetScheduleOfType and TaskName all resolve through. That is kernel data keyed on the species, not an engine service, so its port is a class registry row
10387730	rule	0-4	registry:451	returns PTR_s_CNPC_VHumanCombatPatrol_1063fb98, slot 451 debug class-name string. -- reclassified from `mechanism`: slot 451 is the class's own name as the scheduling error path prints it. The string is species data, so its port is a class registry row beside slots 452 and 580, not UE's own class name
10387850	rule	0-4	registry:452	returns DAT_1063fb90, slot 452 schedule-data-loaded flag for CNPC_VHumanCombatPatrol. -- reclassified from `mechanism`: slot 452 is retail's per-class load-once gate on the schedule blob, read by Precache. The value is the species', and the load-once rule is the kernel's, so neither half is an engine service
10387ed0	mechanism	0-4	FElysiumSaveArchive	returns &datamap_CNPC_VHunter, slot 82 save/restore reflection descriptor.
10388060	rule	0-4	registry:580	returns &DAT_1093b608, slot 580 name symbol table for CNPC_VHunter. -- reclassified from `mechanism`: slot 580 is the class's own schedule / condition / task id space, which SetCondition, HasCondition, GetScheduleOfType and TaskName all resolve through. That is kernel data keyed on the species, not an engine service, so its port is a class registry row
10388080	rule	0-4	registry:451	returns PTR_s_CNPC_VHunter_1063fef8, slot 451 debug class-name string. -- reclassified from `mechanism`: slot 451 is the class's own name as the scheduling error path prints it. The string is species data, so its port is a class registry row beside slots 452 and 580, not UE's own class name
103881a0	rule	0-4	registry:452	returns DAT_1063fef0, slot 452 schedule-data-loaded flag for CNPC_VHunter. -- reclassified from `mechanism`: slot 452 is retail's per-class load-once gate on the schedule blob, read by Precache. The value is the species', and the load-once rule is the kernel's, so neither half is an engine service
10388820	rule	0-4	registry:138	class CNPC_VHunter, Classify returns 7.
10388ca0	mechanism	0-4	FElysiumSaveArchive	returns &datamap_CNPC_VLasombra, slot 82 save/restore reflection descriptor.
10388de0	rule	0-4	registry:580	returns &DAT_1093b698, slot 580 name symbol table for CNPC_VLasombra. -- reclassified from `mechanism`: slot 580 is the class's own schedule / condition / task id space, which SetCondition, HasCondition, GetScheduleOfType and TaskName all resolve through. That is kernel data keyed on the species, not an engine service, so its port is a class registry row
10388e00	rule	0-4	registry:451	returns PTR_s_CNPC_VLasombra_106406a4, slot 451 debug class-name string. -- reclassified from `mechanism`: slot 451 is the class's own name as the scheduling error path prints it. The string is species data, so its port is a class registry row beside slots 452 and 580, not UE's own class name
10388f20	rule	0-4	registry:452	returns DAT_1064069c, slot 452 schedule-data-loaded flag for CNPC_VLasombra. -- reclassified from `mechanism`: slot 452 is retail's per-class load-once gate on the schedule blob, read by Precache. The value is the species', and the load-once rule is the kernel's, so neither half is an engine service
10389560	rule	0-4	registry:580	returns &DAT_1093b718, slot 580 name symbol table for CNPC_VMalkavian. -- reclassified from `mechanism`: slot 580 is the class's own schedule / condition / task id space, which SetCondition, HasCondition, GetScheduleOfType and TaskName all resolve through. That is kernel data keyed on the species, not an engine service, so its port is a class registry row
10389580	rule	0-4	registry:451	returns PTR_s_CNPC_VMalkavian_106408f0, slot 451 debug class-name string. -- reclassified from `mechanism`: slot 451 is the class's own name as the scheduling error path prints it. The string is species data, so its port is a class registry row beside slots 452 and 580, not UE's own class name
103896a0	rule	0-4	registry:452	returns DAT_106408e8, slot 452 schedule-data-loaded flag for CNPC_VMalkavian. -- reclassified from `mechanism`: slot 452 is retail's per-class load-once gate on the schedule blob, read by Precache. The value is the species', and the load-once rule is the kernel's, so neither half is an engine service
10389bf0	rule	0-4	registry:138	class CNPC_VMalkavian, Classify returns 0x16.
10389db0	rule	0-4	registry:580	returns &DAT_1093b778, slot 580 name symbol table for CNPC_VManBat. -- reclassified from `mechanism`: slot 580 is the class's own schedule / condition / task id space, which SetCondition, HasCondition, GetScheduleOfType and TaskName all resolve through. That is kernel data keyed on the species, not an engine service, so its port is a class registry row
10389dd0	rule	0-4	registry:451	returns PTR_s_CNPC_VManBat_10640d3c, slot 451 debug class-name string. -- reclassified from `mechanism`: slot 451 is the class's own name as the scheduling error path prints it. The string is species data, so its port is a class registry row beside slots 452 and 580, not UE's own class name
10389ef0	rule	0-4	registry:452	returns DAT_10640d34, slot 452 schedule-data-loaded flag for CNPC_VManBat. -- reclassified from `mechanism`: slot 452 is retail's per-class load-once gate on the schedule blob, read by Precache. The value is the species', and the load-once rule is the kernel's, so neither half is an engine service
1038ac80	mechanism	0-4	FElysiumSaveArchive	returns &datamap_CNPC_VManBat, slot 82 save/restore reflection descriptor.
1038b0e0	rule	0-4	registry:138	class CNPC_VManBat, Classify returns 0x21.
1038b100	rule	0-4	registry:337	class CNPC_VManBat, GetUsedHullBits returns 0x100000.
1038f290	rule	0-4	FElysiumNpc::SlowedExpire	compares CNPC_VManBat::m_flSlowedExpire (+0x6684, named only in the ElysiumNpcKernelShape.cpp census, not yet bound to a member) against the global time constant _DAT_1044fab0 and returns whether the slow effect is still active; retail threshold, not yet ported.
1038fb00	rule	0-4	registry:464	class CNPC_VManBat, GetState returns 2.
10390040	rule	0-4	FElysiumNpc::ClearHasPlayedFlyBySound	writes false to CNPC_VManBat::m_bHasPlayedFlyBySound (+0x66b8, census name only, not bound); a verbatim state reset, not yet ported.
10390de0	mechanism	0-4	FElysiumSaveArchive	returns &datamap_CNPC_VMingXiao, slot 82 save/restore reflection descriptor.
10390fd0	rule	0-4	registry:304	value void; GiveBaseFightingItems body is a bare return, species-only slot 304 shared by CNPC_VBaseBoss, CNPC_VMingXiao, CNPC_VTzimisce, CNPC_VTzimisceHeadClaw, CNPC_VTzimisceRunner.
10390ff0	rule	0-4	registry:305	value void; RemoveBaseFightingItems body is a bare return, same boss-family slot 305.
10391010	rule	0-4	registry:587	value 0; slot 587 shared by CNPC_VBaseBoss, CNPC_VMingXiao, CNPC_VTzimisce, CNPC_VTzimisceHeadClaw, CNPC_VTzimisceRunner, CNPC_VWerewolf.
10391030	rule	0-4	registry:522	class CNPC_VMingXiao, StepHeight returns the constant _DAT_104492a8.
10391050	rule	0-4	registry:523	class CNPC_VMingXiao, GetMaxJumpSpeed returns the constant _DAT_1044ffe8.
10391070	rule	0-4	registry:580	returns &DAT_1093b918, slot 580 name symbol table for CNPC_VMingXiao. -- reclassified from `mechanism`: slot 580 is the class's own schedule / condition / task id space, which SetCondition, HasCondition, GetScheduleOfType and TaskName all resolve through. That is kernel data keyed on the species, not an engine service, so its port is a class registry row
10391090	rule	0-4	registry:451	returns PTR_s_CNPC_VMingXiao_106433a8, slot 451 debug class-name string. -- reclassified from `mechanism`: slot 451 is the class's own name as the scheduling error path prints it. The string is species data, so its port is a class registry row beside slots 452 and 580, not UE's own class name
10391330	rule	0-4	registry:452	returns DAT_106433a0, slot 452 schedule-data-loaded flag for CNPC_VMingXiao. -- reclassified from `mechanism`: slot 452 is retail's per-class load-once gate on the schedule blob, read by Precache. The value is the species', and the load-once rule is the kernel's, so neither half is an engine service
103929d0	rule	0-4	registry:473	class CNPC_VMingXiao, vfunc473 returns 0x81f.
103929f0	rule	0-4	registry:138	class CNPC_VMingXiao, Classify returns 4.
10395270	rule	0-4	registry:409	class CNPC_VMingXiao, GetLastSharedCondition returns 0x7f; slot 409 is the virtual declared at ElysiumNpcKernelSlots.inl:1345 that a species value feeds.
10395290	rule	0-4	registry:434	value void; PrescheduleThink is a bare return for CNPC_VMingXiao.
10395b80	rule	0-4	registry:366	value 0; HandleInteraction ignores its params and returns 0 for CNPC_VMingXiao.
10395dc0	present	0-4	FElysiumNpc::bInMelee	sets this->m_bInMelee=1 (+0x6078) after calling the base vtable+4 implementation; slot 599 one-field setter over the bound word.
10395df0	present	0-4	FElysiumNpc::bInMelee	slot 600: sets +0x6078=1 then calls the base vtable+4 implementation, returns true; same bound word.
10395e20	present	0-4	FElysiumNpc::bInMelee	slot 601: calls the base vtable+4 implementation then clears +0x6078=0.
10396fb0	rule	0-4	registry:70	class CNPC_VMingXiao, IsMonster returns 1.
10397000	rule	0-4	FElysiumNpc::SeveredTentaclesCanStandOn	slot 166 walks CNPC_VMingXiao::m_rhSeveredTentacles (two handle slots x6, resolved through PTR_DAT_10566458) looking for param_1, and on a full miss falls back to calling param_1's own vtable+0x290 method; the retail purpose and the vtable+0x290 method are not recovered, no name, no oracle or port citation. -- reclassified from `unsettled`: the body reads, what is missing is the port seam it writes through, and CLAUDE.md's rule for that is to build the seam and say so, not to record a failure to read
10397b40	rule	0-4	FElysiumNpc::ProxyReadyTimer	compares the global timer _DAT_1070b228+0xc against CNPC_VMingXiao::m_flProxyReadyTimer (+0x66a4), resolves a handle from an array indexed by another field's +0x6660 lookup, and tests/latches a per-slot flag array at +0x6684 (m_rbProxyRegistered census name); the overall retail purpose is not recovered in detail, no oracle or port citation. -- reclassified from `unsettled`: the body reads, what is missing is the port seam it writes through, and CLAUDE.md's rule for that is to build the seam and say so, not to record a failure to read
10397dd0	rule	0-4	FElysiumNpc::SpitAttackTimer	resets CNPC_VMingXiao::m_flSpitAttackTimer (+0x66c0, census name only) to 0 when both params are non-null; verbatim conditional state reset, not yet ported.
10398000	rule	0-4	FElysiumNpc::IsTentacleConnected	tests bit param_1 of CNPC_VMingXiao::m_iSeveredTentacleMask (+0x6710, census name) and returns whether that tentacle is NOT severed; retail bitmask predicate, not yet ported.
10398800	rule	0-4	FElysiumNpc::BodyGroup	sets CAI_BaseNPCTroika::m_nBody (+0x67c, census-only, not bound) from either the severed-tentacle mask (+0x6710) or a base vtable-supplied value (DAT_1093bb14 slot 4 and slot 0xb), selecting the model's body submodel variant by tentacle-severed state; retail rule, not yet ported.
10398870	mechanism	0-4	INDEX_NONE	tests CNPC_VMingXiao::m_iTentacleID (+0x6674, census name) against -1, the generic "no ID assigned" sentinel check equivalent to Unreal's INDEX_NONE test; whole body is that idiom.
10398890	rule	0-4	FElysiumNpc::MingXiaoPedestalAimPoint	computes an offset point from the bound Forward vector (+0x6290, FElysiumNpc::Forward) plus local axes scaled by the constants _DAT_1049ae40 and _DAT_10463584, selecting add or subtract by param_2==4; retail push-point formula, not yet ported.
10398d90	rule	0-4	FElysiumNpc::ThrowableObjectMode	sets CNPC_VMingXiao::m_eThrowableObjectMode (+0x673c, census name only) to param_1; verbatim one-field state write, not yet ported.
10399c70	mechanism	0-4	TRACE_CPUPROFILER_EVENT_SCOPE	body is pure AI scope-trace push/pop plus CVProfile::EnterScope/ExitScope around zero game logic; matches Unreal's own CPU-profiler scope macro, nothing to port.
1039aaf0	rule	0-4	FElysiumNpc::BlockedByFriend	sets CNPC_VMingXiao::m_bBlockedByFriend (+0x6750, census name only) to param_1; verbatim one-field state write, not yet ported.
1039ab10	rule	0-4	FElysiumNpc::BlockedByFriend	reads the same +0x6750 m_bBlockedByFriend field written by FUN_1039aaf0; pairs with that setter.
1039aea0	mechanism	0-4	FElysiumSaveArchive	returns &datamap_CNPC_VMingXiaoTentacle, slot 82 save/restore reflection descriptor.
1039b050	rule	0-4	registry:522	class CNPC_VMingXiaoTentacle, StepHeight returns the constant _DAT_1044c3a4.
1039b070	rule	0-4	registry:523	class CNPC_VMingXiaoTentacle, GetMaxJumpSpeed returns the constant _DAT_104492a8.
1039b090	rule	0-4	registry:580	returns &DAT_1093bd38, slot 580 name symbol table for CNPC_VMingXiaoTentacle. -- reclassified from `mechanism`: slot 580 is the class's own schedule / condition / task id space, which SetCondition, HasCondition, GetScheduleOfType and TaskName all resolve through. That is kernel data keyed on the species, not an engine service, so its port is a class registry row
1039b0b0	rule	0-4	registry:451	returns PTR_s_CNPC_VMingXiaoTentacle_106477d8, slot 451 debug class-name string. -- reclassified from `mechanism`: slot 451 is the class's own name as the scheduling error path prints it. The string is species data, so its port is a class registry row beside slots 452 and 580, not UE's own class name
1039b1d0	rule	0-4	registry:452	returns DAT_106477d0, slot 452 schedule-data-loaded flag for CNPC_VMingXiaoTentacle. -- reclassified from `mechanism`: slot 452 is retail's per-class load-once gate on the schedule blob, read by Precache. The value is the species', and the load-once rule is the kernel's, so neither half is an engine service
1039c440	rule	0-4	registry:473	class CNPC_VMingXiaoTentacle, vfunc473 returns 0x81f.
1039c460	rule	0-4	registry:138	class CNPC_VMingXiaoTentacle, Classify returns 4.
1039c480	rule	0-4	registry:337	class CNPC_VMingXiaoTentacle, GetUsedHullBits returns 0x38000.
1039de00	rule	0-4	FElysiumNpc::PreSelectSchedule	writes selector code 0x1a into field_0x1b2c (CAI_BaseNPCTroika's m_SelectScheduleTrace, explicitly marked ELYSIUM_NPC_WORD_ABSENT in ElysiumNpcKernelShapeMap.cpp:47-49 as "retail's file/line selector trace; this runtime records selections in the mind's transition trace") and returns 0; verbatim retail debug-trace write feeding an already-flagged absent seam.
1039e7e0	rule	0-4	registry:434	value void; PrescheduleThink is a bare return for CNPC_VMingXiaoTentacle.
1039e8e0	rule	0-4	registry:366	value 0; HandleInteraction ignores its params and returns 0 for CNPC_VMingXiaoTentacle.
1039ea80	present	0-4	FElysiumNpc::bInMelee	slot 599: calls the base vtable+4 implementation then sets this->m_bInMelee=1 (+0x6078).
1039eab0	present	0-4	FElysiumNpc::bInMelee	slot 600: calls the base vtable+4 implementation then sets +0x6078=1.
1039eae0	present	0-4	FElysiumNpc::bInMelee	slot 601: calls the base vtable+4 implementation then clears +0x6078=0.
1039eb30	rule	0-4	registry:70	class CNPC_VMingXiaoTentacle, IsMonster returns 1.
1039ed30	rule	0-4	registry:409	class CNPC_VMingXiaoTentacle, GetLastSharedCondition returns 0x7a.
1039ede0	mechanism	0-4	TWeakObjectPtr	resolves CNPC_VMingXiaoTentacle::m_hMingXiao (+0x665c) through the global handle table PTR_DAT_10566458 (Source's CBaseHandle::Get idiom), returning the owning entity pointer or null; whole body is handle-resolution mechanism.
1039f600	rule	0-4	registry:580	returns &DAT_1093bdd8, slot 580 name symbol table for CNPC_VMoleman. -- reclassified from `mechanism`: slot 580 is the class's own schedule / condition / task id space, which SetCondition, HasCondition, GetScheduleOfType and TaskName all resolve through. That is kernel data keyed on the species, not an engine service, so its port is a class registry row
1039f620	rule	0-4	registry:451	returns PTR_s_CNPC_VMoleman_1064a588, slot 451 debug class-name string. -- reclassified from `mechanism`: slot 451 is the class's own name as the scheduling error path prints it. The string is species data, so its port is a class registry row beside slots 452 and 580, not UE's own class name
1039f740	rule	0-4	registry:452	returns DAT_1064a580, slot 452 schedule-data-loaded flag for CNPC_VMoleman. -- reclassified from `mechanism`: slot 452 is retail's per-class load-once gate on the schedule blob, read by Precache. The value is the species', and the load-once rule is the kernel's, so neither half is an engine service
1039fcc0	rule	0-4	registry:138	class CNPC_VMoleman, Classify returns 4.
1039fff0	rule	0-4	registry:488	value void; CNPC_VNewscaster::vfunc488 body is a bare return, species-only slot 488.
103a0010	rule	0-4	registry:489	body is `return;` (does nothing); CNPC_VNewscaster's slot-489 answer is void; registry row (CNPC_VNewscaster, slot 489) = void
103a0030	rule	0-4	registry:490	body is `return;` (does nothing); CNPC_VNewscaster's slot-490 answer is void; registry row (CNPC_VNewscaster, slot 490) = void
103a0050	rule	0-4	registry:491	body is `return;` (does nothing); CNPC_VNewscaster's slot-491 answer is void; registry row (CNPC_VNewscaster, slot 491) = void
103a0070	rule	0-4	registry:492	body is `return;` (does nothing); CNPC_VNewscaster's slot-492 answer is void; registry row (CNPC_VNewscaster, slot 492) = void
103a0090	rule	0-4	registry:493	body is `return;` (does nothing); CNPC_VNewscaster's slot-493 answer is void; registry row (CNPC_VNewscaster, slot 493) = void
103a00b0	rule	0-4	registry:494	body is `return;` (does nothing); CNPC_VNewscaster's slot-494 answer is void; registry row (CNPC_VNewscaster, slot 494) = void
103a00d0	rule	0-4	registry:495	body is `return;` (does nothing); CNPC_VNewscaster's slot-495 answer is void; registry row (CNPC_VNewscaster, slot 495) = void
103a00f0	rule	0-4	registry:496	body is `return;` (does nothing); CNPC_VNewscaster's slot-496 answer is void; registry row (CNPC_VNewscaster, slot 496) = void
103a0110	rule	0-4	registry:497	body is `return;` (does nothing); CNPC_VNewscaster's slot-497 answer is void; registry row (CNPC_VNewscaster, slot 497) = void
103a0130	rule	0-4	registry:363	body (FInViewCone override, vfunc363) is `return 0;`; CNPC_VNewscaster is never in view cone; registry row (CNPC_VNewscaster, slot 363) = 0
103a0150	rule	0-4	registry:362	body is `return 0;`; registry row (CNPC_VNewscaster, slot 362) = 0
103a0170	rule	0-4	registry:365	body is `return 0;`; registry row (CNPC_VNewscaster, slot 365) = 0
103a0190	rule	0-4	registry:364	body is `return 0;`; registry row (CNPC_VNewscaster, slot 364) = 0
103a01b0	rule	0-4	registry:404	body (IRelationType override, vfunc404) is `return 4;`; CNPC_VNewscaster's fixed relation-type constant; registry row (CNPC_VNewscaster, slot 404) = 4
103a01d0	rule	0-4	registry:587	body is `return 0;`; registry row (CNPC_VNewscaster, slot 587) = 0
103a01f0	rule	0-4	registry:473	body is `return 0;`; CNPC_VNewscaster's hearing-interest mask (slot 473, ported elsewhere as Interests in FElysiumNpcSenses::TickHearing) is empty; registry row (CNPC_VNewscaster, slot 473) = 0
103a0210	rule	0-4	registry:377	body is `return 0;`; registry row (CNPC_VNewscaster, slot 377) = 0
103a0230	rule	0-4	registry:378	body is `return 0;`; registry row (CNPC_VNewscaster, slot 378) = 0
103a0250	rule	0-4	registry:72	body is `return 0;`; registry row (CNPC_VNewscaster, slot 72) = 0
103a0500	rule	0-4	registry:138	body (Classify override, vfunc138) is `return 9;`; CNPC_VNewscaster's CLASSIFY id; registry row (CNPC_VNewscaster, slot 138) = 9
103a14a0	rule	0-4	registry:580	body is `return &DAT_1093bee8;`, the per-class identity pointer at slot 580 (base CAI_BaseNPC/CAI_BaseNPCTroika return the analogous &DAT_1090ff08/&DAT_10924248); registry row (CNPC_VNosferatu, slot 580) = &DAT_1093bee8
103a14c0	rule	0-4	registry:451	body (GetSchedulingErrorName) is `return PTR_s_CNPC_VNosferatu_1064acc0;`, the per-class name string used in scheduling error reports; registry row (CNPC_VNosferatu, slot 451) = that string pointer
103a15e0	rule	0-4	registry:452	body (LoadedSchedules) is `return DAT_1064acb8;`, the per-class static flag for whether this species' schedules were loaded; registry row (CNPC_VNosferatu, slot 452) = that flag
103a1b30	rule	0-4	registry:138	body (Classify override) is `return 0x12;`; CNPC_VNosferatu's CLASSIFY id; registry row (CNPC_VNosferatu, slot 138) = 0x12
103a1c20	mechanism	0-4	FProperty	body is `return &datamap_CNPC_VPedestrian;`, this class's Source datamap (GetDataDescMap save/restore field table); UE's UPROPERTY/FProperty reflection is the engine-supplied equivalent, nothing retail to port
103a1de0	rule	0-4	registry:550	body (vfunc550) is `return (float10)_DAT_104563b0;`, a fixed extended-precision float constant at DAT_104563b0; registry row (CNPC_VPedestrian, slot 550) = that constant
103a1e00	rule	0-4	registry:580	body is `return &DAT_1093bfb0;`, the per-class identity pointer at slot 580; registry row (CNPC_VPedestrian, slot 580) = &DAT_1093bfb0
103a1e20	rule	0-4	registry:451	body (GetSchedulingErrorName) is `return PTR_s_CNPC_VPedestrian_1064b1ac;`; registry row (CNPC_VPedestrian, slot 451) = that string pointer
103a1f40	rule	0-4	registry:452	body (LoadedSchedules) is `return DAT_1064b1a4;`; registry row (CNPC_VPedestrian, slot 452) = that flag
103a28f0	present	0-4	ElysiumNpcSenses.cpp:FElysiumNpcSenses::TickHearing	body (vfunc473, hearing-interest mask) is `return 0x81d;`; ElysiumNpcSenses.cpp:833 already sets `Interests = 0x81d;` when `Class == TEXT("npc_vpedestrian")` inside FElysiumNpcSenses::TickHearing, matching this literal exactly
103a2910	rule	0-4	registry:138	body (Classify override) is `return 5;`; registry row (CNPC_VPedestrian, slot 138) = 5
103a3a90	mechanism	0-4	FProperty	body is `return &datamap_CNPC_VPlaceholder;`, this class's Source datamap; UE's UPROPERTY/FProperty reflection is the engine-supplied equivalent, nothing retail to port
103a3bf0	rule	0-4	registry:452	body (LoadedSchedules) is `return DAT_1064b9c0;`; registry row (CNPC_VPlaceholder, slot 452) = that flag
103a4100	rule	0-4	registry:378	body is `return 0;`; registry row (CNPC_VPlaceholder, slot 378) = 0
103a4120	rule	0-4	registry:138	body (Classify override) is `return 0;`; registry row (CNPC_VPlaceholder, slot 138) = 0
103a4140	rule	0-4	registry:316	body is `return;` (does nothing); registry row (CNPC_VPlaceholder, slot 316) = void
103a4160	rule	0-4	registry:317	body is `return 0;`; registry row (CNPC_VPlaceholder, slot 317) = 0
103a4180	rule	0-4	registry:318	body (PlayerDefenderBlockReaction) is `return 0;`; registry row (CNPC_VPlaceholder, slot 318) = 0
103a41a0	rule	0-4	registry:319	body (PlayerAttackerBlockedReaction) is `return 0;`; registry row (CNPC_VPlaceholder, slot 319) = 0
103a41c0	rule	0-4	registry:320	body (PlayerKnockbackReaction) is `return 0;`; registry row (CNPC_VPlaceholder, slot 320) = 0
103a41e0	rule	0-4	registry:590	body (OkToInterruptForMelee) is `return 0;`; registry row (CNPC_VPlaceholder, slot 590) = 0
103a4200	rule	0-4	registry:330	body is `return;` (does nothing); registry row (CNPC_VPlaceholder, slot 330) = void
103a4220	rule	0-4	registry:587	body is `return 0;`; registry row (CNPC_VPlaceholder, slot 587) = 0
103a4240	rule	0-4	registry:72	body is `return 0;`; registry row (CNPC_VPlaceholder, slot 72) = 0
103a4260	rule	0-4	registry:363	body (FInViewCone override) is `return 0;`; registry row (CNPC_VPlaceholder, slot 363) = 0
103a4280	rule	0-4	registry:362	body is `return 0;`; registry row (CNPC_VPlaceholder, slot 362) = 0
103a42a0	rule	0-4	registry:365	body is `return 0;`; registry row (CNPC_VPlaceholder, slot 365) = 0
103a42c0	rule	0-4	registry:364	body is `return 0;`; registry row (CNPC_VPlaceholder, slot 364) = 0
103a42e0	rule	0-4	registry:580	body is `return &DAT_1093c040;`, the per-class identity pointer at slot 580; registry row (CNPC_VPlaceholder, slot 580) = &DAT_1093c040
103a4300	rule	0-4	registry:451	body (GetSchedulingErrorName) is `return PTR_s_CNPC_VPlaceholder_1064b9c8;`; registry row (CNPC_VPlaceholder, slot 451) = that string pointer
103a43f0	rule	0-4	FElysiumNpc::PreSelectSchedule	body writes `this->field_0x1b2c = 0x1e;` then `return 0x157;`; CNPC_VPlaceholder always forces schedule field +0x1b2c to 30 and reports 0x157 (343) from PreSelectSchedule, a real per-species state write, not a plain constant; ports onto FElysiumNpc::PreSelectSchedule (declared ElysiumNpcKernelSlots.inl:1432)
103a4410	rule	0-4	FElysiumNpc::SelectSchedule	body writes `this->field_0x1b2c = 0x1e;` then `return 0x157;`, identical write/return pair to PreSelectSchedule; ports onto FElysiumNpc::SelectSchedule, the base selector's state switch (ElysiumNpcKernelSlots.inl:59)
103a4730	rule	0-4	registry:488	body is `return;` (does nothing); shared slot 488 across CNPC_VFrenzyShadow, CNPC_VPlayerController and CNPC_VWolfMorph; registry row (each class, slot 488) = void
103a4750	rule	0-4	registry:489	body is `return;` (does nothing); shared slot 489 across CNPC_VFrenzyShadow, CNPC_VPlayerController and CNPC_VWolfMorph; registry row (each class, slot 489) = void
103a4770	rule	0-4	registry:490	body is `return;` (does nothing); shared slot 490 across CNPC_VFrenzyShadow, CNPC_VPlayerController and CNPC_VWolfMorph; registry row (each class, slot 490) = void
103a4790	rule	0-4	registry:491	body is `return;` (does nothing); shared slot 491 across CNPC_VFrenzyShadow, CNPC_VPlayerController and CNPC_VWolfMorph; registry row (each class, slot 491) = void
103a47b0	rule	0-4	registry:492	body is `return;` (does nothing); shared slot 492 across CNPC_VFrenzyShadow, CNPC_VPlayerController and CNPC_VWolfMorph; registry row (each class, slot 492) = void
103a47d0	rule	0-4	registry:493	body is `return;` (does nothing); shared slot 493 across CNPC_VFrenzyShadow, CNPC_VPlayerController and CNPC_VWolfMorph; registry row (each class, slot 493) = void
103a47f0	rule	0-4	registry:494	body is `return;` (does nothing); shared slot 494 across CNPC_VFrenzyShadow, CNPC_VPlayerController and CNPC_VWolfMorph; registry row (each class, slot 494) = void
103a4810	rule	0-4	registry:495	body is `return;` (does nothing); shared slot 495 across CNPC_VFrenzyShadow, CNPC_VPlayerController and CNPC_VWolfMorph; registry row (each class, slot 495) = void
103a4830	rule	0-4	registry:496	body is `return;` (does nothing); shared slot 496 across CNPC_VFrenzyShadow, CNPC_VPlayerController and CNPC_VWolfMorph; registry row (each class, slot 496) = void
103a4850	rule	0-4	registry:497	body is `return;` (does nothing); shared slot 497 across CNPC_VFrenzyShadow, CNPC_VPlayerController and CNPC_VWolfMorph; registry row (each class, slot 497) = void
103a4890	rule	0-4	registry:138	body (Classify override) is `return 2;`; registry row (CNPC_VPlayerController, slot 138) = 2
103a4bb0	rule	0-4	FElysiumNpc::PassesFindEntityFOVTrace	body computes the squared delta between (param_2..4) and (param_5..7), compares it to constant _DAT_104454c4 to set a flag byte, calls a helper through (*DAT_1070b254+8) with an output struct, then returns 1 only when the returned entity pCStack_18 equals `this`, or is null and the returned distance field fStack_38 equals constant _DAT_10449280; else 0; ports onto FElysiumNpc::PassesFindEntityFOVTrace (declared ElysiumNpcKernelSlots.inl:208)
103a4f60	mechanism	0-4	FProperty	body is `return &datamap_CNPC_VSabbatGunman;`, this class's Source datamap; UE's UPROPERTY/FProperty reflection is the engine-supplied equivalent
103a50a0	rule	0-4	registry:580	body is `return &DAT_1093c190;`, the per-class identity pointer at slot 580; registry row (CNPC_VSabbatGunman, slot 580) = &DAT_1093c190
103a50c0	rule	0-4	registry:451	body (GetSchedulingErrorName) is `return PTR_s_CNPC_VSabbatGunman_1064c138;`; registry row (CNPC_VSabbatGunman, slot 451) = that string pointer
103a51e0	rule	0-4	registry:452	body (LoadedSchedules) is `return DAT_1064c130;`; registry row (CNPC_VSabbatGunman, slot 452) = that flag
103a5b50	mechanism	0-4	FProperty	body is `return &datamap_CNPC_VSabbatLeader;`, this class's Source datamap; UE's UPROPERTY/FProperty reflection is the engine-supplied equivalent
103a5c80	rule	0-4	registry:70	body (IsMonster override) is `return 1;`; CNPC_VSabbatLeader is always a monster; registry row (CNPC_VSabbatLeader, slot 70) = 1
103a5ca0	rule	0-4	registry:580	body is `return &DAT_1093c3f0;`, the per-class identity pointer at slot 580; registry row (CNPC_VSabbatLeader, slot 580) = &DAT_1093c3f0
103a5cc0	rule	0-4	registry:451	body (GetSchedulingErrorName) is `return PTR_s_CNPC_VSabbatLeader_1064c7b4;`; registry row (CNPC_VSabbatLeader, slot 451) = that string pointer
103a5df0	rule	0-4	registry:452	body (LoadedSchedules) is `return DAT_1064c7ac;`; registry row (CNPC_VSabbatLeader, slot 452) = that flag
103a6ef0	rule	0-4	registry:138	body (Classify, wrapped in the named-function ScopeTraceStack push/pop) is `return 0x10;`; registry row (CNPC_VSabbatLeader, slot 138) = 0x10
103a9340	rule	0-4	FElysiumNpc::FValidateHintType	body (wrapped in ScopeTraceStack push/pop) checks `15999 < *(int*)(param_1+0x5dc) && *(int*)(param_1+0x5dc) < 0x3e86`, i.e. valid hint-type IDs are 16000-16005 inclusive, and returns that bool; a real per-species threshold, not a constant; ports onto FElysiumNpc::FValidateHintType (declared ElysiumNpcKernelSlots.inl:1839)
103a9d00	rule	0-4	FElysiumNpc::FlipFailureType	body (wrapped in ScopeTraceStack push/pop, 1 direct caller, no vtable slot) does `this->m_FailureType = 1 - this->m_FailureType;`, toggling the species field at +0x66c0 between 0 and 1; ports onto FElysiumNpc::FlipFailureType
103ab4a0	rule	0-4	FElysiumNpc::OnVictimHitByMe	body resolves m_hClosestPlayer (+0x628c) through the entity handle table PTR_DAT_10566458 (index & 0x1fff, generation check >>0xd); if the resolved entity equals param_1 (the victim) it decrements m_RoarAttackCount (+0x66e0), clamping at 0; ports onto FElysiumNpc::OnVictimHitByMe (declared ElysiumNpcKernelSlots.inl:144)
103aba70	mechanism	0-4	FProperty	body is `return &datamap_CNPC_VScurrying;`, this class's Source datamap (shared slot 82 with CNPC_VRat); UE's UPROPERTY/FProperty reflection is the engine-supplied equivalent
103abba0	rule	0-4	registry:580	body is `return &DAT_1093c490;`, the per-class identity pointer at slot 580, shared with CNPC_VRat#580; registry row (CNPC_VScurrying/CNPC_VRat, slot 580) = &DAT_1093c490
103abbc0	rule	0-4	registry:451	body (GetSchedulingErrorName) is `return PTR_s_CNPC_VScurrying_1064f5a8;`, shared with CNPC_VRat#451; registry row (CNPC_VScurrying/CNPC_VRat, slot 451) = that string pointer
103abce0	rule	0-4	registry:452	body (LoadedSchedules) is `return DAT_1064f5a0;`, shared with CNPC_VRat#452; registry row (CNPC_VScurrying/CNPC_VRat, slot 452) = that flag
103ac470	rule	0-4	registry:138	body (Classify override) is `return 0xc;`; registry row (CNPC_VScurrying, slot 138) = 0xc
103aca60	rule	0-4	registry:471	body is `return (float10)_DAT_104454c4;`, a fixed extended-precision float constant, shared with CNPC_VRat#471; registry row (CNPC_VScurrying/CNPC_VRat, slot 471) = that constant
103ad660	rule	0-4	registry:138	body (Classify override) is `return 0xd;`; registry row (CNPC_VRat, slot 138) = 0xd (docs/vtmb/stealth.md:762 discusses this class elsewhere)
103ad680	rule	0-4	registry:294	body (IsValidStealthKillTarget) is `return 1;`; registry row (CNPC_VRat, slot 294) = 1
103ad790	rule	0-4	registry:615	body (CanBeSetOnFire) is `return 0;`; registry row (CNPC_VRat, slot 615) = 0
103ad7b0	rule	0-4	registry:295	body (CanTalk) is `return 0;`; registry row (CNPC_VRat, slot 295) = 0
103ad7d0	rule	0-4	registry:333	body (MaintainEyeDirection) is `return;` (does nothing); registry row (CNPC_VRat, slot 333) = void
103ad850	rule	0-4	registry:316	body is `return;` (does nothing); registry row (CNPC_VRat, slot 316) = void
103ad870	rule	0-4	registry:317	body is `return 0;`; registry row (CNPC_VRat, slot 317) = 0
103ad890	rule	0-4	registry:318	body (PlayerDefenderBlockReaction) is `return 0;`; registry row (CNPC_VRat, slot 318) = 0
103ad8b0	rule	0-4	registry:319	body (PlayerAttackerBlockedReaction) is `return 0;`; registry row (CNPC_VRat, slot 319) = 0
103ad8d0	rule	0-4	registry:320	body (PlayerKnockbackReaction) is `return 0;`; registry row (CNPC_VRat, slot 320) = 0
103ad8f0	rule	0-4	registry:590	body (OkToInterruptForMelee) is `return 0;`; registry row (CNPC_VRat, slot 590) = 0
103ad910	rule	0-4	registry:330	body is `return;` (does nothing); registry row (CNPC_VRat, slot 330) = void
103adaa0	mechanism	0-4	FProperty	body is `return &datamap_CNPC_VSheriffMan;`, this class's Source datamap; UE's UPROPERTY/FProperty reflection is the engine-supplied equivalent
103adc50	rule	0-4	registry:452	body (LoadedSchedules) is `return DAT_10650710;`; registry row (CNPC_VSheriffMan, slot 452) = that flag
103ae4b0	rule	0-4	registry:580	body is `return &DAT_1093c520;`, the per-class identity pointer at slot 580; registry row (CNPC_VSheriffMan, slot 580) = &DAT_1093c520
103ae4d0	rule	0-4	registry:451	body (GetSchedulingErrorName) is `return PTR_s_CNPC_VSheriffMan_10650718;`; registry row (CNPC_VSheriffMan, slot 451) = that string pointer
103ae840	rule	0-4	registry:337	body (GetUsedHullBits, wrapped in ScopeTraceStack push/pop) is `return 0x200000;`; registry row (CNPC_VSheriffMan, slot 337) = 0x200000
103af810	rule	0-4	registry:566	body (FValidateHintType) is `return 1;` unconditionally, unlike CNPC_VSabbatLeader's range-checked override; registry row (CNPC_VSheriffMan, slot 566) = 1 (always valid)
103b1790	rule	0-4	FElysiumNpc::CategorizeHeight	body (wrapped in ScopeTraceStack push/pop, 1 direct caller, no vtable slot) compares `ABS(param_1 - this->field_0x66e8) < ABS(param_1 - this->field_0x66ec)` and writes 0 or 1 to *param_2, picking the nearer of two per-species height references; ports onto FElysiumNpc::CategorizeHeight
103b1c20	rule	0-4	registry:580	body is `return &DAT_1093c638;`, the per-class identity pointer at slot 580; registry row (CNPC_VSheriffSwarm, slot 580) = &DAT_1093c638
103b1c40	rule	0-4	registry:451	body (GetSchedulingErrorName) is `return PTR_s_CNPC_VSheriffSwarm_10651948;`; registry row (CNPC_VSheriffSwarm, slot 451) = that string pointer
103b1d60	rule	0-4	registry:452	body (LoadedSchedules) is `return DAT_10651940;`; registry row (CNPC_VSheriffSwarm, slot 452) = that flag
103b2280	mechanism	0-4	FProperty	body is `return &datamap_CNPC_VSheriffSwarm;`, this class's Source datamap; UE's UPROPERTY/FProperty reflection is the engine-supplied equivalent
103b2390	rule	0-4	registry:473	body (hearing-interest mask) is `return 0x17;`, the same constant FElysiumNpcSenses::TickHearing uses for npc_vanimal/npc_vzombie classes, but CNPC_VSheriffSwarm is not yet one of the classes keyed to that value there; registry row (CNPC_VSheriffSwarm, slot 473) = 0x17
103b23b0	rule	0-4	registry:138	body (Classify override) is `return 0x1f;`; registry row (CNPC_VSheriffSwarm, slot 138) = 0x1f
103b2770	mechanism	0-4	FProperty	body is `return &datamap_CNPC_VStalker;`, this class's Source datamap; UE's UPROPERTY/FProperty reflection is the engine-supplied equivalent
103b28b0	rule	0-4	registry:580	body is `return &DAT_1093c6f0;`, the per-class identity pointer at slot 580; registry row (CNPC_VStalker, slot 580) = &DAT_1093c6f0
103b28d0	rule	0-4	registry:451	body (GetSchedulingErrorName) is `return PTR_s_CNPC_VStalker_10651d00;`; registry row (CNPC_VStalker, slot 451) = that string pointer
103b29f0	rule	0-4	registry:452	body (LoadedSchedules) is `return DAT_10651cf8;`; registry row (CNPC_VStalker, slot 452) = that flag
103b2e60	present	0-4	ElysiumNpcActivityTables.cpp:PreTranslate_Stalker	body (NPC_EarlyTranslateActivity) rewrites ACT_WALK(9), ACT_RUN(0x13=19) and ACT_HUNT_WALK(0x1115=4373) to ACT_COMBATMOVE(0x1121=4385), identity otherwise; ElysiumNpcActivityTables.cpp's GPreTranslateStalkerRules (lines 105-113, registered as PreTranslate_Stalker at line 292) encodes exactly these three rewrites
103b2f50	rule	0-4	registry:72	body is `return 0;`; registry row (CNPC_VTaxiDriver, slot 72) = 0
103b2f70	rule	0-4	registry:580	body is `return &DAT_1093c7a8;`, the per-class identity pointer at slot 580; registry row (CNPC_VTaxiDriver, slot 580) = &DAT_1093c7a8
103b2f90	rule	0-4	registry:451	body (GetSchedulingErrorName) is `return PTR_s_CNPC_VTaxiDriver_10651f50;`; registry row (CNPC_VTaxiDriver, slot 451) = that string pointer
103b2fb0	mechanism	0-4	FProperty	body is `return &datamap_CNPC_VTaxiDriver;`, this class's Source datamap; UE's UPROPERTY/FProperty reflection is the engine-supplied equivalent
103b3110	rule	0-4	registry:452	body (LoadedSchedules) is `return DAT_10651f48;`; registry row (CNPC_VTaxiDriver, slot 452) = that flag
103b3630	rule	0-4	registry:138	body (Classify override) is `return 4;`; registry row (CNPC_VTaxiDriver, slot 138) = 4
103b3910	rule	0-4	registry:142	body (OnTakeDamage override) is `return 0;`; registry row (CNPC_VTaxiDriver, slot 142) = 0
103b3930	rule	0-4	registry:390	CNPC_VTaxiDriver::vfunc390 returns literal 0 for its own species slot 390, no other body
103b3950	rule	0-4	registry:144	CNPC_VTaxiDriver::Event_Killed body is empty return; for slot 144, no species-specific Killed behavior
103b3b20	rule	0-4	registry:580	CNPC_VTest::vfunc580 returns &DAT_1093c830, the species schedule table pointer for slot 580
103b3b40	rule	0-4	registry:451	CNPC_VTest::GetSchedulingErrorName returns PTR_s_CNPC_VTest, the species name string for slot 451
103b3c60	rule	0-4	registry:452	CNPC_VTest::LoadedSchedules returns static DAT_106521b8 flag for slot 452
103b4eb0	rule	0-4	registry:473	CNPC_VTest::vfunc473 returns literal 0x17 for slot 473
103b4ed0	rule	0-4	registry:138	CNPC_VTest::Classify returns literal 4 for slot 138
103b5330	rule	0-4	registry:580	CNPC_VToreador::vfunc580 returns &DAT_1093c900 for slot 580
103b5350	rule	0-4	registry:451	CNPC_VToreador::GetSchedulingErrorName returns PTR_s_CNPC_VToreador string for slot 451
103b5470	rule	0-4	registry:452	CNPC_VToreador::LoadedSchedules returns static DAT_10652908 flag for slot 452
103b59c0	rule	0-4	registry:138	CNPC_VToreador::Classify returns literal 0x13 for slot 138
103b5ad0	rule	0-4	registry:580	CNPC_VTremere::vfunc580 returns &DAT_1093c980 for slot 580
103b5af0	rule	0-4	registry:451	CNPC_VTremere::GetSchedulingErrorName returns PTR_s_CNPC_VTremere string
103b5c10	rule	0-4	registry:452	CNPC_VTremere::LoadedSchedules returns static DAT_10652cf8 flag
103b6160	rule	0-4	registry:138	CNPC_VTremere::Classify returns literal 0x14
103b6b60	mechanism	0-4	RTTI:GetDataDescMap	CNPC_VTzimisce::vfunc82 returns &datamap_CNPC_VTzimisce, the Source save/restore RTTI table pointer for slot 82
103b6d90	rule	0-4	registry:325	CNPC_VTzimisce::vfunc325 returns literal 0
103b6db0	rule	0-4	registry:324	CNPC_VTzimisce::vfunc324 returns literal 0
103b6dd0	rule	0-4	registry:522	CNPC_VTzimisce::StepHeight returns constant float _DAT_104cc4fc as the species step height
103b6df0	rule	0-4	registry:523	CNPC_VTzimisce::GetMaxJumpSpeed returns constant float _DAT_104cc500 as the species max jump speed
103b6e10	rule	0-4	registry:244	CNPC_VTzimisce::GetSkeletonModelName returns literal 0 (no skeleton model name) for slot 244
103b6e30	rule	0-4	registry:550	CNPC_VTzimisce::vfunc550 returns constant float _DAT_104563b0 for slot 550
103b6e50	rule	0-4	registry:580	CNPC_VTzimisce::vfunc580 returns &DAT_1093ce70
103b6e70	rule	0-4	registry:451	CNPC_VTzimisce::GetSchedulingErrorName returns PTR_s_CNPC_VTzimisce string
103b7090	rule	0-4	registry:452	CNPC_VTzimisce::LoadedSchedules returns static DAT_10653434 flag
103b9020	rule	0-4	registry:70	CNPC_VTzimisce::IsMonster returns literal 1
103b9360	rule	0-4	registry:489	CNPC_VTzimisce::vfunc489 body is empty return; no-op override at slot 489
103b95e0	rule	0-4	registry:492	CNPC_VTzimisce::vfunc492 body is empty return; no-op override at slot 492
103b9600	rule	0-4	registry:493	CNPC_VTzimisce::vfunc493 body is empty return; no-op override at slot 493
103b9620	rule	0-4	registry:494	CNPC_VTzimisce::vfunc494 body is empty return; no-op override at slot 494
103b9640	rule	0-4	registry:495	CNPC_VTzimisce::vfunc495 body is empty return; no-op override at slot 495
103b9660	rule	0-4	registry:496	CNPC_VTzimisce::vfunc496 body is empty return; no-op override at slot 496
103b9680	rule	0-4	registry:497	CNPC_VTzimisce::vfunc497 body is empty return; no-op override at slot 497
103b9ef0	rule	0-4	registry:509	CNPC_VTzimisce::vfunc509 returns literal 0
103b9f10	rule	0-4	FElysiumNpc::JustMadeSound	CNPC_VTzimisce::vfunc487 writes this->m_flSoundWaitTime (+0x5ce8, a bound word) to RandomFloat(0.5,0.75)+curtime, a retail wait-time formula
103ba000	rule	0-4	registry:473	CNPC_VTzimisce::vfunc473 returns literal 0x17 for slot 473, a different address than the port-cited zombie vfunc473
103ba230	rule	0-4	registry:138	CNPC_VTzimisce::Classify returns literal 0x1a
103ba250	present	0-4	FElysiumEntity::EyePosition	CNPC_VTzimisce::vfunc533 copies this->m_vDefaultEyeOffset (+0x5d60, a bound chain word) to the 3 output floats, a plain accessor
103ba780	rule	0-4	FElysiumNpc::FValidateHintType	CNPC_VTzimisce::FValidateHintType checks this->+0x5dc hint ID is in the range 14000..0x36b1 inclusive
103bdf60	rule	0-4	registry:434	CNPC_VTzimisce::PrescheduleThink body is empty return; for slot 434, no per-tick work
103be0b0	rule	0-4	FElysiumNpc::FUN_103be0b0	sets or clears flag bit 0x20 at +0x14b8; when set, computes RandomFloat(7.5,10.0)+curtime into +0x66a4 and clears the +0x66b4 byte
103be150	rule	0-4	FElysiumNpc::FUN_103be150	compares this->+0x66a4 timestamp against curtime (DAT_1070b228+0xc) and returns whether it has already elapsed
103bf3c0	rule	0-4	FElysiumNpc::FUN_103bf3c0	walks this->+0x6690 array of +0x669c entity handles through the global handle table PTR_DAT_10566458 and returns the index matching param_1, or -1
103bfa30	rule	0-4	registry:228	CNPC_VTzimisce::VPhysicsShadowCollision body is empty return; for slot 228, no shadow-collision override
103c0ad0	mechanism	0-4	RTTI:GetDataDescMap	CNPC_VTzimisceHeadClaw::vfunc82 returns &datamap_CNPC_VTzimisceHeadClaw for slot 82
103c0c30	rule	0-4	registry:452	CNPC_VTzimisceHeadClaw::LoadedSchedules returns static DAT_1065cb24 flag
103c12c0	rule	0-4	registry:325	CNPC_VTzimisceHeadClaw::vfunc325 returns literal 0
103c12e0	rule	0-4	registry:324	CNPC_VTzimisceHeadClaw::vfunc324 returns literal 0
103c1300	rule	0-4	registry:580	CNPC_VTzimisceHeadClaw::vfunc580 returns &DAT_1093d160
103c1320	rule	0-4	registry:451	CNPC_VTzimisceHeadClaw::GetSchedulingErrorName returns PTR_s_CNPC_VTzimisceHeadClaw string
103c1520	rule	0-4	registry:70	CNPC_VTzimisceHeadClaw::IsMonster returns literal 1
103c24a0	rule	0-4	FElysiumNpc::FUN_103c24a0	compares this->+0x6678 against constant _DAT_1044fab0 and returns the bool
103c28a0	mechanism	0-4	RTTI:GetDataDescMap	CNPC_VTzimisceRunner::vfunc82 returns &datamap_CNPC_VTzimisceRunner for slot 82
103c2a00	rule	0-4	registry:452	CNPC_VTzimisceRunner::LoadedSchedules returns static DAT_1065d74c flag
103c3040	rule	0-4	registry:399	CNPC_VTzimisceRunner::vfunc399 returns literal 1
103c3060	rule	0-4	registry:400	CNPC_VTzimisceRunner::vfunc400 returns literal 1
103c3080	rule	0-4	registry:325	CNPC_VTzimisceRunner::vfunc325 returns literal 0
103c30a0	rule	0-4	registry:324	CNPC_VTzimisceRunner::vfunc324 returns literal 0
103c30c0	rule	0-4	registry:329	CNPC_VTzimisceRunner::vfunc329 returns literal 1
103c30e0	rule	0-4	registry:580	CNPC_VTzimisceRunner::vfunc580 returns &DAT_1093d1d8
103c3100	rule	0-4	registry:451	CNPC_VTzimisceRunner::GetSchedulingErrorName returns PTR_s_CNPC_VTzimisceRunner string
103c32a0	rule	0-4	registry:70	CNPC_VTzimisceRunner::IsMonster returns literal 1
103c47e0	mechanism	0-4	RTTI:GetDataDescMap	CNPC_VVampire::FUN_103c47e0 returns &datamap_CNPC_VVampire, shared at slot 82 by all ten vampire-clan classes it lists (VBrujah, VGangrel, VMalkavian, VNosferatu, VPlayerController, VTest, VToreador, VTremere, VVampire, VVentrue)
103c4a20	rule	0-4	registry:452	CNPC_VVampire::LoadedSchedules returns static DAT_1065e088, shared by CNPC_VPlayerController and CNPC_VVampire at slot 452
103c4f20	rule	0-4	registry:138	CNPC_VVampire::Classify (body named CNPC_VAndreiBlood::FUN_103c4f20) returns literal 0xf, shared by CNPC_VAndreiBlood/VAsianVampire/VLasombra/VSheriffMan/VVampire/VVampireBoss at slot 138
103c5060	mechanism	0-4	RTTI:GetDataDescMap	CNPC_VVampireBoss::vfunc82 returns &datamap_CNPC_VVampireBoss for slot 82
103c5210	rule	0-4	registry:452	CNPC_VVampireBoss::LoadedSchedules returns static DAT_1065e6c4 flag
103c5fe0	present	0-4	FElysiumNpc::bJumping	CNPC_VVampireBoss::OverrideMove (body named CNPC_VAndreiBlood::FUN_103c5fe0) returns this->m_bJumping != 0 (+0x6498, a bound word), a plain accessor shared at slot 525 by 8 VampireBoss-family classes
103c67f0	rule	0-4	FElysiumNpc::LastAttackTimeElapsed	FUN_103c67f0 computes curtime minus this->LastAttackTime (+0x5d9c, a bound word) and compares the elapsed time to the caller's param_1 threshold
103c6df0	rule	0-4	FElysiumNpc::SetBodyEmitterName	CNPC_VVampireBoss::SetBodyEmitterName writes param_2 into this->m_pBodyEmitterNames[param_1] (+0x6684 array), the per-body-region gore emitter names
103c6eb0	rule	0-4	FElysiumNpc::ClearBodyEmitterNames	CNPC_VVampireBoss::ClearBodyEmitterNames zeroes all 4 entries of this->m_pBodyEmitterNames (+0x6684)
103c77b0	rule	0-4	registry:580	CNPC_VVentrue::vfunc580 returns &DAT_1093d3b0
103c77d0	rule	0-4	registry:451	CNPC_VVentrue::GetSchedulingErrorName returns PTR_s_CNPC_VVentrue string
103c78f0	rule	0-4	registry:452	CNPC_VVentrue::LoadedSchedules returns static DAT_1065f0e0 flag
103c7e40	rule	0-4	registry:138	CNPC_VVentrue::Classify returns literal 0x15
103c87d0	mechanism	0-4	RTTI:GetDataDescMap	CNPC_VWerewolf::vfunc82 returns &datamap_CNPC_VWerewolf for slot 82
103c8e70	rule	0-4	registry:452	CNPC_VWerewolf::LoadedSchedules returns static DAT_1065f78c flag
103ca6b0	rule	0-4	registry:615	CNPC_VWerewolf::CanBeSetOnFire returns literal 0, werewolf cannot be set on fire
103ca6d0	rule	0-4	registry:316	CNPC_VWerewolf::vfunc316 body is empty return; for slot 316
103ca6f0	rule	0-4	registry:318	CNPC_VWerewolf::PlayerDefenderBlockReaction returns literal 0
103ca710	rule	0-4	registry:319	CNPC_VWerewolf::PlayerAttackerBlockedReaction returns literal 0
103ca730	rule	0-4	registry:328	CNPC_VWerewolf::vfunc328 returns literal 1
103ca750	rule	0-4	registry:580	CNPC_VWerewolf::vfunc580 returns &DAT_1093f9e8
103ca770	rule	0-4	registry:451	CNPC_VWerewolf::GetSchedulingErrorName returns PTR_s_CNPC_VWerewolf string
103cab50	rule	0-4	registry:337	CNPC_VWerewolf::GetUsedHullBits returns literal 0x1000 beyond scope-trace instrumentation that reads this->m_iName
103cb170	rule	0-4	registry:421	CNPC_VWerewolf::PostNPCInit body is a no-op beyond scope-trace instrumentation
103cb7f0	present	0-4	FElysiumNpc::bInMelee	FUN_103cb7f0 sets this->bInMelee (+0x6078, a bound word) to true, a plain setter; virtual caller is CNPC_VWerewolf::StartTask at slot 600
103cb810	rule	0-4	FElysiumNpcSenses::IsVisible	CNPC_VWerewolf::FVisible, beyond scope-trace instrumentation: if param_1!=0 and neither DAT_10924fba nor (DAT_10924fb9 with *(param_1+0xa8)) is set, zeroes *param_3 and returns false, else returns true unconditionally; not the base IsVisible LOS/range check
103ccb50	rule	0-4	registry:70	CNPC_VWerewolf::IsMonster returns literal 1 beyond scope-trace instrumentation
103cf5f0	rule	0-4	FElysiumNpc::WerewolfShouldPursueEnemy	CNPC_VWerewolf::ShouldPursueEnemy: unless flag bit 4 of +0x66e8 is set, clamps elapsed=curtime-(+0x66ec) to >= threshold _DAT_104454c4, compares a difficulty object's (DAT_1093f8ec) radius against it, then compares this->m_flPlayerDist (+0x6264, ClosestPlayerDistanceCm) against a second difficulty object's (DAT_1093d574) radius, returning false only when both gates fail
103d0780	rule	0-4	registry:409	CNPC_VWerewolf::GetLastSharedCondition returns literal 0x7c beyond scope-trace instrumentation
103d1ca0	rule	0-4	FElysiumNpc::StartSearchTimer	CNPC_VWerewolf::StartSearchTimer stamps the rdtsc cycle counter into static DAT_1093d638/DAT_1093d63c, shared across all instances rather than a per-NPC field
103d1d60	rule	0-4	FElysiumNpc::ReportSearchTimer	CNPC_VWerewolf::ReportSearchTimer reads rdtsc again and subtracts the static DAT_1093d638/DAT_1093d63c pair set by StartSearchTimer to report elapsed cycles, passing param_2 through unchanged
103d1e50	rule	0-4	FElysiumNpc::FUN_103d1e50	resolves two entity handles from this->+0x6680/+0x6684/+0x6688 via the global handle table, computes a weighted Chebyshev-style distance (constant _DAT_1044bef8) between their positions and compares it to threshold _DAT_104cf498
103d3220	rule	0-4	FElysiumNpc::GetHintTeleportPriority	CNPC_VWerewolf::GetHintTeleportPriority maps param_1's hint ID (+0x5dc) to a priority: 0x3a99 to 2, 0x3a9a to 3, 0x3a9b to 3, 15000 to 1, 0x3a9f to 4, else 0
103d7ce0	rule	0-4	FElysiumNpc::FValidateHintType	CNPC_VWerewolf::FValidateHintType checks param_1's hint ID (+0x5dc) is not 0x3a9f and lies in range 15000..0x3aaa
103dc750	rule	0-4	registry:580	CNPC_VWolfMorph::vfunc580 returns &DAT_109402a8
103dc770	rule	0-4	registry:451	CNPC_VWolfMorph::GetSchedulingErrorName returns PTR_s_CNPC_VWolfMorph string
103dc790	mechanism	0-4	RTTI:GetDataDescMap	CNPC_VWolfMorph::vfunc82 returns &datamap_CNPC_VWolfMorph for slot 82
103dc8f0	rule	0-4	registry:452	CNPC_VWolfMorph::LoadedSchedules returns static DAT_10663bd4 flag
103dcdc0	present	0-4	ElysiumNpcActivityTables.cpp:PreTranslate_WolfMorph	CNPC_VWolfMorph::NPC_EarlyTranslateActivity returns literal 0x1145 (ACT_WOLF_MORPH); the port's activity table cites this exact address, rewriting every request to ACT_WOLF_MORPH
103dce50	rule	0-4	registry:138	CNPC_VWolfMorph::Classify returns literal 2
103dcf00	rule	0-4	registry:588	CNPC_VWolfMorph::vfunc588 body is empty return; for slot 588
103dd050	rule	0-4	registry:580	CNPC_VYukie::vfunc580 returns &DAT_10940330
103dd070	rule	0-4	registry:451	CNPC_VYukie::GetSchedulingErrorName returns PTR_s_CNPC_VYukie string
103dd190	rule	0-4	registry:452	CNPC_VYukie::LoadedSchedules returns static DAT_10663eb8 flag
103dd650	rule	0-4	registry:138	CNPC_VYukie::Classify returns literal 4
103dd8b0	rule	0-4	FElysiumNpc::YukieEnterMelee	CNPC_VYukie::vfunc599 calls a setup virtual (DAT_10924edc), sets bInMelee true (+0x6078) and writes MeleeMustLeaveTimer (+0x6074, a bound word) to RandomFloat(22.5,45.0)+curtime
103dd9a0	rule	0-4	FElysiumNpc::YukieLeaveMelee	FUN_103dd9a0 (slot 601 of the SelectScheduleMeleeCombat family) calls a setup virtual, clears bInMelee (+0x6078), and if a virtual check at +0x4d0 is true, writes MeleeCanEnterTimer (+0x6070, a bound word) to RandomFloat(5.0,10.0)+curtime
103dda10	rule	0-4	FElysiumNpc::YukieShouldLeaveMelee	FUN_103dda10 (slot 602 of the SelectScheduleMeleeCombat family) branches on a virtual check at +0x4d0: if false, compares a difficulty object's radius times constant _DAT_1044f02c against this->EnemyDistUnits (+0x6268, a bound word); if true, compares curtime against MeleeMustLeaveTimer (+0x6074)
103ddaa0	rule	0-4	FElysiumNpcSenses::IsVisible	CNPC_VYukie::FInViewCone returns false if param_1==0 or DAT_10924fba is set or (DAT_10924fb9 set and *(param_1+0xa8)!=0), else true; the same stealth gate as FVisible, not the base IsVisible cone check
103ddaf0	rule	0-4	FElysiumNpcSenses::IsVisible	CNPC_VYukie::FVisible applies the same DAT_10924fba/DAT_10924fb9 stealth gate before delegating to the base vtable slot 0x948 check
103ddde0	mechanism	0-4	RTTI:GetDataDescMap	CNPC_VZombie::vfunc82 returns &datamap_CNPC_VZombie for slot 82
103de2b0	rule	0-4	registry:580	CNPC_VZombie::vfunc580 returns &DAT_10940398
103de2d0	rule	0-4	registry:451	CNPC_VZombie::GetSchedulingErrorName returns PTR_s_CNPC_VZombie string
103de470	rule	0-4	registry:452	CNPC_VZombie::LoadedSchedules returns static DAT_10664260 flag
103df260	present	0-4	ElysiumNpcSenses.cpp:FElysiumNpcSenses::TickHearing	CNPC_VZombie::vfunc473 returns literal 0x17; TickHearing's comment at lines 827-828 cites this exact address for the zombie hearing-interest mask 0x17
103df280	rule	0-4	registry:138	CNPC_VZombie::Classify returns literal 0xe
103e03b0	rule	0-4	registry:566	CNPC_VZombie::FValidateHintType returns literal 0, zombies validate no hint types
10026a10	mechanism	0-4	hand:FElysiumNpc::SetOrigin	CAISound::FUN_10026a10 forwards param_1..3 unchanged to the vtable slot at +0xf8; fills CAI_BaseNPC#63/CAI_BaseNPCTroika#63 among about 82 classes at slot 63, a compiler-generated forwarding thunk, not retail logic
10026a50	rule	0-4	hand:FElysiumNpc::SetAngles	the three-scalar overload packs its arguments into one stack record and dispatches slot 64 (vtable+0x100) with its address; the packing IS the body, and it is the same body on 501 classes
10026b70	rule	0-4	hand:FElysiumNpc::Slot89	forwards this->field_0x1b0 to FUN_10146790, which zeroes the two bytes at +1/+2 of that pointer (this+0x1b1/0x1b2), a retail state-reset write on an NPC field
10026f20	rule	0-4	hand:FElysiumNpc::ReflectGauss	returns 1 only when FUN_100b5110's movetype/interact check succeeds and this->m_takedamage==0, a retail gating rule for targetability/interaction
10026fb0	rule	0-4	hand:FElysiumNpc::CanStandOn	reads a pointer at param_1+0x40, and if present calls its vtable+0x10 to get a value forwarded to this vtable+0x298, else forwards literal 0; retail null-safe argument-selection rule
10027020	rule	0-4	FElysiumNpc::GetEnemy	corpus asm: slot 168 GetEnemy() is `JMP [[this] + 0x29c]` - the mutable overload forwards to slot 167, the const one, with no other work
10099020	rule	0-4	hand:FElysiumNpc::SetLayer	writes retail constants 0x3f800000(1.0)/0x3e4ccccd(~0.2)/0x3dcccccd(~0.1) into the per-layer m_angPrevSeqAngles record and clears two fields when CBaseAnimating::GetSeqDesc's flag bit 2 is set; oracle docs/vtmb/animation_and_movers.md:3925
10099470	rule	0-4	hand:FElysiumNpc::AllocateLayer	scans up to 4 layer slots in m_angPrevSeqAngles (stride 0xc) starting at vtable+0x42c's index, returns the first index whose slot equals the empty sentinel _DAT_104454c4, else -1; oracle docs/vtmb/animation_rig_resolution.md:569
100994c0	rule	0-4	hand:FElysiumNpc::FindLayerByOwner	scans the same 4-slot m_angPrevSeqAngles table for a layer whose sequence id field equals param_1 (and is not the empty sentinel or -1), returns its index or -1; companion lookup to AllocateLayer
1009b2c0	mechanism	0-4	UE_LOG	pushes a named scope (function name plus this->m_iName or a null-entity fallback string) onto g_ScopeTraceStack then forwards to CBaseEntity::TraceMessageBase; pure debug/AI-trace logging plumbing, no gameplay state touched
1009b380	mechanism	0-4	UE_LOG	identical scope-trace-stack push then CBaseEntity::TraceMessageBase forward as 0x1009b2c0; debug logging plumbing only
1009b500	mechanism	0-4	UE_LOG	scope-trace-stack push then forwards to CBaseEntity::TraceMessageBareBase; debug logging plumbing only
1009b5a0	mechanism	0-4	UE_LOG	same TraceMessageBareBase scope-push pattern as 0x1009b500; debug logging plumbing only
100aa5a0	rule	0-4	FElysiumNpc::OnRestore	corpus asm: slot 130 OnRestore(bool) overwrites its own argument with 0 and tail-jumps to slot 6 SetCheckUntouch, so a restore always lands as SetCheckUntouch(false) whatever the caller passed
100b4340	rule	0-4	registry:117	`registry` is a target spelling, not a verdict: the row is a `rule` whose port is a class-registry value. CAISound / CAI_InterestingPlaceConverstation clear bit 0x2 off the base slot-117 constant 2
100b4b40	rule	0-4	FElysiumNpc::EyePosition	computes GetAbsOrigin (vtable+0x364) plus this->m_vecViewOffset component-wise, retail's CBaseEntity::EyePosition formula used by 24 call sites
100b4bc0	rule	0-4	hand:FElysiumNpc::EyeAngles	corpus asm: slot 194 EyeAngles() is `JMP [[this] + 0x36c]` - it answers slot 219 GetAbsAngles verbatim
100b4be0	rule	0-4	hand:FElysiumNpc::LocalEyeAngles	corpus asm: slot 195 LocalEyeAngles() is `JMP [[this] + 0x374]` - it answers slot 221 GetAngles verbatim
100b4f30	rule	0-4	hand:FElysiumNpc::VPhysicsUpdate	dispatches on a physics movetype value from vtable+0x178 (1/7/8): for 7 it warns on infinite vphysics velocity values then calls PhysicsTouchTriggers/PhysicsRelinkChildren; for 1/8 it calls CBaseEntity::VPhysicsUpdatePusher -- retail's per-movetype physics-tick ordering
100b50a0	rule	0-4	hand:FElysiumNpc::IsStandable	gates on flag bit 0x10 from vtable+0x34c, else checks movetype (vtable+0x170) against retail constants 1/6/2 with a fallback to FUN_100b5110's player/movetype check
100b5ba0	rule	0-4	hand:FElysiumNpc::SetFlexWeight	remaps param_2 into the flex controller's [min,max) range fetched from GetModelPtr and writes this->m_flexWeight[param_1]; retail flex-weight normalization, oracle docs/vtmb/facial_animation.md:1044
100b5c50	rule	0-4	hand:FElysiumNpc::GetFlexWeight	bounds-checks the controller index against GetNumFlexControllers, returns 0 with no model, and otherwise reads the studio flex table at +0x164 + index * 0x14 and answers from its +0xc / +0x10 pair; which of the two the float return carries is a damaged decompilation
100b5d80	rule	0-4	hand:FElysiumNpc::ClearSceneEvents	scans this+0xa58 array (stride 0x1c) for the entry whose field[1]==param_1, releases it via FUN_10075b70, zeroes 3 words and compacts the array via memmove, decrementing the this+0xa64 count; param_1==0 resets the count to 0 (clear-all)
100b6180	rule	0-4	hand:FElysiumNpc::RemoveSceneEvent	same this+0xa58/0xa64 array as 0x100b5d80 but keyed by pointer equality on field[0], with the same release/compact/decrement sequence
100e0a40	rule	0-4	FElysiumNpcDialogue::PlayWhisper	gated on the flag byte at this+0x33ad; resolves the entity handle at this+4 through the handle table and forwards (entity, flag address, param_1) to thunk_FUN_10182c40's whisper-play, then clears the flag -- a one-shot whisper trigger
100f6d80	rule	0-4	FElysiumNpc::AddListenerEntity	dedupe-checked append into a dynamic int array (count at this+0x18054, storage at this+0x18048), growing it via FUN_100f9940 when this+0x1804c capacity is exceeded; writes flagged NPC offsets so it is a rule, not a plain container mechanism, per the rubric's container-with-offset-write caveat
100f6e40	rule	0-4	FElysiumNpc::RemoveListenerEntity	removal counterpart of 0x100f6d80's list: linear search by value then memmove-compact and decrement the this+0x18054 count
101618e0	rule	0-4	FElysiumNpc::ReleaseControllerNpc	on param_1, bulk-copies 0xc0+0x54 bytes of cached hitbox/bone state (the 0x734/0x7f4 blocks) plus 4 scalar fields from a linked source entity (handle at this+0x1db0); on param_2 it transfers abs velocity/angular velocity from the source (vtable+0x364/0x36c, CalcAbsoluteVelocity when m_iEFlags bit 0xc is set); then arms a one-shot Think (FUN_101c0b10) and clears the link handle to -1 -- a spawn-inherit-then-detach sequence
101681a0	present	0-4	Source/ElysiumUE/Private/Substrate/ElysiumPlayerEntity.cpp:FElysiumPlayer::CanAttemptStealthKill	port cite confirmed: the comment at ElysiumPlayerEntity.cpp:56 names this address directly as the retail busy-check the port function implements
1017c6d0	rule	0-4	FElysiumNpc::ClearUseEntity	gated on this+0x1eb8!=0 and a one-shot flag at this+0x1ec0; resolves an interface pointer through a +0x40/+0x10 RTTI-style query, clears the flag, then dispatches a named event through iVar1+0x1d8 with a static string argument before zeroing this+0x1eb8
1017d630	present	0-4	Source/ElysiumUE/Private/Substrate/ElysiumFootsteps.cpp:NpcStepsMuted	port cite confirmed: ElysiumFootsteps.cpp:47 names this exact address as the camera-VIEW-entity handle check inside NpcStepsMuted
1017d680	rule	0-4	FElysiumNpc::ResolveCameraTargetEntity	same handle-table resolve pattern as 0x1017d630 but over this+0x19cc (the camera TARGET handle per the sibling's comment) rather than +0x19c0; returns the resolved entity pointer or 0
1017ddd0	rule	0-4	FElysiumNpc::LevelCriminalAct	when a global interface's vtable+4 predicate is false and a flag byte is negative, computes an obfuscated value from this+0x1cd8 using the literal constants 0x8a66e35/0x793f90/0x8b10412/0x175991ca/0x783682a9 via thunk_FUN_1042fd40; otherwise returns 0 or the interface's own stored value
1017ed00	rule	0-4	FElysiumNpc::SetSpawnResponseCops	records a threat/scare event: guarded by the this+0x1cf8 sentinel 0x7f7fffff (unused marker), stores param_1, the resolved source handle and a 3-float vector at this+0x1d00..0x1d0c, then computes an expiry via a randomized duration added to sim time; else updates only if param_1 exceeds the stored priority at this+0x1cfc; oracle docs/vtmb/npc-ai/schedule-kernel.md:613
1017fd60	rule	0-4	FElysiumNpc::RememberScaredNpc	manages a dynamic array of 16-byte scare-memory records keyed by a handle-derived value from vtable+0x8c, updating timestamp/priority on a match or appending a new record (growing via thunk_FUN_10185910) and logging "Scared NPC ... dist=" via Msg; oracle docs/vtmb/npc-ai/programs.md:714
1017ff40	present	0-4	Source/ElysiumUE/Private/Substrate/ElysiumNpcConditions.cpp:ElysiumNpcCond::GatherSight	port cite confirmed: the comment at ElysiumNpcConditions.cpp:335 names 0x1017ff40 directly as the player's per-relation "last assessed by an NPC" stamp write
10182a90	rule	0-4	FElysiumNpc::ClosestNpcSense	resolves a handle at param_1+0x1cc0 to an entity, computes a hearing/perception value via thunk_FUN_1029c970/ca30/c9f0 and compares it against the threshold stored at param_1+0x1cc4, returning the fixed code 0x264 or a boolean-in-low-byte result
101a6440	rule	0-4	FElysiumNpc::GetLastUpdateThink	forwards to CBaseEntity::GetLastThink for the update-think channel; part of retail's four-clock think-timestamp bookkeeping the schedule/condition kernel depends on for interrupt timing
101a6460	rule	0-4	FElysiumNpc::GetLastNormalThink	forwards to CBaseEntity::GetLastThink for the normal-think channel, same four-clock bookkeeping as GetLastUpdateThink
101a6480	rule	0-4	FElysiumNpc::GetLastMoveThink	forwards to CBaseEntity::GetLastThink for the move-think channel, same four-clock bookkeeping
101a64a0	rule	0-4	FElysiumNpc::LastAiThink	forwards to CBaseEntity::GetLastThink for the fourth (AI) think channel alongside GetLastUpdateThink/NormalThink/MoveThink
101a6620	rule	0-4	hand:FElysiumNpc::GetLocalScheduleId	forwards (vtable+0x910 result, param_1) into FUN_102ea280's linked-list range translation (walks nodes testing lo<=param_1<=hi, returns the translated id or -1); oracle docs/vtmb/npc-ai/senses.md:408
101a6640	rule	0-4	hand:FElysiumNpc::GetLocalTaskId	same FUN_102ea280 range-translation forward as 0x101a6620 but offsets the source pointer by +0x18 before the call
101a6840	rule	0-4	hand:FElysiumNpc::CanPlaySentence	forwards to slot 158 (vtable+0x278) and drops its own argument on the way - what the caller passed never reaches the callee, which is a fact a program can observe
101a6ce0	rule	0-4	hand:FElysiumNpc::Slot579	returns the logical negation of vtable+0x278's byte result (cVar1==0), wrapping another virtual query with a NOT
101a6d20	rule	0-4	registry:117	as 0x100b4340: CCineAI, CCineAISchedule and CCineNPC take the same slot-117 value
101a8840	rule	0-4	FElysiumNpc::FixScriptNpcSchedule	if param_1's field_0x5cc4 != 7, writes a hardcoded source path literal and line 0x3ca(970) into param_1's fields 0x1b3c/0x1b40 and sets field_0x5cc4=1 (a one-shot assertion/error-state tripwire), then always forwards to thunk_FUN_10280d30; oracle docs/vtmb/npc-ai/schedule-kernel.md:614
101aa7d0	rule	0-4	registry:117	as 0x100b4340: CPayphone takes the same slot-117 value
101aaee0	rule	0-4	FElysiumNpc::HasDialogSuppressFlag	CPayphone's slot-295 override is a seven-arm gate - null activator, the model at +0x128, the alive test 0x100b5190, +0x1088, bit 2 of +0x5b64, NO_DIALOG (+0x14b8 & 0x80000) and 0x102c1170 - and the port carries only the flag arm (HasDialogSuppressFlag, ElysiumNpc.h:823, which does cite this address). Downgraded from `present` on review: a partly ported gate is not a ported gate, and the six other arms are the row's remaining work
101bb5b0	mechanism	0-4	CRT:operator delete	classic MSVC scalar-deleting-destructor thunk: runs the destructor body FUN_1000cb8a then conditionally calls operator-delete-equivalent thunk_FUN_100aa7b0 when param_1&1 is set; Unreal's UObject GC/lifetime replaces this C++ ABI pattern entirely
101c10d0	rule	0-4	hand:FElysiumNpc::Slot135	computes a rebound blend fraction from m_flMoveReboundStartTime/Duration clamped to the duration, applies a cubic-minus-linear blend formula to interpolate SetLocalVelocity/SetLocalAngularVelocity toward m_vecFinalDest/m_vecFinalAngle using m_flMoveReboundVelocity/AngVelocity -- retail's named move-rebound easing
1025e780	rule	0-4	FElysiumNpc::FUN_1025e780	clears bit 0 of this->field_0x5f4c before forwarding to CAI_BaseNPC::thunk_FUN_100b5b00(this, param_2); a retail flag-reset-then-delegate rule scoped to CAI_BaseHumanoid
10269c70	present	0-4	Source/ElysiumUE/Private/Substrate/ElysiumSchedule.h:MaskHasCondition	port cite confirmed: ElysiumSchedule.h:579 names 0x10269c70 directly ("does the running program's mask list this condition"); also cited from ElysiumNpc.cpp:1202 (OnBumped) via ConditionInterruptsCurrentSchedule
10269d30	present	0-4	Source/ElysiumUE/Private/Substrate/ElysiumSchedule.h:HasInterruptCondition	port cite confirmed: ElysiumSchedule.h:611 names CAI_BaseNPC::HasInterruptCondition (0x10269d30) directly as the ported function
1026d9a0	rule	0-4	hand:FElysiumNpc::MeleeAttack1Conditions	scores a cover/position candidate: returns 9 or 0x60 against global thresholds on param_2, 0 if param_1 is below _DAT_104492d0, else checks an owner entity's vtable+0x51c gate and the target's FL_ONGROUND flag bit before returning 0x51/0
1026da90	rule	0-4	hand:FElysiumNpc::MeleeAttack2Conditions	sibling of 0x1026d9a0 using a different threshold constant (_DAT_1044c3a8) and no FL_ONGROUND check, returning a fixed 0x52 on success
1026db30	rule	0-4	hand:FElysiumNpc::CapabilitiesGet	aggregates this->m_afCapability with the active weapon's capability flags (vtable+0x5a0 on CBaseCombatCharacter::GetActiveWeapon) inside a debug scope-trace; retail's named CapabilitiesGet
102702d0	unsettled	0-4	-	the body is an `__ftol` with no visible argument compared against 0xfff0bdbd / 0xfff0bdbe / 0xfff0bdc0, which are x87 status-word artifacts rather than domain values; the real comparison is not recoverable from the C and the listing shows the same folded FPU sequence
10270820	rule	0-4	FElysiumNpc::GetUsedHullBits	ORs the base CBaseCombatCharacter::GetUsedHullBits() result with bit 0x1, forcing hull-bit 0 always set for these classes
10271ff0	present	0-4	Source/ElysiumUE/Private/Visual/ElysiumAnimationResolve.cpp:TranslateActivity	port cite confirmed: the comment at ElysiumAnimationResolve.cpp:601 names CAI_BaseNPC::TranslateActivity (0x10271ff0) directly as the source of the four-rung fallback-ladder order this function reproduces
10272790	rule	0-4	FElysiumNpc::ShouldMaintainActivity	returns 0 only when vtable+0x740's result equals the retail constant 4 and this->m_Activity != 2, else returns a truthy result
102741e0	rule	0-4	hand:FElysiumNpc::IsUnreachable	searches this->m_UnreachableEnts (count at field_0x5d54) for a stale or matching entry, comparing squared distance against the retail threshold _DAT_10499560 and removing entries via memmove compaction; retail's named per-NPC unreachable-entity cache used by pathing
10274aa0	present	0-4	Source/ElysiumUE/Private/Visual/ElysiumNpcActivityTables.cpp:GCoverBaseRules	port cite confirmed: the comment at ElysiumNpcActivityTables.cpp:207 names Cover_Base (0x10274aa0) directly as the source of the GCoverBaseRules table (medium/low cover for context 100/101, else ACT_COVER, else ACT_IDLE)
10274b30	rule	0-4	hand:FElysiumNpc::CalcIdealYaw	branches on this->m_pNavigator's state (thunk_FUN_102ee3f0 against retail constants 0x37/0x38) to choose how param_1 is transformed relative to the entity's origin before forwarding to thunk_FUN_101d2c70
10274ca0	rule	0-4	FElysiumNpc::SetDefaultEyeOffset	fetches the model's eye offset; if it equals the unset sentinel (DAT_1070d1b0/b4/b8) it DevMsg's "WARNING: %s has no eye offset in..." and falls back to an averaged, _DAT_104629b8-scaled value from vtable+0x270's two accessors; oracle docs/vtmb/npc-ai/schedule-kernel.md:609
1027a700	present	0-4	Source/ElysiumUE/Private/Substrate/ElysiumNpc.cpp:FElysiumNpc::OnScheduleChange	port cite confirmed: the comment at ElysiumNpc.cpp:3152 names "Base slot 435 (0x1027a700)" directly as the retail predecessor of this function's navigator notification
1027d9b0	rule	0-4	FElysiumNpcNavigator	a one-word setter on the navigator: `this->m_pNavigator (+0x5d34)->field_0x18 = param_1` through 0x102eeba0. The navigator is one of 29b's `absent` rows, so the seam it writes does not exist in the port yet
1027e740	present	0-4	hand:FElysiumNpc::GetStateName	0x1027e660 is the NPC_STATE name table - None/Idle/Combat/Alert/Script/Playdead/Prone/?/Fleeing/Retreating/Cowering/Hunting/Dialog/Oblivious/CriminalSuspicion, `__UNKNOWN__` past the end - and the port's `LexToString(EElysiumNpcState)` is the same table
1027e7d0	rule	0-4	hand:FElysiumNpc::GetNavTypeName	0x1027e760 is the navigation-type name table: Ground / two unnamed / Climb, with -1 answering the same empty string state 0 does and anything else `__UNKNOWN__`; the port has no navigation type to name yet
1027ede0	rule	0-4	hand:FElysiumNpc::GetShortConditionName	forwards param_1 (a condition id) to thunk_FUN_1027e7f0, retail's condition-id to short-name string-table lookup used for debug logging of schedule interrupts; the real recovered name confirms the concern even though the table body is not shown
1027efb0	mechanism	0-4	UE_LOG	a debug buffer-dump routine that chunks a long interrupt/condition string into <=0x1ff-byte DevMsg lines between "BEGIN/END BUFFER DUMP FOR %s" banners; developer diagnostic output only, no gameplay state; oracle docs/vtmb/npc-ai/shape.md:52
10280330	rule	0-4	hand:FElysiumNpc::IsCurTaskContinuousMove	returns 0 only when thunk_FUN_1028a150's result is non-null and its stored value is none of the retail constants 0x6e/0xb/0x72, else returns 1
10289f20	rule	0-4	FElysiumNpc::TranslateEnemyChasePosition	when thunk_FUN_1027d990 (navigator state) equals 2, offsets param_1 by the delta between two GetAbsOrigin-like calls (vtable+0x364 vs +0x304) and sets param_2 to a hull-radius value from thunk_FUN_102d61b0(this->m_eHull); else zeroes *param_3
10289fe0	rule	0-4	FElysiumNpc::GetScriptCustomMoveActivity	resolves the handle at param_1+0x5d74 to an entity, looks up an activity by the name stored at its field_0x5f50 via CBaseAnimating::LookupActivity, falling back to LookupSequence if not found, returning the id or fallback code 9
1028d860	present	0-4	hand:FElysiumNpc::Slot583	port cite confirmed: the comment at ElysiumEntityWorld.cpp:1774 names slot 583 (0x1028d860) directly as the dist-squared<=2048*2048 (_DAT_1049adfc=4194304.0) gate this function reproduces
1028d910	present	0-4	hand:FElysiumNpc::Slot584	port cite confirmed: ElysiumNpc.h:583 names slot 584 (0x1028d910) directly as the "every Last mirror := now" reset this function implements
1028dfb0	rule	0-4	hand:FElysiumNpc::TraceMessageBare	when param_1 is non-null: if the global dev-flag byte DAT_10920534 is set, copies up to 0x200 bytes via Q_strncpy and forwards to thunk_FUN_1027ee20, else calls DevMsg(param_1) directly -- a retail verbose-logging toggle
1028e870	unsettled	0-4	-	the decompiler bound the float at +0x62cc to `__return_storage_ptr__` and lost the comparison against _DAT_104454c4 in 0x1028e830; what the body answers on each side of that compare is not recoverable from the C
1028ea60	rule	0-4	FElysiumNpc::RecordCriminalWitness	writes an obfuscated word to +0x6364 - `(h & 0x68d8635 ^ 0xae8746f) + 0xffa91d8 & 0x197279ca ^ h ^ 0xa641cacd` over the hash 0x1042fde0 returns - the three-float record at +0x6380..+0x6388, and the entity index at +0x638c or -1 when there is no entity; the two bytes at +0x6360/+0x6361 come from locals the decompiler lost
102906a0	rule	0-4	FElysiumNpc::IsUpdateThinkDue	forwards the timer field at this+0x6244 into IsThinkDue (thunk_FUN_10290660, confirmed name), retail's "current time minus this timestamp < frame time" due-check for one specific cooldown channel; oracle docs/vtmb/npc-ai/lifecycle.md:149
102906c0	rule	0-4	FElysiumNpc::IsNormalThinkDue	same IsThinkDue forward as 0x102906a0 but over the timer field at this+0x6248 (a different cooldown channel); oracle docs/vtmb/npc-ai/lifecycle.md:149
10290700	rule	0-4	FElysiumNpc::IsAiThinkDue	same IsThinkDue forward as 0x102906a0/c0 but over the timer field at this+0x6250; oracle docs/vtmb/npc-ai/lifecycle.md:150
10293e80	rule	0-4	hand:FElysiumNpc::IsUnusableNode	when the pointer at param_1+0xa0 is set, returns the logical negation of thunk_FUN_102d1540(pointer, this); else returns false -- a null-gated negated relationship/ignore query
10295300	rule	0-4	hand:FElysiumNpc::TranslateEnemyChasePosition	Troika-line duplicate of 0x10289f20's formula: same navigator-state==2 gate, same origin-delta offset of param_1 and hull-radius write to param_2 via thunk_FUN_102d61b0(this->m_eHull)
10295ab0	present	0-4	Source/ElysiumUE/Private/Substrate/ElysiumNpc.cpp:FElysiumNpc::ClearScheduleHint	port cite confirmed: the comment at ElysiumNpc.cpp:2806 names 0x10295ab0 directly ("a missing hint performs no writes...") as the retail source this function reproduces
1029afc0	rule	0-4	hand:FElysiumNpc::ShouldIgnoreCollision	chains retail-specific gates: m_bForceNPCCheck and m_bfAINPCFlags bit 0x40 against the other entity's fields 0x94/0xa8/0x98, an m_hKickPhysicsProp handle-equality check, m_pHintNode's field_0x5dc range 0x283b-0x283e combined with the other entity's flag bits 0x14, flag bit 0x2 on the other entity, and field_0x1538/0x153c handle equality, falling back to CBaseAnimating::IsIgnoreCollisionEntity
1029b180	rule	0-4	hand:FElysiumNpc::NavIgnoreCollision	sibling of ShouldIgnoreCollision with the same m_bForceNPCCheck/m_bfAINPCFlags/m_hKickPhysicsProp gates, but its physics-prop check branches on this->m_bNavIgnorePhysicsProps (flag bits 0x12 vs 0x16) instead of the hint-node range test
1029f610	rule	0-4	FElysiumNpc::FUN_1029f610	when param_1 and its field+4 are non-null, checks that pointer against this->m_pNavigator's field+0x2c via thunk_FUN_10307ac0 and returns the boolean result, else returns false
1029f650	rule	0-4	FElysiumNpc::FUN_1029f650	resets the flag at this+0x65a0 to 0, then rolls a Random(0,99) (vtable via DAT_1070b244+8) against a data record's chance field at offset 0x46c (fetched by thunk_FUN_1029f6c0), setting the flag to 1 on success; oracle docs/vtmb/npc-ai/programs.md:485
1029f730	rule	0-4	FElysiumNpc::FUN_1029f730	returns 0 unless the flag at this+0x65a0 (set by 0x1029f650's roll) is set, in which case it returns a cached value at this+0x659c, computing and caching it via thunk_FUN_1029f6c0 if not already cached; oracle docs/vtmb/npc-ai/programs.md:525
1029f8d0	rule	0-4	hand:FElysiumNpc::OnVictimHitByMe	forwards param_1 and the address of this->field_0x6028 to thunk_FUN_1028b160; the real recovered name marks this as retail's victim-hit-by-me combat-feedback record write
102b3270	present	0-4	Source/ElysiumUE/Private/Substrate/ElysiumNpcConditions.cpp:ElysiumNpcCond::ShouldInvestigate	port cite confirmed: ElysiumNpc.h:198 names 0x102b3270 directly as ElysiumNpcCond::ShouldInvestigate, the interest predicate whose two operands are the investigate_mode/investigate_mode_combat keyfields
102b4c10	rule	0-4	hand:FElysiumNpc::FOkToMakeSound	slot 486 bool FOkToMakeSound(): forwards to thunk_FUN_102c1170, which checks held/frozen flags +0x64c0 and +0x64ec then two cached entity-handle fields (+0xfe8, +0x6554) through the entity-handle table; returns false (masked to 0) if any hold, else true (1).
102b5120	rule	0-4	hand:FElysiumNpc::Slot56	slot 56 void vfunc56(CBaseEntity*, Vector, Vector, const char*): if param_1's field+0x200 is set and param_1 matches the cached m_hLastEnemy handle, invalidates cached field +0x1a94 to 0xffffffff via thunk_FUN_10279b70(this, 0).
102b5360	rule	0-4	hand:FElysiumNpc::GetEnemy	slot 168 CBaseEntity* GetEnemy(): if slot 0x29c() returns 0 and m_bfNPCStateFlags bit 6 is set, resolves the cached m_hLastEnemy handle through the entity-handle table (PTR_DAT_10566458) and returns the live enemy pointer, else falls back to slot 0x29c()'s own result.
102b5900	rule	0-4	hand:FElysiumNpc::Slot602	slot 602 bool vfunc602(): gates on state bit +0x5b84&2, slot 0x494, and a non-null weapon-table pointer at +0x65e8; compares a doubled skill/ammo DAT threshold against +0x6268 via thunk_FUN_1025db50 (bounds check) or +0x6074 against curtime, then falls through to thunk_FUN_1025de90 (linear scan of an entity-handle array).
102b8980	rule	0-4	FElysiumNpc::AdvanceAlertLevelGrade	no named slot (slots is only listed for many species but unnamed in the surface); a small state machine over field +0x63f4 (set via thunk_FUN_102b5dc0) gated by flag +0x6340, mapping old state to a new one (1,2,3) and returning a literal grade char 'L'/'M'/'Q'(+bit from +0x5d8c&0x8000000).
102b93c0	rule	0-4	hand:FElysiumNpc::Slot607	slot 607 int vfunc607(): resolves the cached +0x647c enemy handle, computes squared distance between its and this' abs-origin (slot 0x364), and returns retail schedule-fail codes 0x10c/0x112/0x113/0x115 against thresholds +0x6484/+0x6488/+0x648c, stamping a debug scriptline (0x6090/0x6097/0x609d/0x60a2) and calling thunk_FUN_10279cc0 (writer of cached field +0x5ce4) on the miss branches.
102bf560	rule	0-4	FElysiumNpc::RecordDetectedAttack	slots is empty; if flag byte +0x65f5==0, resolves param_1 through thunk_FUN_102707d0 (a type-3 cast/redirect helper) and caches its vtable field 4 into +0x65c0 (or -1 if null), then stamps a cooldown expiry +0x65c4 = curtime + retail constant _DAT_10454110.
102c0010	present	0-4	ElysiumCombatCharacter.cpp:FElysiumCombatCharacter::TickGaze	port cites ElysiumCombatCharacter.cpp:755/758 and ElysiumPlayer.h:1746, naming this exact address as the fidget driver rewriting m_flEyeIntegRate (+0xe3c) every think from a disposition table; the port's Integrate/RateNow lambdas reproduce the two-branch rate selection this body's FUN_100ecdf0 call performs.
102c1230	rule	0-4	FElysiumNpc::ChangeStanceForReaction	oracle animation_and_movers.md:1924 names this ChangeStance: do{new=RandomInt(0,2)}while(new==m_CurrStance@+0x64c8), looks up a transition sequence via table 0x100ecfc0, writes the new stance to +0x64c8 and stamps +0x64e4=curtime; no port cite.
102c1c10	rule	0-4	hand:FElysiumNpc::GetExpressionEventParams	slot 347 is a FireKernelSlot stub only (no port cite); retail special-cases the knockback event (param_1==1) with fixed name/floats (1.0/0.25/0.8/0.5) extended by SelectHeaviestSequence/SequenceDuration over m_knockbackType, else forwards to CBaseCombatCharacter::GetExpressionEventParams.
102c1ec0	rule	0-4	FElysiumEntity::ScriptUnhide	port cites ElysiumNpc.cpp:3813 for the "reset think timers on wake" half only (via OnDormancyChanged); retail's Troika tail additionally restores the cine-hidden body's saved position/angle/pose into the cine handle's fields (+0x5f78..+0x5f8c) and re-holsters the active weapon, which is not evidenced in the port; could also be present given the citation.
102c2430	present	0-4	ElysiumNpcThinkCadence.cpp:ElysiumNpcThink::ShouldThinkFrequently	port cites ElysiumNpc.cpp:1259/1290, ElysiumNpc.h:597/607/613 and ElysiumNpcThinkCadence.cpp:66 all naming this exact address; the body's three gates (thunk_FUN_102c1170 held-check, m_scriptState range test on +0x5d70, absolute curtime compare against +0x65dc) match the port's documented three terms.
102c4380	rule	0-4	FElysiumNpc::FUN_102c4380	calls engine CBaseAnimating::StartIgnoringCollision(this, param_1) then stamps NPC field +0x6458 = 0x7f7fffff (FLT_MAX "never" sentinel); no port cite or shape-map member found for +0x6458.
102c48b0	rule	0-4	hand:FElysiumNpc::Slot608	slot 608 bool vfunc608(const char*): manually compares param_1 two bytes at a time against up to three candidate name globals (DAT_1090fbec/f0/f4) via thunk_FUN_1025e120, caching the winning pointer at +0x65e8/+0x65ec on match.
102c4ad0	rule	0-4	FElysiumNpc::SetJumpOriginAndTarget	slots is empty; stores this' abs-origin into +0x649c and param_2 into +0x64b4, computes a SQRT-based angle between this and param_1's abs-origin (PTR_thunk_FUN_10137220), and below threshold param_3 copies param_1's raw origin into +0x64a8, else an origin offset by delta*param_3 -- consumed later by CNPC_VAsianVampire::SetupJump which reads +0x649c/+0x64a8.
102c7410	rule	0-4	FElysiumNpc::StandoffVfunc3	CAI_StandoffBehavior's own vtable (slot 3 there, unrelated to the shared entity numbering); reads the owner's weapon-drawn cache (this[0x19]), checks a ranged-capability slot (0x804), SelectHeaviestSequence(owner,8,-1), and the owner's discipline-cast-counter==2 plus GetActiveWeapon before returning true/false; no port representation for CAI_StandoffBehavior.
102c7530	rule	0-4	FElysiumNpc::StandoffVfunc5	CAI_StandoffBehavior's own vtable slot 5; stops/clears the owner's held goal object at +0x5ddc (thunk_FUN_102d14c0/2d1450/2d1420) when live, zeroes it, copies this+0x50 into owner+0x5de4 and forces owner state field +0x1fc=2; no port representation for CAI_StandoffBehavior.
102c88c0	mechanism	0-4	CRT:operator delete	CAI_StandoffGoal's own destructor/cleanup (its vtable slot 5, a scalar deleting destructor shape): frees m_actors via Plat_Free (twice-guarded), calls FUN_1000cb8a(this), then conditionally thunk_FUN_100aa7b0(this) (delete-this) when bit 0 of param_1 is set -- the compiler-generated destructor pattern, nothing retail-specific beyond it.
102cd2d0	rule	0-4	FElysiumNpc::Spawn	CAI_StandoffGoal's own named Spawn (coincides with the shared slot-103 Spawn numbering but is a distinct retail function/class); calls CBaseEntity::ThinkSet(this,&LAB_10006672,0,nullptr) then m_flNextThink=curtime+retail constant _DAT_1044e658; no CAI_StandoffGoal port class exists, target is the closest declared name.
102d0860	rule	0-4	FElysiumEntity::ScriptHide	calls base CBaseEntity::ScriptHide then sets CAI_Hint's own m_iDisabled=1; the hint-node-specific half is not represented in the port (no CAI_Hint class), only the base ScriptHide exists.
102d0890	rule	0-4	FElysiumEntity::ScriptUnhide	calls base CBaseEntity::ScriptUnhide then clears CAI_Hint's own m_iDisabled=0; same caveat as ScriptHide, no CAI_Hint port class.
102d2ee0	rule	0-4	FElysiumEntity::ObjectCaps	slot 117 ObjectCaps; base CAI_BaseNPC::ObjectCaps returns 2 (ElysiumEntityCaps::AcrossTransition), CAI_Hint's override clears bit 1 (&0xfffffffd) giving 0; no CAI_Hint override exists in the port.
102d7290	rule	0-4	FElysiumEntity::ObjectCaps	same ObjectCaps bit-clear pattern (&0xfffffffd) as CAI_Hint, for CAI_TestHull; no CAI_TestHull override exists in the port.
102dbcb0	rule	0-4	FElysiumNpc::Precache	slot 104 Precache; retail precaches m_iszSoundLoop (warns via CBaseEntity::GetDebugName+Warning only when the name is invalid/empty) then always precaches m_iszSoundOnce, both through the engine sound-precache vtable (*DAT_1070b248+4); the warn-only-for-Loop asymmetry is a retail fact, no port cite.
102dbd50	mechanism	0-4	FElysiumSaveArchive	slot 126 Save; sandwiches CBaseEntity::Save between thunk_FUN_101cf250/thunk_FUN_101cf2f0, the generic Source SDK float-sentinel time-normalization helpers applied to field 3 (m_flOneOffSoundComplete) -- a pure engine save-time-encoding service, nothing retail-specific beyond the technique.
102dbda0	mechanism	0-4	FElysiumSaveArchive	slot 127 Restore; calls base CBaseEntity::Restore then thunk_FUN_101cf2f0 to decode the same time-sentinel field back, same generic save-time mechanism as Save.
102e1300	rule	0-4	IElysiumNpcMotor	CAI_Motor's own vtable slot 16; dispatches the owner's slot 0x3e4 for a speed magnitude (thunk_FUN_102e12e0), compares to threshold _DAT_1044fab0, then computes SQRT(vx^2+vy^2+vz^2) twice to derive a normalized deceleration bound against constants _DAT_1044fac0/_DAT_1044e664; no exact port method identified, could also be a different IElysiumNpcMotor member.
102e1440	present	0-4	Visual/ElysiumNpcBody.cpp:AElysiumNpcBody::Stop	CAI_Motor's own vtable slot 10; zeroes m_vecVelocity and forwards to the navigator's own stop (thunk_FUN_102ddc40 on owner+0x5d38); the port's IElysiumNpcMotor::Stop (AElysiumNpcBody::Stop) zeroes velocity via Movement->StopMovementImmediately()/Deactivate() and stops AAIController movement, called from OnDormancyChanged via Motor->SetEnabled.
102ef870	present	0-4	Visual/ElysiumNpcBody.cpp:AElysiumNpcBody::RefreshGroundSurface	port cites ElysiumNpc.cpp:207, ElysiumNpcBody.cpp:96 and ElysiumFootstepSenseTests.cpp:5 naming this exact address as the writer of the retail surfacedata_t cache (+0x5b90) that RefreshGroundSurface stands in for; move execution itself is delegated to UCharacterMovementComponent as the modernization, but the observable per-move surface publish is reproduced.
1032fb80	rule	0-4	hand:FElysiumNpc::SetPoseParameter	oracle animation_and_movers.md:702 identifies this as slot 345 SetPoseParameter(name,val,bool): resolves the pose-parameter name via LookupPoseParameter then dispatches slot 0x568 (the int overload, slot 346) with the resolved index; currently a FireKernelSlot stub, no port cite.
10344dd0	rule	0-4	hand:FElysiumNpc::Slot323	computes the 2D length of direction vector param_1; above threshold _DAT_1049e028, derives a facing angle via GetAbsAngles (slot 0x36c/219) and buckets it into one of four retail return codes (0/1/2/3) against angle thresholds _DAT_1049e8a4/_DAT_1049e8a0/_DAT_1049e89c; no port cite or oracle mapping found, best-guess target.
1034aa40	rule	0-4	FElysiumNpc::Precache	slot 104 Precache; iterates three weapon-sound globals (PTR_s_weapons_ar2_ar2_fire1_wav table) precaching each via *DAT_1070b248, then precaches its own model name (slot 0x24) via *DAT_1070b22c+0x34.
1034b3c0	rule	0-4	FElysiumNpcMaker::ParseMapData	slot 107 ParseMapData(CEntityMapData*); copies a KeyValue string (thunk_FUN_10136ec0, a plain field deref) into field_0x66cc up to and including a literal '}' terminator, sets m_sRefMapDataBuffer to that buffer or 0 if empty, then forwards to CBaseEntity::ParseMapData; the port's FElysiumNpcMaker does not yet implement this sub-block extraction.
1034d410	rule	0-4	FElysiumEntity::ObjectCaps	same ObjectCaps bit-clear pattern (&0xfffffffd) for CScriptedTarget; no CScriptedTarget override exists in the port.
10357760	rule	0-4	FElysiumNpc::WorldSpaceCenter	slot 192 WorldSpaceCenter is a stub only, no port cite; retail's CNPC_Crow override assembles a center point from three chained slot-0x370 dispatches (X, Y, Z-plus-retail-constant _DAT_1046bac0) rather than the base implementation.
10358c90	rule	0-4	FElysiumNpc::GetHintActivity	slot 567 GetHintActivity(short) is a stub only, no port cite; retail special-cases hint type 700 returning activity 0x22, else forwards to base CAI_BaseNPC::GetHintActivity (thunk_FUN_1026a8f0).
1035ad50	rule	0-4	FElysiumEntity::ObjectCaps	same ObjectCaps family as CAI_Hint/CAI_TestHull/CScriptedTarget but sets bit 3 (|8) instead of clearing bit 1, for CGeneric_NPC_bathack; no override exists in the port.
1035d010	rule	0-4	FElysiumNpc::SelectSchedule	retail-named; writes debug scriptline field +0x1b2c=4, then a strict priority ladder: not-activated returns 0x15b, dead returns 0x15e, else if not forced-teleport and hit-counter<hit-max checks thunk_FUN_1035e920 for 0x15d/0x15c, default 0x15a; literal retail schedule-id constants, no port cite.
1035e030	rule	0-4	FElysiumNpc::PositionClearForTeleport	retail-named; requires the 3D distance from param_1 to this' abs-origin be >= param_2, and the distance from m_vLastTeleportPosition to param_1 be >= retail constant DAT_104a6f7c, to return true; no port cite.
1035f5c0	rule	0-4	FElysiumNpc::TranslateEnemyChasePosition	slot 563 is a stub only, no port cite; if thunk_FUN_1027d990(this)==2, rewrites param_1 by the delta between the enemy's slot-0x364 origin and its slot-0x304 (attachment) position.
103618a0	rule	0-4	FElysiumNpc::IsPosNearStoredJumpPositions	retail-named; loops the two stored m_vLastJumpPosition entries, returns true if the 2D distance to param_1 is within retail constant _DAT_104a9308.
10361a70	rule	0-4	FElysiumNpc::SetupJump	retail-named; guarded by param_1!=0, stores this' abs-origin into m_vJumpOrigin and the hint node's abs-origin into m_vJumpTarget, computes m_fJumpHeight from the max of hint/this Z plus retail constant _DAT_104a9310, then calls thunk_FUN_102c4e80 (a leap-height prep helper).
10362430	rule	0-4	FElysiumNpc::GetJumpSchedule	retail-named; returns schedule 0x15b when the closest player's Z is below this' Z by more than retail constant _DAT_104a9314, else 0x15a.
10362540	rule	0-4	FElysiumNpc::UpdateMovedTimeStamp	retail-named; if the distance moved since m_vMovedPosition exceeds retail constant _DAT_104a931c, stamps m_fMovedTimeStamp=curtime and refreshes m_vMovedPosition.
10362730	rule	0-4	FElysiumNpc::StandingOnPlayer	retail-named; compares the 2D distance between this and the closest player against the sum of both collision-hull XY radii scaled by retail constant _DAT_104454d0, true when the bodies overlap.
103662d0	rule	0-4	FElysiumNpc::FUN_103662d0	shape.md:74 names the field (CNPC_VBaseBoss +0x665c) a CUtlVector of {EHANDLE, expiry} used to lock hints (Werewolf) and skip a thrown object for 20s (MingXiao); this is the "add" op -- doubling-growth Plat_Alloc/Realloc then appends {param_1, param_2+curtime}, writing directly into the NPC's own struct.
10366400	rule	0-4	FElysiumNpc::FUN_10366400	shape.md:75 "test and expire" companion to FUN_103662d0; if the head element hasn't expired (curtime<expiry) returns active/true, else swap-removes it via FUN_10430fa0 (memmove) and returns the removed state.
103675e0	rule	0-4	FElysiumNpc::RangeAttack1Conditions	slot 553 is a stub only, no port cite; forwards unconditionally to base CAI_BaseNPC::RangeAttack1Conditions (thunk_FUN_1026d890).
10367610	rule	0-4	FElysiumNpc::RangeAttack2Conditions	slot 554 is a stub only, no port cite; forwards unconditionally to base CAI_BaseNPC::RangeAttack2Conditions (thunk_FUN_1026d920).
1036dc60	rule	0-4	FElysiumNpc::GetFacingTimeToTeleport	retail-named; returns retail constant _DAT_104ada0c when hit-counter<1 and a stored enemy handle resolves with thunk_FUN_103160a0(...)>1, else returns _DAT_104ada08.
1036dd20	rule	0-4	FElysiumNpc::SpawnEnergyBall	retail-named; builds a spawn transform from a retail rotation-offset matrix (constants _DAT_104ada24/28/2c) applied to the muzzle attachment (slot 0x36c), calls CBaseEntity::Create("item_w_chang_energy_ball", ...) and fires the projectile at the closest player (slot 0x5d0) with retail speed constant DAT_104ada30 when that handle resolves.
1036e820	rule	0-4	FElysiumNpc::ReadyForUnited	retail-named; true only if thunk_FUN_1028a150(this) (the current schedule/state id) equals retail schedule 0x15a or 0x15b.
10374130	rule	0-4	FElysiumNpc::MaxYawSpeed	slot 516 is a stub only, no port cite; a state-id ladder (+0xfec) selecting between disposition-table yaw speeds (DAT_109247ec/DAT_10923e84 records) and retail literal fallbacks (_DAT_1049949c, _DAT_104492a8, _DAT_10462950), plus a +0x5d8c&0x2000 branch computing an absolute-value-scaled yaw speed clamped to _DAT_104454c0.
10376ae0	rule	0-4	FElysiumNpc::OnTakeDamage	slot 142 is a stub only, no port cite; forwards the damage info to a stored sub-object (slot 0x184) at its slot 0x238, always returning 0.
10376b10	rule	0-4	FElysiumNpc::OnTakeDamage_Alive	slot 390 is a stub only, no port cite; forwards through slot 0x184's own +0x9c sub-object to its slot 0x618, always returning 0.
103822a0	rule	0-4	FElysiumNpc::FUN_103822a0	CNPC_VHengeyokai's facing gate on m_hPickupTarget (+0x6664): UTIL_AngleDiff(UTIL_VecToYaw(target - me), GetAngles().y) must land inside [-20, +20] degrees (_DAT_1049ae98 = -20.0, _DAT_1044eb0c = 20.0, read from the image). Both early-outs -- a null argument and an unresolvable m_hPickupTarget -- answer MOV AL,1, the permissive arm. Name kept: the body writes no word and its concern is unsettled.
10382970	rule	0-4	FElysiumNpc::AddBlacklistedEntity	CNPC_VHengeyokai::m_BlacklistedEntities (+0x66a4), the boss's CUtlVector<{EHANDLE, expiry}> repeated at a species offset: append {entity, curtime + 20.0} (_DAT_1044eb0c). The CUtlVector grow arithmetic and its memmove are bookkeeping -- the move's length is ((size+1)-old)-1, zero on every path -- so the append and the stamp are the whole body. No de-duplication: a second add is a second row. RENAMED: writes the named word m_BlacklistedEntities.
10382aa0	rule	0-4	FElysiumNpc::IsEntityBlacklisted	The matching test-and-expire, byte-for-byte CNPC_VBaseBoss's 0x10366400 at +0x665c (family Species' row): not found is false; found and curtime < expiry is TRUE; found and expired SWAP-REMOVES the row with the last one and answers false. The rule is landed as a static over any such store so both species' arrays share it. RENAMED for the named word it walks.
10384760	rule	0-4	FElysiumNpc::TranslateEnemyChasePosition	slot 563; identical body to FUN_1035f5c0 (thunk_FUN_1027d990(this)==2 gate, same origin-delta rewrite), covering the CNPC_VHuman-derived species list instead of the animal one; stub only, no port cite.
103858b0	present	0-4	Visual/ElysiumNpcActivityTables.cpp:GClassTranslateHumanRules	port cites ElysiumNpcActivityTables.cpp:171/311 which encode this exact address's six ACT_*_ALERT->ACT_* rewrites (61->59, 62->60, 163->161, 164->162, 159->157, 160->158) before falling through to the Troika rule, matching the retail switch verbatim.
10385d70	rule	0-4	FElysiumNpc::Slot602	NOT DEFINED BY THIS FAMILY. It is 0x102b5900 (family TroikaHelpers' STUB SLOT 602 row) MINUS one short-circuit: the Troika body's early-out reads flag || GetFollowerBoss() || m_pAttackCoordinator == 0 and this one drops the third test, leaving 0x1025db50 and 0x1025de90 unguarded on the CNPC_VAndreiBlood line. TroikaHelpers must decide whether Slot602 can carry both; flagged rather than silently folded.
103945a0	rule	0-4	FElysiumNpc::SelectIdealState	slot 461 is a stub only, no port cite; sets debug scriptline +0x1b38=0x19, and unless slot 0x278 is true and slot 0x740==7, forces m_IdealNPCState=7 (line 0x5da); then if slot 0x29c (enemy check) is nonzero sets state 2 (line 0x5e0), else state 1 (line 0x5e4).
10394690	present	0-4	Visual/ElysiumNpcActivityTables.cpp:GClassTranslateMingXiaoRules	port cites ElysiumNpcActivityTables.cpp:189/318 encoding the identical six alert-turn rewrites for MingXiao verbatim (same six ACT_*_ALERT->ACT_* pairs), then the Troika fallback.
10394930	rule	0-4	FElysiumNpc::MaxYawSpeed	slot 516; between state-id range 0x112a-0x112d returns disposition-table field+0x48, else field+0x44, from the same DAT_10739d08 record CNPC_VDog's override also reads; no port cite.
10397f70	rule	0-4	FElysiumNpc::FUN_10397f70	CNPC_VMingXiao::Spawn/StartTask's rate pick: a proxy (m_iTentacleID != -1) answers Tuning[0x20] flat; the head answers max(Tuning[0x6c] + Tuning[0x70] * (6 - m_iConnectedTentacleCount), 0). Name kept.
10398030	rule	0-4	FElysiumNpc::FUN_10398030	CNPC_VMingXiao's six-way tentacle attack gate, shared by SelectSchedule and GatherConditions. Severed-mask gate (0x10398000), then the per-slot m_rflAttackTimers (+0x66c4) deadline, then the switch: slots 0/1 need [100, 300) units of m_flClosestPlayerDistance and answer 0x112a/0x112b, slots 2/3 need [100, 200) and answer 0x112c/0x112d, slots 4/5 need >= 150, a live m_hThrowObject and m_eThrowingTentacle == slot and leave the schedule at -1. Every arm also requires !m_bBlockedByFriend. A slot outside 0..5 falls through and answers TRUE with no schedule. Name kept.
103983d0	rule	0-4	FElysiumNpc::FUN_103983d0	CNPC_VMingXiao::RunTask's throw-force curve keyed on m_eThrowingTentacle. Recovered from the LISTING -- the decompiled C lost the jump table at 0x10398598 and the ST0 return and read the selector as a return-storage pointer. Slots 0..3 answer max(Tuning[0x74] + Tuning[0x78]*(6-count), 0) times a scale the distance picks from (0x38, 0x34) or (0x40, 0x3c); slots 4/5 answer max(a + b*(6-count), 0) from (0x84, 0x88) or (0x7c, 0x80) with NO second factor; anything else answers 20.0 (_DAT_1044eb0c). Name kept. NOTE: 29c's walk calls this a packed bool; it returns a float.
103989b0	rule	0-4	FElysiumNpc::FUN_103989b0	CNPC_VMingXiao's abeam test, also read from the listing (the decompiler dropped VectorNormalize 0x10137220): |delta.z| must be within 64.0 (_DAT_1049ae28, a double), the NORMALIZED 2-D direction dotted with m_vecForward (+0x6290) must be in [-0.17, 0.5] (_DAT_104bde64, _DAT_104454d0), and its dot with m_vecRight (+0x629c) picks tentacle 5 at or left of centre and tentacle 4 otherwise -- each only when 0x10398000 says that tentacle is still connected. Name kept; the pure rule is the static PedestalTaskForSide.
1039e310	rule	0-4	FElysiumNpc::SelectIdealState	slot 461 is SelectIdealState (confirmed via vtmb_slot); CNPC_VMingXiaoTentacle's override sets IdealNPCState=7 when NPCState or IdealNPCState is already 7, else checks the task pointer at +0x29c and sets IdealNPCState 2 (retail debug line 0x48d) or 1 (0x491); the +0x1b38/3c/40 writes are the retail SelectIdealState debug trace (m_SelectIdealStateTrace, already marked ABSENT/untracked in the shape map)
1039e800	rule	0-4	FElysiumNpc::Slot21	slot 21's base across the family is a no-op (CAISound::FUN_10026530) and CAI_BaseNPCTroika overrides it generically; CNPC_VMingXiaoTentacle further overrides it to fetch a companion/head object via thunk_FUN_1039ede0 and, if present, forward (this,param_1) to thunk_FUN_10397dd0 on it
1039e830	rule	0-4	FElysiumNpc::Slot22	slot 22, identical pattern to vfunc21: forwards to the companion entity via thunk_FUN_10397dd0 when thunk_FUN_1039ede0 finds one
1039e860	rule	0-4	FElysiumNpc::Slot23	slot 23, identical pattern to vfunc21/22
1039ebd0	rule	0-4	FElysiumNpc::CanStandOn	slot 166 is CanStandOn; returns false if param_1 equals the companion (thunk_FUN_1039ede0), else if param_1 is non-null calls its vtable+0x290 and returns false when that is false, else true, excluding the tentacle's own head/companion from the standable-on test
103a48b0	rule	0-4	FElysiumNpc::SpeciesIRelationType	slot 404's species body for the three CNPC_VPedestrian-line classes, ported by story 29c-1 as FElysiumNpc::SpeciesIRelationType in family Squad and dispatched from the slot method by story 29d (family Conditions10). Resolves m_hFriendPlayer through the entity handle table and answers 3 (D_LI) when the candidate matches it; otherwise answers 1 (D_HT) when the candidate is a CBaseCombatCharacter whose m_bIsBCCTargetable +0x1480 is set and 0x100b5190 (m_bScriptHidden +0xf4) is false; otherwise 4 (D_NU); a null candidate answers 0 (D_ER). RETARGETED at story 29d's close: the row named FElysiumNpc::IRelationType, which is now the slot-404 dispatcher rather than this body, so the target pointed at the caller instead of the arm.
103a49c0	rule	0-4	FElysiumNpc::AddExtraAnimationModels	slot 245's base is CBaseAnimating::AddExtraAnimationModels; CNPC_VPlayerController's override calls the base then, when the possession/master accessor at +0x184 returns a non-null object whose +0xa8 pointer is set, forwards the same models to that master's vtable+0x3d4, else logs DevWarning about adding extra animation models
103a4a60	rule	0-4	FElysiumNpc::RemoveExtraAnimationModels	corpus asm: CNPC_VPlayerController's slot 246 clears its own model list, asks slot 97 GetOwnerEntity, and forwards to the owner's +0xa8 object's slot 246; with no owner it warns "Player Controller NPC removing extra animations, but is not attached to a player. This is probably bad."
103a56f0	rule	0-4	FElysiumNpc::OnChangeActivity	slot 465; reads three species convar-like tables (DAT_1093c104/14c/1f4) to get a ground-speed threshold, a motion-trail id and a playback-speed scalar; when m_flGroundSpeed is at or below the threshold clears m_nMotionTrail and sets scalar -1.0, else sets the trail id and scalar from the tables, then calls the base CAI_BaseNPCTroika OnChangeActivity
103a7650	rule	0-4	FElysiumNpc::PrescheduleThink	slot 434 (declared in the generated slot surface); CNPC_VSabbatLeader's override is only the retail scope-trace wrapper and an unconditional forward to the boss-family CNPC_VAndreiBlood::PrescheduleThink implementation
103a76d0	rule	0-4	FElysiumNpc::HandleInteraction	slot 366 (declared); scope-trace wrapper that forwards unconditionally to CNPC_VAndreiBlood::HandleInteraction, the shared boss-family implementation
103aaf50	rule	0-4	FElysiumNpc::PlayerIsFacingMe	resolves the closest player handle, computes the dot of the player's forward vs the delta to self, gated behind a retail difficulty-style compare (_DAT_104c3ce4) and threshold (_DAT_104c3cf0), returning whether the player is facing this NPC
103ab580	rule	0-4	FElysiumNpc::CheckStuck	builds bounding boxes for the closest player and self from collision extents, tests overlap, and if stuck pushes self along the box-center delta scaled by retail constants (_DAT_104c3d14 floor, +_DAT_104454c0), clamped to not go below the player's box bottom, then calls the position setter at +0x360
103b0930	rule	0-4	FElysiumNpc::SelectCenterNode	walks the global node list (DAT_10925450), filters nodes of type 0x4651, and returns the one nearest the closest player by squared distance
103b0ab0	rule	0-4	FElysiumNpc::SelectLedgeNode	walks the global node list filtering type 0x4653, measuring distance from either the closest player or self (by param_1) and returning the nearest
103b0c70	rule	0-4	FElysiumNpc::PositionClearForTeleport	rejects a teleport position if it is within param_2 of self, within DAT_104c6124 of the last teleport position (m_vLastTeleportPosition), or within param_2 of the closest player
103b1300	rule	0-4	FElysiumNpc::SetupJump	computes m_vJumpOrigin/m_vJumpTarget from self and the hint node's positions, computes m_fJumpHeight as the higher of self/hint node height plus retail constant _DAT_104c614c, then calls thunk_FUN_102c4e80 to commit the jump
103b1680	rule	0-4	FElysiumNpc::CategorizeHeights	resolves the closest player, calls the CategorizeHeight helper once for the player's height and once for self's height into the two out-params
103b2590	rule	0-4	FElysiumNpc::RangeAttack1Conditions	slot 553 (declared); CNPC_VSheriffSwarm's override is an unmodified forward to CAI_BaseNPC::thunk_FUN_1026d890 with the same params, no species-specific change
103b25c0	rule	0-4	FElysiumNpc::RangeAttack2Conditions	slot 554 (declared); same unmodified forward pattern to CAI_BaseNPC::thunk_FUN_1026d920
103b9180	rule	0-4	FElysiumNpc::Slot593	slot 593 fills only CNPC_VTzimisce; calls the base CAI_BaseNPCTroika::thunk_FUN_1029a070 then sets five bound TargetLead* fields (+0x655c..+0x656c) to species-specific literal constants (about 0.0099, 1.0, 50.0, 50.0, about 0.0099), more than a plain return so not a registry row
103ba020	rule	0-4	FElysiumNpc::MaxYawSpeed	slot 516 (declared); for activities 1/0xfc/0xfd returns a fixed constant, for activity 0x13 a different fixed constant, otherwise (when the m_afMemory 0x2000 bit is set) computes abs(yaw-related result) times a species convar-table value (DAT_1093c9fc), clamped to a floor constant
103bdd10	rule	0-4	FElysiumNpc::GetEventName	slot 241 (declared); for event ids 2-8 copies a fixed retail string (START_IDLE/FIDGET/RUN/LANDHARD/ATTACK/ATTACKBIG/POUNCE) into the caller buffer, else falls back to CBaseAnimating::GetEventName
103bf200	rule	0-4	FElysiumNpc::FUN_103bf200	implements a CUtlVector-style grow-then-insert (start size 4, double, or grow by a caller increment) into the array at +0x6690/+0x6694/+0x669c, writing the new element's id (param_1) and an expiry time computed as world time plus retail constant _DAT_1044eb0c
103bf330	rule	0-4	FElysiumNpc::FUN_103bf330	looks an entry up by index (thunk_FUN_103bf3c0) in the array from FUN_103bf200; if its stored time is still in the future returns true, otherwise removes it via a memmove and decrements the count
103bf580	rule	0-4	FElysiumNpc::TranslateNavGoalPosition	slot 410 (declared); when m_ePathMode==1 forwards to the current task's destination (+0x370), when m_ePathMode==2 and m_hPickupTarget resolves returns m_vecPickupTargetPos, otherwise returns the caller's goal unchanged
103c1b10	rule	0-4	FElysiumNpc::FUN_103c1b10	fills CNPC_VTzimisceHeadClaw#602; compares EnemyDistUnits-like field (+0x6268) against double a species convar (DAT_10924a1c) and, if under threshold and the attack coordinator (+0x65e8) reports unavailable (thunk_FUN_1025db50 false), returns false, else forwards to thunk_FUN_1025de90 on the coordinator
103c3ab0	rule	0-4	FElysiumNpc::FUN_103c3ab0	identical body to FUN_103c1b10, filling the same slot for CNPC_VTzimisceRunner#602
103c6680	rule	0-4	FElysiumNpc::DistToHintCenterLine2D_3	projects param_3 onto the line through param_1 with direction param_2, computing the 2D-plus-scaled-Z squared distance to the hint centerline with retail scale _DAT_104454c4 baked in
103c6b70	rule	0-4	FElysiumNpc::DistToSegment	classic point-to-segment distance: degenerate segment returns 0 (below _DAT_104ce8c0 length-squared), otherwise projects and clamps t to a retail-bounded range (_DAT_104454c4.._DAT_104454c0) before taking sqrt of the clamped-point distance
103ce9b0	rule	0-4	FElysiumNpc::SelectScheduleForHint	reads a hint's group (+0x5dc) and returns fixed schedule ids for groups 0x3aa4/0x3aa5/0x3aaa, else compares self's saved position (bound SavePosition +0x5dd0) to current position against m_flGoalTolerance and returns schedule 0x15a or 0x15b
103d4760	rule	0-4	FElysiumNpc::ClearTeleportHint	if m_pTeleportHint is set, calls thunk_FUN_102d1420(hint,0.0) to release it then clears the pointer
103d5f60	rule	0-4	FElysiumNpc::OnChangeActivity	slot 465; CNPC_VWerewolf's override is only the scope-trace wrapper and an unconditional forward to CAI_BaseNPCTroika::OnChangeActivity, no species-specific change
103d8550	rule	0-4	FElysiumNpc::IsValidBreakHint	returns false for a null hint or when thunk_FUN_102d14c0(hint) is true (hint already used/invalid), otherwise true only if the hint's group (+0x5dc) equals 0x3aa3
103dd900	rule	0-4	FElysiumNpc::FUN_103dd900	fills CNPC_VYukie#600; if the active weapon's flag word has bit 0x18000 set and the "already fled" byte (+0x6078) is false, sets it true, rolls a retail time window (0x41b40000/0x42340000 = 22.0/45.0 range), stores expiry (+0x6074) and fires a species event (DAT_10924edc), returning true
103e0980	rule	0-4	FElysiumNpc::FUN_103e0980	if param_1==4 rerolls it to RandomInt(1,3) (retail random state choice), stores it at +0x6678, and for values 2/3/5/6 calls thunk_FUN_102ae840(this,1,0), a retail state-dependent side effect
10026b50	mechanism	0-4	hand:FElysiumNpc::Slot88	slot 88 is a bare one-line forward (return thunk_FUN_10146700(&this->field_0x1b0)) shared unmodified by roughly 80 unrelated non-NPC classes (props, triggers, items) as well as the whole AI family; no retail constant or NPC-specific state, just a generic field-pointer accessor
10099540	rule	0-4	hand:FElysiumNpc::HasLayer	slot 270 (declared); calls vtable+0x43c(param_1) (a layer lookup) and returns whether the result is not -1, the retail "found" convention
100995e0	rule	0-4	hand:FElysiumNpc::RemoveLayerByOwner	slot 274 (declared); calls the same layer lookup then, if found, zeroes m_angPrevSeqAngles at the two retail offsets (index*0xc+10 and +7)
100b4c00	rule	0-4	hand:FElysiumNpc::EarPosition	slot 196 (declared); calls vtable+0x304(param_1) for its side effect (fills the out-vector) and returns the same pointer, the base EarPosition wiring to an attachment lookup
100b70e0	rule	0-4	hand:FElysiumNpc::ProcessSequenceSceneEvent	slot 290 (declared); guards on the event struct being non-null with a non-null handle field and a non-negative count field before converting the handle (thunk_FUN_1007dfa0) and dispatching via thunk_FUN_10076280
101828b0	rule	0-4	FElysiumNpc::UpdateClosestNpc	private look-target cache backing AddLookTarget: resolves the currently cached entity handle, on mismatch or invalidity resets the +0x1cc0/1cc4/1cc8 cache, then accepts param_1 as the new cached target (refreshing the cached time via thunk_FUN_10182a90) when it wins on retail visibility/model checks against the previous cached entity
101a89a0	rule	0-4	FElysiumNpc::RemoveIgnoredConditions	slot 459 (declared); when not already in the state (thunk_FUN_101a8930 false) and m_hTargetEnt resolves to a cine partner (+0x94), clears interrupt bits 0x4c,0x4d,0x4e on the partner, clears its byte flag at +0x5b80, then clears bits 0x1e,0x1f,0x21,0x72,0x20,0x22,0x25,0x26,0x27,0xa on the partner too
101aa950	rule	0-4	FElysiumNpc::Slot35	slot 35's base across the huge shared vtable is generic (CAISound::FUN_100266d0/ObjectCaps-style for most classes); CPayphone's override returns a fixed capability bitmask 0x2f gated on a species convar validity check (DAT_10924a1c); could also be a not-yet-modeled FElysiumInteractable concern since CPayphone is not part of the FElysiumNpc species data
101aae60	rule	0-4	FElysiumEntity::EyePosition	slot 193's base (0x100b4b40) is already FElysiumEntity::EyePosition per the kernel index; CPayphone's override looks up bone "Phone_bone_01" and returns its position, falling back to the base EyePosition when the bone is missing
1025f760	rule	0-4	FElysiumNpc::AddLookTarget	slot 536 (declared, entity overload); removes any existing array entry for the same resolved entity handle, then grows/inserts a new record storing the entity id, priority (param_2), start time (now) and end time (now+param_3), and rate (param_4/param_3)
1025f8e0	rule	0-4	FElysiumNpc::AddLookTarget	slot 535 (declared, vector overload); same array management but matches an existing entry by stored position instead of entity handle
1026a0f0	present	0-4	ElysiumSchedule::EffectiveInterrupts	port cites ElysiumNpc.cpp:3236, ElysiumNpcConditions.cpp:677, ElysiumSchedule.h:473 (+2 more) and oracle cite conditions-and-states.md:678; the comment at ElysiumNpcConditions.cpp:677 names this exact retail function (0x1026a0f0) and its once-per-think caching of m_ScheduleTestBits as what EffectiveInterrupts reproduces
1026b480	rule	0-4	hand:FElysiumNpc::SetAim	slot 539 (declared); converts the aim vector to pitch/yaw (thunk_FUN_10139970) and sets pose params "aim_pitch"/"aim_yaw" via vtable+0x564, with yaw forced to 0, a retail fixed-yaw aim pose wiring
1026dc80	rule	0-4	hand:FElysiumNpc::ClearAttackConditions	slot 560 (declared); clears the fixed retail interrupt-bit list 0x4f,0x50,0x51,0x52,0x2e,0x2f,0x62,0x63,0x64,0x65,0x66
1026e5c0	rule	0-4	hand:FElysiumNpc::ClearSenseConditions	slot 477 (declared); clears a run of 0xe (14) condition bits via a retail table pointer (thunk_FUN_10269bd0(this,0x105c97dc,0xe))
10270840	rule	0-4	FElysiumNpc::FCanCheckAttacks	slot 564 (declared); short-circuits false when the schedule kind (thunk_FUN_1027d990) is 3, else requires it not be 1 and requires condition 0x46 true and condition 0x55 false
102729d0	rule	0-4	FElysiumNpc::GetNavTargetEntity	reads the motor's path-follow mode (+0x5d34) and switches: mode 2 resolves Enemy(+0x5ce0), mode 1 forwards through vtable+0x928, mode 7 resolves via the same enemy-handle path, default resolves TargetEnt(+0x5ce4), all resolved through the global entity handle table
10273e80	present	0-4	ElysiumNpcConditions.cpp:CompleteTaskUnlessFailed	port cites ElysiumNpcConditions.cpp:565/.h:415; the retail body is `CAI_BaseNPC::TaskComplete(false)` (0x10273e80): sets fTaskStatus=COMPLETE unless COND_TASK_FAILED already stands, reproduced verbatim by CompleteTaskUnlessFailed
10273fc0	present	0-4	FElysiumNpc::TaskFail	the kernel index (slot 448) records "ported in story 13"; port cites ElysiumNpc.cpp:2750, ElysiumNpcEnemy.cpp:460, ElysiumSchedule.cpp:958 and oracle cites schedule-kernel.md:284/302/570 confirm TaskFail is already ported
10274080	rule	0-4	FElysiumNpc::RememberUnreachable	grows/searches an array at +0x5d48 (explicitly unbound/ABSENT in the shape map) of entity/expiry/position records: refreshes expiry to now+_DAT_10449258 for a matching entity, else appends a new record with the entity's id and current position (vtable+0x364)
10274db0	rule	0-4	FElysiumNpc::EyeOffset	slot 533 (declared); when the debug-overlay bit 0x8000000 is set and the activity param is 0x57 or 8, returns a fixed override vector (0,0,1.5), else returns m_vDefaultEyeOffset
10278090	rule	0-4	hand:FElysiumNpc::CanPlaySequence	slot 482 (declared); if m_hCine resolves and its dynamic-interaction check (thunk_FUN_101a8ac0) fails returns 0, else requires vtable+0x278 true and, unless overridden by param_1, requires the NPC not be in a blocking state (0/1) or in state 3 below param_2
10278c60	rule	0-4	FElysiumNpc::ShouldMoveAndShoot	slot 575 (declared); returns bit 6 of the capability word from vtable+0x804
10278c80	rule	0-4	FElysiumNpc::FacingIdeal	reads the motor's yaw-delta (thunk_FUN_102e1f90), takes its absolute value and compares it to retail tolerance _DAT_10499568
10279d00	present	0-4	hand:FElysiumNpc::ShouldChooseNewEnemy	port cites ElysiumNpcEnemy.h:53 and oracle cites social.md:95; slot 480's kernel index declares `bool ShouldChooseNewEnemy()`, matching this retail body's early-out on bfAINPCFlags2 0x10000 and enemy-visibility/condition gating (0x43/0x45/0x5b/0x58)
1027a420	rule	0-4	FElysiumNpc::ShouldPlayIdleSound	slot 509 (declared); gates on NPCState in {1,3}, spawnflag bit 1, BCC-targetable flag, dialog-partner resolution and IsBusyWithDiscipline, then special-cases schedule task id 0x12f to weight 0x14 vs default weight 999 before calling a retail probability helper (DAT_1070b244+8)
10280300	rule	0-4	hand:FElysiumNpc::IsMoving	slot 153 (declared); forwards to the navigator/motor's thunk_FUN_102ee680(m_pNavigator), a one-line delegate to the motor's own moving check
10280880	rule	0-4	hand:FElysiumNpc::IsJumpLegal	forwards to thunk_FUN_10280790 with retail hull-jump thresholds 80.0/250.0/160.0 tested against the jump start/apex/end points; stub at ElysiumNpcKernelSlots.cpp:3930 (slot 521, sdk-named) not yet filled
10280f40	rule	0-4	FElysiumNpc::NextScheduledTask	advances the running task index at +0x5c40, clears +0x5c44, and when thunk_FUN_10280db0 reports the task count exhausted stamps FailedSchedule/InterruptSchedule (+0x5f38/+0x5f3c) and raises condition 0x5d (TASK_FAILED); oracle schedule-kernel.md:354, not yet ported
10280ff0	present	0-4	ElysiumSchedule.cpp:797	ElysiumSchedule.cpp:797 and :822 cite CAI_BaseNPC::IsScheduleValid (0x10280ff0) directly by address for the DELAY_INTERRUPTS/TaskFailed routing this body implements
1028a2a0	rule	0-4	FElysiumNpc::PreSelectSchedule	sets error-trace field +0x1b2c=1, then checks conditions 0x73 (sets gravity 1.0, vtable+0x340(0)), 0x75 and 0x30 in order, returning distinct retail fail codes 0x3a/0x151/0x3e; stub at ElysiumNpcKernelSlots.cpp:3303 not yet filled (a different retail override, 0x102ae920, fills the same slot for CAI_BaseNPCTroika and is not this row)
1028e700	rule	0-4	FElysiumNpc::RefreshOccludedCondition	gates condition param_1; when set, a sentinel *param_2 is replaced with OccludedDelay (+0x62c8, FElysiumNpc) plus curtime, then the condition is cleared via thunk_FUN_10269b50 once curtime passes that stamp; no port or oracle citation, unrecovered, target is a best guess
10290720	present	0-4	ElysiumNpcThinkCadence.cpp:95	port cites ElysiumNpcThinkCadence.cpp:95 and ElysiumNpcThinkCadenceTests.cpp:6 by address; body (stripped of VProf scaffolding) computes the next update-think delta from +0x6244/+0x6254 with the retail 0.03/8.0 clamps, matching the cited implementation
10290b60	present	0-4	ElysiumNpcThinkCadence.cpp:118	port cites ElysiumNpcThinkCadence.cpp:118 and :133 and ElysiumNpcThinkCadenceTests.cpp:6 by address; body computes the next normal-think delta from +0x6248/+0x6258 with the frenzy/backup branch (+0x5b84 bit3, +0x14bc bit2), matching the cited implementation
10291230	present	0-4	ElysiumNpcThinkCadence.cpp:150	port cites ElysiumNpcThinkCadence.cpp:150 and ElysiumNpcThinkCadenceTests.cpp:7 by address; body computes the next AI-think delta from +0x6250/+0x6260 with the same frenzy-branch pattern as CalcNextNormalThink, matching the cited implementation
102953e0	rule	0-4	hand:FElysiumNpc::CanSeekCover	gates condition 0x48, compares m_flCanSeekCoverTimer to curtime, and inside a retail 5-second slop window (_DAT_104454c0) also requires condition 0x4f before answering false; stub at ElysiumNpcKernelSlots.cpp:4486 not yet filled; oracle programs.md:788
10298800	rule	0-4	FElysiumNpc::EnterAlternateAi	clears bShouldMove (+0x1a40=0, FElysiumNpcScheduleHost), stops the motor chain (+0x5d34) via thunk_FUN_102ee2a0, then sets AlternateAi (+0x644c=1, FElysiumNpc); no port or oracle citation, unrecovered, target is a best guess
1029a050	rule	0-4	hand:FElysiumNpc::GetUsedHullBits	forwards to CBaseCombatCharacter::GetUsedHullBits then unconditionally ORs in bit 0, the retail-specific addition over the engine query; stub at ElysiumNpcKernelSlots.cpp:2563 (slot 337) not yet filled
1029f940	rule	0-4	hand:FElysiumNpc::OkToInterruptForMelee	gates on thunk_FUN_1028a190 then whitelists m_Activity against an explicit retail activity set (1,9,0x13,0x30,0x4b,0x4d; ranges 0x73-0x8a, 0xcb5, 0xd25, 0x1121, 0x1157-0x1158) to decide melee-interruptibility; stub at ElysiumNpcKernelSlots.cpp:4468 (slot 590) not yet filled
1029fb70	rule	0-4	hand:FElysiumNpc::Slot317	unconditionally clears condition 10 via thunk_FUN_10269a20, then if condition 0xc is set clears it too and reports true, else reports thunk_FUN_10269c70(0xc); stub at ElysiumNpcKernelSlots.cpp:2396 (slot 317, identity unsettled in 29b) not yet filled
102a0bc0	rule	0-4	FElysiumNpc::ResolvePedestrianPathNode	for a valid task-hint struct (index +0x10, +0x30 set, flag bit2 at +0x28), when the motor (+0x5d34) reports path-type 8, resolves an entity by index through the retail handle table and, if thunk_FUN_102f96e0 finds a matching path node, bit-tests its retail flags (0x10 shifted by a truncated float) before forwarding to thunk_FUN_102a0b90; companion to UpdatePedestrianInfo (0x102a0d20); no port or oracle citation, unrecovered, target is a best guess
102a0d20	rule	0-4	FElysiumNpc::UpdatePedestrianInfo	when the motor's navigator type (+0x5d34) is 8, clears conditions 0x10/0x12/0x13, then on the crosswalk-info flag bit (m_bfAINPCFlags bit2) once NextCrosswalkUpdateTime elapses, re-arms it to curtime+5s and sets condition 0x13, or else clears the flag and sets condition 0x12, gated by a traffic bit test; oracle programs.md:163, no port citation, unrecovered
102ad0c0	rule	0-4	hand:FElysiumNpc::CanBeSetOnFire	gates condition 0x30, then answers true only once the retail fire-immune timer (+0x65bc) has expired against curtime; stub at ElysiumNpcKernelSlots.cpp:4659 (slot 615) not yet filled; oracle schedule-kernel.md:610
102ad110	rule	0-4	hand:FElysiumNpc::Slot616	companion setter to CanBeSetOnFire: clears condition 0x30 and arms the fire-immune timer (+0x65bc) to curtime plus retail constant _DAT_10463584; stub at ElysiumNpcKernelSlots.cpp:4667 (slot 616) not yet filled; oracle schedule-kernel.md:610
102ad140	present	0-4	ElysiumNpcConditions.cpp:ElysiumNpc::BuildScheduleTestBits	slot 453 is one of 29b's SLOT_PORT_MAP rows: the port runs it as FElysiumNpc::BuildScheduleTestBits, and ElysiumNpcConditions.h:129 and ElysiumSchedule.cpp:256 cite 0x102ad140 for the COMFORT / SQUAD_SEE_ENEMY / HEAR_FLINCH / NPC_FREEZE overlay this body assembles
102ad260	rule	0-4	FElysiumNpcMind::RequestDesiredState	gates condition 0x21; when set and CurrentState (+0x5cc0, FElysiumNpcMind private) is not already nav-type 8, ORs flag 0x100 into +0x14b8, records source line 0x4468 in the unbuilt ideal-state trace, and forces DesiredState (+0x5cc4) to 8, returning 8; no port or oracle citation, unrecovered, target is a best guess
102ad2d0	rule	0-4	FElysiumNpcMind::RequestDesiredState	identical to FUN_102ad260 but gated on condition 0x1f (source line 0x447d) instead of 0x21; forces DesiredState (+0x5cc4) to 8 the same way; no port or oracle citation, unrecovered, target is a best guess
102b2570	rule	0-4	FElysiumNpc::RefreshCombatConditions	clears conditions 0xe/0xf; on bInMelee (+0x6078), re-raises 0xe when a retail attack timer (+0x606c vs +0x5d9c, or +0x1488 reload period) elapses and a 20-in-100 roll (cond 0x5f) or a 1-in-11 roll with frenzy bit +0x5b84 0x400 clear and conditions 9/0x60/0x51 clear passes; separately re-raises 0xf once the weapon-block timer (+0x1564) passes and the active weapon flags (vtable+0x5a0 bit0x1e) mark it suppressed; no port or oracle citation, unrecovered, target is a best guess
102b4090	present	0-4	ElysiumNpcSenses.cpp:936	FElysiumNpcSenses::CommitBestSound (ElysiumNpcSenses.cpp:936) is the declared port of this exact retail chain (ElysiumNpcSenses.h:130-143 name LastSoundCombat/BulletImpact/Danger/PhysicsDanger and BestSound as its inputs/output); oracle senses.md:244
102b50b0	rule	0-4	hand:FElysiumNpc::Slot54	when param_1 matches the current schedule task identity (vtable+0x29c) and +0x5c38 (FElysiumScheduleState::Current) is set, answers the thunk_FUN_10269c70(0x47) condition result, else defaults to true; stub at ElysiumNpcKernelSlots.cpp:422 (slot 54) not yet filled
102b5880	rule	0-4	hand:FElysiumNpc::Slot601	clears +0x6078=0; if vtable+0x4d0 (an in-air/posture check) is true, rolls RandomFloat(5,10) into MeleeCanEnterTimer (+0x6070) as curtime+delta; if a stored pointer at +0x65e8 is set, forwards to thunk_FUN_1025ddd0; stub at ElysiumNpcKernelSlots.cpp:4552 (slot 601) not yet filled
102b6fe0	rule	0-4	FElysiumNpc::MeleeScheduleFailureGate	gates condition 0x48 (falling back to 0x3a), then vtable+0x4d0; when true and bInMelee (+0x6078) is set, calls vtable+0x964(param_1) before recording source line 0x5a5f or 0x5a77 and returning fail code 0xe9, else records 0x5a69/0x5a81 and returns 0xcd/0xce; no port or oracle citation, unrecovered, target is a best guess
102b8320	rule	0-4	hand:FElysiumNpc::Slot606	after gating conditions 0x48/0x59 and flags (+0x5b84 bit0x100, +0x14bc bit0x40000, +0x14b8 bit0x10000000, each with its own fail code), rolls RandomInt(0,99) against four per-instance thresholds at +0x6420/+0x6424/+0x6428/+0x642c, with condition 0x31 (SquadSeeEnemy) selecting between two threshold tables, returning a distinct failure code per bucket; stub at ElysiumNpcKernelSlots.cpp:4595 (slot 606) not yet filled
102b8a10	rule	0-4	FElysiumNpc::IdleSequenceGate	gates condition 0x58, then answers schedule fail (code 8, source line 0x5f20) only when CBaseAnimating::SelectWeightedSequence finds a sequence for retail activity constant 0x61; oracle conditions-and-states.md:103, no port citation, unrecovered, target is a best guess
102b8c40	rule	0-4	FElysiumNpc::CacheDamagePosition	gates conditions 0x4c/0x4d, clears bCondTookDamage (+0x5b80=0), copies LastDamageAttackPosition (+0x5b9c, FElysiumNpcMemory) into SavePosition (+0x5dd0, FElysiumNpc), and records fail code 0x8a; no port or oracle citation, unrecovered, target is a best guess
102bf510	rule	0-4	hand:FElysiumNpc::ShouldMaintainActivity	if the current schedule task (thunk_FUN_1028a150) exists and its id is 0xb9 answers that pointer, else if m_bForceMaintainActivity is set answers true, else forwards to CAI_BaseNPC::thunk_FUN_10272790; stub at ElysiumNpcKernelSlots.cpp:3512 (slot 466) not yet filled
102bf5d0	rule	0-4	FElysiumNpc::AlertNearbyAlly	for a live target whose CurrentState (+0x5cc0) is one of 1/3/0xb and vtable+0x650 says not-dead, alerts it (thunk_FUN_102bf560) when either the squared distance between the two GetAbsOrigin calls (vtable+0x364) is under retail constant _DAT_1049aea0, or a line-of-sight test (vtable+0x324 mask 0x2804091, then vtable+0x5ac) passes; no port or oracle citation, unrecovered, target is a best guess
102bf6e0	rule	0-4	hand:FElysiumNpc::ResolveTaskDistance	disassembly shows a 4-entry table selecting one of +0x6484/+0x6488/+0x648c or the constant 1.0 (0x1044e664) by (int)param_1 + 1000008, falling back to CAI_BaseNPC::thunk_FUN_102702d0 for any other value; stub at ElysiumNpcKernelSlots.cpp:3162 (slot 418) not yet filled
102bf7e0	rule	0-4	FElysiumNpc::ResumeScheduledMove	if the motor (+0x5d34) reports thunk_FUN_102ee2e0, it is stopped via thunk_FUN_102ee2c0, then bShouldMove (+0x1a40, FElysiumNpcScheduleHost) is unconditionally set true; the counterpart to FUN_10298800's clear-and-handoff; no port or oracle citation, unrecovered, target is a best guess
102c0420	rule	0-4	hand:FElysiumNpc::ShouldTransmit	gates on thunk_FUN_102c1170 (answers hidden-from-network true) before falling back to the engine's CBaseCombatCharacter::ShouldTransmit; a retail-specific gate wrapping a mechanism call; stub at ElysiumNpcKernelSlots.cpp:658 (slot 86) not yet filled
102c12a0	rule	0-4	hand:FElysiumNpc::Slot611	the port citations (ElysiumAnimationDriver.cpp:778, .h:272, test:4308) quote this address only as the retail fact that disposition idle plays stance clips by name, used to justify the port's claim-slot base-channel modernization; the function's own RandomInt(1,100) probability-table clip reselect (thresholds +0x64c0/+0x64c8/+0x64e4, stance flags +0x64e0/+0x64e1) is not itself reproduced; stub at ElysiumNpcKernelSlots.cpp:4635 (slot 611) not yet filled
102c2300	present	0-4	ElysiumNpc.cpp:3585	FElysiumNpc::IsValidStealthKillTarget (ElysiumNpc.cpp:3585) cites this exact address and reproduces its bHidden/DialogName/bInvincible/state gates verbatim, noting the debug ConVar relaxation and CNPC_VGhoulCroucher's IsDisturbed short-circuit are deliberately not ported
102c5570	rule	0-4	FElysiumNpc::ShootTargetFalloff	computes whether the squared distance from the current schedule task's hint/target position (resolved via vtable+0x29c and a node lookup, or ShootTargetOverride +0x5ba8) to GetAbsOrigin (vtable+0x364) is under retail constant _DAT_104454c4; no port or oracle citation, unrecovered, target is a best guess
102c7600	rule	0-4	FElysiumNpc::StandoffSelect	a standoff-behavior state machine over conditions 0x40/0x3f/0x4c/0x48/0x4f/0x51/0x60, RandomInt(0,99) rolls against per-instance thresholds, and hint-node timers (+0x9c), returning distinct schedule/task-continue codes 0x17/0x25/0x21/0x29 or falling back to base CAI_Behavior::vfunc13; no port or oracle citation, CAI_StandoffBehavior unrecovered in the port, target is a best guess
102c7960	rule	0-4	FElysiumNpc::StandoffVfunc20	if Current schedule (+0x5c38) equals thunk_FUN_102cc1f0(this,0x17) (task id 0x17's schedule), clears condition 0x54; no port or oracle citation, CAI_StandoffBehavior unrecovered in the port, target is a best guess
102c79a0	rule	0-4	FElysiumNpc::StandoffVfunc21	byte-identical body to vfunc20 (0x102c7960): clears condition 0x54 when Current schedule matches thunk_FUN_102cc1f0(this,0x17); no port or oracle citation, CAI_StandoffBehavior unrecovered in the port, target is a best guess
102d08c0	rule	0-4	FElysiumNpc::HintKill	corpus asm: CAI_Hint::Kill (slot 119) is `JMP [[this] + 0x134]` - a hint node's Kill is slot 77 ScriptHide, not the entity teardown every other class runs there
102d3ec0	rule	0-4	FElysiumNpc::HintOnRestore	after the CAISound base handler, resolves the hint's owning node (thunk_FUN_102d3e60) and, if found, emits a sound at the node's stored position (vtable+0x2d4) and claims the node for this hint (writes this into the node's CAI_Hint* slot at +0xa0), else logs the retail "AI hint has incorrect origin" warning; no port or oracle citation, CAI_Hint unrecovered in the port, target is a best guess
102d7760	rule	0-4	FElysiumNpc::IsJumpLegal	same thunk_FUN_10280790 geometry as CAI_BaseNPC::IsJumpLegal (0x10280880) but with the debug/test-hull's generous 1024/1024/1024 thresholds instead of 80/250/160; CAI_TestHull is not a spawnable species in the port's roster, so this variant of shared slot 521 is unreachable there
102df320	present	0-4	ElysiumNpcEnemyMemory.cpp:63	FElysiumNpcEnemyMemory::Refresh (ElysiumNpcEnemyMemory.h:40, .cpp:63) cites this exact address and states its recovered rule verbatim ("only invalid/dead entries leave the list, time never removes a record, losing sight only leaves position intact"), matching the body's null-handle removal and free-knowledge-window position refresh
102e1110	rule	0-4	FElysiumNpc::MotorResetToDefault	resolves the navigator (thunk_FUN_102e2610), pushes its move type via vtable+0x4d8, resets motor state (thunk_FUN_102e2840), zeroes the facing/move vector (thunk_FUN_102e2690 against a zero constant), and sets gravity back to 1.0 (field_0x4+0x3ec); a retail reset-motor-to-default sequence; no port or oracle citation, unrecovered, target is a best guess
102e1270	rule	0-4	FElysiumNpc::FUN_102e1270	zeroes a local vector and calls thunk_FUN_102e2690 (CBaseEntity::SetAbsVelocity(0,0,0)) then forces activity 0x30 via the owning entity's vtable+0x4d8 (ForcePreTranslatedSequenceAndActivity); fills CAI_Motor#8 (also CAI_HumanoidMotor#8), a retail motor full-stop
102e2180	rule	0-4	FElysiumNpc::FUN_102e2180	compacts this->m_facingQueue (stride 0x24), dropping entries thunk_FUN_102d8b50 marks expired via thunk_FUN_102e2b10, then walks the remainder computing a running weighted average of target-minus-self position deltas with weight fVar1=thunk_FUN_102d8bc0(entry) blended against the accumulator by (1-fVar1) using retail constant _DAT_104454c0(1.0); fills CAI_Motor#15, retail facing-queue smoothing
102e2580	rule	0-4	FElysiumNpc::FUN_102e2580	computes a base speed via thunk_FUN_102e12c0(this), clamps it to an upper bound read from this vtable+0x40, then floors it against a lower bound thunk_FUN_102d61b0(this->field_0x8) (a hull-table height-range lookup); fills CAI_Motor#17
102eea70	rule	0-4	FElysiumNpc::FUN_102eea70	calls thunk_FUN_102eeb70(this), which resets navigator distance/goal fields at +0x54(-1),+0x58(-1.0),+0x60(-1.0) and clears the list at +0x28 via thunk_FUN_102ddc40, then sets this->field_0x1c=1; fills CAI_Navigator#7, a retail navigator stop-and-mark-dirty rule
102eeac0	rule	0-4	FElysiumNpc::FUN_102eeac0	byte-identical body to 0x102eea70 (same thunk_FUN_102eeb70 reset plus field_0x1c=1) but fills the distinct CAI_Navigator#11 slot, a second retail entry point sharing the stop-and-mark-dirty reset
103105d0	present	0-4	ElysiumNpcSenses.cpp:FElysiumNpcSenses::TickHearing	port cite confirmed: ElysiumNpcSenses.cpp:881 names CAI_Senses::GetClosestSound 0x103105d0 directly, and the surrounding TickHearing code (lines 879-886) reproduces its prefer-my-enemy-else-nearest record-update rule
103577d0	rule	0-4	FElysiumNpc::FUN_103577d0	forwards param_1 unconditionally to this object's own vtable slot 0x300/4=192 (CNPC_Crow::vfunc192 @ 0x10357760) and returns param_1; a same-object vtable forward chain, the forward is the retail behaviour; fills CNPC_Crow#197
1035ddd0	rule	0-4	FElysiumNpc::SelectTeleportNodeAndreiRule	resolves the closest player via the handle table, walks the global entity list DAT_10925450 for nodes of type 17000 or 0x4269, picks nearest-or-farthest by squared XY distance depending on a coinflip iVar5=(*DAT_1070b244+8)(0,1), gating each candidate through PositionClearForTeleport, and on no player caches this->m_vLastTeleportPosition from the current origin instead; retail VAndreiBlood teleport-node selection
1035fd40	rule	0-4	FElysiumNpc::FUN_1035fd40	validates this->m_hCine through the handle table and thunk_FUN_101a8ac0 to upgrade the result flag from 1 to 2, then gates on vtable+0x278, then for param_1==0 refuses (returns 0) when m_NPCState is not in {0,1} and m_IdealNPCState!=1 and not (m_NPCState==3 with param_2>=1), masking off state 4; byte-identical to 0x103850a0/0x10396e90/0x103bd270, retail's shared cine/state interruptibility predicate; fills 5 species' #482 slot
10361be0	rule	0-4	FElysiumNpc::SelectScheduleMeleeCombat	VAsianVampire melee sub-schedule FSM: gates on m_bInMelee, tests ranged-vs-melee capability (vtable+0x95c/0x4d0), branches to a jump schedule via thunk_FUN_10269aa0(this,0x59), a height-diff timer against gpGlobals->curtime with random duration (*DAT_1070b244+4)(3.0,4.0), and the suppress-ranged flag, writing schedule ids (0xe4,0x15c,0x1ff,0xe7,0xca,0xcb,0xdd,0xdc,199) plus trace fields field_0x1b30/34
103629d0	rule	0-4	FElysiumNpc::PositionClearForTeleport	returns false if IsPosNearStoredJumpPositions(param_1) is true or the closest player's squared XY distance to param_1 is >= param_2, else compares this->GetAbsOrigin (vtable+0x364) squared XY distance to param_1 against param_2, returning true only when strictly closer
1036d600	rule	0-4	FElysiumNpc::UpdateFacingTimer	if the player-relative delta's Z is within _DAT_104ada10 and its horizontal length is within [_DAT_104ad9fc,_DAT_104ada14) and the yaw delta (via the player's vtable+0x36c orientation) is within _DAT_104ada18, leaves this->m_fFacingTime untouched (early return); otherwise resets m_fFacingTime to gpGlobals->curtime (*(DAT_1070b228+0xc))
1036e160	rule	0-4	FElysiumNpc::SetupSuperJump	when param_1!=0.0, caches this->m_vJumpOrigin from GetAbsOrigin and this->m_vJumpTarget from the hint node's origin, computes this->m_fJumpHeight as (a Z-threshold chosen from _DAT_104ada1c/_DAT_104ada20 by |deltaZ| vs _DAT_104ada3c) + deltaZ, then plays activity 0x7b via thunk_FUN_10269b50 and calls thunk_FUN_102c4e80; retail super-jump setup
1036e8c0	rule	0-4	FElysiumNpc::KillCenterEmitter	resolves this->m_hCenterEmitter through the handle table and, if valid, calls its vtable+0x3c8 (kill/stop) then thunk_FUN_100fbbb0(entity,0.1), a 0.1s retail fade-and-remove delay
1037c2f0	rule	0-4	FElysiumNpc::GhoulCroucherScriptUnhideTail	pushes a debug scope trace, calls the base CAI_BaseNPCTroika::thunk_FUN_102c1ec0 unhide, then resolves this->m_hBurningParticle through the handle table and calls its vtable+0x138 (kill) if the handle resolves to a non-null entity; retail unhide-and-clear-burning-particle sequence
1037cdf0	rule	0-4	FElysiumNpc::BuildScheduleTestBits	after CAI_BaseNPC::thunk_FUN_10280fb0, branches on m_NPCState: state 1 sets test bit 0x27; state 3 or 0xb compares this->m_iPLInvestigateLevel/m_iPLCriminalFleeLevel/m_iPLCriminalAttackLevel/m_iPLSupernaturalFleeLevel/m_iPLSupernaturalAttackLevel against the closest player's threat levels (thunk_FUN_1017de60/ddd0/dd80) or this->m_fHatesPlayer to set bits 0x1e-0x22/0x5a/0x6f or clear them; retail per-state schedule-interrupt test-bit construction for CNPC_VGuard1
10380f90	rule	0-4	FElysiumNpc::NavIgnoreCollision	species gate: ignores collision unconditionally when the other entity's flag byte at +0x4c has bit 0x16 set, else falls back to the base CAI_BaseNPCTroika::thunk_FUN_1029b180 NavIgnoreCollision; fills CNPC_VHengeyokai#69
103850a0	rule	0-4	FElysiumNpc::CanPlaySequenceSpecies	Slot 482 CanPlaySequence(bool, int) for CNPC_VAndreiBlood and 41 other classes of the same human line, byte-identical to the base 0x10278090, to CNPC_VAnimal's 0x1035fd40 and to CNPC_VTzimisce's 0x103bd270; landed as one method plus a two-row species table. RENAMED to the census's own name for slot 482.
10385cf0	rule	0-4	FElysiumNpc::FUN_10385cf0	Slot 601's CNPC_VAndreiBlood-line body (38 classes). TWO recovered differences from the Troika line's 0x102b5880, both ported: it fires the global melee-left event DAT_10924edc+4 FIRST (the Troika body fires nothing), and its forward into 0x1025ddd0 carries no m_pAttackCoordinator != 0 guard. Otherwise: clear m_bInMelee, and on slot 308 HasUsableRangedWeapon stamp m_flMeleeCanEnterTimer with curtime + RandomFloat(5, 10). Name kept: slot 601 has no retail name.
1038e340	rule	0-4	FElysiumNpc::SelectSchedule	ManBat's schedule selector: falls to schedule 0x158/0x159 unless navigator state (thunk_FUN_1027d990) is 2 and an obfuscated hash of this->field_0x6670 (thunk_FUN_1042fbf0 with retail constants 0x710935/0x148739/0x4094ab/0x18ef6ca/0x412a96ec) matches a fixed target 0xfa0b0694, then further gates on condition 0x4d and a dev-flag check before rolling Random(1,10) ((*DAT_1070b244+8)(1,10)) to pick among schedule ids 0x15c/0x15d/0x161/0x163/0x159, writing this->m_iMoveGoalNodeID=1 on the early-out paths
1038fb20	rule	0-4	FElysiumNpc::PhysicsTraceEntityManBat	CNPC_VManBat#102, the Troika-line Physics_TraceEntity (0x100ab450) with the freshly built CTraceFilterSimple's vtable pointer overwritten by vftable_CTraceFilterManBatNoIBeamEntity (0x104bc6b0) before the sweep. That vtable's two bodies were read from the image: GetTraceType is return 0, and ShouldHitEntity (0x10006c4e) refuses any entity whose m_iName (+0x26c) matches "lbeam*" (DAT_10642d28) under retail's NameMatches, falling through to CTraceFilterSimple otherwise. The filter is ported as the static ManBatTraceFilterShouldHit. RENAMED to the census's own name for slot 102.
103951d0	rule	0-4	FElysiumNpc::GetShortConditionName	switches condition ids 0x77-0x7e to CNPC_VMingXiao-specific debug strings (DAT_10647194..10647178), falling back to the base CAI_BaseNPC::thunk_FUN_1027ede0 GetShortConditionName lookup for all other ids
10396dc0	rule	0-4	FElysiumNpc::FUN_10396dc0	CNPC_VMingXiao::SelectSchedule's grabbed-object arm: with a live m_hThrowObject (+0x6718) and m_eThrowableObjectMode (+0x673c) STRICTLY inside (2, 5) -- modes 3 and 4 only -- condition 0x7b answers schedule 0x15c and then 0x7c answers 0x15d, else 0. The selector trace it writes to +0x1b30/+0x1b34 is ABSENT in this runtime's shape map. Name kept.
10396e90	rule	0-4	FElysiumNpc::CanPlaySequenceSpecies	CNPC_VMingXiao's copy of the same body, the second row of that table.
10396fd0	rule	0-4	FElysiumNpc::NavIgnoreCollision	byte-identical species gate to 0x10380f90 (flag bit 0x16 on the other entity's +0x4c byte, else base thunk_FUN_1029b180); fills CNPC_VMingXiao#69
1039eb50	rule	0-4	FElysiumNpc::ShouldIgnoreCollision	when param_1!=0 and (its field+0x9c==0 or this->m_bIgnoreCollision==0), falls back to base CAI_BaseNPCTroika::thunk_FUN_1029afc0 ShouldIgnoreCollision, else always ignores (returns true); fills CNPC_VMingXiaoTentacle#68
1039eb90	rule	0-4	FElysiumNpc::NavIgnoreCollision	same m_bIgnoreCollision/field+0x9c gate as 0x1039eb50 but falls back to the base thunk_FUN_1029b180 NavIgnoreCollision; fills CNPC_VMingXiaoTentacle#69
1039ece0	rule	0-4	FElysiumNpc::GetShortConditionName	switches condition ids 0x77-0x79 to CNPC_VMingXiaoTentacle-specific strings (DAT_1064a42c/30/34), else falls back to the base CAI_BaseNPC::thunk_FUN_1027ede0 lookup
1039ef90	rule	0-4	FElysiumNpc::FUN_1039ef90	calls a global interface accessor (*DAT_10924a6c+4) for its side effect, sets condition 0x78 via thunk_FUN_10269a20, then copies 3 floats from *param_1 into this->field_0x668c/0x6690/0x6694, a retail cached-position write with 2 direct callers
103a9540	rule	0-4	FElysiumNpc::SelectTeleportArchway	walks DAT_10925450 for node type 0x3e82, keeping the entry with minimum |yaw-delta-to-closest-player| among candidates whose squared XY distance exceeds _DAT_104c3cbc; returns null if no closest player resolves
103a9760	rule	0-4	FElysiumNpc::SelectDiveInPoint	after gating on the player-relative XY distance exceeding _DAT_104c3d00, walks node type 0x3e85 candidates whose squared XY distance to the player exceeds _DAT_104c3cfc and whose forward-facing dot product against the this->GetAbsOrigin delta exceeds _DAT_104c3ce4, keeping the minimum |yaw-delta|+sqrt(distSq) sum
103a9ad0	rule	0-4	FElysiumNpc::SelectDiveOutPoint	sibling of SelectDiveInPoint: same node type 0x3e85 and _DAT_104c3cfc distance-squared gate, minimizing |yaw-delta|+sqrt(distSq) without the forward-facing dot filter
103aa060	rule	0-4	FElysiumNpc::SelectScheduleMeleeCombat	VSabbatLeader melee sub-schedule FSM: gates on m_bInMelee and ranged capability, thresholds m_flEnemyDist against 2x a convar/table value, tests condition 0x48/0x51/0x59/0x60/9, and a height-diff timer against gpGlobals->curtime plus Random(3.0,4.0), writing schedule ids (0x4f4,0xe7,0xcd,0xdd,0x15b,199,0xcb) and trace fields 0x1b30/34
103aad40	rule	0-4	FElysiumNpc::SetJumpVelocityTowardPlayer	computes a lead position by scaling the closest player's velocity delta by retail constant DAT_104c3cb8, offsets the player's origin by it, forwards the result plus this->GetAbsOrigin/facing to thunk_FUN_102c4cc0 (retail jump-arc solver) and applies the result via CBaseEntity::SetAbsVelocity
103ad6d0	rule	0-4	FElysiumNpc::ShouldIgnoreCollision	returns true when param_1 equals a fixed global entity index from thunk_FUN_101cda50, else falls back to the base CAI_BaseNPCTroika::thunk_FUN_1029afc0 ShouldIgnoreCollision; fills CNPC_VRat#68
103af960	rule	0-4	FElysiumNpc::SelectScheduleMeleeCombat	VSheriffMan melee sub-schedule FSM: same m_bInMelee/ranged-capability gate pattern as VAsianVampire/VSabbatLeader but with its own schedule id set (0xe9,0x15a,0xdc,0xdd,199,0xca,0xcb), condition tests 0x59/0x51/9/0x1a/0x60/0x48, and the shared height-diff timer/Random(3.0,4.0) pattern
103b0630	rule	0-4	FElysiumNpc::SelectTeleportNodeSheriffRule	VSheriffMan variant: walks node types 17000/0x4653/0x4652, gates each via PositionClearForTeleport(node,DAT_104c6124), scores by |yaw-delta|*DAT_104c6d40*_DAT_1044a2bc plus (min(distSq,DAT_104c6144)/DAT_104c6144)*DAT_104c6d3c, keeps the minimum-score node, then caches this->m_vLastTeleportPosition and this->m_fLastTeleportTime=gpGlobals->curtime; a distinct weighting formula from VAndreiBlood's SelectTeleportNode
103b1510	rule	0-4	FElysiumNpc::CacheFloorHeights	calls SelectCenterNode then, if found, caches its Z (vtable+0x364,+8) into this->field_0x66e8; calls SelectLedgeNode('\0') and if found sets this->field_0x66e7=1 and caches its Z into this->field_0x66ec
103bd270	rule	0-4	FElysiumNpc::FUN_103bd270	byte-identical body to 0x1035fd40/0x103850a0/0x10396e90 (cine-handle upgrade, vtable+0x278 gate, NPCState interruptibility test); fills CNPC_VTzimisce#482
103bfa00	rule	0-4	FElysiumNpc::NavIgnoreCollision	byte-identical species gate to 0x10380f90/0x10396fd0 (flag bit 0x16, else base thunk_FUN_1029b180); fills CNPC_VTzimisce#69
103bfd80	rule	0-4	FElysiumNpc::WeaponShootPositionTzimisce	for m_Activity==0x106 or 0x107, transforms param_2 by the entity's basis vectors (vtable+0x374) scaled by two attachment-interface offsets (DAT_1093cbac/bf4/cc3c) with different combination math per activity, else falls back to the base CBaseCombatCharacter::Weapon_ShootPosition; retail per-activity aim-origin override for CNPC_VTzimisce
103c1ad0	rule	0-4	FElysiumNpc::FUN_103c1ad0	clears this->field_0x6078 to 0 then unlinks/relists this via thunk_FUN_1025ddd0(this->field_0x65e8,this); simpler #601-family sibling of 0x10385cf0 without the random-duration branch; fills CNPC_VTzimisceHeadClaw#601
103c3a70	rule	0-4	FElysiumNpc::FUN_103c3a70	sets this->field_0x6678=-1, clears field_0x6078 to 0, then unlinks/relists via thunk_FUN_1025ddd0(this->field_0x65e8,this); #601-family sibling of 0x10385cf0/0x103c1ad0 with an extra reset field; fills CNPC_VTzimisceRunner#601
103c6570	rule	0-4	FElysiumNpc::DistToHintCenterLine2D	transforms the target's origin (vtable+0x364) and orientation (vtable+0x36c) into a local 2D frame then forwards to DistToHintCenterLine2D_3 with param_2; retail 2D distance-to-hint-centerline geometry for CNPC_VVampireBoss
103c7150	rule	0-4	FElysiumNpc::KillBodyEmitters	iterates the 4-entry this->m_hParticleEmitters array, resolving each handle through the handle table and, when valid, calling its vtable+0x3c8 (kill) then thunk_FUN_100fbbb0(entity,0.1); same 0.1s fade-and-remove pattern as KillCenterEmitter
103d0640	rule	0-4	FElysiumNpc::GetShortConditionName	switches condition ids 0x77-0x7b to CNPC_VWerewolf-specific debug strings (DAT_106623d0..c0), else falls back to the base CAI_BaseNPC::thunk_FUN_1027ede0 lookup, wrapped in a debug scope-trace push using this->m_iName
103d45c0	rule	0-4	FElysiumNpc::SetTeleportHint	Werewolf-only method (no slot); sets m_pTeleportHint/+0x66b0 to the new hint, calling ClearTeleportHint on any prior hint first and clearing m_bRandomHint; no port citation.
103d4690	rule	0-4	FElysiumNpc::ClearMoveHint	Werewolf-only method (no slot); releases m_pMoveHint/+0x66bc via its release hook (thunk_FUN_102d1420 with 0.0), clears the pointer, then clears condition 0x78 via the retail ClearCondition pattern (thunk_FUN_10269b50); no port citation.
103d4a20	rule	0-4	FElysiumEntity::ScriptUnhide	Fills slot 78, which 29b names FElysiumEntity::ScriptUnhide (walked 0x102c1ec0, the exact address this override calls); delegates to the base then resets werewolf morph-timer fields +0x66a4/+0x66d4/+0x66d8 to 0 and stamps +0x66ec with curtime (DAT_1070b228+0xc).
103d9ab0	rule	0-4	FElysiumNpc::ShouldIgnoreCollision	Fills slot 68, a FireKernelSlot-only stub in 29b's slot surface; returns true when the other entity's +0x4c flag bits 0x16 or GetFlags2 bit 3 are set, else falls to the base check at 0x1029afc0.
103d9ba0	rule	0-4	FElysiumNpc::NavIgnoreCollision	Fills slot 69, a stub in 29b; same flag tests as ShouldIgnoreCollision, else falls to base 0x1029b180.
100ab450	mechanism	0-4	hand:FElysiumNpc::Physics_TraceEntity	Fills slot 102 (Physics_TraceEntity) across 76 classes; the whole body is a debug scope-trace push/pop wrapper around thunk_FUN_101cd110, which issues the physics trace itself through the engine trace-service vtable (DAT_1070b254+0x14); nothing else in the body.
100b5e60	rule	0-4	FElysiumNpc::AddSceneEvent	Fills slot 286 (AddSceneEvent, a stub in 29b) for CAI_BaseHumanoid/CBaseFlex/CBasePlayer/etc; queues a choreo scene event into the entity's event array (+0xa58/+0xa5c/+0xa60/+0xa64/+0xa68), growing it by doubling or by a fixed step and inserting the record via a memmove (FUN_10430fa0); CAI_BaseNPCTroika overrides the same slot elsewhere (0x102c1680, not in this pack).
100b7040	rule	0-4	hand:FElysiumNpc::ProcessGestureSceneEvent	Fills slot 291 (ProcessGestureSceneEvent, a stub in 29b, exact address match); recomputes a gesture's cycle from CBaseAnimating::SequenceDuration and m_flAnimTime and re-applies it via thunk_FUN_10076280.
100e4840	rule	0-4	FElysiumNpc::DialogGotoLineForResponse	Scans the current node's response table for the entry whose id matches the requested response's target id and returns its goto-line; on no id, negative index, or no match it falls back to the FIRST response's goto-line and logs a "Could not find response" console warning. No equivalent in ElysiumDlg.cpp, which builds visible choices by author order rather than this id lookup.
100e58e0	rule	0-4	FElysiumNpc::DialogMessageSend	corpus asm: CDialog::message_send resolves the speaker handle at +0x4, pushes the response text through the console under "\n\n NPC Response: %s", writes line 0 then lines 1..m_LineCount (+0x2834) into the sheet, and takes the has-reply branch (notify the speaker, close on 0) against the no-reply branch (close on 1, +0x406b(1), +0x10df7(0)); a CDialog body reached through a numeric offset collision, owned by spec 0004's dialogue session rather than the NPC kernel
100e82d0	present	0-4	ElysiumDlg.cpp:FElysiumDlgConversation::EnterNpcLine	Retail bsearches the response table by node id then collects up to 4 passing (pc_passes_dependency) rows. The port's EnterNpcLine walks the candidate rows after the NPC line and evaluates each row's gate the same way, but explicitly drops retail's 4-response wire cap as a named modernization (M-CAP, logged not enforced); cited at ElysiumDialogueWidget.cpp:87,336 and ElysiumDialogueUITests.cpp:336.
101a6c00	rule	0-4	hand:FElysiumNpc::SquadSlotName	Fills slot 546, which 29b names SquadSlotName (a stub); looks the squad-slot index directly up in the global squad-slot name table (DAT_10936c74, seeded with "SQUAD_SLOT_ATTACK1"/"SQUAD_SLOT_ATTACK2" by FUN_10316e80) via thunk_FUN_102ea020.
101a6d70	rule	0-4	FElysiumNpc::HeadDirection3D	Fills slot 371 (a stub in 29b) for CCineAI/CCineAISchedule/CCineNPC; tail-calls through the same object's own vtable at +0x5c4, which is slot 369 (BodyDirection3D) -- cine NPCs default head direction to body direction, the forward is the whole behaviour.
101aa820	rule	0-4	FElysiumNpc::HeadDirection3D	Same +0x5c4 forward to slot 369 (BodyDirection3D) as CCineNPC's override; a payphone's head direction is its body direction.
101aaf80	rule	0-4	FElysiumNpc::PassesFindEntityFOVTrace	Fills slot 45 (a stub in 29b); computes the Manhattan distance between the two entities' eye positions against a retail threshold (DAT_1047a3b0), and only under it calls thunk_FUN_10240250 with both entities' forward/eye vectors as the actual FOV cone test.
1025e4e0	rule	0-4	FElysiumNpc::StudioFrameAdvance	Fills slot 250 (StudioFrameAdvance, a stub in 29b); clears bits 0-1 of +0x5f4c (a cached eye/head-direction-valid flag) before delegating to the base StudioFrameAdvance at 0x10098bb0, forcing the cached vectors to recompute on next read.
1025e8e0	rule	0-4	FElysiumEntity::EyePosition	Fills slot 193 (EyePosition, a stub in 29b, walked from 0x100b4b40); refreshes the cache via thunk_FUN_1025e7b0 then returns the cached vector at +0x5f50/+0x5f54/+0x5f58.
1025f0b0	rule	0-4	FElysiumNpc::EyeDirection3D	Fills slot 373 (EyeDirection3D, a stub in 29b, walked from 0x1026b240); refreshes via thunk_FUN_1025e7b0 then returns the cached vector at +0x5f5c/+0x5f60/+0x5f64.
1025f160	rule	0-4	FElysiumNpc::HeadDirection3D	Fills slot 371 for CAI_BaseHumanoid, the real implementation (not the body-direction forward); refreshes via thunk_FUN_1025e7b0 then returns the cached vector at +0x5f68/+0x5f6c/+0x5f70.
102623c0	rule	0-4	FElysiumNpc::TaskComplete	CAI_Motor forwards a bool through its owner back-pointer (+0x4) to TaskComplete (0x10273e80, named in docs/vtmb/npc-ai/schedule-kernel.md) -- the motor signalling its owner that a motor-driven task finished. TaskComplete itself is only referenced in a comment in the port (ElysiumNpc.cpp:2844), not yet callable.
1026aef0	rule	0-4	FElysiumNpc::GetBestSound	Fills slot 474 (GetBestSound, a stub in 29b) for the base classes; forwards to m_pSenses's best-sound accessor (thunk_FUN_103104f0) and logs a "NULL Return from GetBestSound" dev warning on null.
1026af30	rule	0-4	hand:FElysiumNpc::GetBestScent	Fills slot 475 (GetBestScent, a stub in 29b, exact address match); identical shape to GetBestSound but against the scent accessor, with its own "NULL Return from GetBestScent" warning string.
1026af70	rule	0-4	hand:FElysiumNpc::SetHeadDirection	Fills slot 537 (a stub in 29b, exact address match); when capability flag bit 0x1000 (+0x804) is set, integrates m_flHeadYaw and m_flHeadPitch toward the look target through a per-tick decay/lerp loop clamped to [0,360), then commits both angles via thunk_FUN_10095cb0.
1026d050	present	0-4	ElysiumNpc.cpp:FElysiumNpc::DisconnectFromSquad	Retail increments the disconnect refcount (+0x5bb0) and, on the 0->1 edge, actually leaves the squad object (+0x5da4) and logs. The port (ElysiumNpc.cpp:2827) increments ScheduleHost.SquadDisconnected and sets D_DISCONNECT_SQUAD every call, documenting that no local squad object exists yet to leave.
10272130	rule	0-4	FElysiumNpc::ResolveActivityToSequence	Remaps an activity through the per-species local table (thunk_FUN_10271ff0), tries SelectWeightedSequence, and on a miss falls to the ACT_IDLE sequence (9) or a custom-move variant (0xf1), rate-limiting the "no sequence for activity" dev warning. The only port hits (ElysiumAnimationDriver.cpp:330,779; ElysiumAnimationActionTests.cpp:4309) are comments explaining a different, explicitly modernized claim-based idle-republish path, not a port of this function.
1027a6c0	rule	0-4	FElysiumNpc::ResolveLinkActivity	Best guess, unrecovered: checks a link object at +0x5d34 for validity (thunk_FUN_102ee6a0) and, if valid, returns its cached value (thunk_FUN_102ee510) unless that value is -1, else falls back to constant 1. The link's retail identity is not recovered here and no port citation exists.
1027de00	rule	0-4	FElysiumNpc::OnDoorBlocked	Best guess, unrecovered: on acquiring/reaffirming an enemy (capability flag +0x278), escalates state when the target equals the cached enemy (+0x5d24), marks a proximity timer (5s or 20s depending on weapon flags), keeps the squad's tracked target in sync when not squad-disconnected, caches the target's class id at +0x5d28, and advances an in-progress discipline's hit-info timer (+0x644c/+0x6450) to interrupt state 3. No port citation.
10294040	rule	0-4	hand:FElysiumNpc::ShouldPlayIdleSound	Fills slot 509 (a stub in 29b, exact address); if the Troika gate thunk_FUN_102c1170 is false, delegates to the base ShouldPlayIdleSound (thunk_FUN_1027a420); otherwise returns false.
102953a0	rule	0-4	hand:FElysiumNpc::FCanCheckAttacks	Fills slot 564 (a stub in 29b); when the high bit of +0x804 is set, an active non-melee weapon (GetActiveWeapon and !m_bInMelee) suppresses attack checks (returns false); otherwise delegates to the base FCanCheckAttacks (0x10270840).
102954b0	present	0-4	hand:FElysiumNpc::GetReloadActivity	Fills slot 570 (GetReloadActivity), exact address match; the port's activity-translation table (ElysiumNpcActivityTables.cpp:333) encodes the identical rule set -- ACT_RELOAD_LOW, then the matching crunch idle for cover context 100/0x65, then ACT_RELOAD_FAST -- cited at 247/333.
10297560	present	0-4	hand:FElysiumNpc::GetCoverActivity	Fills slot 569 (GetCoverActivity), exact address match; short-circuits to 8 when flag 0x200 is set, else selects ACT_MIDCRUNCH_IDLE/ACT_CRUNCH_IDLE/ACT_CORNER_COVER_IDLE for contexts 100/0x65/0x27d8, else falls to Cover_Base; the port's GCoverTroikaRules table (ElysiumNpcActivityTables.cpp:221) encodes the same rule set.
1029f800	rule	0-4	hand:FElysiumNpc::Slot21	Fills slot 21 (stub Slot21 in 29b, exact address); increments m_iHitBuildupCount (+0x6064), fires a global game event (DAT_10924a6c), then clears condition 10. The port's FElysiumCombatCharacter::RaiseHitBuildup() (ElysiumWeaponClasses.cpp:2686) raises the same counter on a landed hit but the event fire and condition clear are not wired.
1029f850	rule	0-4	hand:FElysiumNpc::Slot22	Fills slot 22 (stub, exact address); same shape as slot 21's handler minus the hit-buildup increment -- fires the same global event then clears condition 10.
1029f890	rule	0-4	hand:FElysiumNpc::Slot23	Fills slot 23 (stub, exact address); a third variant of the same reaction (event fire plus clear condition 10), also with no buildup increment.
102aa9e0	rule	0-4	FElysiumNpc::FUN_102aa9e0	No slot (slots: --); when param_1 and its +4 member are non-null, tests thunk_FUN_10307b80 and conditionally clears via thunk_FUN_1029f5d0, then forwards to thunk_FUN_1029f650 and TaskComplete-family thunk_FUN_10273e80(this,0); otherwise records an assert file/line (+0x1b44/+0x1b48) and raises via the entity's own vtable+0x700 with code 0x1d. Documented at docs/vtmb/npc-ai/programs.md:517 but not cited by the port.
102b5650	rule	0-4	hand:FElysiumNpc::Slot599	Fills slot 599 (stub Slot599 in 29b); decides melee entry (m_bInMelee) from frenzy flags, an enemy-distance-vs-melee-range comparison (DAT_10924a1c), height-difference and condition-0x59 tests, and squad frenzy-flag 0x1000 gating via thunk_FUN_1025db70; on entry arms a random 4-15s must-leave timer and dispatches a global melee-entered event (DAT_10924edc).
102b57c0	rule	0-4	hand:FElysiumNpc::Slot600	Fills slot 600 (stub Slot600 in 29b); when the active weapon's flags (+0x5a0) include 0x18000, tests thunk_FUN_1025dca0 and on success arms +0x6078=1 with a random 4-15s must-leave timer (+0x6074) and fires the same DAT_10924edc melee-entered event as slot 599; otherwise clears +0x6078.
102b6c30	rule	0-4	hand:FElysiumNpc::SelectScheduleMeleeCombat	Fills slot 604 (a stub in 29b, exact address); a large decision tree over melee-vs-ranged schedule transitions (ids 0xe4/0xe9/0xdc/0xdd/0xca/0xcb/0x17/199), gated by whether the NPC is currently in melee (+0x6078), enemy proximity vs melee range, and conditions 9/0x1a/0x51/0x59/0x60.
102bf4a0	rule	0-4	hand:FElysiumNpc::ShouldMoveAndShoot	Fills slot 575 (a stub in 29b, exact address); requires capability flag +0x29c and AINPCFlags2 bit 0x400, then only returns true (via base 0x10278c60) when the active weapon's flags include 0x6000.
102cc300	rule	0-4	hand:FElysiumNpc::ConditionName	Fills slot 458 (ConditionName, a stub in 29b, exact address); for a non-script id (< 1e9 or -1) remaps through the per-species condition table (+0x30) then looks the name up in the global condition-name table (DAT_109203dc).
102cc350	rule	0-4	hand:FElysiumNpc::TaskName	Fills slot 449 (TaskName, a stub in 29b, exact address); identical shape to ConditionName but against the per-species task table (+0x18) and the global task-name table (DAT_109203d4).
102dbbc0	rule	0-4	FElysiumInterestingPlace::ConversationPlaceDeletingDtor	Best guess: the class constructor -- resets member sub-objects (thunk_FUN_102dce10/102dce80), clears its six I/O outputs (m_OnPlayerLeftRadius, m_OnOneOffSoundComplete, m_OnPlayerTooClose, m_OnConversationEnd, m_OnNewTalker, m_OnConversationStart via thunk_FUN_100cd2d0), chains the base constructor (FUN_1000cb8a), and conditionally hides on bit 0 of param_1. CAI_InterestingPlaceConverstation is not modelled in ElysiumInterestingPlace(s).cpp.
102e11f0	rule	0-4	FElysiumNpc::ClearFacingTarget	Best guess, unrecovered: cancels the current facing-queue slot (thunk_FUN_102e1e20(this,-1)) then reads a value from thunk_FUN_102e26b0; below a sentinel threshold dispatches owner event 0x2d, else 0x2e, and resets +0x30 either way. CAI_Motor's facing queue is not modelled in the port.
102e20f0	rule	0-4	FElysiumNpc::AddFacingTarget	One overload of CAI_Motor's queued-facing-target family; forwards its parameters straight into this->m_facingQueue (thunk_FUN_102d8cf0). m_facingQueue is not modelled in the port.
102e2120	rule	0-4	FElysiumNpc::AddFacingTarget	A second overload, forwarding a different parameter set to m_facingQueue (thunk_FUN_102d8e50); same unported queue.
102e2150	rule	0-4	FElysiumNpc::AddFacingTarget	A third overload, forwarding to m_facingQueue (thunk_FUN_102d8f20); same unported queue.
1034ae20	rule	0-4	FElysiumNpc::HeadDirection3D	Fills slot 371 for CNPCMaker; same +0x5c4 forward to slot 369 (BodyDirection3D) as CCineNPC's and CPayphone's overrides.
1034bec0	rule	0-4	FElysiumNpc::HeadDirection3D	Fills slot 371 for CNPCMaker_Fleshpile; same +0x5c4 forward to slot 369 (BodyDirection3D).
1034cb00	rule	0-4	FElysiumNpc::HeadDirection3D	Fills slot 371 for CNPCMaker_Zombie; same +0x5c4 forward to slot 369 (BodyDirection3D).
10359240	rule	0-4	FElysiumNpc::SquadSlotName	Fills slot 546 for CNPC_Crow only (species-only slot); remaps the species-local squad-slot index through its own table (&DAT_1093a070 via thunk_FUN_102ea2d0) then looks the global name up in DAT_10936c74 via thunk_FUN_102ea020.
10359e90	rule	0-4	FElysiumNpc::SquadSlotName	Fills slot 546 for CGeneric_NPC only; same species-local-table (&DAT_1093a234) then global-name-table pattern as CNPC_Crow's override.
1035ace0	rule	0-4	FElysiumNpc::SquadSlotName	Fills slot 546 for CGeneric_NPC_bathack only; same pattern, species table &DAT_1093a314.
1035b4f0	rule	0-4	FElysiumNpc::SquadSlotName	Fills slot 546 for CGenericSabbat_NPC only; same pattern, species table &DAT_1093a350.
1035c460	rule	0-4	FElysiumNpc::SquadSlotName	Fills slot 546 for CNPC_VAndreiBlood only; same pattern, species table &DAT_1093a470.
1035edb0	rule	0-4	FElysiumNpc::SquadSlotName	Fills slot 546 for CNPC_VAnimal only; same pattern, species table &DAT_1093a4f4.
10360610	rule	0-4	FElysiumNpc::SquadSlotName	Fills slot 546 for CNPC_VAsianVampire only; same pattern, species table &DAT_1093a578.
103615c0	rule	0-4	FElysiumNpc::SelectLedgeNode	Best guess, no slot, no port citation: walks the global hint-node list (DAT_10925450) for hints of type 0x4653, tests PositionClearForTeleport for each, keeps the nearest one by squared distance to this entity's origin, and records it via AddHintToStoredJumpPositions.
10361730	rule	0-4	FElysiumNpc::SelectJumpbaseNode	Best guess, no slot, no port citation: identical shape to SelectLedgeNode but filters hint type 18000 instead of 0x4653.
10362df0	rule	0-4	FElysiumNpc::SquadSlotName	Fills slot 546 for CNPC_VBach only; same pattern, species table &DAT_1093a608.
10364280	rule	0-4	FElysiumNpc::Slot606	Fills slot 606 (stub Slot606 in 29b, exact address); an arm-then-fire gate around condition 0x48 -- clears its own flag +0x66a3 when the condition drops, delegates to the base Slot606 (0x102b8320) once armed, otherwise arms +0x66a3=1 on first sight of the condition. Documented at docs/vtmb/npc-ai/authored-control.md:420 and programs.md:838 but not cited by the port.
10366e10	rule	0-4	FElysiumNpc::SquadSlotName	Fills slot 546 for CNPC_VBatSwarm only; same pattern, species table &DAT_1093a6d0.
10367a10	rule	0-4	FElysiumNpc::SquadSlotName	Fills slot 546 for CNPC_VBrujah only; same pattern, species table &DAT_1093a788.
10368550	rule	0-4	FElysiumNpc::SquadSlotName	Fills slot 546 for CNPC_VCamera and CNPC_VCameraSecurity; same pattern, species table &DAT_1093a7bc.
1036a3f0	rule	0-4	FElysiumNpc::SquadSlotName	Fills slot 546 for CNPC_VChangBros only; same pattern, species table &DAT_1093aa70.
1036ecf0	rule	0-4	FElysiumNpc::SquadSlotName	Fills slot 546 for CNPC_VChangBrosBlade only; same pattern, species table &DAT_1093a8d8.
1036f4f0	rule	0-4	FElysiumNpc::SquadSlotName	Fills slot 546 for CNPC_VChangBrosClaw only; same pattern, species table &DAT_1093aa10.
1036fcb0	rule	0-4	FElysiumNpc::SquadSlotName	Fills slot 546 for CNPC_VCombatman only; same pattern, species table &DAT_1093abb0.
10370ad0	rule	0-4	FElysiumNpc::SquadSlotName	Fills slot 546 for CNPC_VCop only; same pattern, species table &DAT_1093ac40.
103736d0	rule	0-4	FElysiumNpc::SquadSlotName	Fills slot 546 for CNPC_VDog only; same pattern, species table &DAT_1093ad64.
10375440	rule	0-4	FElysiumNpc::SquadSlotName	Fills slot 546 for CNPC_VFrenzyShadow only; same pattern, species table &DAT_1093ae28.
10377210	rule	0-4	FElysiumNpc::SquadSlotName	Fills slot 546 for CNPC_VGangrel only; same pattern, species table &DAT_1093aed8.
10377cd0	rule	0-4	FElysiumNpc::SquadSlotName	Fills slot 546 for CNPC_VGargoyle only; same pattern, species table &DAT_1093b038.
1037a950	rule	0-4	FElysiumNpc::SquadSlotName	Fills slot 546 for CNPC_VGhoulCroucher only; same pattern, species table &DAT_1093b0e0.
1037bbc0	present	0-4	ElysiumNpc.cpp:FElysiumNpc::IsValidStealthKillTarget	Retail short-circuits true when !IsDisturbed(), else falls to the Troika base (0x102c2300). The port (ElysiumNpc.cpp:3585) documents that the croucher's own IsDisturbed short-circuit producer is not in this runtime so every classname takes the Troika body directly, matching the code path retail actually reaches.
1037c420	rule	0-4	FElysiumNpc::CanBeSetOnFire	Fills slot 615 (a stub in 29b, exact address); returns false when m_bSpawnBurning is set, else delegates to the base CanBeSetOnFire (thunk_FUN_102ad0c0).
1037c800	rule	0-4	FElysiumNpc::SquadSlotName	Fills slot 546 for CNPC_VGuard1 only; same pattern, species table &DAT_1093b1b4.
1037ea60	rule	0-4	FElysiumNpc::SquadSlotName	Fills slot 546 for CNPC_VHengeyokai only; same pattern, species table &DAT_1093b27c.
10382d20	rule	0-4	FElysiumNpc::ResolveLinkActivity	Best guess, same unrecovered link object as FUN_1027a6c0: cancels the link object at +0x5d44's queued facing/motor state (thunk_FUN_102e1e20(link,-1)); no port citation.
10384200	rule	0-4	FElysiumNpc::SquadSlotName	Fills slot 546 for CNPC_VHuman only; same pattern, species table &DAT_1093b3c4.
10385ab0	rule	0-4	FElysiumNpc::Slot599	NOT DEFINED BY THIS FAMILY. Byte-identical to CAI_BaseNPCTroika's 0x102b5650, which is family TroikaHelpers' STUB SLOT 599 row; the generated FireKernelSlot stub still stands. Walked in docs/vtmb/npc-ai/shape.md for the record.
10385c30	rule	0-4	FElysiumNpc::Slot600	NOT DEFINED BY THIS FAMILY. Byte-identical to 0x102b57c0, family TroikaHelpers' STUB SLOT 600 row.
10386c80	rule	0-4	FElysiumNpc::SquadSlotName	Fills slot 546 for CNPC_ProneDialog and CNPC_VHumanCombatant; same pattern, species table &DAT_1093b47c.
10387520	rule	0-4	FElysiumNpc::BuildScheduleTestBits	Fills slot 453 for CNPC_ProneDialog/VCop/VGhoulCroucher/VHumanCombatPatrol/VHumanCombatant/VHunter/VSabbatGunman/VStalker/VYukie; calls the base BuildScheduleTestBits (0x102ad140, already ported at ElysiumNpc.cpp:3198) then, when not busy with a discipline and the model is capable (+0x740==1) and not (bit7 of m_edtDerivedType or m_bCameFromSpawner), sets condition 0x3e -- this species addition is not in the port's BuildScheduleTestBits.
103878b0	rule	0-4	FElysiumNpc::SquadSlotName	Fills slot 546 for CNPC_VHumanCombatPatrol only; same pattern, species table &DAT_1093b580.
10388200	rule	0-4	FElysiumNpc::SquadSlotName	Fills slot 546 for CNPC_VHunter only; same pattern, species table &DAT_1093b5e8.
10388f80	rule	0-4	FElysiumNpc::SquadSlotName	Fills slot 546 for CNPC_VLasombra only; same pattern, species table &DAT_1093b680.
103893c0	rule	0-4	FElysiumNpc::CanSeekCover	Fills slot 592 (CanSeekCover, a stub in 29b, exact address); returns false while curtime is before m_flCoverDisableOverride, else delegates to the base CanSeekCover (0x102953e0).
10389700	rule	0-4	FElysiumNpc::SquadSlotName	Fills slot 546 for CNPC_VMalkavian only; same pattern, species table &DAT_1093b6fc.
10389f50	rule	0-4	FElysiumNpc::SquadSlotName	Fills slot 546 for CNPC_VManBat only; same pattern, species table &DAT_1093b89c.
10391390	rule	0-4	FElysiumNpc::SquadSlotName	Fills slot 546 for CNPC_VMingXiao only; same pattern, species table &DAT_1093bacc.
10392a10	rule	0-4	FElysiumNpc::ResolveTaskDistance	Fills slot 418 (ResolveTaskDistance, a stub in 29b, exact address); when the converted param is not the sentinel -1000004, delegates to the base ResolveTaskDistance (0x102bf6e0), else returns m_flIdealRange directly.
10392a50	rule	0-4	FElysiumNpc::GetUsedHullBits	Fills slot 337 (a stub in 29b, exact address); ORs bit flags 0x38000 onto the base GetUsedHullBits (0x1029a050) result.
10397e00	rule	0-4	FElysiumNpc::NotifyOwnedCopiesOfOwnerMove	Best guess, unrecovered: walks a fixed 6-entry handle array at +0x66a8 and, for each resolved non-null non-self handle, calls thunk_FUN_1039ef90 with this entity's own position (+0x364) -- notifying tracked attachments of a move, matching the port's noted-but-unimplemented ClearOwnedActivityCopyProps concern (ElysiumNpc.cpp:2820-2825).
103998d0	rule	0-4	FElysiumNpc::NotifyOwnedCopiesOfOwnerMove	Best guess, same unimplemented copy-prop concern as FUN_10397e00: for a candidate whose type isn't 0x163/0x165 and whose +0x199c state is 2, projects the position delta onto this entity's stored forward axis (+0x6290/+0x6294) and past a facing/distance gate calls the same thunk_FUN_1039ef90 notify.
1039b230	rule	0-4	FElysiumNpc::SquadSlotName	Fills slot 546 for CNPC_VMingXiaoTentacle only; same pattern, species table &DAT_1093bd80.
1039f7a0	rule	0-4	FElysiumNpc::SquadSlotName	Fills slot 546 for CNPC_VMoleman only; same pattern, species table &DAT_1093bdb8.
103a1640	rule	0-4	FElysiumNpc::SquadSlotName	Fills slot 546 for CNPC_VNosferatu only; same pattern, species table &DAT_1093bf30.
103a1fa0	rule	0-4	FElysiumNpc::SquadSlotName	Fills slot 546 for CNPC_VPedestrian only; same pattern, species table &DAT_1093bffc.
103a2980	rule	0-4	FElysiumNpc::BuildScheduleTestBits	Fills slot 453 for CNPC_VPedestrian; calls the base (already ported) then, when not busy with a discipline, sets condition 0x24 -- this species addition is not in the port's BuildScheduleTestBits.
103a3c50	rule	0-4	FElysiumNpc::SquadSlotName	Fills slot 546 for CNPC_VPlaceholder only; same pattern, species table &DAT_1093c08c.
103a5240	rule	0-4	FElysiumNpc::SquadSlotName	Fills slot 546 for CNPC_VSabbatGunman only; same pattern, species table &DAT_1093c1d8.
103a5e50	rule	0-4	FElysiumNpc::SquadSlotName	Fills slot 546 for CNPC_VSabbatLeader only; same pattern, species table &DAT_1093c3d4.
103a9e70	rule	0-4	FElysiumNpc::PlayerInNoJumpZone	Best guess, no slot, no port citation: resolves the closest-player handle, then for every hint of type 0x3e84 in the global hint list tests DistToHintCenterLine2D_2 for both the player and this entity against a squared-distance threshold (DAT_104c3ccc), returning true only when both fall within the same no-jump hint's line.
103ab400	rule	0-4	FElysiumNpc::OkToInterruptForMelee	m_Activity (+0xfec) != 0x1141 forwards to base Troika OkToInterruptForMelee (thunk_FUN_1029f940, slot 590, idle/walk/run/combat-idle family test); == 0x1141 always returns true, a VSabbatLeader melee-interrupt exception
103abd40	rule	0-4	FElysiumNpc::SquadSlotName	translates the squad-slot id via the species id space (&DAT_1093c4e0, thunk_FUN_102ea2d0) then looks up the name in the shared symbol table (&DAT_10936c74, thunk_FUN_102ea020 IdToSymbol); slot 546 SquadSlotName per SDK 2013; squad subsystem is unported (ConnectedSquad ABSENT +0x5da4)
103ac4e0	rule	0-4	FElysiumNpc::GetUsedHullBits	ORs 0x80000 onto base Troika GetUsedHullBits (thunk_FUN_1029a050) result; a VRat/VScurrying-specific hull capability bit
103ad820	rule	0-4	FElysiumNpc::HeadDirection3D	tail-jumps through the same object's vtable to +0x5c4 (slot 369 / BodyDirection3D) and returns its result; VRat's HeadDirection3D is its BodyDirection3D, no independent head aim
103adcb0	rule	0-4	FElysiumNpc::SquadSlotName	translates the squad-slot id via the species id space (&DAT_1093c568, thunk_FUN_102ea2d0) then looks up the name in the shared table (&DAT_10936c74); slot 546 SquadSlotName, unported (squad subsystem ABSENT +0x5da4); CNPC_VSheriffMan
103b1dc0	rule	0-4	FElysiumNpc::SquadSlotName	same species id-space translate (&DAT_1093c680) then shared-table lookup (&DAT_10936c74) as the other SquadSlotName overrides; CNPC_VSheriffSwarm
103b2a50	rule	0-4	FElysiumNpc::SquadSlotName	same species id-space translate (&DAT_1093c738) then shared-table lookup (&DAT_10936c74) as the other SquadSlotName overrides; CNPC_VStalker
103b3170	rule	0-4	FElysiumNpc::SquadSlotName	same species id-space translate (&DAT_1093c7f0) then shared-table lookup (&DAT_10936c74) as the other SquadSlotName overrides; CNPC_VTaxiDriver
103b3cc0	rule	0-4	FElysiumNpc::SquadSlotName	same species id-space translate (&DAT_1093c8bc) then shared-table lookup (&DAT_10936c74) as the other SquadSlotName overrides; CNPC_VTest
103b54d0	rule	0-4	FElysiumNpc::SquadSlotName	same species id-space translate (&DAT_1093c948) then shared-table lookup (&DAT_10936c74) as the other SquadSlotName overrides; CNPC_VToreador
103b5c70	rule	0-4	FElysiumNpc::SquadSlotName	same species id-space translate (&DAT_1093c9c8) then shared-table lookup (&DAT_10936c74) as the other SquadSlotName overrides; CNPC_VTremere
103b70f0	rule	0-4	FElysiumNpc::SquadSlotName	same species id-space translate (&DAT_1093ccc4) then shared-table lookup (&DAT_10936c74) as the other SquadSlotName overrides; CNPC_VTzimisce
103b9120	rule	0-4	FElysiumNpc::ResolveTaskDistance	checks the truncated float arg against sentinel -1000001 (-0xf4241); when equal returns a VTzimisce-specific constant (_DAT_10457f60) instead of the distance, else forwards to base Troika ResolveTaskDistance (thunk_FUN_102bf6e0, slot 418) which already maps -1000008..-1000005 to FollowerDistanceBackAway/WalkTo/RunTo
103b9160	rule	0-4	FElysiumNpc::GetUsedHullBits	unmodified forward to base Troika GetUsedHullBits (thunk_FUN_1029a050); no species bit added, unlike VRat/VScurrying's |0x80000; CNPC_VTzimisce
103bf560	rule	0-4	FElysiumNpc::FUN_103bf560	reads the motor (+0x5d44) and calls thunk_FUN_102e1e20 with -1 (meaning "use the current heading", computed via ftol of the live angle), which blends a QAngle heading into the motor's facing state; not a vtable slot, single caller, no retail name recovered for this motor-facing helper
103c0c90	rule	0-4	FElysiumNpc::SquadSlotName	same species id-space translate (&DAT_1093d1ac) then shared-table lookup (&DAT_10936c74) as the other SquadSlotName overrides; CNPC_VTzimisceHeadClaw
103c16f0	rule	0-4	FElysiumNpc::BuildScheduleTestBits	calls base Troika BuildScheduleTestBits (thunk_FUN_102ad140, slot 453, ported at ElysiumNpc.cpp:3198) then adds custom interrupt condition 0x35 into CustomInterruptConditions (+0x5c74) via the SetCustomInterruptCondition pattern (thunk_FUN_10269eb0) -- a VTzimisceHeadClaw-only extra interrupt not yet in the ported body
103c19e0	rule	0-4	FElysiumNpc::Slot599	replaces the base Troika melee-entry rule (frenzy/distance, 0x102b5650) with a coordinator-only check: asks AttackCoordinator (+0x65e8) for a slot via thunk_FUN_1025db70; on success sets bInMelee (+0x6078)=1 and arms MeleeMustLeaveTimer (+0x6074) to curtime+RandomFloat(7.5,15), else clears bInMelee; CNPC_VTzimisceHeadClaw
103c1a60	rule	0-4	FElysiumNpc::Slot600	mirrors base Troika slot 600's coordinator-slot request (thunk_FUN_1025dca0) guarded on not already in melee (+0x6078), setting +0x6078 on success, but omits the MeleeMustLeaveTimer (+0x6074) re-arm that the base performs -- a real divergence from the base body; CNPC_VTzimisceHeadClaw
103c1cb0	rule	0-4	FElysiumNpc::GetUsedHullBits	unmodified forward to base Troika GetUsedHullBits (thunk_FUN_1029a050); no species bit added; CNPC_VTzimisceHeadClaw
103c2a60	rule	0-4	FElysiumNpc::SquadSlotName	same species id-space translate (&DAT_1093d224) then shared-table lookup (&DAT_10936c74) as the other SquadSlotName overrides; CNPC_VTzimisceRunner
103c3960	rule	0-4	FElysiumNpc::Slot599	caches the enemy argument as the class-specific m_hPotentialEnemy (+0x6678) before the standard coordinator-slot melee-entry check (AttackCoordinator +0x65e8 via thunk_FUN_1025db70); sets bInMelee (+0x6078) without arming the leave timer; CNPC_VTzimisceRunner
103c39e0	rule	0-4	FElysiumNpc::Slot600	caches param_1 into m_hPotentialEnemy (+0x6678) then repeats slot 600's coordinator-slot request (thunk_FUN_1025dca0) guarded on +0x6078, again without arming MeleeMustLeaveTimer; CNPC_VTzimisceRunner
103c3cb0	rule	0-4	FElysiumNpc::GetUsedHullBits	unmodified forward to base Troika GetUsedHullBits (thunk_FUN_1029a050); no species bit added; CNPC_VTzimisceRunner
103c4a80	rule	0-4	FElysiumNpc::SquadSlotName	same species id-space translate (&DAT_1093d2a4) then shared-table lookup (&DAT_10936c74) as the other SquadSlotName overrides; fills both CNPC_VPlayerController#546 and CNPC_VVampire#546
103c5270	rule	0-4	FElysiumNpc::SquadSlotName	same species id-space translate (&DAT_1093d30c) then shared-table lookup (&DAT_10936c74) as the other SquadSlotName overrides; CNPC_VVampireBoss
103c7950	rule	0-4	FElysiumNpc::SquadSlotName	same species id-space translate (&DAT_1093d394) then shared-table lookup (&DAT_10936c74) as the other SquadSlotName overrides; CNPC_VVentrue
103c8ed0	rule	0-4	FElysiumNpc::SquadSlotName	same species id-space translate (&DAT_1093d6d4) then shared-table lookup (&DAT_10936c74) as the other SquadSlotName overrides; CNPC_VWerewolf
103d44e0	rule	0-4	FElysiumNpc::SetMoveHint	sets m_pMoveHint=param_1 and m_bRandomHint=param_2 (VWerewolf-only fields +0x66bc/+0x66c8), first clearing any existing hint via ClearMoveHint, then raises condition 0x78 (thunk_FUN_10269a20 writes Conditions +0x5c5c) signalling a move hint is now available
103dc950	rule	0-4	FElysiumNpc::SquadSlotName	same species id-space translate (&DAT_1094028c) then shared-table lookup (&DAT_10936c74) as the other SquadSlotName overrides; CNPC_VWolfMorph
103dd1f0	rule	0-4	FElysiumNpc::SquadSlotName	same species id-space translate (&DAT_10940314) then shared-table lookup (&DAT_10936c74) as the other SquadSlotName overrides; CNPC_VYukie
103de4d0	rule	0-4	FElysiumNpc::SquadSlotName	same species id-space translate (&DAT_109403e0) then shared-table lookup (&DAT_10936c74) as the other SquadSlotName overrides; CNPC_VZombie
10099570	rule	0-4	hand:FElysiumNpc::RestartGesture	finds the gesture layer for the activity via FindLayerByOwner (slot 271, +0x43c) and rewinds its cycle to 0 when found, else when addifmissing is set allocates/adds the gesture layer (thunk_FUN_100991b0); matches SDK 2013 CBaseAnimatingOverlay::RestartGesture(Activity,bool,bool) verbatim; base body shared by ~77 classes
100b5040	mechanism	0-4	hand:FElysiumNpc::VPhysicsDestroyObject	when m_pPhysicsObject (+0x36c) is set, unregisters it (thunk_FUN_1002ee60) and destroys it (thunk_FUN_10158520) and zeroes the pointer -- SDK 2013 VPhysicsDestroyObject, a generic physics-object teardown with no VtMB-specific rule
10176930	rule	0-4	FElysiumNpc::AutoaimDeflection	sums three offset Vector triples (+0x1efc/+0x206c/+0x22a8) into a combined aim point, builds a look direction from param_1/param_2/param_3, screens nearby entities (a 0x10000 flag bit, water level, takedamage) up to the live player count, then walks a 300-unit spatial query picking a candidate aligned with the look direction, writing a found flag to +0x20a8 and the resolved offset through the hidden return pointer -- a ranged-attack aim/lead helper; exact retail name not recovered
1017cef0	present	0-4	ElysiumEntityWorld.cpp:FElysiumEntityWorld::SetCineCamera	the single "active cine/session control entity" setter shared by dialogue, terminal, keypad and hacking session openers (sets the control-entity handle +0x19b4 and a related index +0x1ec4, releasing the previous holder's bit-2 flag at word[0x81] via thunk_FUN_101cd940 when it changes); ported literally as FElysiumEntityWorld::SetCineCamera (ElysiumEntityWorld.cpp:1089), called throughout ElysiumCameraCinematic.cpp/ElysiumCameraAnimated.cpp/ElysiumEntityWorldDialogue.cpp; ElysiumDialogueSession.h:295-298 names the still-missing terminal/keypad session-state arm as a NAMED DIVERGENCE
101a6d40	rule	0-4	FElysiumNpc::HeadDirection2D	tail-jumps through the same object's vtable to +0x5c0 (slot 368 / BodyDirection2D); CCineNPC/CCineAI/CCineAISchedule's HeadDirection2D is its BodyDirection2D, no independent head aim
101aa7f0	rule	0-4	FElysiumNpc::HeadDirection2D	same forward as CCineNPC: +0x5c0 (slot 368 / BodyDirection2D); CPayphone's HeadDirection2D is its BodyDirection2D
1025e920	rule	0-4	FElysiumNpc::CanWitnessSupernatural	dots the direction from EyePosition (slot 193) to the argument point against the object's own head-direction call and returns whether it exceeds a fixed threshold (_DAT_10449270); replaces the base Troika CanWitnessSupernatural Kindred/oblivious/frenzy gate with CAI_BaseActor::ValidEyeTarget's facing-cone test -- same physical slot, different meaning across the Troika/BaseActor branches, could also be filed as ValidEyeTarget
1025ea00	rule	0-4	FElysiumNpc::ValidHeadTargetBaseActor	dots the direction to the argument point against +0x5c4 (BodyDirection3D-numbered call), requiring the dot above a constant and the absolute height difference below a limit, packing both checks into the return bits; replaces base Troika's "restart ACT_DISPOSITION" vfunc588 with CAI_BaseActor::ValidHeadTarget's facing/height cone test
1025f040	rule	0-4	FElysiumNpc::EyeDirection2D	calls EyeDirection3D (+0x5d4, same-object vtable) into a hidden-return Vector, zeroes its Z and normalizes (DotProduct/Normalize helper) to produce EyeDirection2D -- SDK 2013 CAI_BaseHumanoid EyeDirection2D pattern
1025f0f0	rule	0-4	FElysiumNpc::HeadDirection2D	calls HeadDirection3D (+0x5cc, same-object vtable), zeroes Z and normalizes -- HeadDirection2D is HeadDirection3D flattened, the same 2D-from-3D pattern as EyeDirection2D/BodyDirection2D
1025f1c0	rule	0-4	FElysiumNpc::ProcessTweakParam	CAI_BaseActor::PickLookTarget(bExcludePlayers,minTime,maxTime): scans nearby entities (world query via thunk_FUN_101cccf0/thunk_FUN_101ccd40) rejecting self and testing a ValidHeadTarget-equivalent (thunk_FUN_10325da0) to find a look candidate, then calls AddLookTarget (vt+0x860) with an importance/duration randomised from the two float args; MaintainEyeDirection dispatches it with (0,1.5,2.5), the SDK 2013 PickLookTarget defaults; occupies ProcessTweakParam's physical slot in the base branch
10267260	mechanism	0-4	hand:FElysiumNpc::MakeTracer	builds a CPASFilter from param_1 and, when param_3==1 (TRACER_LINE), fires the bullet-tracer temp-entity effect from param_1 to the trace endpos (param_2+0xc) with the entity index -- SDK 2013 MakeTracer, a pure visual tracer effect
10268ef0	rule	0-4	hand:FElysiumNpc::TraceBleed	gates on DONT_BLEED, reads CVDmg_t base damage (+4) and DMG_ bits &0xc7 (+0x10), jitters the hit direction by a fixed random spread and traces from the hit point to paint a blood decal -- SDK 2013 TraceBleed with retail-specific damage/bit thresholds
1026b240	rule	0-4	hand:FElysiumNpc::EyeDirection3D	tail-jumps through the same object's vtable to +0x5cc (slot 371 / HeadDirection3D) and returns its result; base EyeDirection3D is HeadDirection3D, no independent eye aim at the base tier
1026b270	present	0-4	ElysiumCombatCharacter.cpp:FElysiumCombatCharacter::TickGaze	the closest-valid-NPC scan (radius search via thunk_FUN_101ccd40, screens flags/IRelationType, tests via thunk_FUN_10325da0, keeps the nearest hit) that resolves the gaze cascade's chosen subject and caches it in m_hEyeLookTarget with a re-scan deadline (+0x5d6c); ported as the gaze-entity/enemy arms of FElysiumCombatCharacter::TickGaze (ElysiumCombatCharacter.cpp ~889-905), which stores the same choice in EyeLookTargetHandle
1026b810	present	0-4	ElysiumCombatCharacter.cpp:FElysiumCombatCharacter::TickGaze	MaintainEyeDirection's full cascade -- dialogue partner, then target entity, then enemy, then navigator move point, then a recent shoot-at hint, then the closest nearby NPC in the look cone, integrating the resolved point toward m_vCurEyeTarget at m_flEyeIntegRate -- ported at FElysiumCombatCharacter::TickGaze per its own port cites (ElysiumCombatCharacter.cpp:748,797,835 +7 more) and docs/vtmb/npc-ai/conditions-and-states.md:393
1026dd10	present	0-4	hand:FElysiumNpc::GatherAttackConditions	SDK 2013 GatherAttackConditions: computes WAITING_ATTACK_TIME (0x2f) from the weapon's next-attack deadline, then the melee/ranged-block and weapon-blocked-by-friend timers (+0x5b88/+0x5b8c), then the schedule-selection condition set (8,0x5f,0x60,9,99,0x50,0x4f,0x52,0x51) in the recorded priority order; ported at ElysiumNpcConditions.cpp:1012 (WaitingAttackTime etc), melee-selector arms explicitly named a SEAM there
10272650	rule	0-4	FElysiumNpc::SetIdealActivity	corpus asm: SetIdealActivity(Activity) with activity 0 tail-jumps to slot 310 with 0, and otherwise stores the logical activity at +0xff0 and resolves it into the ideal-activity triple +0x5ccc/+0x5cd0/+0x5cd4 without committing it; walked in animation_and_movers.md and conditions-and-states.md
10274820	present	0-4	ElysiumNpcActivityTables.cpp:GReloadBaseRules	when the argument's cover context is a compatible sequence (0x64/0x65) and a weighted ACT_RELOAD_LOW (0x57) sequence exists, plays it and returns 0x57 on success, else returns the generic ACT_RELOAD (0x54); ported as the GReloadBaseRules table (ElysiumNpcActivityTables.cpp:237-245: ACT_RELOAD_LOW for cover context 100/101 else ACT_RELOAD) per its own port and oracle cites
102779a0	rule	0-4	hand:FElysiumNpc::ReportAIState	SDK 2013 ReportAIState dev dump: DevMsg's the classname, NPC state, activity/ideal-activity sequence names, current schedule/task, enemy classname, move-wait/yaw-speed/health, and ground entity, in that fixed order
10279060	rule	0-4	hand:FElysiumNpc::PlayScene	creates an instanced_scripted_scene entity (CreateNoSpawn), sets its target and context, loads the named scene, warns "Unknown scene specified" and returns -1/0 on failure, else returns the scene's play length -- SDK 2013 CBaseFlex::PlayScene(const char*)
1028af20	rule	0-4	hand:FElysiumNpc::IsValidCover	hull-traces straight down from the cover location, rejects a start-solid result, then rejects the cover when this NPC has a hint group (m_strHintGroup) and the hint's own group (+0x5f0) differs -- SDK-named IsValidCover(const Vector&, const CAI_Hint*)
1029f8f0	rule	0-4	hand:FElysiumNpc::Slot27	victim-side provocation on being attacked: calls the notice helper (thunk_FUN_102bf5d0) on the attacker, sets condition 10, then requests a melee-coordinator slot on the attacker via vt+0x960 (slot 600, the coordinator-slot arbitration items 103c19e0/103c3960 implement); ledger records "name not recovered"
102a0910	rule	0-4	hand:FElysiumNpc::Slot322	attacker-side melee provocation, dispatched from the melee weapon's RequestActivity path when this NPC swings at target: calls the same notice helper (thunk_FUN_102bf5d0, which reads the target's WorldSpaceCenter and IRelationType) then requests a melee-coordinator slot via vt+0x960 (slot 600); ledger records name not recovered
102b6120	rule	0-4	FElysiumNpc::ApplyHintLeanOffset	when a claimed hint node (+0x5ddc) is set and its type field equals 0x27d8, offsets the position by a fixed lean distance (+-_DAT_1049949c per bLeaningLeft +0x63fd) then scales it by a crouch/stand constant read off vt+0x358 (_DAT_1049ae8c or _DAT_1049ae90 depending on the bool arg) and adds it to the in/out point -- a cover-lean position offset; no retail name recovered
102c36d0	rule	0-4	FElysiumNpc::ComputeTargetLeadPoint	predictive aim/lead calculation: when no lead source (param_4) is given copies param_6 through; else asks a navmesh/box-style query (thunk_FUN_102e0290) for a lead ratio, clamps it to [TargetLeadMin +0x655c, TargetLeadMax +0x6560], blends the predicted vs current point by TargetLeadCurrentWeight/PredictedWeight/WeightScale (+0x6564/+0x6568/+0x656c) and, when a fallback point (param_6) exists, hull-traces the blended point and falls back to param_6 on an obstructed/short trace; no retail name recovered
102c43f0	rule	0-4	FElysiumNpc::FUN_102c43f0	if curtime (DAT_1070b228+0xc) reaches IgnoreCollisionUntil (+0x6458) it calls CBaseAnimating::StopIgnoringCollisionWithEntity (thunk_FUN_1008bd30) on the ignored partner then pins the field to FLT_MAX (0x7f7fffff) so it never refires; IgnoreCollisionUntil is bound in ElysiumNpcKernelShapeMap.cpp but this expiry check itself is not wired.
102cc260	present	0-4	hand:FElysiumNpc::GetScheduleOfType	on a schedule-of-type miss (piVar1 == -1) retail Warnings and installs schedule 1, else translates local ids under 1e9 via FUN_102ea2d0 before the table lookup thunk_FUN_1030f300; ElysiumSchedule::Start (line 691) reproduces the exact miss path with DevMsg/RecordScheduleEvent then installs SCHED_IDLE_STAND.
102d1600	rule	0-4	FElysiumNpc::DrawDebugTextOverlays	debug-only: prints m_nHintType and the delay until m_flNextUseTime clamped to floor constant _DAT_104454c4 via Q_snprintf and the debug text overlay call (DAT_1070b22c+0x8c); CAI_Hint's override of slot 124, not ported.
102d2f00	rule	0-4	FElysiumNpc::HintDeletingDestructor	CAI_Hint's own destructor (slot 5): unlinks itself from the global hint list/head/tail and decrements the hint count, and when linked to an owning NPC via this[0x178] calls CAI_BaseNPCTroika::ClearHintNode(0.0) on it so the owner's hint reference does not dangle, then frees storage; the owner-side ClearHintNode call is the kernel-observable part and is not ported.
102e0f90	rule	0-4	FElysiumNpc::FUN_102e0f90	decelerates toward goal param_1 scaled by constant _DAT_10450564: if squared distance is under threshold field_0x30*_DAT_10450564 it reduces field_0x30 by distance*_DAT_10450aa4 and issues the move via this->field_0x4+0xf8, else resets field_0x30 to 0 and calls thunk_FUN_102e1c10(this,param_2,-1.0) to restart; CAI_Motor ground-deceleration formula, motor subsystem not ported.
102e1180	rule	0-4	FElysiumNpc::FUN_102e1180	calls the same deceleration helper thunk_FUN_102e2690, then forces activity/sequence via this->field_0x4+0x340(0) and +0x4d8(0x2c) (literal activity id 0x2c), computes turn length via thunk_FUN_101d2c70 and reissues the move at -1.0 speed via thunk_FUN_102e1c10; CAI_Motor stop-and-face formula, not ported.
102e19e0	rule	0-4	FElysiumNpc::FUN_102e19e0	guarded by a clip test at this->field_0x4+0x838; on miss it computes yaw toward param_1+0xc, reads the ideal turn rate at field_0x4+0x6f0, and tests the named condition key "move_yaw" (thunk_FUN_102e2820); on failure it reissues the move with a pseudo value derived from a masked low word scaled by DAT_1044ffdc, on success it writes the final yaw either to NPC offset +0x63ec or via thunk_FUN_102e27d0(this,"move_yaw",yaw); CAI_Motor steering formula keyed on retail's move_yaw condition, not ported.
102eee40	rule	0-4	FElysiumNpc::FUN_102eee40	builds a move-info block from the current CAI_Navigator path (m_pPath): origin, per-axis delta to the path point (2D or 3D by m_navType), yaw/length, a goal tolerance that is the min of the navigator radius and a computed limit, and sets bit1 if the path is a line (thunk_FUN_1030bd50) or bit4 if the next waypoint's kind differs from its owner's; CAI_Navigator move-info formula, navigator subsystem not ported.
10334180	rule	0-4	hand:FElysiumNpc::GiveAmmo	clamps the grant to (capacity via vtable+0xdc/thunk_FUN_10427620 minus current m_iAmmo[param_2]) against the requested amount, requires ammo enabled (DAT_1070ba0c+0xd4) and 0<=param_2<0x20, plays the misc/ammo_pickup.wav cue only when param_1's low byte is 0, then adds the clamped amount to m_iAmmo[param_2] and returns it; declared as FElysiumNpc::GiveAmmo(int,int,bool) at slot 374 but the body is a stub.
1034adf0	rule	0-4	FElysiumNpc::HeadDirection2D	forwards through this+0x5c0, which is 0x5c0/4 = slot 370 = HeadDirection2D itself: a multiple-inheritance thunk to the primary HeadDirection2D implementation, so the forward is the whole behaviour.
1034be90	rule	0-4	FElysiumNpc::HeadDirection2D	same pattern as CNPCMaker's: forwards through this+0x5c0 (slot 370/HeadDirection2D) on the adjusted subobject; the forward is the behaviour.
1034cad0	rule	0-4	FElysiumNpc::HeadDirection2D	same pattern again: forwards through this+0x5c0 (slot 370/HeadDirection2D) on the adjusted subobject; the forward is the behaviour.
1034ddf0	rule	0-4	FElysiumNpc::DrawDebugTextOverlays	debug-only: prints an enabled/disabled state line, the Next target's name via GetDebugName, and the current User target resolved from the m_hTargetEnt handle table, as three debug text lines via DAT_1070b22c+0x8c; CScriptedTarget's override of slot 124, not ported.
1034e070	rule	0-4	FElysiumNpc::DrawDebugGeometryOverlays	draws an 8-unit white box (enabled) or a 5-unit red box (disabled) at m_vLastPosition, plus a line to the Next target and another to the resolved User target from m_hTargetEnt, with literal box extents and colors; CScriptedTarget's override of slot 123, not ported.
1035a220	rule	0-4	FElysiumNpc::SurprisedSound	emits a gender-picked wav from the PTR_s_npc_metropolice_surprise1_wav array (pick args 0,0,1.0,0.8 via DAT_1070b244+8) at channel 2, volume 100, through CPASAttenuationFilter/EmitSound; CGeneric_NPC's slot 495 override, not ported.
1035a390	rule	0-4	FElysiumNpc::AlertSound	same emit pattern from the PTR_s_npc_metropolice_alert1_wav array (pick 0,0,1.0,0.8), channel 2, volume 100; CGeneric_NPC's slot 489 override, not ported.
1035a500	rule	0-4	FElysiumNpc::DeathSound	same emit pattern from the PTR_s_npc_metropolice_die1_wav array with pick weight 0.5/0.8 (0,0,0x3f000000,0x3f4ccccd), channel 2, volume 100; CGeneric_NPC's slot 488 override, not ported.
1035a670	rule	0-4	FElysiumNpc::PainSound	same emit pattern from the PTR_s_npc_citizen_pain1_wav array with pick args (0,3,1.0,0.8), channel 2, volume 100; CGeneric_NPC's slot 491 override, not ported.
1035b890	rule	0-4	FElysiumNpc::SurprisedSound	identical emit pattern to CGeneric_NPC's, from CGenericSabbat_NPC's own metropolice_surprise1_wav table (pick 0,0,1.0,0.8), channel 2, volume 100; slot 495 override, not ported.
1035ba00	rule	0-4	FElysiumNpc::AlertSound	identical pattern from CGenericSabbat_NPC's metropolice_alert1_wav table (pick 0,0,1.0,0.8), channel 2, volume 100; slot 489 override, not ported.
1035bb70	rule	0-4	FElysiumNpc::DeathSound	identical pattern from CGenericSabbat_NPC's metropolice_die1_wav table (pick 0,0,0.5,0.8), channel 2, volume 100; slot 488 override, not ported.
1035bce0	rule	0-4	FElysiumNpc::PainSound	identical pattern from CGenericSabbat_NPC's citizen_pain1_wav table (pick 0,3,1.0,0.8), channel 2, volume 100; slot 491 override, not ported.
10366510	rule	0-4	FElysiumNpc::EnemyCouldSeeHull	blends a hitbox-surrounding box with the hull half-extents at this+0x1568 to build three candidate sight points (bottom/mid/top), tests each via piVar1's slot 0x5a8 and a trace (DAT_1070b254+0x10, mask 0x4081) against retail epsilon _DAT_104454c0 gated by two flag bytes, returning true on the first unobstructed candidate; boss family (VBaseBoss/VMingXiao/VTzimisce*) LOS check, not ported.
103689c0	rule	0-4	FElysiumNpc::Precache	falls back the model key to "models/null.mdl" when empty via vtable+0x350, then after PrecacheModel checks link-table integrity (thunk_FUN_102f9970/102f9920/102f9950) and DevMsg-warns "spawned after links have been..." when the flag/mask/link-count mismatch; CNPC_VCamera's slot 104 override, not ported.
1038bec0	rule	0-4	FElysiumNpc::FUN_1038bec0	The obstacle probe 0x1038b370 steers by: a hull sweep of this NPC's own collision box from GetAbsOrigin() along dir * speed * 0.1 (_DAT_104491b4) with mask 0x202400b. A fraction under 1.0 answers a LITERAL (0,0,1) steer -- not a reflection -- and, unless m_Activity (+0xfec) is already 0x22, stamps m_flFlapTimer (+0x6678) with curtime itself; a clear sweep answers vec3_origin and false. Name kept.
10399610	rule	0-4	FElysiumNpc::CoordinateTroops	round-robins m_iCoordinateTentacleID from 0 to 5: resolves m_rhSeveredTentacles[id] and calls thunk_FUN_103998d0 on it when the handle is live, likewise m_rhProxies[id] via thunk_FUN_103999f0, then advances the index and wraps to 0 past 5; VMingXiao's per-tentacle tick order, not ported.
103aa5e0	rule	0-4	FElysiumNpc::EmitVocalization	emits character/monster/andrei_transfo*.wav chosen by RandomInt(0,6) (pick 0,6,1.0,0.8) at channel 4, volume 100; ElysiumFootsteps.cpp:122 explicitly records that this is NOT wired through HandleAnimEvent and is destined for the schedule tasks TASK_VSABBATLEADER_PLAY_FOOTSTEP_SOUND/STOP, still a TODO, so the citation is a recorded plan, not an implementation.
103aa7a0	rule	0-4	FElysiumNpc::EmitVocalization	emits character/monster/andrei_transfo*.wav chosen by pick(0,2,1.0,0.8) at channel 4, volume 100; CNPC_VSabbatLeader's slot 621 override, not ported.
103ad7f0	rule	0-4	FElysiumNpc::HeadDirection2D	same forwarding-thunk pattern as CNPCMaker's: this+0x5c0 is slot 370/HeadDirection2D on the adjusted subobject; the forward is the behaviour.
103b0560	rule	0-4	FElysiumNpc::KillTeleportBats	resolves the m_hTeleportSwarm handle and, if live, calls thunk_FUN_101cd940 (an entity-remove style call) on it, then invalidates the handle to 0xffffffff; CNPC_VSheriffMan's boss mechanic clearing its teleport-bat swarm, not ported.
103b4320	rule	0-4	FElysiumNpc::DeathSound	emits character/npc_test/death1.wav chosen by pick(0,0,0.5,0.8), channel 2, volume 100; CNPC_VTest's slot 488 override, not ported.
103b4490	rule	0-4	FElysiumNpc::AlertSound	emits character/npc_test/alert1.wav chosen by pick(0,0,1.0,0.8), channel 2, volume 100; CNPC_VTest's slot 489 override, not ported.
103b4600	rule	0-4	FElysiumNpc::IdleSound	gated by FOkToMakeSound() (vtable+0x798, slot 486) before it emits character/npc_test/idle1.wav chosen by pick(0,0,1.0,0.8), channel 2, volume 100; CNPC_VTest's slot 490 override, not ported.
103b4780	rule	0-4	FElysiumNpc::PainSound	emits character/npc_test/pain1.wav chosen by pick(0,3,1.0,0.8), channel 2, volume 100; CNPC_VTest's slot 491 override, not ported.
103b48f0	rule	0-4	FElysiumNpc::FearSound	emits character/npc_test/fear1.wav chosen by pick(0,0,1.0,0.8), channel 2, volume 100; CNPC_VTest's slot 492 override, not ported.
103b4a60	rule	0-4	FElysiumNpc::LostEnemySound	emits character/npc_test/lostenemy1.wav chosen by pick(0,0,1.0,0.8), channel 2, volume 100; CNPC_VTest's slot 493 override, not ported.
103b4bd0	rule	0-4	FElysiumNpc::FoundEnemySound	emits character/npc_test/foundenemy1.wav chosen by pick(0,0,1.0,0.8), channel 2, volume 100; CNPC_VTest's slot 494 override, not ported.
103b4d40	rule	0-4	FElysiumNpc::SurprisedSound	emits character/npc_test/surprise1.wav chosen by pick(0,0,1.0,0.8), channel 2, volume 100; CNPC_VTest's slot 495 override, not ported.
103d4820	rule	0-4	FElysiumNpc::DrawDebugHullAtPoint	debug-only: draws the m_eHull mins/maxs (thunk_FUN_102d6100/102d6120) as a box (thunk_FUN_10142aa0) and a line (thunk_FUN_10144a30); CNPC_VWerewolf's hull-specific debug draw, not ported.
103d5050	rule	0-4	FElysiumNpc::DrawBBoxOverlay	when ShouldPursueEnemy(this,param_1) is false it overrides the debug bbox color to (50,255,50) via thunk_FUN_10142e20 instead of drawing the normal box, else falls through to CBaseEntity::DrawBBoxOverlay; CNPC_VWerewolf's conditional debug-color rule, not ported.
103d6a40	rule	0-4	FElysiumNpc::GetGroundpoint	traces a hull from the input point offset by m_eHull's mins/maxs (mask 0x202400b); when the hit fraction is under threshold _DAT_10449280 it blends the point by the fraction, else it falls back to the retail constants DAT_10713de0/de4/de8; CNPC_VWerewolf's ground-snap formula, not ported.
100e49b0	rule	5-9	FElysiumNpc::DialogLineHeadPosition	walks a per-index look-target table at this+0x2810(flags)/+0x2820(type)/+0x2834(count); for entry type 5 or 6 it resolves the table's entity handle and calls CBaseAnimating::LookupBone("bip01_head") then vtable+0x300 to fetch the head bone's position; retail look-target table walk, not ported.
101644f0	present	5-9	ElysiumAnimationIntent.cpp:BuildLocomotionIntent	commits the activity (CBaseCombatCharacter::SetIdealActivity), picks SelectHeaviestSequence vs SelectWeightedSequence by the 0x40000000 flag, and derives the playback rate from ground speed vs sequence speed; BuildLocomotionIntent (line 525) cites this address directly as apply_player_activity_and_sequence and reproduces the player path, while noting the cast/NPC selector path is a still-unrecovered rung.
10176520	rule	5-9	FElysiumNpc::GetAutoaimVector	blends a smoothed look/aim offset from +0x1efc/+0x1f00/+0x1f04 eye pos plus +0x206c/+0x2070/+0x2074 bone offset; on the first-frame branch (DAT_1070ba3c==1) clamps raw yaw/pitch deltas to +-25 and +-12 degree ranges via retail constants then scales by _DAT_10450a9c, otherwise blends the stored +0x22a8/+0x22ac/+0x22b0 history with weights _DAT_10451ab8/_DAT_10457f54; not present in the port
101a6f10	rule	5-9	FElysiumNpc::Spawn	CCineNPC::Spawn sets solid and AddSolidFlags(4), clears targetable and alive flags, arms an auto-remove think at curtime+_DAT_10449280 (plus a startTime offset) when unnamed or spawnflag 0x10 is set, sets interruptable from spawnflag 0x20, relinks, resets sequence-started and next-cine handle to -1, and adds entity flag 0x10; not cited by the port, oracle cites lifecycle.md:522
10260f40	rule	5-9	FElysiumNpc::CreateMotor	CAI_BaseHumanoid's override of slot 427 CreateMotor allocates 0x70 bytes and assigns vftable_CAI_HumanoidMotor (plus vftable_CAI_HumanoidMotor_at16 at +4) instead of the base vftable_CAI_Motor, with sentinel this_00[0x1b]=-1; species-specific motor selection, port's FElysiumNpc::CreateMotor (ElysiumNpcKernelSlots.cpp:3222) is still a stub
1026b210	rule	5-9	hand:FElysiumNpc::EyeDirection2D	slot 372 EyeDirection2D forwards the return-Vector pointer param_1 unchanged to the virtual at this+0x5c8 and returns the same pointer, i.e. it is implemented as an alias to another direction accessor; port's FElysiumNpc::EyeDirection2D (ElysiumNpcKernelSlots.cpp:2799) is still a stub returning {}
1026e5e0	rule	5-9	FElysiumNpc::CheckOnGround	gates a ground hull-trace by a stored deadline +0x5d5c (interval _DAT_104454d0), skips when GetActivity()==7 or NPC_STATE flag 0x73 is set, traces the collision hull from AbsOrigin with mask 0x202400b, and on a clear trace clears the ground flag via +0x340(0) or updates the ground entity; only the timer field is bound (FElysiumNpc::CheckOnGroundTime, ElysiumNpcKernelShapeMap.cpp:175), the trace/gating logic itself is not ported
10271f70	present	5-9	ElysiumNpcActivityTables.cpp:GClassTranslateBaseRules	this is ClassTranslate_Base (0x10271f70): identity translate except delegating ACT_RELOAD_FAST (param 0x54) to the reload capability and the hint-node cover codes (param 6, or 1 with afMemory bit 2) to the cover capability; ported verbatim as GClassTranslateBaseRules, cited by address in a comment at ElysiumNpcActivityTables.cpp:154 and registered at line 305-307
10273dd0	rule	5-9	hand:FElysiumNpc::Slot542	frees the object at +0x5d88 (a destructor thunk then FUN_10430964, retail free) if set, then reassigns +0x5d88 = *(+0x5da4) + 8, a per-call swap of an owned pointer to a sub-field of another owned struct; oracle cites social.md:448, port's FElysiumNpc::Slot542 (ElysiumNpcKernelSlots.cpp:4080) is still a stub
10273e40	rule	5-9	hand:FElysiumNpc::RemoveMemory	RemoveMemory frees the object at +0x5d88 only when +0x5da4 is zero, i.e. releases the owned buffer unless a reference/owner flag is held; port's FElysiumNpc::RemoveMemory (ElysiumNpcKernelSlots.cpp:4087) is still a stub
10278e30	rule	5-9	hand:FElysiumNpc::PlaySentence	PlaySentence special-cases a leading '!' in the name (raw wave via EmitSound with CPASAttenuationFilter, entity index, and retail's literal 100 volume/atten) versus the normal path that looks the name up in the sentence group table; port's FElysiumNpc::PlaySentence (ElysiumNpcKernelSlots.cpp:3643) is still a stub
1027c790	mechanism	5-9	CRT:operator delete	CAI_MoveAndShootOverlay::vfunc0 is the compiler's scalar deleting destructor idiom: reassigns the vtable to vftable_CAI_Component then conditionally calls FUN_10430964 (operator delete) when bit 0 of param_1 is set; no NPC-specific data touched
1027cc10	rule	5-9	hand:FElysiumNpc::CreateSenses	CreateSenses (slot 425) allocates 0x88 bytes and hand-constructs three chained CAI_Senses sub-objects (thunk_FUN_1027f8f0 each) plus three named retail constants via thunk_FUN_1027cda0/1027cd50 (0.15, 0.25, 0.45) before assigning vftable_CAI_Senses; port's FElysiumNpc::CreateSenses (ElysiumNpcKernelSlots.cpp:3204) is still a stub
1027cde0	mechanism	5-9	CRT:operator delete	CAI_Senses::vfunc0 is the scalar deleting destructor for the object built by FUN_1027cc10: frees three owned buffers (fields 0x20/0x34/0x48) via Plat_Free guarded by their length/marker fields, then the standard vtable-reassign-and-conditional-free teardown; a generic destructor, not a retail formula
1027cec0	rule	5-9	hand:FElysiumNpc::CreateMotor	base CreateMotor (slot 427) allocates 0x6c bytes and constructs via thunk_FUN_102e0900(this_00,this), i.e. the base (non-humanoid) motor type, contrasted with CAI_BaseHumanoid's override at 0x10260f40; port's FElysiumNpc::CreateMotor (ElysiumNpcKernelSlots.cpp:3222) is still a stub
1027cef0	rule	5-9	hand:FElysiumNpc::CreateMoveProbe	CreateMoveProbe (slot 426) allocates 0x14 bytes, sets the owner pointer and sentinel puVar1[3]=-1, and assigns vftable_CAI_MoveProbe; port's FElysiumNpc::CreateMoveProbe (ElysiumNpcKernelSlots.cpp:3213) is still a stub
1027cf60	rule	5-9	hand:FElysiumNpc::CreateLocalNavigator	CreateLocalNavigator (slot 428) allocates 0x20 bytes and constructs via thunk_FUN_102ddab0(this_00,this); port's FElysiumNpc::CreateLocalNavigator (ElysiumNpcKernelSlots.cpp:3231) is still a stub
1027cfc0	rule	5-9	hand:FElysiumNpc::CreatePathfinder	CreatePathfinder (slot 430) allocates 0x18 bytes, sets the owner pointer, sentinel puVar1[3]=-1, zeroes puVar1[4]/[5], and assigns vftable_CAI_Pathfinder; port's FElysiumNpc::CreatePathfinder (ElysiumNpcKernelSlots.cpp:3249) is still a stub
1027d000	mechanism	5-9	CRT:operator delete	CAI_Pathfinder::vfunc0 is the scalar deleting destructor idiom (reassign vftable_CAI_Component, conditional FUN_10430964 free on bit 0 of param_1); no retail-specific state
10289d10	rule	5-9	FElysiumNpc::SetTurnActivity	base SetTurnActivity (slot 572) reads the motor's yaw-delta via thunk_FUN_102e1f90 and selects a turn sequence (0xa2/0xa1/0x9d/0x3c/0x3b) by comparing it against a ladder of retail threshold constants, tagging memory bit 0x2000 on some picks, falling back to activity 1 if SelectWeightedSequence fails; port's FElysiumNpc::SetTurnActivity (ElysiumNpcKernelSlots.cpp:4321) is still a stub
102947e0	rule	5-9	hand:FElysiumNpc::Slot497	guarded by a once-only bit (DAT_109249c4 & 1), linear-scans the global array DAT_1073dc40[0..DAT_1073dc3c) case-insensitively comparing each entry's name to the fixed string at DAT_105d8ccc and caches the match (or -1) into _DAT_109247dc; a name-keyed global lookup cached once, port's FElysiumNpc::Slot497 (ElysiumNpcKernelSlots.cpp:3741) is still a stub
10295ed0	rule	5-9	FElysiumNpc::FUN_10295ed0	tactical-position validity check: rejects a candidate hint/position when its distance to the enemy falls outside [param_1[0x117]-_DAT_10451acc, param_1[0x118]+_DAT_10451acc] (a tighter band when the candidate is not the current target), and otherwise checks a forward-projection dot test against the enemy's move direction; no slot, not present in the port
102961a0	rule	5-9	FElysiumNpc::FUN_102961a0	the verbose/debug twin of 0x10295ed0: performs the same distance-band and forward-projection checks against a covering hint object and formats a named debug reason string on each rejection ("Distance %d < %d", "Failed LOS check: %s", "Enemy outside of good range (%.2f)") via thunk_FUN_101d3730/thunk_FUN_102d0ab0; not present in the port
10296c40	rule	5-9	FElysiumNpc::FUN_10296c40	validates an attack position against the active weapon: rejects when disabled, no active weapon, height difference exceeds _DAT_1049ae28, distance is outside [param_1[0x117], param_1[0x118] or the weapon's max range at +0x8c0], the forward projection is negative, or (guarded by +0x6408) a hint LOS check fails, each rejection returning a named debug reason; oracle cites authored-control.md:455, not present in the port
10297640	rule	5-9	hand:FElysiumNpc::SetTurnActivity	CAI_BaseNPCTroika's override of SetTurnActivity (slot 572): only runs when the motor is not turning in place or m_bAllowTurningAnims is set, then selects the same ladder of turn sequences (0xa2/0xa1/0x9e/0x9d/0x3c/0x3b) against retail thresholds, tagging memory bit 0x2000, falling back to activity 1; port's FElysiumNpc::SetTurnActivity (ElysiumNpcKernelSlots.cpp:4321) is still a stub
10297a20	rule	5-9	FElysiumNpc::FUN_10297a20	picks a turn-in-place schedule (0x10ff/0x10fd/0x10fa/0x10f8) from the motor's yaw delta at +0x5d44 against a ladder of retail thresholds, records the picked turn kind at +0x63e4 (8/6/3/1/0) and a randomized (__ftol on a 16-bit rand) or literal duration at +0x63e8; not present in the port
10298910	rule	5-9	FElysiumNpc::SetInterestingPlaceGroups	parses a space-separated string of integers (skipping leading spaces) and, for each value 1..32, sets bit (value-1) of the mask at +0x62dc, leaving the mask 0 for a null/empty string; writes an NPC-observable bitmask, not present in the port
102989e0	rule	5-9	FElysiumNpc::ParseGroupMask	the same space-separated integer-to-bitmask parser as 0x10298910 but written to +0x62e4, where a null/empty string sets the mask to 0xffffffff (all-set sentinel) rather than 0, distinguishing no-restriction from an explicit empty list; not present in the port
1029fdb0	rule	5-9	hand:FElysiumNpc::PlayerAttackerBlockedReaction	sets the block-reaction activity from CBaseCombatCharacter::GetBlockReactionActivity, then sets m_flNextAttack = curtime + lerp(_DAT_1049a1b8, _DAT_1049a1bc, param_2!=0 && dice-roll-type==2 ? 1.0 : 0.0), a longer follow-up delay specifically for dice-roll-type 2 blocks; port's FElysiumNpc::PlayerAttackerBlockedReaction (ElysiumNpcKernelSlots.cpp:2411) is still a stub
102a0fb0	rule	5-9	FElysiumNpc::IsAreaClear	CAI_BaseNPCTroika::IsAreaClear traces the NPC's collision hull from param_1 to itself against the world (mask param_2, forced NPC check via m_bForceNPCCheck) and returns true only when the trace fraction reaches 1.0 (>= _DAT_104454c0) with no start-solid/all-solid; not present in the port
102adfe0	rule	5-9	hand:FElysiumNpc::Slot610	vfunc610(NPC_STATE) selects a named facial expression pair (Anger/Anger_No_Deform for states 3/0xb/0xe, Fear/Fear_NoDeform for 8/10, a disposition-table lookup via thunk_FUN_100ec360/100ec2e0/100ec3d0 for the default case) and writes the resolved indices to +0x10b4/+0x64d0 and blend weight +0x10b8 (0.5 for the Anger case, 1.0 otherwise); port's FElysiumNpc::Slot610 (ElysiumNpcKernelSlots.cpp:4618) is still a stub
102b4ab0	rule	5-9	hand:FElysiumNpc::EyeOffset	EyeOffset(Activity,Activity) (slot 533) only special-cases six hint-schedule activities (0x1119-0x111c,0x111f,0x1120) when a hint node is set, computing the offset from the hint node's position relative to the NPC's forward-transformed origin plus m_vDefaultEyeOffset; other activities fall through to the base CAI_BaseNPC eye offset (thunk_FUN_10274db0); port's FElysiumNpc::EyeOffset (ElysiumNpcKernelSlots.cpp:4020) is still a stub
102b6b50	rule	5-9	hand:FElysiumNpc::Slot609	vfunc609(bool) (returns CAI_Hint*) reuses a cached hint at +0x6444 while it still validates (vtable+0x8d8), otherwise (unless param_1 forces it) waits until curtime passes +0x6440, then rerolls a random 2.0-2.5s deadline and searches for a hint of type 8 at radius 0x10 or the active weapon's max range (+0x8c0) via thunk_FUN_102d2980; port's FElysiumNpc::Slot609 (ElysiumNpcKernelSlots.cpp:4609) is still a stub
102b7110	rule	5-9	FElysiumNpc::FindTacticalHintNode	finds a tactical enemy/hint target of a given search type (thunk_FUN_102d2980 type 8) using the ideal range from vtable+0x898, retries once if dialog-flagged (+0x6435) and the first search failed, then for a target of retail class id 0x27d8 computes which side (+0x63fd) the target is on via a 2D cross product against the NPC's forward vector, and caches the target's attack extents (+0x65d0/+0x65d4/+0x65d8) via CBaseEntity::SetAbsoluteAttackExtents; the pack's cited port lines are for retail address 0x102b7210/0x102b7238 (confirmed by opening ElysiumPresentationSubsystem.cpp:315 and ElysiumTerminalEmailTests.cpp:528), not this function, so those citations are false positives and this is not present
102bf770	rule	5-9	FElysiumNpc::StopScheduledMove	compares the stored schedule id at +0xff0 to the current one from thunk_FUN_102ee3f0(+0x5d34); on a match re-derives and applies an idle activity via FUN_1027a6c0/SetActivity, then always clears a flag at +0x1a40, resets the schedule-tracking object at +0x5d34, and zeroes a counter at +0x63ec; not present in the port
102bf820	rule	5-9	FElysiumNpc::ResolveStandingOnHead	CAI_BaseNPCTroika::ResolveStandingOnHead computes a spring-away impulse from the ground entity under the NPC (retail constants _DAT_1049aea8/_DAT_1049aea4, or a computed direction when directly overlapping), scaled by the ramping timer m_flStandingOnHeadTimer (clamped to _DAT_10454110) and applied through a hull-trace-validated Relink; ElysiumNpc.cpp:876 explicitly notes this is deferred to the motor/anim graph as a named modernization and it is not yet ported
102bff20	present	5-9	hand:FElysiumNpc::MaintainEyeDirection	CAI_BaseNPCTroika::MaintainEyeDirection decrements the blink timer and rerolls it from [m_flMinBlink,m_flMaxBlink] when it lapses, pushes the dialog re-scan stamp +0x5d6c to curtime+_DAT_10452dc4 while a live dialog partner is resolved, then forwards to the base CAI_BaseNPC::MaintainEyeDirection unchanged; ported in FElysiumCombatCharacter::TickGaze, cited by address at ElysiumCombatCharacter.cpp:748-752 and the dialog re-scan comment at lines 852-859 (the blink half lives separately in the eye pass)
102c0f70	present	5-9	ElysiumNpc.cpp:FElysiumNpc::SetDisposition	retail SetDisposition resolves (name,level) to a disposition-table index, falls back to Neutral/1 and logs on a failed lookup, loads the row's derived fields (eye rate, expression indices, blend), and on an index change plays a transition activity/schedule (0xf1) between the old and new state; the port's FElysiumNpc::SetDisposition/CommitDisposition (ElysiumNpc.cpp:1941, ElysiumAnimatingImpl.cpp:393-448) resolve the disposition via the embodiment table and play a named transition clip on change, the same shape, though the pack cites no exact address so this could also be judged only partially matched
102c43b0	rule	5-9	FElysiumNpc::FUN_102c43b0	renews the ignore-collision-entity timer only while GetIgnoreCollisionEntity() is already non-null, setting +0x6458 = param_1 (a duration) + curtime and calling FUN_102c43f0(this); 14 direct callers but no slot and not present in the port
102c7330	mechanism	5-9	CRT:operator delete	CAI_StandoffBehavior::vfunc0 is the scalar deleting destructor idiom (vtable reassign to vftable_CAI_Component, conditional free on bit 0 of param_1); no retail state
102e0990	mechanism	5-9	CRT:operator delete	CAI_Motor::vfunc0 calls thunk_FUN_102e09c0(this) (internal teardown) then the same scalar-deleting-destructor conditional-free pattern; a generic destructor
102e0ea0	rule	5-9	FElysiumNpc::FUN_102e0ea0	CAI_Motor's slot-3 init: dispatches an owner vtable call (0x4d8, arg 0x33), resets internal motor state via thunk_FUN_102e2840, then on the owning NPC (this->field_0x4) sets solid to movetype 2 via SetSolid, zeroes a step field at +0x3ec, and calls the owner's vtable+0x340(0,5,0) (schedule/activity reset); not present in the port
102eeae0	rule	5-9	FElysiumNpc::NavOnNavFailed	Writes a source-file/line debug marker at CAI_Navigator+0x1b44/0x1b48, calls the owner NPC's vtable+0x700, resolves a value via thunk_FUN_1027a6c0 and feeds it to SetIdealActivity (thunk_FUN_10272650), then sets this->field_0x1c=1 marking the navigator failed; docs/vtmb/npc-ai/schedule-kernel.md:293 names it a second source into TaskFail's refcount path.
1032fc50	mechanism	5-9	hand:FElysiumNpc::SetPoseParameter	Body is CBaseCombatCharacter::SetPoseParameter, the stock Source SDK looping pose-parameter setter: wraps using the model's pose-param bounds at +0x8/0xc/0x10 and the fixed SDK wrap fraction _DAT_10449270, falling back to CBaseAnimating::SetPoseParameter02; no VtMB-specific rule, just the engine's animation service.
1034d6e0	rule	5-9	FElysiumNpc::FUN_1034d6e0	CScriptedTarget::Spawn: sets solid to 0, relinks, caches this->m_vLastPosition from vtable+0x364 (GetAbsOrigin), and if m_iDisabled==0 calls thunk_FUN_1034d5b0 before AddFlag2(0x10); a different class from the NPC leaf so no existing FElysiumNpc::Spawn applies.
10357be0	rule	5-9	FElysiumNpc::FUN_10357be0	Clamps param_1 to 1.0 against _DAT_10449280, computes the offset to a linked entity's origin (vtable+0x5ddc chain) versus this's own origin, sets field_0x5f54=1 when the distance is under param_1*_DAT_10454028, scales the offset by _DAT_10454028 into CBaseEntity::SetAbsVelocity, then calls thunk_FUN_102e1c10 with a fixed -2.0 parameter.
1035e5f0	rule	5-9	FElysiumNpc::FacePlayerAdvance	Resolves this->m_hClosestPlayer's entity handle and, if valid, drives this->m_pMotor (thunk_FUN_102e20b0) toward the player's origin (vtable+0x364) with the fixed turn-rate constant DAT_104a6f80.
10367580	present	5-9	ElysiumNpcConditions.cpp:ElysiumNpcCond::GatherAttackConditions	Body is a bare forward to CAI_BaseNPC::thunk_FUN_1026dd10 (the slot 561 base at 0x1026dd10) with no BatSwarm-specific code, so its retail behaviour equals the already-ported base ElysiumNpcCond::GatherAttackConditions.
1036d800	rule	5-9	FElysiumNpc::SelectScheduleMeleeCombat	Melee schedule selector: compares m_flEnemyDist against DAT_10924a1c[10]+_DAT_104492b8 to pick schedule 0xe4/0xe7, runs a height-diff timer against _DAT_10451acc/curtime feeding schedule 0x15d, and checks conditions 0x48/0xc/0x51/0x59/9/0x60 to return schedules 0xcd/0xd5/0xdd/199/0xd2/0xcb.
10379490	rule	5-9	FElysiumNpc::NavIgnoreCollision	Case-insensitive classname compares the colliding entity against "prop_dynamic", "func_brush" and "func_door_rotating"; returns true (ignore) unless none match, in which case it defers to the base CAI_BaseNPCTroika::thunk_FUN_1029b180 (slot 69).
1037a450	rule	5-9	FElysiumNpc::OnVictimHitByMe	Skips the base hit reaction (param_1's vtable+0x428) when the victim's classname is "pillar" or "central_pillar" (both classname-compared), otherwise calls it — Gargoyle's pillar-hit special case for slot 24.
1038e640	rule	5-9	FElysiumNpc::SetFlapActivity	One of four 32/35-byte bodies that are one behaviour -- SetIdealActivity(act) then m_flFlapTimer = curtime + T -- landed as one method plus a four-row table keyed on the retail address. This row: activity 0x22, 2.3 s (_DAT_104bc690, a double). RENAMED: writes the named word m_flFlapTimer.
1038e670	rule	5-9	FElysiumNpc::SetFlapActivity	The same body: activity 0x24, 4.0 s (_DAT_10449148, a double).
1038e6a0	rule	5-9	FElysiumNpc::SetFlapActivity	The same body: activity 0x116d, 0.2 s (_DAT_10449198, a double).
1038e6e0	rule	5-9	FElysiumNpc::SetFlapActivity	The same body: activity 0x116e and the SAME 0.2 s cell as 0x1038e6a0.
1038f430	rule	5-9	FElysiumNpc::AttachPickupAnimlink	CNPC_VManBat's half of the same body, the "CNPC_VManBat" row of FPickupSpecies: bone "Bip01_R_Foot", no RTTI cast and no secure-int decode, and a tail that sets CARRYING_BODY (0x1038f600), records m_bPickupTargetBreakable (+0x6694) off the carried prop and clears that latch on it.
10392c40	rule	5-9	FElysiumNpc::TranslateEnemyChasePosition	When the nav mode (thunk_FUN_1027d990) equals 2, offsets param_1 by the delta between vtable+0x364 and vtable+0x304 on the enemy; otherwise sets *param_4=m_flGoalTolerance and calls thunk_FUN_102c3b50/thunk_FUN_102c36d0 using m_flGroundSpeed — same shape reused verbatim by CNPC_VTzimisce and CNPC_VWerewolf in this pack.
103947b0	rule	5-9	FElysiumNpc::OnChangeActivity	docs/vtmb/animation_and_movers.md:1694 names this "a discipline-shaped multiplier gated on +0x6674": scales SetPlaybackAndSpeedScalar by a lookup table (thunk_FUN_101e8da0(0x10739d08)) keyed on 6-m_iConnectedTentacleCount, floored at _DAT_104493d0, before chaining to the base CAI_BaseNPCTroika::thunk_FUN_10295a60 (slot 465).
10397a50	rule	5-9	FElysiumNpc::FUN_10397a50	CNPC_VMingXiao::Event_Killed's tentacle arm: stamp m_flProxyReadyTimer (+0x66a4) with curtime + max(Tuning[100] + Tuning[0x68] * (6 - m_iConnectedTentacleCount), 0), then, when m_rhProxies[id] still resolves to the dead tentacle (the id read off the TENTACLE's own m_iTentacleID, not the head's), sever it through 0x10397930. Name kept: the body's concern beyond the one named word it writes is unsettled.
10398b20	rule	5-9	FElysiumNpc::FUN_10398b20	CNPC_VMingXiao's pedestal pick. Gated on m_flClosestPlayerDistance >= 150 units, at least one of tentacles 4/5 connected, and the species cvar DAT_1093ba8c (unrecovered, past .data's raw size, so the whole search is closed today). Walks a 257-unit sphere, skips anything CNPC_VBaseBoss's blacklist 0x10366400 holds, keeps entities whose m_iName starts with "Pedestal" (8-char case-insensitive prefix) and whose velocity is within 0.1 of zero, asks 0x103989b0 which tentacle takes it, and keeps the nearest -- the search RADIUS shrinking to each winner's distance. Name kept.
103a0d50	rule	5-9	FElysiumNpc::FUN_103a0d50	Releases (FUN_10430964) every entry of two fixed-stride 0x28 arrays (count at this+0x6668/this+0x667c), compacts each via FUN_10430fa0 down to zero, and clears the story-active flag at this+0x6690 — the cleanup counterpart to the debug listing at 0x103a0ff0.
103a0ff0	rule	5-9	FElysiumNpc::FUN_103a0ff0	Draws a debug overlay of the NPC's cached story/VCD queues via DAT_1070b22c+0x8c: prints "not playing VCD" when the handle at +0x6554 fails to resolve, else lists the Main Stories array (count +0x6668) then Side Stories array (count +0x667c) through thunk_FUN_103a0eb0 using the literal headers "Main Stories (%d)" / "Side Stories (%d)".
103ad6a0	rule	5-9	FElysiumNpc::CreateLocalNavigator	Slot 428 is CreateLocalNavigator (base 0x1027cf60); CNPC_VRat's override allocates 0x20 bytes and constructs it via thunk_FUN_103ad540(mem, this), a species-specific local-navigator variant.
103b2530	present	5-9	ElysiumNpcConditions.cpp:ElysiumNpcCond::GatherAttackConditions	Identical bare forward to CAI_BaseNPC::thunk_FUN_1026dd10 as CNPC_VBatSwarm's 0x10367580, no species-specific code, so it runs the already-ported base ElysiumNpcCond::GatherAttackConditions.
103b92a0	rule	5-9	FElysiumNpc::FUN_103b92a0	corpus asm: CNPC_VTzimisce's slot 488 reads three world singletons, substituting 0 for each whose vtable+0x4 answers true, fires the script event "SPI_DIES" on the script host at +0x2e0 with those three plus 0, and then tail-jumps to slot 487 (vtable+0x79c) so the base body still runs
103b9380	rule	5-9	FElysiumNpc::IdleSound	Slot 490 is IdleSound (base 0x10294280); CNPC_VTzimisce gates on vtable+0x798 and only when true plays "SPI_IDLE" through thunk_FUN_101aeb60(this->field_0x2e0, s_SPI_IDLE).
103ba640	rule	5-9	FElysiumNpc::TranslateEnemyChasePosition	Same nav-mode-2-vs-goal-tolerance body shape as CNPC_VMingXiao's 0x10392c40 (this pack), reused verbatim by CNPC_VTzimisce for slot 563.
103be8e0	rule	5-9	FElysiumNpc::FUN_103be8e0	Resolves the cached target handle at this+0x6670, computes a translated chase point (thunk_FUN_102c36d0) using the fallback eye-height DAT_1093ca8c[10], then compares the resulting offset distance (thunk_FUN_1013d580 against the model radius at vtable+0x374 + 4) to fixed thresholds _DAT_1049ae98 then _DAT_1044eb0c to decide "close enough".
103c4430	rule	5-9	FElysiumNpc::SelectScheduleMeleeCombat	Same melee-schedule-selection shape and thresholds as CNPC_VChangBros's 0x1036d800 (this pack) — range/height-diff-timer/condition checks (0x48/0xc/0x51/0x59/9/0x60) choosing schedules 0xe4/0xe7/0xcd/0xd5/0xdd/0x17/199/0xe1/0xd2/0xcb — for CNPC_VTzimisceRunner.
103c7230	rule	5-9	FElysiumNpc::CausePlayerAOEDamage	AOE-damages this->m_hClosestPlayer when within param_2 radius: traces with CTraceFilterWorldOnly, builds a CVDmg_t of type 0x40 via CVDmg_t::Set, calls CBaseEntity::DispatchTraceAttack, then picks an impact sound (0x79 default, 0x7a or 0x7b) off the trace-attack result code.
103d02b0	rule	5-9	ElysiumNpcConditions.cpp:ElysiumNpcCond::GatherAttackConditions	Gates on this->field_0x66e8 bits 0x4/0x100 and an enemy-height delta greater than _DAT_10462950 to force conditions 0x51/0x52 instead of falling through to the base CAI_BaseNPC::thunk_FUN_1026dd10 gather — a Werewolf-specific branch the port's ElysiumNpcCond::GatherAttackConditions does not yet carry.
103d6770	rule	5-9	FElysiumNpc::GetHintGroundpoint	Linear-searches the hint array at this+0x6714 (count this+0x6720, stride 0x48) for an entry whose pointer matches param_2; on miss, DevWarning("Werewolf did not find the hint...") and falls back to GetGroundpoint.
103d9c90	rule	5-9	FElysiumNpc::FUN_103d9c90	Frame-memoized (DAT_1070b22c+0x1e0, i.e. engine framecount) cache of the translated enemy-chase position at this+0x6674/0x6678/0x667c, recomputed via thunk_FUN_102c3b50 only when the cached frame stamp at this+0x6670 is stale.
103d9e00	rule	5-9	FElysiumNpc::TranslateEnemyChasePosition	Same nav-mode-2-vs-goal-tolerance shape as CNPC_VMingXiao/CNPC_VTzimisce in this pack, with m_flGoalTolerance plus the fallback DAT_1093d52c[10] added before thunk_FUN_102c3b50, for CNPC_VWerewolf's slot 563.
103da230	rule	5-9	FElysiumNpc::EnemyCouldSeeHull	Slot 617 (base CNPC_VBaseBoss 0x10366510); gates on discipline table DAT_1093d694[0xb] and the active enemy's vtable+0x278 predicate before forwarding to the base thunk_FUN_10366510, else returns false without the trace.
10099690	rule	5-9	hand:FElysiumNpc::AddFlinchGesture	Slot 265's own base body (0x10099690); scans the 3-entry m_Flinch array for the earliest-expiring slot, calls CBaseAnimating::SelectWeightedSequence(param_1), and on success stashes sequence/weight/cycle/expire-time plus an optional pose parameter via LookupPoseParameter/thunk_FUN_100c43e0 — the whole body is skipped when m_bNoFlinch is set.
100b5b60	rule	5-9	hand:FElysiumNpc::SetFlexWeight	Slot 280's own base body (0x100b5b60); resolves the flex-controller index via thunk_FUN_100b5d10(param_1) then calls vtable+0x45c(index, param_2) to set it.
100b5c20	rule	5-9	hand:FElysiumNpc::GetFlexWeight	Slot 282's own base body (0x100b5c20); resolves the flex index via thunk_FUN_100b5d10(param_1) then calls vtable+0x464(index) to read it.
100b6cf0	rule	5-9	hand:FElysiumNpc::AddFlexSetting	Slot 288's own base body (0x100b6cf0); linear-searches a flex-setting table by name (__strcmpi), resolves an optional preset/sub-index chain, then for every (index, weight) pair blends the current flex (vtable+0x464) with param_1 weighted by *(param_2+4) and writes it back through vtable+0x45c.
100e4ef0	rule	5-9	FElysiumNpc::CallPendingDialogEventScript	If the 256-byte buffer at param_1+0x31ea is non-empty, runs it via CDialog::CallEventScript then zero-fills the whole buffer — the same run-then-clear shape as CallPendingNPCEventScript (0x100e5c70, this pack) but a distinct field the port's FlushPendingNpcAction does not cover.
100e5c70	present	5-9	ElysiumDlg.cpp:FElysiumDlgConversation::FlushPendingNpcAction	docs/vtmb/game_runtime.md and Source/ElysiumUE/Public/ElysiumDlg.h:477 cite this exact address (0x100e5c70) as the retail source for FlushPendingNpcAction, which runs the parked col-5 action and clears it, matching the +0x30ea check-run-clear here.
101a9730	present	5-9	ElysiumAiScriptedSchedule.cpp:FElysiumAiScriptedSchedule::Spawn	Source/ElysiumUE/Private/Substrate/ElysiumAiScriptedSchedule.cpp:266 cites this exact address in a comment ("spawn warns when neither a schedule nor forced state is supplied"), matching the DevMsg("aiscripted_schedule: no schedule...") guard on m_nForceState==0 && m_nSchedule==0.
1025eaf0	rule	5-9	FElysiumNpc::SetHeadDirection	Slot 537 override (richer than the sdk base at 0x1026af70); computes head/eye/chest pose-parameter blends from a world-space look target via GetAttachment01 and a dozen paired GetPoseParameter02/SetPoseParameter(vtable+0x568) calls across offsets 0x5fb8..0x601c, then FlushBoneCache and clears bits 0x3 of this+0x5f4c.
10262430	rule	5-9	FElysiumNpc::CreateNavigator	Slot 429 CreateNavigator (base 0x1027cf90); CAI_BaseHumanoid's override allocates 0x6c bytes, constructs via thunk_FUN_102eca50(mem, this), and installs the CAI_HumanoidNavigator vtables (primary plus secondary at +0x10), clearing byte 0x1a.
10272400	rule	5-9	hand:FElysiumNpc::ForcePreTranslatedSequenceAndActivity	Slot 311's own base body (0x10272400); when param_3>=0, calls vtable+0x744 only if m_Activity changed, unconditionally overwrites m_Activity/m_IdealActivity/m_IdealWeaponActivity/m_IdealTranslatedActivity/m_TranslatedActivity/m_nIdealSequence, calls thunk_FUN_10260a50(param_3), and zeroes m_flCycle/m_flPrevAnimTime.
102775e0	rule	5-9	FElysiumNpc::DrawDebugStatOverlays	Slot 76's sdk-tier base body; builds and prints (thunk_FUN_10119750) the sequence name/cycle, activity-vs-ideal-activity comparison, NPC state, move type, and when scheduled the current task plus every task in the active schedule with a "*" marking the current index.
10279000	rule	5-9	hand:FElysiumNpc::PlayScriptedSentence	Tail-calls vtable+0x790 (slot 484, PlaySentence) with param_1..param_4 and a hardcoded NULL target entity, dropping the bool (param_5) and CBaseEntity* (param_6); the forward to slot 484 is the whole body.
1027ca30	rule	5-9	FElysiumNpc::UpdateOnRemove	Releases the hint node (+0x5ddc, HintNode) via a 0.0-delay release when set, conditionally unlinks from a list at +0x5da4, calls its own vtable+0x7fc, then chains CBaseCombatCharacter::UpdateOnRemove; fills slot 180 for the non-Troika branch (CAI_BaseNPC/CScriptedTarget/CNPC_Bullseye/CNPC_Crow/test hulls), distinct from the Troika override at 0x1028d6e0 the port's slot table cites for UpdateOnRemove - could also be present if that citation already covers this branch.
1027cf90	rule	5-9	hand:FElysiumNpc::CreateNavigator	operator_new(0x68) then constructs the block via thunk_FUN_102eca50(mem,this); picking the concrete 0x68-byte CAI_Navigator and its constructor is the retail choice slot 429 exists to make; the port's CreateNavigator is still a bare FireKernelSlot stub.
10280360	rule	5-9	hand:FElysiumNpc::ValidateNavGoal	Only runs when the navigator route state (thunk_FUN_102ee620) == 6; computes a goal-vs-target squared distance against constant _DAT_104454c4, and on failure sets condition 0x39 and error strings at +0x1b44/+0x1b48 then calls the already-ported TaskFail (vtable+0x700, slot 448) with code 0x1b; still a FireKernelSlot stub.
10280e50	present	5-9	ElysiumSchedule.cpp:ElysiumSchedule::Start	Matches the comment at ElysiumSchedule.cpp:710 verbatim: dispatches the schedule-change virtual (slot 435, +0x6cc), zeroes the install fields +0x5c38..+0x5c4c and the 6 condition dwords at +0x5c5c (ClearConditions), sets bDidMaintainSchedule=0 at +0x5c54, and gates the DevMsg trace on NPC flag 0x8000000, matching RecordScheduleEvent/DebugScheduleInstalled.
1028e310	rule	5-9	FElysiumNpc::Activate	After CBaseEntity::Activate, when Classify() (slot 138, +0x228) is non-zero, applies m_sDefaultDisposition (+0x6558, or empty fallback) via a SetDisposition(name,1)-equivalent (thunk_FUN_102c0f70); the port's Activate (ElysiumNpc.cpp) never calls SetDisposition.
10293e50	rule	5-9	hand:FElysiumNpc::Slot588	When IsActivityFinished() (slot 251, +0x3ec) is true, calls RestartIdealActivity(0xf1) (0x10289ee0); RestartIdealActivity is documented (ElysiumActionTableTests.cpp, ElysiumWeaponClasses.cpp:3196) but not implemented, and Slot588 is still a FireKernelSlot stub.
10297430	rule	5-9	FElysiumNpc::IsHintCoverValid	Resolves the +0x6448 HintCoverObject handle to an entity then forwards to the range/LOS/cover validator FUN_10296c40 with the retail threshold param_1[0x116] and a hardcoded 0.731 constant; not a slot, no port citation - could also be a species-specific cover-check helper rather than a base method.
102974f0	rule	5-9	FElysiumNpc::IsHintCoverValid	Same HintCoverObject (+0x6448) resolve-and-forward into FUN_10296c40 as 0x10297430 but with retail constant 1.1 in place of 0.731 and discards the result; likely a second call site of the same cover validator with a looser threshold.
102a0ed0	rule	5-9	FElysiumNpc::CanStandAt	Sets bForceNpcCheck (+0x63da) true, calls the pathfinder/hull-check thunk at +0x5d40 with the position/hull params, then clears bForceNpcCheck; the scope-trace push/pop is retail's debug harness. bForceNpcCheck is a bound field (ElysiumNpc.h:1053) but unused anywhere in the port.
102aaa60	rule	5-9	FElysiumNpc::PlayHintIdleActivity	Stamps a timestamp field (word 0x1767), then branches on the current hint node's (+0x5ddc/word 0x1777) type field (+0x5dc): types 0x64/0x65/0x27d8 gate on thunk_FUN_102b5de0 and pick a RestartIdealActivity code (0x1114/0x110f, then 0x1120 vs 0x111f by bLeaningLeft +0x63fd), otherwise falls back to a condition-99 check (thunk_FUN_10269aa0) and RestartIdealActivity(0x19) on failure; best-guess name, retail function unnamed in the corpus.
102c4680	rule	5-9	FElysiumNpc::SetFollowerType	Validates the retail follower-distance triplet after a KeyValues parse (thunk_FUN_101e8c90): if FollowerDistanceWalkTo (+0x6488) < FollowerDistanceBackAway (+0x6484) + epsilon, DevMsg-warns and bumps WalkTo up to BackAway+epsilon; same rule for RunTo (+0x648c) against WalkTo; no such clamp exists anywhere the port touches these three FElysiumNpc fields.
102d9ae0	mechanism	5-9	CRT:operator delete	Compiler-emitted scalar deleting destructor for CAI_InterestingPlace (slot 5): chains the field destructors via thunk_FUN_102d9b10 then conditionally calls operator delete when (param_1&1)!=0; no gameplay state touched.
102d9c20	rule	5-9	FElysiumInterestingPlace::Spawn	Computes the group bit (1<<(GroupID-1), clamped 1..32 else defaulting to 1), clamps Rating to [0,5], allocates and zeroes a m_iMarkersAllocated*0x1c marker table, looks up the place-type table entry (thunk_FUN_102dd9c0) by m_sType and self-destructs (thunk_FUN_101cd970) with a Warning if the lookup misses; FElysiumInterestingPlace (ElysiumInterestingPlace.h) stores GroupId/Rating as plain fields with none of this bit-pack/clamp/marker/type-lookup logic.
102d9dd0	rule	5-9	FElysiumInterestingPlace::OnRestoreResolveType	Runs the same type-table lookup and self-destruct-on-miss logic as Spawn (0x102d9c20) after a CAISound restore hook (thunk_FUN_100aa5a0); not reproduced in FElysiumInterestingPlace.
102dbc80	rule	5-9	FElysiumNpc::Spawn	corpus asm: CAI_InterestingPlaceConverstation's slot 103 Spawn runs its own field init then tail-jumps to slot 104 Precache - the spawn precaches at its end rather than at its start
102ecb20	mechanism	5-9	CRT:operator delete	Compiler-emitted scalar deleting destructor for CAI_Navigator (its own slot 0, distinct from CBaseEntity's slot 0/SetRefEHandle): chains thunk_FUN_102ecb90 then conditionally calls operator delete on the low bit of param_1; no gameplay state.
102eeb50	rule	5-9	FElysiumNpc::NavOnNavFailed	corpus asm: CAI_Navigator's slot 9 copies its second argument down one stack word and tail-jumps to the navigator's own slot 10; a navigator-table forward, and which navigator virtuals those two indices are is unrecovered - the ledger's signature table is the NPC line, not CAI_Navigator's
1030f940	present	5-9	ElysiumNpcSenses.cpp:FElysiumNpcSenses::TickHearing	Reproduces CAI_Senses::Listen: iterates the sound list, applies hearing-radius/occlusion and the cowering/sleeping quarter-radius rule, records the nearest-per-condition sound with an enemy-source preference (the comment there cites GetClosestSound 0x103105d0 directly), promotes through a delayed jittered queue capped at 8 entries, and fires the OnHear* outputs.
10326bd0	rule	5-9	hand:FElysiumNpc::FInAimCone	Normalizes (target - GetAbsOrigin(), slot 217/+0x364) then dot-products it against EyeDirection2D() (slot 372/+0x5d0), comparing the result to retail threshold constant _DAT_1049e0c8; the scope-trace push/pop is debug-only. Still a FireKernelSlot stub.
10357ba0	rule	5-9	FElysiumNpc::OverrideMove	CNPC_Crow-only override of slot 525 (distinct address from the base sdk override at 0x1027da90): when GetNavType()==2 (thunk_FUN_1027d990) it calls a Crow-specific move handler (thunk_FUN_10357be0), otherwise returns false; species are data rows in this port, so the species-conditional branch belongs inside FElysiumNpc::OverrideMove, itself still a stub.
10365780	rule	5-9	FElysiumNpc::FindHintNode	Searches for a hint node (thunk_FUN_102d1af0) within retail's 5000.0-unit radius; on a hit installs it at HintNode (+0x5ddc) and calls thunk_FUN_10273e80; on a miss sets the retail file/line error strings at +0x1b44/+0x1b48 and calls the already-ported TaskFail (vtable+0x700, slot 448) with code 4. No port citation.
103661f0	rule	5-9	FElysiumNpc::Slot609	CNPC_VBach's override of slot 609: only when CurrentState (+0x5cc0) is 4 or 0xc does it delegate to the base override (thunk_FUN_102b6b50, 0x102b6b50); otherwise it zeroes ShootAtHintNode (+0x6444) and returns null. Slot609 is still a FireKernelSlot stub.
10367740	rule	5-9	FElysiumNpc::Slot609	Byte-identical to CNPC_VBach's override at 0x103661f0 (same CurrentState 4/0xc gate, same ShootAtHintNode zeroing, same delegate to 0x102b6b50) but for CNPC_VBatSwarm.
103937d0	rule	5-9	FElysiumNpc::MingXiaoThrowAttack	Reads CNPC_VMingXiao's m_hMeleeWeapon (+0x667c), resolves the active weapon and its ammo-type field (+0x9c), dispatches an attack-check (+0x52c) and, on success, an activity-set call (+0x4dc) with the computed sequence, else TaskFail(param_1); stamps an attack-timer array (m_rflAttackTimers-shaped, +0x66c4) with curtime; no MingXiao-specific behavior file exists in the port yet. Best-guess name.
10396bc0	rule	5-9	FElysiumNpc::MingXiaoThrowAttack	CNPC_VMingXiao pickup/evade-spot search: bails early if the tracked object handle is still valid or if two per-NPC curtime-gated cooldown fields (word 0x19b5/0x19b6) haven't elapsed, else runs an object/evade search (thunk_FUN_10398b20) within a 20.0-unit radius (thunk_FUN_103662d0) and on success sets a fail schedule (param_1[0x6cc]/[0x6cd] = file/line 0xbc3) and returns schedule id 0x167; not reproduced in the port. Best-guess name.
10398fd0	rule	5-9	FElysiumNpc::MingXiaoThrowAttack	CNPC_VMingXiao cleanup: if m_hPhysicsAnimlink (+0x6738) resolves, removes the entity (thunk_FUN_101cd970) and clears the handle; unconditionally clears m_hThrowObject (+0x6718), resets a 0.75s timer (thunk_FUN_102c43b0) and a state flag (thunk_FUN_10398d90); not reproduced.
103b26f0	rule	5-9	FElysiumNpc::Slot609	Byte-identical to the CNPC_VBach/VBatSwarm overrides at 0x103661f0/0x10367740 (CurrentState 4/0xc gate, ShootAtHintNode zeroing, delegate to 0x102b6b50) but for CNPC_VSheriffSwarm.
103bf170	rule	5-9	FElysiumNpc::VGargoyleGibCleanup	Clears a handle field (+0x6670) to -1, resets a 0.75s timer (thunk_FUN_102c43b0), then resolves and removes (thunk_FUN_101cd970) whatever entity a second handle field (+0x6684) points at before clearing it too, finishing with a species callback (thunk_FUN_103be0b0(this,0)); the offset shapes (0x6670/0x6684) match several species' bool/timer/handle fields (e.g. CNPC_VGargoyle::m_iDoingGibDeath) - exact owning species and port target unconfirmed.
103bfa50	rule	5-9	FElysiumNpc::FindHintNode	Chooses between two competing hint groups (14000 and 0x36b1) within a retail 200.0-unit radius (thunk_FUN_102d24b0 x2), picks the nearer by squared distance, releases the loser (thunk_FUN_102d1420 with 0.5), installs the winner as HintNode (+0x5ddc) and returns retail schedule id 0x36ba or 0x36bb depending on thunk_FUN_103bfc20's usability check; when param_1 is null it just zeroes HintNode. Not reproduced (no 14000/0x36b1/0x36ba hits anywhere in the port).
103c3fd0	rule	5-9	FElysiumNpc::Slot588	CNPC_VTzimisceRunner's override of slot 588 unconditionally calls RestartIdealActivity(1) (0x10289ee0), skipping the IsActivityFinished gate the base override at 0x10293e50 uses; RestartIdealActivity is unreproduced in the port.
103cc0d0	rule	5-9	FElysiumNpc::UpdateConditionCanTeleport	CNPC_VWerewolf-only: gates on condition 0x77, samples a bone position (GetBonePosition, "Bip01") and a trace/visibility check (+0x9a4) against retail masks (DAT_1070d1b0/b4/b8), stamps +0x66ec on success, and after a curtime-since-stamp test against a tunable threshold (DAT_1093d414[10]) plus a summed distance floor (+0x66d0 + +0x66cc + _DAT_10450564 < m_flPlayerDist) clears condition 0x77; no Werewolf-specific teleport-condition code exists in the port (only generic Motor->Teleport).
103d0bf0	rule	5-9	FElysiumNpc::GetNearestNodeToPlayer	Refreshes a cached nearest-node-to-player (+0x6704) only once a curtime-since-last-refresh (+0x6700) exceeds threshold _DAT_10450aa4, resolving the closest player (+0x628c, ClosestPlayer) and querying the navigator's node graph (+0x5d34) via thunk_FUN_102f41b0, DevWarning'ing "GetNearestNodeToPlayer failed" (matching string s_GetNearestNodeToPlayer_failed) on a miss; no such cache exists in the port.
103d3360	rule	5-9	FElysiumNpc::IsImperativeTeleportHint	CNPC_VWerewolf-only: a long chain of hint-name string compares (cheater_outside_hint_1/2/3, shard_hint_3, jump_to_platform_hint_1/2, skylight_2_teleports, fulldoor_a_3_breakthrough) gated on retail bitflags (+0x66e8 bits 0x200/0x400/4) and door state (m_DoorState==2||3), with a trace/LOS fallback check (+0x9a4) for the jump-to-platform case; entirely unreproduced.
103d6280	rule	5-9	FElysiumNpc::PositionAtHint	CNPC_VWerewolf-only: fetches the hint groundpoint, sets the NPC's origin (+0xf8) and angles (+0x360) from it, then relinks (CBaseEntity::Relink) using the hint's own angle accessor (+0x36c); unreproduced.
100b6960	rule	5-9	hand:FElysiumNpc::AddFlexAnimation	Iterates a flex-controller list, right/left-trimming controller names via string ops, remaps them (thunk_FUN_100b5d10) and copies weights scaled by a computed blend factor between two flex values; still a FireKernelSlot stub (slot 289).
10161a70	rule	5-9	FElysiumNpc::GetControllerNpc	Caches a controller-NPC handle (+0x1db0): reuses it if its classname (__strcmpi) matches param_1, else Warning()s and clears it, then creates one via thunk_FUN_10136580, sets SPAWNFLAG 4, copies angles/origin/animation data (CopyAnimationDataFrom), sets a fixed float field to 0x45800000, sets a model name from the owner's classname, sets EFL 0x60, and stores the resulting handle; the retail Warning strings ("GetControllerNPC(): asked for NPC...", "...created NULL Entity...") name the function directly. Only Note()-only Input stubs (ElysiumEventClasses.cpp) exist in the port.
101a6e40	mechanism	5-9	CRT:operator delete	Compiler-emitted scalar deleting destructor for CCineNPC (slot 5): destroys 8 stack-adjacent member blocks plus m_OnEndSequence/m_OnBeginSequence via thunk_FUN_100cd2d0, chains the base destructor (thunk_FUN_1027c820), then conditionally deletes on the flag bit.
101ab060	mechanism	5-9	CRT:operator delete	Same scalar-deleting-destructor pattern as CCineNPC::vfunc5 (0x101a6e40), for CCineAI.
101ab0e0	mechanism	5-9	CRT:operator delete	Same scalar-deleting-destructor pattern, for CCineAISchedule.
1026c7c0	rule	5-9	FElysiumNpc::PostRun	The VProf push/pop/rdtsc scaffolding is pure profiler mechanism; the retail content is the pairing and order it wraps - dispatch its own vtable+0x408 with the elapsed time from thunk_FUN_1026c540, then call CBaseCombatCharacter::Weapon_FrameUpdate with that same value. The port only discusses this ordering in comments (ElysiumNpc.cpp:895-928); PostRun itself is not implemented.
1027c7f0	mechanism	5-9	CRT:operator delete	Compiler-emitted scalar deleting destructor for CAI_BaseNPC (slot 5): chains thunk_FUN_1027c820 then conditionally deletes on the flag bit; no gameplay state.
1027cae0	rule	5-9	hand:FElysiumNpc::CreateComponents	Fail-fast chain that creates Senses/Motor/+0x5d38/+0x5d40/Navigator/Pathfinder via their virtuals (slots 425-430), bailing false the first time one is null; then wires this as the pathfinder-owner (+0x5cf8), threads the motor's local-nav pointer (thunk_FUN_102e0ba0) and the +0x5d38 object's pointer (thunk_FUN_102ddc00), and finally calls the navigator's own vtable+0xc with DAT_1093407c. Still a FireKernelSlot stub (slot 424).
10280de0	rule	5-9	FElysiumNpc::ChangeSchedule	Resolves/translates a raw or sentinel (-1 or <1e9) schedule id via vtable+0x910 and thunk_FUN_102ea2d0, stores it to IdealSchedule (+0x5c3c, mapped but never written anywhere in the port), then calls SetSchedule(int) (thunk_FUN_102cc1f0, the same 0x102cc1f0 ElysiumSchedule.cpp's comments describe) which reaches CAI_BaseNPC::SetSchedule (0x10280e50, ported as ElysiumSchedule::Start). The translate-and-stamp-IdealSchedule step itself is not reproduced.
10290040	rule	5-9	FElysiumNpc::RunAlternateAi	Resolves the tracking table entry (+0x5d24), asks the target (+0x3d8) for a look-at point, and on a valid result (iStack_10 != -1) sets AlternateAi=2 and AlternateAiExpireTime = curtime + a retail constant when either a flag (+0x5d30) is set or a follow-up check (thunk_FUN_10298840) passes; ElysiumNpc.h documents "RunAlternateAi has no stored mode yet" (+0x644c comment) - the mode-2 branch this function sets up is unwired.
1029c010	rule	5-9	hand:FElysiumNpc::DrawDebugStatOverlays	Builds the debug HUD text: expression/gesture name, scene time or "No Scene"/"No Scene Entity", per-expression intensity lines, non-zero anim-layer weights, current disposition, eye-look target name, queued dialog line; still a FireKernelSlot stub (slot 76).
102b4fb0	rule	5-9	hand:FElysiumNpc::Slot597	Forwards to CBaseCombatCharacter::AddEntityRelationship(this, param_1, 1, param_2) with a hardcoded relationship-class literal of 1; the retail constant makes this more than a bare mechanism forward. Still a FireKernelSlot stub.
102c1680	rule	5-9	hand:FElysiumNpc::AddSceneEvent	Dispatches on the choreo event type: type 7 looks up and plays a named sequence and clears the disposition-fidget/stance-change flags; type 0xd (with a live dialog partner) reads an intensity threshold from the event string, rolls RandomInt(1,100) against a disposition-derived percentage, and on success installs a random reaction sequence with a fixed IdealActivity/Activity of 0xf1; type 0xe adds a scripted expression whose duration/levels come from the disposition table and the event's own float argument, gated on m_flLoudExpressionTime; type 0xf resolves the dialog partner and calls CDialogDependency::CallPyDialogFunc; anything else forwards to the base handler (thunk_FUN_100b5e60). Still a FireKernelSlot stub (slot 286).
10310710	rule	5-9	FElysiumNpcSenses::Tick	Gates on senses+0x80 m_bCanPerformSenses (oracle senses.md:37) before calling Look(m_LookDist) 0x1030ff10 then Listen() 0x1030f940, in that order; VProf profiling wraps this but the gate and call order are the retail content; port's Tick() (ElysiumNpcSenses.cpp:424) calls TickSight/GatherEnemyLos/TickHearing unconditionally, with no such gate
1034aab0	mechanism	5-9	CRT:operator delete	Scalar deleting destructor: chains to CAI_BaseNPC's base dtor via thunk_FUN_1027c820 then CBaseEntity::operator delete(this) (thunk_FUN_100aa7b0, confirmed by its own string literal) when param_1&1; slot 5
1034e3b0	mechanism	5-9	CRT:operator delete	Same scalar deleting destructor pattern, but first destroys this class's own members (m_LeaveTarget, m_AtTarget, this[1]+0x14 via thunk_FUN_100cd2d0) before chaining to the base dtor and conditional operator delete; slot 5
10359b70	mechanism	5-9	CRT:operator delete	Identical scalar deleting destructor body to the other vfunc5 rows in this pack: base dtor chain (thunk_FUN_1027c820) then conditional CBaseEntity::operator delete; slot 5
1035adb0	mechanism	5-9	CRT:operator delete	Identical scalar deleting destructor body: base dtor chain (thunk_FUN_1027c820) then conditional CBaseEntity::operator delete; slot 5
1035b5a0	mechanism	5-9	CRT:operator delete	Identical scalar deleting destructor body: base dtor chain (thunk_FUN_1027c820) then conditional CBaseEntity::operator delete; slot 5
10366290	rule	5-9	FElysiumNpc::DrawDebugStatOverlays	Queues a boss-specific "Dist to player: %.3f" line via the console debug-message mechanism (thunk_FUN_10119750, a ConVar-gated Q_vsnprintf into the message ring) before forwarding to base CAI_BaseNPC::DrawDebugStatOverlays 0x102775e0; slot 76 is a declared stub, not implemented
10399fe0	rule	5-9	FElysiumNpc::TestHitboxes	CNPC_VMingXiao-specific override: returns false unless m_bHasTransformed and the model has >=7 hitboxes; tests one master hitbox then loops 7 sub-hitboxes, each gated by thunk_FUN_10398000(this,index) choosing which boxes are active in this transform state; slot 100 is a declared stub, not implemented
1039de20	rule	5-9	FElysiumNpc::SelectSchedule	CNPC_VMingXiaoTentacle-specific override of slot 438: a phase state machine on m_ePhase (0-3) with per-phase expire timers, an active-weapon check, a hide-ready timer and an enemy-distance test choosing among ~9 schedule ids; distinct from the already-ported base Troika selector, no MingXiao/Tentacle/ePhase code exists in the port
103b9500	rule	5-9	FElysiumNpc::PainSound	CNPC_VTzimisce override of slot 491: if virtual +0x798 is true, dispatches three discipline/power virtuals then fires "SPI_TAKE_DAMAGE" (thunk_FUN_101aeb60) and virtual +0x79c; always calls thunk_FUN_103b9f90(this,1,1.0) afterward; slot 491 is a declared stub, not implemented
103cb200	present	5-9	FElysiumNpc::Activate	CNPC_VWerewolf::Activate is only a ScopeTrace push/pop wrapper around a direct call to CAI_BaseNPCTroika::Activate 0x1028e310, which is slot 113's own body, already implemented as FElysiumNpc::Activate (listed among the port's already-run slots)
103d6000	rule	5-9	FElysiumNpc::SetHintActivity	Switch translating AI hint-node type constants (15000, 0x3a99-0x3aaa) into Activity ids (0x10c-0x125), with RandomInt(1,100)<=percentage and RandomInt(0,1) coin flips choosing among variant activities for cases 0x3a9c/0x3a9d/0x3a9e/0x3aa9, then PositionAtHint plus thunk_FUN_10289ee0(this,activity); not a vtable slot, no port cite
10027160	mechanism	5-9	hand:FElysiumNpc::WorldSpaceCenter	Computes the world-space center of the collision OBB (axis-aligned fast path mins+(maxs-mins)*0.5, else full transform) into a small rotating temp-vector cache (DAT_109f0cc0 ring, index DAT_106b856c); slot 192, shared body across ~80 AI classes, matches UE's actor/primitive bounds-center accessor
100a4fe0	rule	5-9	hand:FElysiumNpc::OnUseBegin	Fires m_OnUseBegin via COutputEvent FireOutput(activator=param_1, caller=this, delay=0) (thunk_FUN_100cd660) then caches the activator's handle (virtual +4) into field+0x8c, or writes 0xffffffff when param_1 is null; slot 39 is a declared stub, no port cite, offset +0x8c not in the ShapeMap
100a5030	rule	5-9	hand:FElysiumNpc::OnUseEnd	Fires m_OnUseEnd via thunk_FUN_100cd660 then unconditionally clears the cached use-activator handle at +0x8c to 0xffffffff; slot 42 is a declared stub, no port cite
100b4c30	mechanism	5-9	hand:FElysiumNpc::WorldSpaceCenter	Identical body and logic to 0x10027160 (the const-returning overload, slot 215): same OBB-center-plus-temp-vector-cache pattern
1017df50	present	5-9	ElysiumLaw::SetSupernaturalLevel	Resets to level 0 / expiry -1.0 when param_1==0, else ramps via thunk_FUN_1017deb0's duration and stores expiry plus a counter; matches the port's ApplyTimedWrite(...SupernaturalLevel...) timed-channel write (ElysiumLaw.cpp:363); the dev-only DevMsg logging is not reproduced
1017e150	present	5-9	ElysiumLaw::SetCriminalLevel	Same ramp/reset pattern as the supernatural setter (thunk_FUN_1042fd40/thunk_FUN_1017deb0) with an obfuscated XOR-mixed storage of the level; matches the port's ApplyTimedWrite(...CriminalLevel...) timed-channel write (ElysiumLaw.cpp:357)
1017e6f0	present	5-9	ElysiumLaw::SetInvestigateLevel	Whole body is field+0x1cdc = param_1 after a ConVar side-effect call; matches the port's direct Player.Law.Investigate write (ElysiumLaw.cpp:370-375)
1017f6e0	rule	5-9	FElysiumNpc::RemoveCopInPursuit	Likely the Law/CSActs cop-pursuit-star system (unconfirmed owner): decrements a pursuit-star counter at +0x1d10; on reaching 0 calls thunk_FUN_10370630 then thunk_FUN_1017f9c0 (this pack's 0x1017f9c0); DevMsg logs "OnCopPursuitStar..."; only the binary SetCopsInPursuit edge model exists in ElysiumLaw.cpp, no decaying-star decrement found
1017f980	rule	5-9	FElysiumNpc::EndHeightenedAlert	Fires an output event (thunk_FUN_100cd660) on a table entry (iVar1+0x480) resolved through thunk_FUN_1023dcd0, then zeroes field+0x1d1c; likely part of the Law/investigate-star clear path; no matching output-clear code found in ElysiumLaw.cpp
1017f9c0	rule	5-9	FElysiumNpc::BeginHeightenedAlert	Sets a ready flag (field+0x1d18=1) and an expiry timestamp (field+0x1d1c = curtime + a ConVar-driven duration DAT_10725f74), then calls thunk_FUN_1017f900; companion to 0x1017f6e0's decrement; no matching flag/timer pair found in the port's Law code
101a95d0	rule	5-9	FElysiumNpc::FixScriptNPCSchedule	CCineAI's slot-586 fixup (oracle schedule-kernel.md:614): m_iFinishSchedule(+0x5f64)==0 clears the schedule (0x10280d30, already ported as ElysiumSchedule's ClearSchedule); ==1 calls SetSchedule(0x2a AMBUSH) via thunk_FUN_10280de0 with no clear; else DevMsg "FixScriptNPCSchedule - no case!" then clears; this case selection itself is not wired in the port
10260670	rule	5-9	FElysiumNpc::SetExpression	Caches a target name at +0x5f9c and skips re-resolution (via __strcmpi) when unchanged; else clears via thunk_FUN_10260750 (null/empty name) or resolves the named entity's handle (thunk_FUN_10084b40) into +0x5fa0, validating the handle epoch against the global entity-handle table before caching the resolved pointer at +0x5f9c; no equivalent name-cache found in the port
10260d70	mechanism	5-9	CRT:operator delete	CAI_ExpressiveNPC's scalar deleting destructor: chains to base dtor thunk_FUN_10312c80 then conditional CBaseEntity::operator delete; slot 5
10260de0	mechanism	5-9	CRT:operator delete	CAI_BaseHumanoid's scalar deleting destructor: frees several dynamically-allocated member buffers via Plat_Free (around +0x5f88/+0x6024/+0x6038, resetting their length/capacity words) before chaining to the same base dtor (thunk_FUN_10312c80) and conditional operator delete; slot 5
10265a90	present	5-9	ElysiumCombatCharacter.cpp:FElysiumCombatCharacter::OnKilled	bDeathReported guard fires OnDeath exactly once, matching retail's one-shot flag at +0x5bd4 guarding the m_OnDeath output fired via thunk_FUN_100cd660 on field+0x5e24 (ShapeMap: CAI_BaseNPCTroika m_OnDeath)
10266780	rule	5-9	hand:FElysiumNpc::TraceAttack	EvadeCheck via CVDmg_t; per-ammo-type damage-force multiplier switch (cases 1-10, ConVar-driven per hitgroup, e.g. DAT_1090fe74/DAT_109204f4); a lethal check (health minus damage) sets the kill-shot flag field_0x5df0 and skips the pain (+0x244) and damage-response (+0x248) virtuals; an unconditional post-hit virtual +0x490 and CVDmg_t::Apply via field_0x2e0; slot 141 is a declared stub, no port cite
1026a5e0	present	5-9	ElysiumNpcSenses.cpp:FElysiumNpcSenses::TickHearing	The exact retail sound-type switch (combat/world/player/danger/bulletimpact/flinch/physicsdanger/thumper/bugbait/carcass) is reproduced, with a comment citing 0x1026a5e0 directly (line 862), driving condition raises and the 8-slot delayed-sound list; slot 470
1026cf90	present	5-9	hand:FElysiumNpc::Slot355	Fires Victim->FireOutput(OnFedUponEnd, Handle), matching retail's m_OnFedUponEnd firing after resolving/validating the feeder handle through the entity-handle table; slot 355
1026e4f0	present	5-9	ElysiumNpc.cpp:FElysiumNpc::RunConditionPass	IsOblivious() gate (m_iIsOblivious<1) wraps Senses.Tick(*this, SenseNow), matching retail's gate before calling CAI_Senses::PerformSensing 0x10310710; the unconditional trailing call to slot 459 RemoveIgnoredConditions (virtual +0x72c) remains an unwired stub
10273d30	rule	5-9	hand:FElysiumNpc::InitSquad	If not already squadded: reads a spawnflag bit (0x4000000) via virtual +0x804; warns "Found %s that isn't in a squad but not supposed to be solo" and fails when m_SquadName is unset; else resolves/creates the squad by name (thunk_FUN_10315800) into field_0x5da4 and calls virtual +0x878; returns whether squadded; slot 545 is a declared stub, no Squad system exists in the port
10275760	rule	5-9	FElysiumNpc::DrawDebugGeometryOverlays	Gates on this->m_debugOverlays bit flags (0x10000 weapon, 0x4000 navigator, 0x1000/0x2000 collision/nav boxes, 0x400000 facing-arrow trig via sin/cos, 0x20000 enemy/target/memory labeled overlays, 0x200000 enemy-facing lines) with retail box half-extents 5/10/40 and specific colors, falling through to navigator debug (thunk_FUN_103061e0) and base CBaseEntity::DrawDebugGeometryOverlays; slot 123 is a declared stub
1028ebc0	rule	5-9	FElysiumNpc::FUN_1028ebc0	Owner uncertain: tests whether a point from EyePosition (virtual +0x304) lies within a squared radius field_0x63b8 of a target position, then, if within, runs a trace (thunk_FUN_101075e0) and a ConVar-gated interpolation/point-selection pass (thunk_FUN_10143d80/thunk_FUN_10142e90) before a final float compare decides pass/fail; likely a cover/hide-point validity check, exact retail identity not recovered here
10297ce0	rule	5-9	hand:FElysiumNpc::MaxYawSpeed	Switches on m_Activity (param_1[0x3fb]) and state bits (0x1763&0x2000, 0x52e&0x8000000) to select per-activity yaw-speed ConVars (debug_slow_idle_yaw_speed, debug_slow_walk_yaw_speed) or default constants (_DAT_1049949c/_DAT_104492a8/_DAT_1047a3ac), else computes ABS(bodyYawSpeed)*ConVar clamped to floor _DAT_104454c0; slot 516 is a declared stub
1029a930	rule	5-9	FElysiumNpc::SetSquad	Disconnects from or frees the prior squad object (thunk_FUN_103158f0 / thunk_FUN_102e0730+FUN_10430964) depending on ownership, then finds-or-creates the named squad (thunk_FUN_10315800, else operator_new(0x14)+thunk_FUN_102e06f0) and joins it via thunk_FUN_10316700 when size>0; no port cite, no Squad system exists in the port
102ae140	rule	5-9	hand:FElysiumNpc::OnStateChange	Arms m_bReturnToInitialPos (+0x6494) on entering ALERT(2)/COMBAT(3); fires m_OnStateFleeing on state 8; sets m_flHuntExpireTimer via RandomFloat(10,20)+curtime on state 0xb; clears memory/patrol-path/hint/damage-flag bits and forwards to base OnStateChange 0x1026e3e0; the port's SelectIdleSchedule (ElysiumNpc.cpp:1422-1429) explicitly states "this runtime has no producer, so the flag is permanently clear" - the port cites are commentary on the gap, not an implementation
102b4540	present	5-9	hand:FElysiumNpc::FInViewCone	Reproduces the DAT_10924fba/DAT_10924fb9 (npc_ignore_senses/npc_ignore_player) gates and the FInViewCone/FVisible fallthrough; the closest-player LOS bypass arm (GetFollowerBoss, slot 293) is an explicitly named unimplemented seam in the port's own comment; slot 363
102c0360	rule	5-9	FElysiumNpc::OnDialogRelease	docs/vtmb/game_runtime.md:1349 names this the owning NPC's dialogue-end path called from CDialog::Release; it clears CBaseCombatCharacter's in-dialog flag at +0x1590, calls SetDialogPartner(this,NULL) and fires the NPC's m_OnDialogEnd output at +0x5f5c before an unrelated debug entity-stats hook; FElysiumNpcDialogue::End fires the same OnDialogEnd output but via a different input-driven trigger and the +0x1590 clear is not yet bound, so this exact retail path is not confirmed reproduced
102c0520	present	5-9	ElysiumNpc.cpp:FElysiumNpc::OnDialogFilePlayed	port cites ElysiumNpc.cpp:2177, whose comment names this exact address 0x102c0520: OnDialogFilePlayed sets TalkingUntil = now + duration and calls ResetThinkTimers, matching the retail write of the end time at +0x64cc and the slot-614 0.01s think floor after m_bIsTalking is set
102d77d0	mechanism	5-9	CRT:operator delete	vfunc5 is the MSVC scalar deleting destructor idiom for CAI_TestHull: it calls the class destructor thunk_FUN_102d77a0 (resets the vftable pointers, chains to the CAI_BaseNPC destructor) and, when the low bit of param_1 is set, calls the deallocation helper thunk_FUN_100aa7b0; nothing here is retail game logic, it is the compiler-generated delete-this pattern
10312cd0	rule	5-9	FElysiumNpc::CreateExpresser	docs/vtmb/npc-ai/lifecycle.md:304 names this the expresser factory on CAI_BaseNPC: after the base gate thunk_FUN_1027cae0 passes, it calls vtable slot 0x91c to create the expresser, stores the result at +0x5f48, backlinks the expresser's owner field to this NPC and its list-node pointer to +0x5f44, then calls thunk_FUN_10312b20 to finish setup; a null result from the factory call returns false
10326a20	present	5-9	hand:FElysiumNpc::FInViewCone	the CAI_BaseNPC#362 FInViewCone slot only pushes a debug scope-trace name then forwards this->m_flFieldOfView to thunk_FUN_103268e0, which convar-gates between FinViewCone2d (0x103261f0) and FinViewCone3dNew (0x103264d0); the 3D branch is the exact address FElysiumNpcSenses::IsInViewCone(Npc, FVector, cone)'s header comment cites, so the retail formula is already ported, only the rare 2D convar branch is not
1034bc90	present	5-9	ElysiumNpcMaker.cpp:FElysiumNpcMaker::OnOwnedEntityTerminated	slot 139's once-only child-death handler checks the alive flag via vtable+0x278, fires OnNPCDied when dead or increments the max-count when alive, checks thunk_FUN_1034b430 (depletion) to fire OnLastNPCDied, then clamps m_cLiveChildren so it cannot go negative; this matches FElysiumNpcMaker::OnOwnedEntityTerminated, which increments RemainingTotal on RemovedAlive, fires OnNPCDied otherwise, fires OnLastNPCDied when IsDepleted, and clamps LiveChildren with FMath::Max(0, LiveChildren-1)
1034c2d0	rule	5-9	FElysiumNpcMaker::FUN_1034c2d0	CNPCMaker_Fleshpile's slot-617 body: a singleton dynamic-cast lookup for the VAndreiBlood fleshpile owner, a blood-pool threshold gate at +0x66b8 against a singleton counter, a proximity re-roll against the player plus a scripted-scene fade check, then on success spawns a Troika entity by classname, copies roughly twenty maker fields (view offset, move dir, physics update time, spawnflags with a viewcone bit, several float pairs at +0x63xx) onto the child, names it, and increments the singleton's spent-blood counter by a fixed constant
10356740	mechanism	5-9	CRT:operator delete	vfunc5 for CNPC_Bullseye is the same MSVC scalar deleting destructor idiom as CAI_TestHull's: destructor thunk_FUN_10356770 then a conditional delete via thunk_FUN_100aa7b0 when the low bit of param_1 is set
1035dba0	rule	5-9	FElysiumNpcScheduleHost::SetScheduleTraceName	CNPC_VAndreiBlood::SetSchedule (slot 619) only pushes/pops a debug scope-trace name and forwards to the shared thunk_FUN_10280de0 (CAI_BaseNPC::SetSchedule, 0x1000c27a), which writes the ideal schedule at +0x5c3c (bound FElysiumNpcScheduleHost::IdealSchedule, ElysiumNpcKernelShapeMap.cpp:115) then runs the TranslateSchedule/Start chain; the override carries no class-specific logic of its own
10361530	rule	5-9	FElysiumNpcScheduleHost::SetScheduleTraceName	identical scope-trace wrapper as CNPC_VAndreiBlood::SetSchedule, forwarding CNPC_VAsianVampire's SetSchedule(int) to the shared thunk_FUN_10280de0 that writes IdealSchedule at +0x5c3c and runs the schedule-start chain
10369bd0	rule	5-9	FElysiumNpc::InitSquad	slot 545 InitSquad: if no squad is joined yet (+0x5da4==0) and the class flags from vtable+0x804 carry bit 0x4000000, it warns and bails when m_SquadName is unset, else looks up an existing squad by name (thunk_FUN_10315790) or creates and joins one (thunk_FUN_10315800/thunk_FUN_103158f0), then calls vtable+0x878 to finish; +0x5da4 is explicitly unbound (ELYSIUM_NPC_WORD_ABSENT, ElysiumNpcKernelShapeMap.cpp:201), so this squad-join sequence is not yet ported
1036c760	rule	5-9	FElysiumNpcScheduleHost::SetScheduleTraceName	same scope-trace forwarder pattern shared by CNPC_VChangBros/VChangBrosBlade/VChangBrosClaw's slot-619 SetSchedule, calling the shared thunk_FUN_10280de0 that writes IdealSchedule (+0x5c3c) and starts the schedule
1036c8d0	rule	5-9	FElysiumNpc::CheckForJumpAttack	CNPC_VChangBros jump-attack gate: only when m_ChangType==0 and the closest player is in a different sector than self (GetSector != 4 both) and at least DAT_104ada00 seconds have passed since m_fLastJumpTime does it check the squad (+0x5da4) for a sibling that jumped within DAT_104ada00 seconds and bail if one did, otherwise it allows the jump
1036d350	rule	5-9	FElysiumNpc::PositionClearForTeleport	CNPC_VChangBros checks a candidate teleport point is at least param_2 away from both self and this NPC's own last teleport position (against DAT_104ad9f4), then walks the squad list for any other member whose own GetTeleportPosition lands within param_2 of the candidate, rejecting the spot if a squadmate already claimed it
1036e2f0	rule	5-9	FElysiumNpc::GetOtherBrother	CNPC_VChangBros walks its squad list (+0x5da4) and RTTI-casts each member to CNPC_VChangBros, returning the first squadmate that is not itself; used to find the paired brother NPC
1036e6f0	rule	5-9	FElysiumNpc::IsUnreachable	CNPC_VChangBros/Blade/Claw's slot-530 override: RTTI-casts the target to CBaseCombatCharacter, computes both this and the target's sector via GetSector, and treats the target unreachable when either sector is the pit (SectorIsInPit) while the other is sector 3; otherwise falls back to the base CAI_BaseNPC::IsUnreachable at thunk_FUN_102741e0
10378cb0	rule	5-9	FElysiumCombatCharacter::StartDamageFlinch	CNPC_VGargoyle's slot-292 DamageFlinch gate: if the damage's own bdmgTypes or'd with param_1[0xe] carries bit 0x4000002 it suppresses the flinch entirely, and even when not suppressed it skips the flinch when the computed damage magnitude (CVDmg_t::GetDmg or the raw operand) is exactly zero; only then does it call the base CBaseCombatCharacter::DamageFlinch. FElysiumCombatCharacter::StartDamageFlinch has no damage-type-mask or zero-damage gate today
1037b6e0	rule	5-9	FElysiumNpc::OnDisturbed	CNPC_VGhoulCroucher's OnDisturbed fires once (m_bWasDisturbed latch): clears m_bUnawareExited, and if the disturbing entity's +0xa8 pointer is null runs the generic disturbed handler and fires m_OnDisturbed, else records the closest player handle and fires m_OnDisturbedByPlayer instead; when the closest player resolves to a live entity it also adds an AddEntityRelationship hate-priority-10 record against that player
103802a0	rule	5-9	FElysiumCombatCharacter::StartDamageFlinch	CNPC_VHengeyokai's slot-292 DamageFlinch is byte-identical to CNPC_VGargoyle's: suppresses the flinch when bdmgTypes|param_1[0xe] carries bit 0x4000002, skips a zero-magnitude hit, otherwise calls base CBaseCombatCharacter::DamageFlinch; the port's StartDamageFlinch has no such damage-type or zero-damage gate
10381e90	rule	5-9	FElysiumNpc::FindPickupTargetGrabBone	CNPC_VHengeyokai: walks the fixed two-name bone table PTR_s_Bone01_1063bd88 ("Bone01", "Bone04", terminated by the shared empty string) on the RTTI-cast grab target, keeping the element (+0x424) whose world position (+0x94) is nearest GetOrigin() (slot 220) inside 1025 units (initial best 1050625.0 squared), writing m_vecPickupTargetPos (+0x6684) and the table INDEX to m_iPickupTargetGrabBone (+0x6668); a target that does not cast takes a separate arm: the target's own origin, bone 0, true. RENAMED from FUN_10381e90 -- the body writes two named datamap words.
10382400	rule	5-9	FElysiumNpc::ReleasePickupAnimlink	CNPC_VHengeyokai and CNPC_VManBat 0x1038f790 are ONE body written twice, same FPickupSpecies table. Removes the link entity, clears m_hPhysicsAnimlink, solves a ballistic impulse (0x102c4cc0) from the carried thing onto a point 48 units (_DAT_10447ee8) above the aim entity, applies it through CRagdollProp +0x428 or IPhysicsObject +0x36c, clears m_hPickupTarget and re-arms the collision-ignore expiry at 0.75 s. Aims at param_1; clears the handle BEFORE the re-arm and never calls StartIgnoringCollision. RENAMED: clears two named datamap words.
10382670	rule	5-9	FElysiumNpc::AttachPickupAnimlink	CNPC_VHengeyokai ("Bip01 R Hand") and CNPC_VManBat 0x1038f430 ("Bip01_R_Foot") are ONE body written twice; landed as one method plus a two-row species table keyed on the retail class (FPickupSpecies). Creates a phys_animlink, finds the carrier bone, asks the carried CRagdollProp's +0x424 for the element at the species' key (the decoded m_SecurePickupParam here, param_2 on the ManBat arm), wires it (0x1014f210), stores m_hPhysicsAnimlink (+0x6690), clears FINDING_BODY and sets CARRYING_BODY through family Misc's FormBit (0x10381c00). RENAMED: writes the named word m_hPhysicsAnimlink.
1038b370	rule	5-9	FElysiumNpc::FUN_1038b370	CNPC_VManBat's velocity producer, 2274 bytes. Three shapes by m_pFlyNode (+0x6688) and the DECODED m_iMoveGoalNodeMode (+0x6668): the animation velocity with its Z seeded with the literal 10.0 and steered by 0x1038bec0; a level-wide stationary watchdog (file statics _DAT_1093b8b8..c4, 0.5 s) that forces mode 2, runs a 20000/15000.0 hint search, places sheriff_teleport_emitter twice and teleports to its OWN saved origin; and the homing arm (700/500 units split on delta Z >= -30, a per-axis acceleration clamp from cvar DAT_1093b7cc with Z's down limit tripled, and an overspeed latch on m_bReachedMoveGoal when dist < 0.2 * |v|). The two encoded mode constants 0xfa0b069a/0xfa0b069b decode to 6 and 7 (FUN_1042fbf0). Name kept.
1038f790	rule	5-9	FElysiumNpc::ReleasePickupAnimlink	CNPC_VManBat's half: aims at m_hClosestPlayer (+0x628c) rather than any argument, restores m_bPickupTargetBreakable onto the thrown prop on the ragdoll arm, calls StartIgnoringCollision(m_hPickupTarget) (0x102c4380), re-arms at 2.0 s and only THEN clears m_hPickupTarget (+0x668c) and CARRYING_BODY -- the reverse of the Hengeyokai order.
103a9fd0	rule	5-9	FElysiumNpcScheduleHost::SetScheduleTraceName	CNPC_VSabbatLeader's slot-619 SetSchedule is the same scope-trace forwarder to the shared thunk_FUN_10280de0 that writes IdealSchedule at +0x5c3c and starts the schedule; no class-specific logic
103af8d0	rule	5-9	FElysiumNpcScheduleHost::SetScheduleTraceName	CNPC_VSheriffMan's slot-619 SetSchedule is the same scope-trace forwarder to the shared thunk_FUN_10280de0 that writes IdealSchedule at +0x5c3c and starts the schedule; no class-specific logic
103be3d0	rule	5-9	FElysiumNpc::FUN_103be3d0	the same nearest-bone search as FUN_10381e90 but over the 'Bip01 L Forearm' bone table, writing the winning bone's position to +0x6674..+0x667c and its index to +0x6680, with no fallback branch when the RTTI cast fails
103bea90	rule	5-9	FElysiumNpc::FUN_103bea90	releases the animlink at +0x6684, then when a target is passed computes a capsule-style offset point via thunk_FUN_102c36d0 from the target's own model radius (vtable+0x374), normalizes and nudges it by a fixed 1044eb0c distance depending on which side of a 1049ae98 dot-product threshold it falls, scales the resulting delta by the squared distance times a global scale (+0x6670 group), and finally RTTI-casts to CRagdollProp to choose between a slot-0x428 setup and the +0x36c interface fallback, ending by clearing +0x6670 to -1 and resetting the link timing to 0.75s
103bef20	rule	5-9	FElysiumNpc::FUN_103bef20	gates on the squared distance to the target against a fixed threshold (DAT_104cc51c) and bails if too far, otherwise spawns a phys_animlink entity, finds the 'Bip01 R Finger1' bone, RTTI-casts the target and when it carries a non-zero +0xdb payload calls its slot-0x424 setup with param_2, wires the link via thunk_FUN_1014f210, and stores the resulting handle at +0x6684
103d4a60	rule	5-9	FElysiumNpc::TeleportOut	CNPC_VWerewolf::TeleportOut: stamps m_flTimeTeleportedOut = curtime, calls vtable+0x108 (an anim/effect hook), sets the effects bit m_fEffects|=0x20, adds a collision flag via thunk_FUN_100dc580, relinks the entity, clears +0x66ac and the teleport hint, fires m_OnTeleportOut, and when not gated off by DAT_1093f73c (noted UNRECOVERED in docs/vtmb/npc-ai/lifecycle.md:311-313) plays dev/ww_tele_out.wav to a single-user filter
103d4d60	rule	5-9	FElysiumNpc::TeleportIn	CNPC_VWerewolf::TeleportIn: positions the NPC at its stored teleport hint, calls vtable+0x10c, clears the effects bit m_fEffects&=~0x20, removes the collision flag added by TeleportOut, relinks the entity, stamps +0x66ec = curtime, fires m_OnTeleportIn, and under the same DAT_1093f73c gate plays dev/ww_tele_in.wav to a single-user filter
103e1280	rule	5-9	FElysiumNpc::OnVictimHitByMe	Forwards to base CAI_BaseNPCTroika vfunc24 (slot 24, OnVictimHitByMe, 0x1029f8d0) via thunk_FUN_1029f8d0, then fires species output m_OnAttackedVictim (+0x66e8) through CBaseEntityOutput::FireOutput (thunk_FUN_100cd660 -> thunk_FUN_100cd300, the retail output-action-list walk with DevMsg tracing); retail order is base hook first, output fired second.
103e12c0	rule	5-9	FElysiumNpc::Slot25	Fires species output m_OnAttackedVictim (+0x66e8) via thunk_FUN_100cd660 (FireOutput) with no base-class forward; slot 25's base is unnamed (Slot25) so this override alone wires the vtable slot to the mapper-visible OnAttackedVictim output for zombies.
103e12f0	rule	5-9	FElysiumNpc::Slot26	Same pattern as vfunc25: fires m_OnAttackedVictim (+0x66e8) via thunk_FUN_100cd660 with no base forward; slot 26's base is unnamed (Slot26).
1009e430	rule	5-9	FElysiumNpc::KeyValue	KeyValue string-match cascade for AI helper entities (CAISound/CAI_Hint/CAI_InterestingPlace/CAI_InterestingPlaceConverstation/CAI_StandoffGoal, slot 110): rendercolor/rendercolor32 sets m_clrRender RGB bytes, renderamt sets its alpha via atoi, disableshadows sets m_fEffects |= 0x20, a disablereceiveshadows-gated branch sets m_fEffects |= 0x80, mins/maxs set collision bounds (vtable +0x364, thunk_FUN_100dc770), angle/angles/origin dispatch through vtable +0x368/+0x360, and unmatched keys walk the base class's keyfield action list (thunk_FUN_101a5a80). Could also be a dedicated AI-helper-entity KeyValue path rather than FElysiumNpc's.
100b6250	rule	5-9	hand:FElysiumNpc::ProcessSceneEvents	corpus asm: slot 283 ProcessSceneEvents walks 0 to the scene-event count and dispatches slot 279 with (index, 0) for each, then tail-jumps to slot 284; the count is re-read every iteration, so an event that removes itself shortens the loop
100e5240	present	5-9	ElysiumDlg.cpp:FElysiumDlgConversation::Close	Port cites ElysiumDlg.cpp:1269, whose comment names this exact address: FlushPendingNpcAction() runs before bOver is set, matching retail's order of flushing the pending col-5 NPC event script (the this+0x30e9 check -> CallPendingNPCEventScript) before clearing the active-dialog byte (+0x30e8) and unloading.
1017f650	rule	5-9	FElysiumNpc::OnCopPursuitStart	Increments a reentrancy counter at +0x1d10; on the 0->1 transition calls thunk_FUN_103705e0 then thunk_FUN_1017f980 (cop-pursuit-start hooks), then DevMsg's "CSActs::(6.1f)::OnCopPursuitStart..." with curtime and the new count under dev logging; sole caller is CNPC_VCop::vfunc597.
1017f7b0	rule	5-9	FElysiumNpc::OnHunterPursuitStart	Increments a reentrancy counter at +0x1d14; on the 0->1 transition calls thunk_FUN_1017fa40 (hunter-pursuit-start hook), then DevMsg's "CSActs::(6.1f)::OnHunterPursuitStart..." with curtime/count; sole caller is CNPC_VHunter::OnStateChange.
1017f830	rule	5-9	FElysiumNpc::OnHunterPursuitStop	Decrements the same +0x1d14 counter; on reaching 0 calls thunk_FUN_1017fa70 (hunter-pursuit-stop hook), then the same dev trace; paired with 0x1017f7b0's increment, both called from CNPC_VHunter::OnStateChange.
101a8130	rule	5-9	FElysiumNpc::ResolveNamedMaster	Reads *(char*)(this+0x5f5c) as an entity name, looks it up by classname (thunk_FUN_100f7770 against the DAT_106eb5d8 entity-name table), checks flag word [0x25]!=0, then RTDynamicCast's the hit against a single retail RTTI type descriptor (0x105947c8) unique to this function, returning the cast pointer or 0. Could not fully resolve the target RTTI class name from the corpus; best guess is a named master/owner entity lookup gated by type, given caller FUN_101a81a0's owner-entity slot [0x1739] / vtable +0x920 "adopt" pattern.
101c1720	rule	5-9	hand:FElysiumNpc::MoveDone	corpus asm: CAI_BaseNPC's own slot 133 MoveDone copies +0x494 into +0x498, then switches on the pending move mode at +0x558 - 1 runs the arrival helper on this, 2 runs the global one - clears +0x558 to 0, and only then dispatches the stored move-done callback at +0x114 if there is one
10260630	rule	5-9	FElysiumNpc::OnStateChange	CAI_BaseHumanoid's override of vfunc463: calls the vtable getter at +0x934 with param_2, passes the result plus this to thunk_FUN_10260670, then forwards to CAI_BaseNPC's own OnStateChange via thunk_FUN_1026e3e0 with the original return address and param_2 -- a species pre-step ahead of the base CAI_BaseNPC::OnStateChange (slot 463, 0x102ae140) the port already declares.
102664c0	rule	5-9	hand:FElysiumNpc::OnTakeDamage_Dead	Slot 392: when the damage source has an owner (param_1[10]), computes its impact velocity/position via vtable +0x300 (twice) and stashes it as a global death-throw impulse (_DAT_1070ba40/44/48); merges the damage-info bitfield with param_1[0xe]; if the combined bits intersect 0xe1 and m_takedamage != 1, pulls the finishing magnitude from CVDmg_t::GetDmg and writes the truncated result into m_iHealth (+0x0210).
102789c0	rule	5-9	hand:FElysiumNpc::BodyTarget	Slot 197: pulls this NPC's current and collision-relative eye/anchor points (vtable +0x300 twice, +0x304), computes a delta vector, then blends toward it either by a fixed retail interpolation constant (_DAT_104454d0, the false arm) or by an added 0..0.5 random jitter (the true arm, via DAT_1070b244's random-float call twice) -- the formula the port's declared BodyTarget(const FVector&, bool, bool) has not yet implemented.
10279090	rule	5-9	hand:FElysiumNpc::FindNamedEntity	Slot 559: string-dispatches a target-selector name: !player/!playercontroller resolve the player (thunk_FUN_101cd9e0/thunk_FUN_101618a0), !enemy reads vtable +0x29c, !self/!target1 fall through, !nearestfriend/!friend resolve the player, a retired name is rate-limited to 5 DevMsg warnings (DAT_10920558) then resolves the player, a retired "Player" literal is likewise rate-limited (DAT_1092055c) then resolves the player, anything else is a plain classname lookup (thunk_FUN_100f7770) defaulting to this NPC itself.
1027c160	rule	5-9	FElysiumNpc::Restore	Slot 127: reads the extended save header via IRestore vtable +8 into field_0x19b4/AIExtendedSaveHeader_t, calls base CBaseCombatCharacter::Restore, then re-derives four extended-block-timer floats (thunk_FUN_101cf2f0 x2 over m_flExtendedBlockedByFriendTimer/m_flWaitFinished), re-links the motor if present (thunk_FUN_102e0b80) and the move-and-shoot overlay (thunk_FUN_102e8ac0).
10280a50	rule	5-9	FElysiumNpc::AutoMovement	Blends CBaseAnimating::GetIntervalMovement's per-frame delta with the physics motor (thunk_FUN_102729d0/thunk_FUN_102e0bd0) only when m_MoveType == 4 and FL_FROZEN (0x400) is clear; ElysiumNpc.cpp:870 already notes this as "the anim graph's root motion (visual)" the runtime's NPCThink port deliberately does not run, ceding it to Unreal's animation instance. -- reclassified from `mechanism`: Unreal does extract root motion, but this body gates it -- it applies the interval movement ONLY when GetMoveType() is 4 and FL_ONGROUND (0x400) is clear, and it runs slot 250 first. The gate and the order are the retail contract a modernization has to keep, so the body is ported and the extraction underneath it is the Unreal half
1028fb70	present	5-9	ElysiumNpcSenses.cpp:FElysiumNpcSenses::ResolveTuning	Present via Perception.ResolveFromRulebook, called from FElysiumNpcSenses::ResolveTuning (ElysiumNpcSenses.cpp:359); matches the -0x40800000 (-1.0) sentinel check on +0x63b4/+0x63bc that falls back to the "Inspection_Vision_Distances"/"Inspection_Hearing_Scalars" rule tables and otherwise copies the authored value into +0x63b8/+0x63c0, as ElysiumNpcSenses.h:78 and ElysiumNpc.h:167 record.
10291610	present	5-9	ElysiumNpcSenses.cpp:FElysiumNpcSenses::SetPlayerLos	Present as FElysiumNpcSenses::SetPlayerLos (ElysiumNpcSenses.cpp:500), whose own comment ties itself to this exact address (0x10291610, walked) and notes the port deliberately omits retail's PVS/cone shortcut, keeping only the separate bPlayerVisible plus the think-cadence/DISAPPEAR feed.
10294070	rule	5-9	hand:FElysiumNpc::ShouldPlayFloatSound	Slot 510: gated on not already floating (thunk_FUN_102c1170), no live master-scene entity (field_0x1538/0x153c handle checks), not unconscious, no AINPC 0x20000 flag, ideal and current state both ALERT(1), and a valid closest player; then resolves the player's inventory slot 0xfe8 and lazily loads two "Float Sound Info" rule-file floats into _DAT_1092483c, returning CAI_BaseNPC::thunk_FUN_1027a530 only when m_flPlayerDist <= that cached threshold.
1029f780	rule	5-9	FElysiumNpc::ResolvePatrolInterestPlace	Caches an interesting-place lookup at +0x6300; when unset, resolves the patrol node's interest record (thunk_FUN_1029f730; per docs/vtmb/npc-ai/programs.md:526, "0x1029f780 resolves the record's named entity to its CAI_InterestingPlace"), classname-looks-up the record's target-entity field (+0x468) via thunk_FUN_100f7770, and caches that entity's own field [0x2c] into +0x6300 for reuse.
102a9f40	rule	5-9	FElysiumNpc::ClaimInterestingPlace	Per docs/vtmb/npc-ai/programs.md:198, "the wait" shared by TASK_DO_INTEREST_ACTIVITY/_LOITER_/_INTERACT_: claims the marker (thunk_FUN_102da7c0), fires npc+0x5f74, and branches on whether the interest type has an INTO activity (thunk_FUN_102dae70), setting flags1 |= 0x20000000 INTERESTING_INTO, +0x6304 = 1, SetActivity(into), +0x63d4 = -1, or else +0x6304 = 2, SetActivity(idle), +0x63d4 = curtime + RandomFloat(2,10); then unconditionally sets m_flWaitFinished (+0x5db4) = curtime + RandomFloat(min_time, max_time), the field every TASK_WAIT* uses.
102aa210	rule	5-9	FElysiumNpc::RunInterestingPlaceLoop	Per docs/vtmb/npc-ai/programs.md:535, the INTO->IDLE->OUTOF interest-place state loop keyed off +0x6304 (1/2/3) and the +0x63d4 activity-refresh timer, driving activity-name resolution (thunk_FUN_10412520) with DevWarning fallbacks when a required activity string is missing, and returning early once the entrenched/no-hint conditions at +0x14b8/+0x14bc are met.
102b39e0	rule	5-9	hand:FElysiumNpc::OnListened	Slot 470: snapshots up to six live CAI_Sound categories (world +0x5cb4 bit3/0x11/0xa/0xf, bulletimpact +0x5cb6 bit0, combat bit 0xd, flinch via thunk_FUN_102c66b0) from m_pSenses into the matching m_LastSound* record fields (+0x610c..+0x6204), then when the combat/bulletimpact-heard flags (thunk_FUN_10269aa0 0x6d/0x70) are set, feeds each into thunk_FUN_1028e8b0 with strength 1.0.
102b7690	rule	5-9	FElysiumNpc::SelectCoverOrKickSchedule	Per docs/vtmb/npc-ai/authored-control.md:442-458 (marked UNRECOVERED there), the entrenched cover/kick-prop schedule selector: on stay_entrenched (+0x6435) with no current enemy target and INTERESTING_INTO clear (~0x14b8 & 0x800), refreshes the kick-physics-prop search (thunk_FUN_102b6650) on a 2s timer (+0x6438/+0x643c) and returns 0xa9 SCHED_TROIKA_KICK_PROP_AT_ENEMY when a live prop exists before any hint search; otherwise builds the hint-search mask from the four bool params and +0x6436 allow_kick_hint_use, with a cover-hint tail (peek-out count +0x640c >= 5, occlusion, weapon-flags 0x6000) returning one of 0x9b/0x9d/0x9e/0xa0-0xa8 named SCHED_/HINT_ constants.
102d0b60	rule	5-9	FElysiumNpc::Spawn	CAI_Hint's own override of vfunc103 (the slot the leaf NPC's Spawn also fills); per docs/vtmb/npc-ai/authored-control.md:429, fills unset (-1.0 sentinel _DAT_104454c4) per-hint-type defaults for m_flTargetAngleRange/m_flTargetDistMin/m_flTargetDistMax/m_flHintRating by hint type (0x283c, 100..0x65, 0x27d8, 0x283d, 0x28a0), converts the angle range to a dot-product test via fcos and a lazily-loaded "NPC_Cover_Distance_Scalar" rule value, sets field_0x474's category bitmask per type, then folds m_iGroupID (1..0x20) into a bit flag or -1. The port has no hint-node concept yet; FElysiumNpc::Spawn is only this slot's fallback name, not a claim this body belongs on the NPC leaf.
102dbde0	rule	5-9	FElysiumNpc::Activate	CAI_InterestingPlaceConverstation's own override of vfunc113 (the slot the leaf's own Activate also fills): walks the classname list m_iszInterestingPlaces, RTDynamicCast's each hit against a retail conversation-interesting-place type and checks field[0x161]==1, appends passing hits to this entity's growing array (thunk_FUN_102dcec0/thunk_FUN_102dce30) and DevWarning's the rest, then either re-arms (thunk_FUN_102dc3e0) or turns think off (CBaseEntity::ThinkSet) by m_bEnabled. No port equivalent exists; FElysiumNpc::Activate is only this slot's fallback name.
102df700	present	5-9	ElysiumNpcEnemyMemory.cpp:FElysiumNpcEnemyMemory::UpdateObserved	Present as FElysiumNpcEnemyMemory::UpdateObserved (ElysiumNpcEnemyMemory.cpp:32), matching docs/vtmb/npc-ai/senses.md:157-169's record layout: find-or-prepend a record (list head this+0xc), latch last-known position/anchor (relatch only once moved, +0x00/+0x0c), last-known velocity (+0x18), last-seen curtime, nav-node ids via thunk_FUN_102f41b0, and the position-only byte when there is no actor handle.
10330020	rule	5-9	hand:FElysiumNpc::Slot334	Slot 334: if m_iCurFrenzyCount (+0x0ec0) is already positive, returns it outright; otherwise looks a discipline id up in the global discipline table (thunk_FUN_101e1250 against DAT_10739a4c) and, if found, compares curtime - m_fDisciplineTimers[id] (+0x146c-indexed) against the table's cooldown float at +0x2c, setting global flag DAT_10937cf2 = 1 and returning true only once the cooldown has elapsed.
1034b580	present	5-9	ElysiumNpcMaker.cpp:FElysiumNpcMaker::CanMakeNpc	Present as FElysiumNpcMaker::CanMakeNpc (ElysiumNpcMaker.cpp:40): bBypass (param_1) short-circuits true; MaxLiveChildren>0 && LiveChildren>=MaxLiveChildren (+0x66b4/+0x66b0) rejects; a global scene-block flag (DAT_106c8a41) rejects; then with a valid player, a PVS test (thunk_FUN_101d1a90), a vtable +0x5ac visibility/cone test, and a squared-distance-vs-threshold check (+0x66c8) each reject on failure; finally a spawn-box overlap query (thunk_FUN_101cca80) against a +/-_DAT_1049ffac box around the maker gates the final answer.
1034c8e0	rule	5-9	FElysiumNpcMaker::FUN_1034c8e0	On family slot 139, RTTI-casts param_1 to the type at 10625270 and, if its flag byte at +0x6671 is unset, shifts the global bounds at DAT_10938040+0x66b8/+0x66bc by constant _DAT_104454c0 (grows/shrinks a global volume) and marks the flag, then forwards to CNPCMaker::vfunc139 base body (thunk_FUN_1034bc90); slot CNPCMaker_Fleshpile#139.
10356f60	rule	5-9	FElysiumNpc::TraceAttack	Spawnflag 0x40000 gates the trace to only the entity the vtable+0x94/0x29c chain reports as closest owner (else return early); spawnflag 0x80000 with m_takedamage==0 first calls the object's own vtable+0x248 before falling into CAI_BaseNPC::TraceAttack (thunk_FUN_10266780, slot 141); slot CNPC_Bullseye#141.
1035e1a0	rule	5-9	FElysiumNpc::StartBloodEmitter	Releases the previously cached emitter handle at +1 if set (thunk_FUN_101cd940), looks up a particle template near this (vtable+0x364, thunk_FUN_100fbc90), stores the new handle at +1, attaches it to the entity (thunk_FUN_100faf60) and starts it via vtable+0x3c4; only direct caller, no vtable slot.
1035e3c0	rule	5-9	FElysiumNpc::StartSummonEmitter	Same release/lookup/store pattern as StartBloodEmitter but attaches the created particle at bone name Bip01_R_Hand via vtable+0x3cc(this,2,name) before starting it with vtable+0x3c4; only direct caller, no vtable slot.
10365860	rule	5-9	FElysiumNpc::ThrowGrenade	Gated by a cooldown at +0x6680 against _DAT_10454110; on cooldown expiry, finds a named target, spawns item_w_grenade_frag with takedamage=2/health=1/touch=null, inits physics, applies an impulse scaled by param_2 via the physics object, arms NextThink at now+_DAT_1044eb0c+_DAT_10450aa4 and clears the armed byte at +0x66a0; unnamed retail function, name inferred from behaviour.
10369e70	rule	5-9	FElysiumNpc::ResolveSecCameraLink	Resolves and caches a CSecCamera-typed entity handle at +0x6664 from a name string at +0x6660 (RTTI-checked), sets a linked flag at +0x6668 when resolved, and if the cached handle is now invalid while the flag was set calls a cleanup routine (thunk_FUN_101cd940) before returning the cached handle or 0; unnamed retail function, name inferred from behaviour.
1036cce0	rule	5-9	FElysiumNpc::SelectTeleportNodeChangRule	Walks the global node list filtering types 18000/0x4652/0x4653, keeps the node nearest the closest player that passes PositionClearForTeleport within clearance DAT_104ad9f4, prefers a candidate whose sector (GetSector) matches the NPC's own sector over the plain nearest one, then writes the chosen position to m_vLastTeleportPosition and stamps m_fLastTeleportTime to now.
1036df50	rule	5-9	FElysiumNpc::CheckJumpPathToHintNode	Computes DistToSegment(this pos, target pos, closest-player pos) against threshold _DAT_104ada34; if within range and the other Chang brother (GetOtherBrother) is also within range of the same segment, blocks the jump (false); otherwise requires both endpoints to not be in GetSector()==4 to allow it (true), else falls through to blocked.
103871c0	present	5-9	ElysiumNpc.cpp:FElysiumNpc::ApplyStateWeaponVisibility	Switch on NewState: case 1 (Idle) hides the active weapon (vtable+0x108) before forwarding to base; cases 2/3/0xb (Alert/Combat/11) unhide it (vtable+0x10c) then always forward to CAI_BaseNPCTroika::OnStateChange; matches ApplyStateWeaponVisibility's Hide/Unhide switch exactly and the seven classes listed there (ElysiumNpc.cpp:1553-1563), confirmed against ElysiumNpc.cpp:1556-1558.
1038f2c0	rule	5-9	FElysiumNpc::ThrowModel	DevMsg literal "ManBat is throwing model %s" names the retail behaviour: spawns a prop_physics from model param_1, positions it at a looked-up bone, arms NextThink after _DAT_1044eb0c, optionally parents/owns it to param_2, and stores the created entity's handle at +0x668c.
103990c0	rule	5-9	FElysiumNpc::LaunchRagdollTowardTarget	Computes a bone-position delta as a velocity estimate, derives a lead point using threshold _DAT_1049ae98 and offset _DAT_1044eb0c, RTTI-checks the linked object for CRagdollProp and applies the computed force via vtable+0x428 (or the physics-object fallback at +0x36c), then clears the cached handle at +0x19c6 and calls thunk_FUN_102c43b0(0.75)/thunk_FUN_10398d90(0); unnamed retail function, target name inferred and could also be a generic "push toward target" helper.
103a4950	rule	5-9	FElysiumNpc::Event_TookLife	On TookLife, resolves the entity's AI component via vtable+0x184/+0xa8, builds the source's debug name, and calls thunk_FUN_1017e150(component,4,-1.0,name) to dispatch an AI event (type 4, priority -1.0) tagged with the retail literal source string "CNPC_VPlayerController::Event_TookLife"; slot 300 shared by CNPC_VFrenzyShadow/VPlayerController/VWolfMorph.
103a6f70	present	5-9	ElysiumNpc.cpp:FElysiumNpc::ApplyStateWeaponVisibility	Body is nothing but a scope-trace push/pop around a bare forward to CAI_BaseNPCTroika::OnStateChange (thunk_FUN_102ae140), no extra logic; matches the port's existing fallback exactly (ElysiumNpc.cpp:1589, "the base body does not touch the weapon"), closing the "UNREAD" gap noted at ElysiumNpc.cpp:1549-1550.
103ab110	rule	5-9	FElysiumNpc::SpawnBloodPoolEmitter	Spawns a blood-pool particle at this's origin (vtable+0x364), takes orientation from optional param_2's transform if given else a default lookup (thunk_FUN_101d08e0), attaches it (thunk_FUN_100fbc90) and starts it via vtable+0x3c4.
103b10f0	rule	5-9	FElysiumNpc::KillSheriff	Looks up the named map entities "logic_zap_player" (RTTI-cast to CLogicRelay) and "sheriff"; if both exist, fires InputTrigger on the relay; then marks the NPC's active weapon m_fEffects|=0x20 and adds solid-flag bit 4 to its collision before relinking it, dropping the weapon non-solid.
103ba2c0	rule	5-9	FElysiumNpc::OnStateChange	When param_1!=param_2, maps NewState (idle->0, alert/combat/state 0xb->1, dead(7)->3) to a facial-expression index via CBaseCombatCharacter::LookupExpressionIndex(PTR_s_normal_10653120[index]), stores it at +0x10b4 and blends to it over 1.0 (thunk_FUN_103b9f90), before falling through to base CAI_BaseNPCTroika::OnStateChange; this facial-expression swap is not in ApplyStateWeaponVisibility, which only handles the weapon-hide/unhide half.
103c7010	rule	5-9	FElysiumNpc::SpawnBodyEmitter	Looks up a per-stage particle name from this->m_pBodyEmitterNames[param_1]; no-ops (returns null) if param_2==0 or no name configured; otherwise creates the particle and either one-shots it when param_1==3 (vtable+0x3cc(this,1)) or attaches it persistently at param_2 (vtable+0x3cc(this,2,param_2)).
103cade0	rule	5-9	FElysiumNpc::TriggerWerewolfZone	Fires input 0x3ec on every entity named "trigger_werewolf_zone" in the map, then resolves and caches the "rotdoor1" and "rotdoor2" entities (RTTI-cast to CFuncMoveLinear) at +0x6684/+0x6688 for later door control; unnamed retail function, name inferred from the hardcoded map entity names.
103cc890	rule	5-9	FElysiumNpc::UpdateConditionDeathTriggered	While holding schedule condition slot 0x7a, when m_Activity==0x11d and m_DoorState==1 and condition 0x7a is not already set, fires the myself self-reference and this->m_OnConditionDeathTriggered output once (thunk_FUN_100cd660), then always releases condition 0x7a afterward; a one-shot death-triggered latch tied to a specific activity/door-state pair.
103ccbf0	rule	5-9	FElysiumNpc::TraceAttack	Zeroes a field of the incoming trace/damage info (thunk_FUN_101c2a50(param_1,0)) before delegating to CAI_BaseNPC::TraceAttack (thunk_FUN_10266780, slot 141); slot CNPC_VWerewolf#141.
103d0a30	rule	5-9	FElysiumNpc::MaxYawSpeed	Body is a scope-trace push/pop wrapping an unconditional forward to CAI_BaseNPCTroika::MaxYawSpeed (thunk_FUN_10297ce0) with no werewolf-specific override; slot CNPC_VWerewolf#516; retail behaviour is verbatim the family default, but that base body is outside this pack.
103d6520	rule	5-9	FElysiumNpc::FindHintEndEntity	Resolves the hint end entity by following param_1's hint-end name field (offset 0x11a) through an RTTI-checked CAI_Hint lookup, falling back to param_1 itself if not found, then follows one further unchecked name-based hop from the resolved hint's own end-name field if present.
103d93b0	rule	5-9	FElysiumNpc::UpdateFakeHull	Recomputes a cached bone-based hull position each call (LookupBone/GetModelPtr on Bip01); when it moved, tests hull-corner overlap (corners scaled by _DAT_10462914) against a linked entity's box via thunk_FUN_10240250; on overlap it offsets that entity's collision, classifies the response via vtable+0x50c to pick activity 0x79/0x7a/0x7b via vtable+0x500, and applies periodic push damage (interval >= _DAT_104454c0, force scaled by _DAT_10457f5c) via CBaseEntity::TakeDamage, tracked at +0x66f4.
103e0430	rule	5-9	FElysiumNpc::TraceAttack	Reads two convar-backed globals (gib damage type candidates) and picks gib state from damage-info field param_3+0x44==1, else checks the attacker's active weapon flags (bit 0x18000) to choose which convar-driven damage type to force into the trace via thunk_FUN_101c2a50, before deferring to CAI_BaseNPC::TraceAttack (thunk_FUN_10266780, slot 141); slot CNPC_VZombie#141.
103e1080	rule	5-9	FElysiumNpc::FUN_103e1080	Sets m_iFloatSoundFrequency=9, then only proceeds if not already moaning/no cached float-sound handle (+0x1538/+0x153c), the NPC is conscious and not flagged 0x20000, and the closest player has no existing float-sound handle (+0xfe8); lazily registers a "Float Sound Info" keyvalues block and rolls a random distance threshold _DAT_10940490 once (DAT_10940495 bits 1/2), then calls through to CAI_BaseNPC::vfunc510 (thunk_FUN_1027a530, base slot 510) only if m_flPlayerDist is within that threshold, else returns false; slot CNPC_VZombie#510.
1009ebb0	rule	10-18	FElysiumEntity::KeyValue	Slot 109 on the CAISound/CAI_Hint/CAI_InterestingPlace/CAI_StandoffGoal line, CBaseEntity::KeyValue(key, float): pushes one scope-trace frame naming CBaseEntity::KeyValue and the entity (NULL_ENTITY when this is null, m_iName otherwise, the empty string when unnamed), Q_snprintf's the float into a 256-byte stack buffer with the format at DAT_10554f28, dispatches its OWN slot 110 KeyValue(key, const char*) through vtable +0x1b8 with that buffer, then pops the frame; it writes no member and returns nothing of its own, so the forward is the whole behaviour.
1009eca0	rule	10-18	FElysiumEntity::KeyValue	Slot 108 on the same line, CBaseEntity::KeyValue(key, Vector): identical shape to 0x1009ebb0 but formats three floats with the "%f %f %f" literal at 10555584 into the 256-byte buffer and forwards to slot 110 KeyValue(key, const char*) at vtable +0x1b8 under the same CBaseEntity::KeyValue scope-trace frame; writes no member.
101c1480	rule	10-18	hand:FElysiumNpc::KeyValue	Slot 110 KeyValue(key, value) on the Troika line (77 classes), read off the listing: __strcmpi against "lip" (10561fc0) stores atof(value) into m_flLip at +0x504 (FSTP at 101c14a4) and returns true; __strcmpi against "distance" (1053f4c4) stores atof(value) into m_flMoveDistance at +0x4fc (FSTP at 101c14d0) and returns true; anything else tails to CBaseEntity::KeyValue 0x1009e430 and returns its answer verbatim. Both compares are case-insensitive and a non-numeric value writes 0.0 and still answers true. Ported with the two words carried on the leaf and the tail running family Lifecycle's recovered ClassifyKeyValue cascade, whose DataMap arm is this runtime's class-chain field table.
1025fa50	rule	10-18	FElysiumNpc::BaseHumanoidMaintainEyeDirection	CAI_BaseHumanoid#333, 2226 bytes, read off the LISTING because the decompiler aliases six stack floats across the three passes. THREE corrections to the earlier walk. One: the gate at vt+0x928 is CAI_BaseHumanoid#586 = 0x1025f1a0, whose whole body is return the look-queue count is non-zero - HasActiveLookTargets, not an is-in-a-scene test - so the cycler/PickLookTarget block is an ACQUISITION taken when the queue is EMPTY. Two: the no-claimant fallback is not a velocity-projected point: 1026008c is VectorVectors(HeadDirection3D, right, up) and then eye + forward times 128.0 (_DAT_1046dcd0) + right times RandomFloat(-16,16) + up times RandomFloat(-32,32). Three: the dot floor _DAT_10497ca0 is a DOUBLE and reads -0.5, recovered from the pinned image; story 29c-1 carried it unrecovered at 0.0. Also recovered: the ACCEPTED arm calls slot 537 SetHeadDirection BEFORE writing +0x5f74 and the DECAY arm writes +0x5f74 first and then calls it, and only the decay arm re-normalises; the prune walk does not advance its index on a removal; the blink compare is strict.
102709c0	rule	10-18	hand:FElysiumNpc::UpdateEnemyMemory	slot 544 UpdateEnemyMemory(enemy, pos, informer): GetEnemies (+0x874) null returns TRUE at once and writes nothing; with a non-null enemy it reads the enemy's NPC sub-object at enemy+0x94 (param_1[0x25], NOT +0xa8) and, when that exists AND our own m_iSquadDisconnected at +0x5bb0 is below 1 AND our squad word +0x5da4 is non-zero, forms the enemy's squad word as 0 when the enemy sub-object's own +0x5bb0 is above 0 and its +0x5da4 otherwise, then returns FALSE when that word equals ours and the enemy's +0x5bb0 is still below 1, so squadmates never enter each other's memory; then IsEluded 0x102e0210, called on the same GetEnemies list, fires FoundEnemySound slot 0x7b8; then it forwards unconditionally to CAI_Memory::UpdateMemory 0x102df700 with the node array at m_pNavigator+0x2c, the enemy, the position and the velocity, and returns that answer. NOTE the pack-01 row misnames two offsets: m_iSquadDisconnected is +0x5bb0 and +0x5d34 is m_pNavigator, and the enemy sub-object is +0x94 not +0xa8. The port's squad word is a seam answering 0, retail's own no-squad value, which is the admitting arm.
10288710	rule	10-18	hand:FElysiumNpc::StartTaskOverlay	slot 445: gated entirely on IsCurTaskContinuousMove (slot 529, +0x844) - a false answer leaves the overlay untouched; then, when ShouldMoveAndShoot (slot 575, +0x8fc) is false, it disables the move-and-shoot overlay by writing FLT_MAX (0x7f7fffff) into m_MoveAndShootOverlay+0x18 through 0x102e8250 and returns; otherwise it calls UpdateBurstShootPause (slot 419, +0x68c) FIRST and then 0x102e8270 with m_flBurstShootPauseMin (+0x5bbc) and m_flBurstShootPauseMax (+0x5bc0), which re-derives the overlay's shot counts from the active weapon's data (+0x3a4/+0x3a8), stores the pause pair at overlay+0x24/+0x28 and re-arms overlay+0x18 = curtime + overlay+0x2c, falling back to the same 0x102e8250 disable when the NPC is in state 4, has no weapon, or lacks either the 0x11 or the 0x15 activity sequence.
10299700	rule	10-18	hand:FElysiumNpc::Restore	Slot 127, the Troika Restore. CAI_BaseNPC::Restore 0x1027c160 runs FIRST, its answer is kept in EBX and returned unchanged at 10299851; then IRestore vt+0x44 reads one bool whose truth gates two vt+0x3c reads into m_iRestorePedLinkNode +0x6310 and m_iRestorePedLinkDestNode +0x6314; then the same eleven stamps and nine CAISound expiry stamps the Troika Save encodes, decoded through 0x101cf2f0 and 0x101b9860 in the same order with the same modes. This body's decompiled C is unaliased and reads the eleven out field by field, which is the independent confirmation of 0x102993c0's decode list. Ported as story 29d family SaveRestore10 with five species arms (CScriptedTarget 0x1034e370, CNPC_VMingXiao 0x10396000, CNPC_VMingXiaoTentacle 0x1039eda0, CNPC_VTzimisceHeadClaw 0x103c2860, CNPC_VVampireBoss 0x103c5910).
1029aa10	rule	10-18	hand:FElysiumNpc::ProcessTweakParam	Slot 585's Troika-line body, so hand: applies. The tweak-file key dispatch in retail's own __strcmpi order, eleven literals. CAPABILITIES and GOALS are RECOGNISED, print their own DevMsg placeholder and then FALL THROUGH to the ignore message, so both print. NPCPERCEPTION atoi's into +0x63b0 and clamps twice, each clamp RE-READING the field (1029aabd) so the two cannot both fire, then runs 0x1028fb70 and 0x1028fc90. VISION and HEARING store BEFORE the branch (1029ab1d FST, 1029ab8e FST) and run the same two recomputes on BOTH the error path and the accepting path; the guard is value < _DAT_104454c4 AND value != _DAT_104492dc, which the pinned image reads as the FLOATS 0.0f (FCOM dword at 1029ab17) and -1.0f (FCOMP dword at 1029ab31). SQUAD, IPGROUPS and HINTGROUPS forward to the ported 0x1029a930, 0x10298910 and 0x102989e0; TPMOVETIMER is curtime + atof; IGNOREATTACK and NOALERTSTATE are atoi != 0 into +0x65f5 and +0x65f6. NAMED DIVERGENCE: retail's Error() does not return, so its clamps are dead code and the game exits; the port logs and clamps, a crash guard.
1029adb0	present	10-18	hand:FElysiumNpc::TaskFail	slot 448; the Troika body is FElysiumNpc::TaskFail (ported in story 13) and story 29d adds the SEVEN species arms in front of it as one prologue call on its first line. Every species body runs its arm and then chains 0x1029adb0 unconditionally, so the arms are a prologue and not a replacement: AsianVampire 0x10362390 sets m_bPathBlocked on codes 12..15, ChangBros 0x1036d1d0 writes m_failSchedule 0x15d on the same window, Gargoyle 0x10379060, Hengeyokai 0x10380510 and Tzimisce 0x103ba350 clear m_afMemory's top bit in combat with TASK_FAILED standing as an interrupt and then work the FINDING_BODY and CARRYING_BODY bits, MingXiao 0x10394090 switches on m_eThrowableObjectMode, and SheriffMan 0x103b0290 adds nothing at all.
102a1650	rule	10-18	FElysiumNpc::TraceMoveClearanceAtYaw	Ported. CORRECTED on two points from the listing. (1) The decompiler types the body void and it is NOT: 102a1807 tail-calls the move probe and RET 0xc hands back whatever it left in AL, which is why all four call sites read the byte - a blocked sweep is what refuses the task. (2) Both scale cells are RECOVERED out of the pinned image rather than unrecovered: _DAT_10462950 = 40.0 (the forward leg) and _DAT_10451acc = 64.0 (the right leg). End = GetAbsOrigin + cos(yaw) * m_vecForward * 40 * reach + sin(yaw) * m_vecRight * 64 * reach, swept through m_pMoveProbe +0x5d40 (0x102e6d70) with mask 0x202400b and the literal 100.0. The first argument is read by no arm. NOTE for family Schedule: _DAT_10451acc is the same cell ElysiumNpcKernelSchedule.cpp carries as GScheduleMeleeHeightDiffUnits and still reads UNRECOVERED 0.0. Walked into docs/vtmb/combat-and-damage.md.
102b7cf0	rule	10-18	FElysiumNpc::SelectCombatReactionSchedule	Ported. CORRECTED: only the COND_LOST_ENEMY arm (0x47 giving schedule 0x10, line 23844) sits outside the enemy gate. 102b7d2a opens ONE block on GetEnemy() != 0 AND CanSeekCover() (slot 592, vt+0x940) and the cover offer 0x102b7690(1,1,1,1), the cvar gate DAT_109248f4, the 0x800 DODGING taunt arm and the SEE_ENEMY arm are ALL inside it - the previous walk read the cvar-gated half as a sibling of that gate. RECOVERED out of the pinned image: _DAT_10463584 = 15.0, the amount the 0x8f arm ADDS to m_flNextDodgeTime +0x65a4 (it is an add, not a re-base on curtime). RETARGET: the row named ElysiumNpcCombat::SelectCombatReactionSchedule; the body needs the NPC flag words, the frenzied word +0x5b84 and the dodge stamp, so it lands as a member of FElysiumNpc beside the three selectors that offer it. Walked into docs/vtmb/npc-ai/conditions-and-states.md.
102c5500	rule	10-18	hand:FElysiumNpc::UpdateBurstShootPause	slot 419: GetActiveWeapon first; with a weapon m_flBurstShootPauseMin (+0x5bbc) takes 0x102c5780 = the scaled weapon word at wpndata+0x264 and m_flBurstShootPauseMax (+0x5bc0) the word at +0x268, both through 0x102c5570 with the weapon data from 0x102517e0; with NO weapon the two literals 0.3 (0x3e99999a) and 0.5 (0x3f000000) are written and the body returns. CORRECTION: the checklist walk says no port member carries the burst pause pair - FElysiumNpc::BurstShootPauseMin and BurstShootPauseMax are both bound and both in the shape map at those offsets. 0x102c5570 read from the listing: the scale seeds at 1.0 (_DAT_104454c0), stays 1.0 when wpndata+0x26c is at or below _DAT_104454c4, becomes sqrt(distance/range) past it and sqrt(1.0/range) with no enemy, and the answer is scale times (value minus wpndata+0x260) - the decompiler turned the x87 compare chain into a status-word ushort.
102e14a0	rule	10-18	FElysiumNpc::MoveGroundExecute	PORTED 29d Motor10 (listing). CORRECTION: it RETURNS 0x102e1560's answer - CALL 0x10012116 then POP EDI/ESI/ECX and RET 0xc leaves EAX alone - so the decompiler's void signature is wrong and the row is an AIMoveResult_t. Four statements: slot 18 (+0x48) MoveFacing on the goal FIRST; speed = GetCurSpeed 0x102e12c0, whose whole body is JMP [[owner]+0x3e0], the owner's slot 248 GetIdealSpeed; step = (|m_vecVelocity| + speed) * m_flMoveInterval (+0x30) * 0.5 (_DAT_10449270, a double); then 0x102e1560(goal, speed, step, arg2, arg3) - the two trailing arguments are slot 19's OWN arg2 and arg3 (the AIMoveTrace_t out param and the filter), which the decompiler mis-attributes as param_1 and param_2. 0x102e1560 is ported here too: step <= goal maxDist zeroes the interval and leaves the step; otherwise the goal flag 0x2 zeroes it and anything else scales it by (1.0 - maxDist/step), and either way the step is clamped to maxDist; m_vecVelocity (+0x3c) = goal dir * speed; above _DAT_1044fab0 (0.0, strict) it steps through 0x102e0bd0 from slot 220 GetOrigin with the goal's blocker +0x34, calling motor slot 10 (+0x28) and answering 0 on refusal; at or below it the LOCAL NAVIGATOR at motor+0x10 slot 6 (+0x18) answers, folded to 1 / 0.
102e1760	rule	10-18	FElysiumNpc::MotorMoveGroundStep	PORTED 29d Motor10 (listing). CORRECTION: 0x101cf5c0 is UTIL_SetOrigin, NOT NDebugOverlay::Line - its body is entity->slot 62 (+0xf8) SetLocalOrigin(vec) then PhysicsTouchTriggers when the third argument is non-zero, and docs/vtmb/npc-kernel/layout.md already names it the SetAbsOrigin helper - so the last arm MOVES the body to trace+0x04, the trace endpoint. Confirmed from the listing: the trace record is copied into the SECOND argument (EDI = [ESP+0x78] = argument 2) and the move goal is never written back; return 4 additionally requires the goal's expected blocker +0x34 to be NON-ZERO (MOV EBX,[EBX+0x34]; TEST EBX,EBX; JZ -> 0) before trace+0x1c is compared to it; vt+0x370 is slot 220 GetOrigin. Also recovered: the copy writes +0x00, +0x04, +0x08, +0x0c, +0x10, +0x14, +0x18, +0x1c, +0x20, +0x24, the EHANDLE at +0x28 through its assignment operator and +0x34 - +0x2c and +0x30 are NOT copied. The AIMoveTrace_t layout comes from 0x102e6d70's own initialiser: +0x00 fStatus, +0x04 vEndPosition seeded to the START, +0x10 vHitNormal = vec3_origin, +0x1c pObstruction, +0x20 flDistObstructed, +0x24 flTotalDist, and the trace answers fStatus >= 0. The sweep is kind 2, mask 0x202400b, extent 100.0 (0x42c80000), filter = argument 3.
1032ce40	rule	10-18	hand:FElysiumNpc::Weapon_Drop	Ported as slot 386. Gated on m_bCantDropWeapons +0x1589 clear AND a non-null GetActiveWeapon AND thunk_FUN_102577e0 on it. With FL_NPC 0x2000 the ammunition is REROLLED first, i = 0 and 1 (iVar9 steps 0x1093c while below 0x21278, exactly twice) into weapon+0x74c+4*i: the weapon vt+0x454 true takes RandomInt(1, wpndata+0x2674+i*0x1093c) via 0x102517b0, false takes vt+0x450 as a cap and writes RandomInt(1, cap) or a FLAT ZERO when the cap is below 1. Then thunk_FUN_100b5190 gates vt+0x138; then m_hLastWeapon +0xea4 and m_hLastMeleeWeapon +0xea8 are each reset to 0xffffffff ONLY when they resolve to THIS weapon; then vt+0x4b0, Inventory_Remove, and Weapon_Detach only when FL_NPC is still set (retail re-reads GetFlags). GetActiveWeapon is no longer a seam: family Debug ActiveWeaponEntity now answers FElysiumInventory::Active.
1034b7b0	rule	10-18	FElysiumNpcMaker::TrySpawn	CORRECTIONS to the walk, from the listing. (1) The final write is 1034baee MOV byte ptr [EDI+0x65f4],0x1 - m_bCameFromSpawner on the CHILD, not "the child's +0x2c4 latch", which is Ghidra's this_00[0x17].field_0x2c4 view of the same byte. (2) The block at 1034ba0f..1034ba69 is NOT the script-state block: the listing copies plain offsets +0x6420/+0x6424/+0x6428/+0x642c/+0x6430 as dwords and +0x6434/+0x6435/+0x6436 as bytes, and the datamap names them m_iPercentOccludedWait/Cover/Walk/Flank/Chase, m_bAllowAlertLookaround, m_bStayEntrenched and m_bAllowKickHintUse - nine inherited words, and Ghidra's m_ScriptSavedMoveCollide / m_bScriptHidden / m_fScriptSavedEffects / m_hSoundOverrideEnt / m_bFakeSilence names come from a wrong struct applied to the child pointer. (3) 1034b9ee MOV ECX,ESI puts the MAKER, not the child, in the this register for thunk_FUN_1028fb70 InitPerceptionDistances and thunk_FUN_1028fc90, so the child inherits the three authored perception words at +0x63b0/+0x63b4/+0x63bc and NOTHING derives the resolved pair from them here - a retail oddity, reproduced and counted. (4) The +0x1584 copy is m_RelationshipString, a CBaseCombatCharacter string_t, and it happens BEFORE the OnSpawnNPC output at +0x6668 fires. Slots 619 ChildPreSpawn 0x1034af30 and 620 ChildPostSpawn 0x1034af50 are both empty on CNPCMaker, which is a fact and not a gap. Ported as story 29d family Lifecycle10.
1034d0a0	rule	10-18	FElysiumNpcMaker::CanMakeNpcZombie	CNPCMaker_Zombie's slot 618 override of CanMakeNPC, confirmed with its constant pinned: _DAT_10450a9c is 0.9, read out of the pinned vampire.dll at file offset 0x450a9c (base 0x10000000). A non-zero bypass answers true before anything else; otherwise, with a resolvable player, the MANHATTAN distance abs(dx)+abs(dy)+abs(dz) between the two GetAbsOrigins is scaled by 0.9 and the maker REFUSES when that product EXCEEDS +0x76d8 - a zombie maker refuses when the player is too FAR, the opposite sense of the base's Euclidean minimum-distance arm at +0x66c8; then it forwards to CNPCMaker::CanMakeNPC 0x1034b580 with a HARD-CODED false bypass, so the base's live limit, global no-spawn byte, npcclip, view cone, minimum distance and hull-occupancy trace all still run. Ported as story 29d family Lifecycle10.
1034e370	rule	10-18	FElysiumNpc::Restore	CScriptedTarget slot 127: CAI_BaseNPC::Restore (0x1027c160) runs and ITS answer is returned unchanged; the only addition is one absolute-stamp fixup through 0x101cf2f0 on m_flPauseDoneTime (+0x5f64) with mode 3, which rewrites the stamp to 0.0 when it stands at or above _DAT_10482fac and leaves it alone otherwise. Nothing else is read or written. The port carries CScriptedTarget's Spawn words and its two debug overlays (ElysiumNpcKernelDebug.inl) but no Restore. CONVENTION: slot 127's port method is FElysiumNpc::Restore - both 0x1027c160 (band 5-9) and the Troika 0x10299700 target it - so CScriptedTarget's arm is keyed on IsRetailClass(CScriptedTarget) inside that one method rather than coined; relative to the base CAI_BaseNPC::Restore the arm ADDS exactly one absolute-stamp fixup on m_flPauseDoneTime +0x5f64 after the base runs and returns the base's answer unchanged. ARGUED: classes.md stands CScriptedTarget in the 77-class tree (CAI_BaseNPC, 583 slots, 8 own bodies) and ElysiumNpcKernelShape.cpp:4467 carries its census row, so Find, OverrideOf and BodyOf key on it; its Entity classnames column is empty and no CScriptedTarget_Classnames table exists, and RetailClass() is OfClassname(Def->Classname) (ElysiumNpcKernelClassLookup.cpp:156), so the arm cannot be SELECTED until a scripted_target spawn leaf is registered - the same gap CNPC_VCop, CNPC_VWerewolf, CNPC_VZombie, CNPC_VGhoulCroucher and CNPC_VSheriffMan share and band 0-9 retargeted anyway, so it is not a reason to keep a coined method.
10363db0	rule	10-18	FElysiumNpc::GatherAttackConditions	CNPC_VBach slot 561, ported as BachGatherAttackConditions and run from the top of FElysiumNpc::GatherAttackConditions. The whole shield/teleport block is gated on HasCondition(0x4c) or (0x4d); inside, m_bCondTookDamage +0x5b80 is cleared first, then distance at or above DAT_1062d200[m_iBachTeleportState] OR m_flNextHolyLightTime past takes the SHIELD arm and anything else sets condition 0x7b. DAT_1062d200 RECOVERED out of the pinned image at 0x62d200: four floats 768.0, 768.0, 384.0, 384.0. The shield arm needs m_flNextShieldTime +0x6688 past, then CVStatList_t::SetBase(stat 0xd, 5) on the type-3 list, m_flNextShieldTime = curtime + 20.0, m_bShieldActive +0x66a5 = 1, m_flShieldTime +0x6684 = curtime + 6.0, and the sound - STRING CORRECTED, 0x1062ea6c is Character/Boss/Bach/bach_shield.wav, with the .wav - on channel 2 at volume 1.0 attenuation 0.8 pitch 100. +0x66a6 is cleared on either branch. Independently, when m_flNextWeaponSwitchTime +0x668c is past, condition 0x79 at or above _DAT_104704d0 and 0x7a below; VALUE RECOVERED at 0x4704d0: 72.0. The base 0x1026dd10 runs last, unmodified.
10369fb0	rule	10-18	FElysiumNpc::FInViewCone	CNPC_VCameraSecurity slot 363, FInViewCone(CBaseEntity*): resolves the linked CSecCamera through 0x10369e70 (the port's FElysiumNpc::ResolveSecCameraLink), then answers true ONLY when the argument carries a non-null troika sub-object at +0xa8 AND the link resolved AND the camera's own cone test 0x1020cc60 passes; that test re-checks the argument's +0xa8, takes the camera's forward from its angles (camera slot +0x374 through 0x10139610), the normalised direction from the camera's GetAbsOrigin (+0x364) to the argument's WorldSpaceCenter (argument slot +0x300) via 0x101d1120, and requires the dot to be STRICTLY greater than the camera's cosine at +0x798. So a security-camera NPC sees through its camera and never through its own eyes, and answers false whenever the link is missing. The port cites 0x10369fb0 only in a comment at ElysiumNpcKernelDialogue.cpp:621; the slot itself is unwritten. CONVENTION: species arm of slot 363's FElysiumNpc::FInViewCone keyed on IsRetailClass(CNPC_VCameraSecurity); it REPLACES the base 0x102b4540 cone test outright - the NPC's own eyes, forward vector and cone cosine are never consulted, the answer comes from the linked CSecCamera and is false whenever the link is missing.
1036cfa0	rule	10-18	FElysiumNpc::ChangBrosSelectLedgeNode	walks the global hint list DAT_10925450 through +0x5d8, keeps nodes whose type word +0x5dc is 0x4653 and that CheckJumpPathToHintNode accepts, scores each by the full 3-D distance from the node's GetAbsOrigin to its own, seeds the incumbent with -FLT_MAX and REPLACES on a strictly greater distance - so ChangBros picks the FARTHEST reachable ledge, the opposite comparison from CNPC_VSheriffMan::SelectLedgeNode 0x103b0ab0 that the port's SelectLedgeNodeRule carries. Unlike the Sheriff's twin there is no closest-player gate in front of it. Returns null when nothing qualifies.
10372cc0	rule	10-18	FElysiumNpc::Slot597	CNPC_VCop slot 597, ported as CopSlot597Prologue and run from the top of FElysiumNpc::Slot597. Gated on the argument being the very entity m_hClosestPlayer +0x628c resolves to; inside, when m_hPursuitPlayer +0x6664 does NOT resolve live and GetState (slot 464) is 2 COMBAT, it latches the player's handle, writing 0xffffffff when the argument carries no player record; then unconditionally InputSetRelationship with the literal Player D_HT 10 at priority 0; then the Troika base 0x102b4fb0 unchanged. CORRECTION: argument+0xa8 is m_pPlayer, the player self-downcast cache, not a troika sub-object, so the latch stores the PLAYER's handle. Family Debug10's CopPursuitPlayer seam now resolves the word this writes.
1037e2d0	rule	10-18	FElysiumNpc::Guard1HatePlayer	CNPC_VGuard1's two-statement hate latch, reached from OnStateChange 0x1037d020 and six times from vfunc461 0x1037d290: sets the byte at +0x6660 to 1 and then calls InputSetRelationship 0x10273790 with the literal player D_HT 10 - lower case player, unlike CNPC_VCop's capital P - at priority 0.
10385e40	rule	10-18	FElysiumNpc::SelectScheduleMeleeCombat	CNPC_VHuman#604, 1449 bytes, slot 604 for 34 census classes; it REPLACES the Troika body 0x102b6c30 wholesale and never chains it. THREE float compares decoded off the listing because the decompiler renders them as an inequality against an equality: at 10385ee1 the scripted-combat far arm is twice the cvar AT OR BELOW the distance (the earlier walk said exceeds); at 10385f5b the not-engaged far arm needs cvar plus 200 STRICTLY below the distance; at 102862f6 the near pair 0xd1/0xd2 needs the distance STRICTLY below the bare cvar (the earlier walk said at or below). Also recovered: 10385f99 CMP EAX,0x19 JL means the roll must EXCEED 24, not reach 25; the common tail offers 0x102b7370 SelectDoorObstructionSchedule and THEN 0x102b6fe0, returning either non-zero answer; COND 0xf and COND 0xe are BOTH read before either is tested; and the height-diff retry stamp is ticked whatever the arms below it decide.
10396050	rule	10-18	FElysiumNpc::SelectScheduleMeleeCombat	CNPC_VMingXiao#604, 1522 bytes, the same skeleton as CNPC_VHuman's 0x10385e40 with four stated differences: the not-yet-engaged arm tests the distance against the cvar plus 200 FIRST and does not offer the melee failure gate at all; the common tail offers ONLY 0x102b7370; it opens with an extra COND 0x48 ENEMY_OCCLUDED arm that returns 0xe9 after slot 601 when slot 308 passes and 0xcd otherwise; and there is NO COND 0x0d SHOULD_BLOCK arm. It also re-fetches GetEnemy at every use rather than caching it, which is observable only in the dispatch count.
103a0ab0	rule	10-18	FElysiumNpc::LoadNewscasterStories	CNPC_VNewscaster's story load, reached from 0x103a0670. PATH CORRECTED: 0x1064aadc and 0x1064aac0 are the FORMAT strings %sNewscaster_Main.txt and %sNewscaster_Side.txt handed to UTIL_VarArgs 0x101d3730 with the one vararg at 0x105a0f80, which is vdata/system/ - so the files are vdata/system/Newscaster_Main.txt and _Side.txt, and the earlier walk read the %s as a backslash-s. Body: tear both queues down through 0x103a0d50 FIRST; open the main file as KeyValues and, for each child key, zero a ten-word 0x28 scratch row, fill it with 0x103a07f0 and append it only when that answers true, growing the array at +0x665c through 0x103a1320 and memmoving the tail in 0x28 strides; release the KeyValues; repeat verbatim for the side array at +0x6670; set the loaded byte +0x6690. PARSER RECOVERED (0x103a07f0): the key name must contain Story (else DevWarning Newscaster: invalid key!), the name is GetString(Name, STORY), each Version subkey contributes a dependency/filename pair at +0x04/+0x08 stepping by 8 up to four of them (a fifth warns too many versions), and the tail stores at +0x24 the index of the FIRST version whose dependency is empty or evaluates non-zero through 0x1000134d, which is PyRun_String(src, Py_eval_input) - answering FALSE and dropping the record when none does. The port now reads both files through ElysiumKeyValues and evaluates each dependency through FElysiumEntityWorld::EvalCondition, this runtime's PyRun_String.
103aa960	rule	10-18	FElysiumNpc::SabbatLeaderUpdateBloodSplash	does nothing at all while m_bDiving +0x66d5 is set - not even the level copy; otherwise, when m_nWaterLevel +0x3e0 is above 0 AND either the previous level +0x66c4 was 0 or m_fLastSplashTime +0x66c8 plus _DAT_104c3cdc is strictly past curtime, it spawns bloodsplash_emitter through SpawnBloodPoolEmitter and, ONLY on the dry-to-wet edge, bloodbigsplash_emitter as well, then stamps +0x66c8 with curtime; the previous level is copied from the current one on every non-diving pass, so entering a dive freezes it and leaving one re-fires the big splash. VALUE RECOVERED at 0x4c3cdc: 0.25.
103c6f40	rule	10-18	FElysiumNpc::VampireBossSpawnBodyEmitters	KillBodyEmitters first, then a fixed four-iteration loop calling SpawnBodyEmitter(i, name) with the four attachment names from the pointer table at PTR_s_Bip01_L_Hand_1065e6d0 and storing each spawned entity's handle into m_hParticleEmitters[i] at +0x66a0; a spawn that answers null leaves that slot's PREVIOUS handle untouched rather than clearing it, which is why the kill has to run first. THE FOUR NAMES RECOVERED out of the pinned image at 0x65e6d0: Bip01 L Hand, Bip01 R Hand, Bip01 Spine, Bip01 Spine - the last two are the same string.
103d6390	rule	10-18	FElysiumNpc::GetHintEndEntity	CORRECTS the pack walk. A linear scan of the +0x6714 record array (count +0x6720, stride 0x48) whose match is the record's word at +0x04 (puVar4[1]) and whose answer is its word at +0x00, a cached EHANDLE to the end entity. The hit arm does NOT return a second cached handle at the same slot: it re-reads base[i * 0x12], which is the SAME word +0x00, and re-validates it, so the redundancy is retail's and the answer is one handle. A row whose cached handle does not resolve is SKIPPED by the loop guard rather than answered, and a miss or an empty array falls through to FindHintEndEntity (0x103d6520), which family Hints already ported and which is called here. The record layout also corrects story 29c-1's FWerewolfHintGroundpoint comment: GetHintGroundpoint (0x103d6770) starts its cursor at field_0x6714 + 4, so the hint is at +0x04, the cached end entity at +0x00 and the groundpoint at +0x08.
1004fbb0	rule	10-18	hand:FElysiumNpc::KeyValue	Slot 108 KeyValue(const char*, Vector), 38 bytes. CORRECTION to the earlier walk: the body formats NOTHING itself - it is a pure tail call into CAISound::FUN_1009eca0, which is what pushes the CBaseEntity::KeyValue scope-trace frame, Q_snprintf's "%f %f %f" (10555584) into a 256-byte buffer and dispatches this object's own slot 110 through vtable +0x1b8. CAI_BaseNPCTroika shares the body. Ported with 0x1009eca0 as FormatKeyValueVector and the forward into the string overload.
1004fbf0	rule	10-18	hand:FElysiumNpc::KeyValue	Slot 109 KeyValue(const char*, float), 13 bytes and the same correction: a pure tail call into CAISound::FUN_1009ebb0, whose body carries the frame, the "%f" format at 10554f28 and the slot-110 dispatch. Ported as FormatKeyValueFloat plus the forward.
10183120	rule	10-18	FElysiumPlayer::RescaleActiveDisciplineDurations	RETARGETED and the walk is corrected. This is not an NPC body: +0x1adc is CBasePlayer::m_flClientVActiveDisciplineDurations[17] (vtmb_fields CBasePlayer), so the 17 floats are the CLIENT-side mirror of each compiled Discipline's running duration and not per-condition timers. RET 0x10, four stack arguments; the whole body is skipped when the first two are POINTER-EQUAL (1018312a CMP EAX,[ESP+0x28] / JZ), a no-op guard. Per slot it finds the class-info entry at +0x13bc/+0x13c0 whose type tag +0x10 is 3 - the Discipline stat list - or lazily constructs the global CVStatList_t singleton; asks 0x102012d0 whether the slot exists, builds a CVStat key (3, i) with 0x10230f00, tests membership with 0x100ce450 over DAT_106e7050 and reads the stored value with 0x100ce600. The rewrite is remaining = value - engine vtable+0x1dc(), elapsed = slot - remaining, delta = remaining * arg2 / arg3, and slot = elapsed + delta when 0x100ce630 accepts delta - a DURATION RESCALE of the remaining part, with the stored value widened to a double before the subtraction (101831e4 FLD dword / FSTP qword). No producer in this substrate: the record lookup is a seam answering nothing, so no slot is rewritten.
1025e510	rule	10-18	FElysiumNpc::SetModel	CAI_BaseHumanoid#105, 485 bytes. CORRECTION: the 26 cached indices are NOT one lookup repeated. The first THIRTEEN (body_trans_Y through head_roll, +0x5fb8 to +0x5fe8) go through CBaseAnimating LookupPoseParameter and the last THIRTEEN (move_rightleft through head_tilt, +0x5fec to +0x601c) through thunk_FUN_100b5d10, which is LookupFlexController - a body story 29c-1 ported and recovered as answering 0, not -1, on a miss. So the two halves of the cache take DIFFERENT miss values and a misspelt flex name caches controller zero. Indices 10 to 12 (head_yaw, head_pitch, head_roll) are the three 0x1025efc0 zeroes before every MaintainEyeDirection pass. UNREACHABLE in this runtime: CAI_BaseHumanoid carries no entity classname in the 77-class census.
10260dc0	rule	10-18	FElysiumNpc::Slot584	CAI_BaseHumanoid#584 and CAI_ExpressiveNPC#584 only. The whole 11-byte body is MOV ECX,[ECX+0x5f48] then JMP 0x100116d0 - a tail jump through the Expresser pointer into 0x10311c10 with the concept id and a modifier string, and no pre- or post-work at all. Ported as the species prologue of slot 584, whose Troika-line body 0x1028d910 is ResetAllThinkStamps and has nothing to do with it. TWO gaps named: the generated slot signature carries the Troika body's arity (one int) so the modifier has no way through and the arm speaks with an empty one, and neither CAI_BaseHumanoid nor CAI_ExpressiveNPC carries an entity classname in the census so the arm is UNREACHABLE today.
10278650	rule	10-18	FElysiumNpc::GetShootTarget	TARGET CORRECTED 29d Motor10: this is CAI_BaseNPC::GetShootTarget(posSrc, bNoisy, bFlag2), NOT a standoff anchor. The reading that settles it - at 102786f1 slot 541 (vtable +0x874) is GetEnemies() and takes NO arguments, so the two pushes around it belong to the NEXT call, CAI_Enemies::GetLastKnownPosition(&lkp, enemy) at 0x102dfed0 (its own DevWarning is Asking LastKnownPosition for ene...); the enemy is slot 167 GetEnemy (+0x29c); the offset is enemy->slot 197 BodyTarget (+0x314); and +0x5ba8 is the shape map's own ShootTargetOverride. Arms in order: a resolving +0x5ba8 answers that entity's GetAbsOrigin and IGNORES all three arguments; no enemy answers AngleVectors(slot 221 GetAngles, &forward) 0x10139610 PLUS posSrc, and slot 221 returns a const QAngle& so it takes only the hidden pointer; an enemy answers lkp + (BodyTarget(posSrc,bNoisy,bFlag2) - enemy->GetAbsOrigin()), with the body target's Z first raised by _DAT_104994e0 = -30.0f (read out of the pinned image) when the enemy's first type-3 CVStatList_t answers exactly 5 for stat 0xb through GetValue 0x102012d0. Debug10's caller passes (out, eye, 0.0, 0.0), i.e. both bools false.
1027ef20	rule	10-18	FElysiumNpc::AppendDebugLogLine	No slot. Appends a sprintf'd param_1 string into a per-entity ring buffer at +0x1b4e, cursor tracked at +0x5b50; when the cursor exceeds 0x3dff (16383 of a 0x4000-byte buffer) it zero-fills the remainder, sets a "wrapped" flag byte at +0x5b54, and resets the cursor to 0. Oracle cites docs/vtmb/npc-ai/shape.md:51; no port coverage found for this per-entity debug ring buffer.
1028d990	rule	10-18	FElysiumNpc::BuildConditionDebugString	No slot; the 906-byte formatter slots 17 and 18 push every trace message through, and the real body behind family Debug10's TraceMessageFormat seam. A null out buffer or a size at or below zero writes NOTHING AT ALL. A null message becomes the empty string and a negative indent clamps to 0. The CONDS: block (0x105d8908 then 0x105a3060, which is a space then %s - the space is LEADING - then a newline 0x10547e40) is gated only by the schedule-debug ConVar DAT_10924a6c, whose vtable[4] must answer 0 and whose +0x2c int must be greater than 0, and walks 0 to GetLastSharedCondition() re-reading slot 409 every iteration. CORRECTION: the checklist walk says three bitmask-to-glyph ladders; there are TWO - 32 glyphs of PIS__PF_T_L__TTEPLM________ICCCC (0x105d88e0) over m_afMemory +0x5d8c and 30 of RSCPFCNFIPCDHVAEFSBDSLIAMFDPOIO_ (0x105d88b8) over m_bfAINPCFlags +0x14b8 - and the third buffer is only ever NUL-terminated, so the fifth %s of the full format always prints nothing. The NAV pair is NAV %s %s (0x105d888c) built only for nav type 3 or 1, with CLIMB (0x105d88a0) or five spaces (0x105d8898) first and JUMP (0x105d88b0) or four spaces (0x105d88a8) second, so a climber prints NAV CLIMB and a jumper NAV JUMP in aligned columns. The three format strings are 0x105d8868, 0x105d8854 and 0x105d8828, selected by the two BYTES DAT_10920534 and DAT_10920535, and the four optional blocks are built when 534 is clear or 535 is set - exactly the two arms that consume them.
10290570	rule	10-18	hand:FElysiumNpc::Slot532	slot 532, a jump table at 0x10290604 over param_1-1 in [0,7]. Case 1: m_eAlternateAI in [1,4] runs the navigator arm then clears. Cases 2 and 4: only m_eAlternateAI == 4, and vtable +0x700 is slot 448 - the call is TaskFail(0xe), which runs the whole failure chain from inside the door cleanup and BEFORE m_hOpeningDoor and m_bOpeningDoorWait are cleared. Case 8 CORRECTED against the listing at 102905ca (CMP EAX,0x3 / JLE 0x102905ea): m_eAlternateAI 1..3 DOES take the clear, 4 also takes the navigator arm, and only values below 1 or above 4 take no clear - the checklist walk said the opposite. The navigator arm is 0x102ee2e0 IsGoalSet (not 0x102ee680 IsGoalActive) gating 0x102bf7e0, which tests IsGoalSet a second time, stops the navigator and sets m_bShouldMove. Every path then chains CAI_BaseNPC 0x1027e0f0, whose whole body is the two door words and return 1.
10295c20	rule	10-18	hand:FElysiumNpc::FValidateHintType	Slot 566's Troika-line body, the canonical fill for ~51 census classes, so hand: applies. AUDITED at the listing 10295d80-10295e3d and BOTH inferred boundaries confirmed: < 0x64 refuses (10295d92), 0x64..0x65 takes 0x102974f0 (10295d97), < 0x283c refuses (10295df2), 0x283c..0x283d takes 0x10295ed0 (10295dfd), == 0x27d8 takes 0x10297430, == 0x28a0 takes 0x102961a0 and == 0x2774 is an outright MOV AL,1. Gate first: a null hint refuses at 10295c96; otherwise hint->m_iGroupID +0x470 AND this->m_iHintGroups +0x62e4 must be non-zero, and only when IsHintDebugNpc (DAT_10925444) is this body does it DevMsg 'Hint group id %s usable %s' (0x105d8dd0) from two bit lists built with the format at 0x105a1814, which the pinned image reads as ' %d' with ONE-BASED indices (10295cf0 LEA EDX,[ESI+0x1]). Ported as FElysiumNpc::FValidateHintType in ElysiumNpcKernelHints10.cpp; the four callees are family Hints' IsHintCoverValid / IsHintCoverValidLoose and family BaseHelpers' FUN_10295ed0 / FUN_102961a0, called and not restated. CONVENTION SETTLED: the generated void* parameter is a const FHintWords*, the only typed view of a CAI_Hint this substrate carries.
102b5b20	rule	10-18	hand:FElysiumNpc::GiveBaseFightingItems	Ported as slot 304. 56 bytes, the whole body: slot 307 HasUsableMeleeWeapon (vt+0x4cc) false AND slot 308 HasUsableRangedWeapon (vt+0x4d0) false, then thunk_FUN_1021fe50(this, item_w_fists, 0) and AddMiscFlag(0x10). Both generated slots are stubs answering false, so the port reads the item catalogue capability word and names the two slots beside it, as ElysiumNpcKernelSchedule.cpp already does for slot 308. 0x1021fe50 is Weapon_Create plus the init 0x10258620 plus Inventory_Can_Insert plus the weapon vt+0x5fc equip and its vt+0x610 switch, which is the port FElysiumInventory::GiveNamedItem.
102b5b70	rule	10-18	hand:FElysiumNpc::RemoveBaseFightingItems	Ported as slot 305. 37 bytes: GetMiscFlags() & 0x10, then thunk_FUN_1021fee0(this, item_w_fists) and RemoveMiscFlag(0x10). 0x1021fee0 is Inventory_Find plus Inventory_Remove plus UTIL_Remove on the item. Mirrors the slot-304 grant exactly in reverse, and with the flag clear it does nothing at all - not even a lookup.
102c87a0	rule	10-18	FElysiumNpc::StandoffInputActivate	PORTED 29d Motor10. The clamp: m_aggressiveness +0x484 outside [0,4] and not the sentinel 5 DevMsgs Invalid aggressiveness value %d with the PRE-clamp value, a negative clamps to 0 and a value over 4 clamps to 4, and every path calls the backing routine exactly once. CAI_GoalEntity::InputActivate 0x102cd650 is ported in full beside it: an already-set ACTIVE bit (+0x480 bit 0) returns with NOTHING done, else insert into DAT_106eb5d8 through 0x100f6d80 (node +0x450), resolve actors once via 0x102cd4a0 setting bit 1 (0x2) or refresh via 0x102cd3b0, set bit 0, then EnableGoal (vtable +0x3d0) per actor over the +0x468 array with count +0x474.
102c8830	rule	10-18	FElysiumNpc::StandoffInputDeactivate	PORTED 29d Motor10. Byte-for-byte the same clamp as slot 241, differing only in calling 0x102cdb70. CAI_GoalEntity::InputDeactivate is the exact inverse: nothing unless the ACTIVE bit stands, the same resolve-or-refresh, CLEAR the ACTIVE bit, DisableGoal (vtable +0x3d4) per actor, and the list removal (0x100f6e40) LAST. The two overrides are one clamp shared by both inputs, which is why the port carries the clamp once.
1032d0c0	rule	10-18	hand:FElysiumNpc::Weapon_Drop	Ported as slot 385. CORRECTED: the second arm is a STACK SPLIT and not an ammo test. param_1[0x234] on an int pointer is BYTE offset 0x8d0, which is m_iItemCount, and the weapon vt+0x5cc beside it is the stackability gate; the real magazine +0x74c is untouched by either drop body except through the slot 386 reroll. Order: a null weapon does nothing; a weapon that IS GetActiveWeapon takes this vt+0x608, which is slot 386 (0x608/4 == 386) and is this class no-argument Weapon_Drop; then droppable OR the third argument forcing it; then the split - vt+0x5cc true and the count at two or more decrements, reads GetClassname off the ORIGINAL (vt+0x570), Weapon_Create plus 0x10258620 plus the NEW weapon vt+0x4b0, and RETURNS, and a FAILED create falls straight out of the body leaving the original decremented and NOT removed; otherwise the same two handle resets, vt+0x4b0, Inventory_Remove and Weapon_Detach under FL_NPC. The second argument is read by no arm.
1032fe60	rule	10-18	hand:FElysiumNpc::HealthToPercent	Ported as slot 348. Confirmed against the corpus: the retail scope-trace string names it CBaseCombatCharacter::HealthToPercent. Two walks of the +0x13bc count / +0x13c0 table for the first list whose record +0x10 is 0, each falling back to the lazily built empty global DAT_109f0b40, then GetValue(0x11) as the CAP and GetValue(0x0f) as the accumulated WOUND counter, then ((cap - wounds) * m_iMaxHealth) / cap as an INTEGER divide. The port needs no seam for this: FElysiumSheet IS the retail type-0 CVStatList_t, with ElysiumSlot::Health at 15 (0x0f, damage TAKEN) and ElysiumSlot::MaxHealth at 17 (0x11), which is why FElysiumCombatCharacter::SyncHealthFromSheet already cites this address. DIVERGENCE, named: a zero cap takes a crash guard answering 0 where retail faults. Walked into docs/vtmb/combat-and-damage.md.
1034d140	rule	10-18	FElysiumNpcMaker::EquipZombieFists	CORRECTIONS to the walk, from the listing. The walk stops at the hand-over and the body has four more steps: after Weapon_Equip it runs an ___RTDynamicCast on the child against the type name at 0x1062567c and, on a hit, thunk_FUN_103e0980(child, this->+0x76d0); creates "Zombies_spawning_emitter" (0x1062565c) at the maker's GetAbsOrigin and GetAbsAngles(-1.0) with a 15.0-second life (1034d249 PUSH 0x41700000); dispatches the child's vtable +0x10c, slot 67 Unhide; and calls thunk_FUN_1029f300(child, false), SetDisableAI(false), which OVERRIDES the copy MakeNPC made from the maker's own m_bDisableAI. Also: vtable +0x304 is slot 193 EyePosition, not GetAbsOrigin, so the item is placed at the maker's EYE; the item's +0xa0 word is read at 1034d1bd BEFORE the 0x40000000 flag is OR'd into +0x204 at 1034d1ca; and Weapon_OwnsThisType is asked of the MAKER (1034d16a MOV ECX,EDI) and not of the spawned zombie. RETAIL FAULT recorded: XOR ESI,ESI at entry and 1034d173 JNZ 0x1034d19c mean the true arm of Weapon_OwnsThisType reaches 1034d1a3 MOV EBP,[ESI] with ESI still null - a null dereference. The port guards it and takes the refusal instead, a named divergence; the arm is unreachable in retail because a maker owns no weapons. Ported as story 29d family Lifecycle10.
10357800	rule	10-18	FElysiumNpc::StopLoopingSounds	Slot 511, CNPC_Crow#511 only; slot 511's Troika-line body is 0x1027caa0, whose port method ElysiumNpcKernelSlots.inl declares as StopLoopingSounds (layer 0, story 29c), so this species arm targets that same method with no hand: prefix and the coined StopLoopingSoundsCrow is dropped. AUDITED: the whole body is thunk_FUN_101b0d80(this, "NPC_Crow.Flap") and it does NOT chain to the base - CNPC_Crow's arm REPLACES the generic stop with a single StopSound of its flap loop, so nothing the base body stops is stopped for a crow.
10362390	rule	10-18	FElysiumNpc::TaskFail	CNPC_VAsianVampire#448, a species arm of slot 448's port method. The whole arm is if (0xb < code && code < 0x10) m_bPathBlocked (+0x66d4) = 1, then the unconditional chain to 0x1029adb0. m_bPathBlocked has no port word - this port stands one leaf per classname - so it is carried as FElysiumNpc::bSpeciesPathBlocked, named for the retail field.
10364080	rule	10-18	FElysiumNpc::SelectScheduleMeleeCombat	CNPC_VBach#604, 395 bytes, ported as a species arm of slot 604's one port method. Condition 0x7b stamps +0x6690 with curtime plus _DAT_10463584 (15.0f) and returns 0x15a; else the active weapon is fetched ONCE and condition 0x7a read immediately after it - unarmed with 0x7a returns 0x158 and unarmed with 0x79 returns 0x159; armed with 0x7a CLEAR and 0x79 set requires the classname item_w_rem_m_700_bach or returns 0x159, and on a match RETURNS slot 605 SelectScheduleRangedCombat's answer, the one arm that leaves the melee family; armed with 0x7a set requires item_w_katana or returns 0x158. The fall-through calls 0x10385e40 DIRECTLY, clears +0x6444 unless m_NPCState is 4 or 0xc - on every path, including the ones that answered non-zero - and forces 0x159 when that call returned 0.
1036d1d0	rule	10-18	FElysiumNpc::TaskFail	CNPC_VChangBros#448, shared by CNPC_VChangBrosBlade and CNPC_VChangBrosClaw. The same 12..15 gate as the AsianVampire arm but the write is m_failSchedule (+0x5c54) = 0x15d, this runtime's FElysiumScheduleState::FailScheduleOverride through ScheduleFromRetailNumber; then the unconditional chain to 0x1029adb0.
10379060	rule	10-18	FElysiumNpc::TaskFail	CNPC_VGargoyle#448. In combat (m_NPCState == 2) with 0x10269d30 HasInterruptCondition(0x5c TASK_FAILED) standing it clears m_afMemory's top bit; then 0x10379040 and 0x10379000. CORRECTION, from the listing: the checklist walk flags 1037908c CALL 0x10006613 as reached with a lost this alias needing an asm check. 0x10379040 is four instructions (MOV EAX,[ECX+0x14b8] / SHR EAX,4 / AND AL,1 / RET) and never writes ECX, so ECX still holds this from 10379081 - there is no bug. Both bodies are plain m_bfAINPCFlags accessors for bit 0x10 FINDING_BODY: read, then clear. Finally m_iShunnedFindPillar (+0x6680) = 0, then the chain to 0x1029adb0.
1037c090	rule	10-18	FElysiumNpc::BurnPlayer	no slot. With a non-null target it iterates every hitbox of the target's model (count via CBaseAnimating::GetModelPtr plus offsets 0x104/0x4) calling CBaseCombatCharacter::BurnHitbox(target, index, 5.0, 0.5), then builds a CTakeDamageInfo via thunk_FUN_101c26d0 with inflictor = my GetActiveWeapon, attacker = this, the CALLER's damage amount and bitsDamageType 8, plus the trailing 0/0/-1, and applies it with CBaseEntity::TakeDamage. CORRECTION: the walk read the 8 as the whole descriptor and lost the damage amount, which is the caller's 10.0. The hitbox loop goes through family Damage's HitboxSetCount seam, which answers 0 - retail's own zero-hitbox arm.
1037d020	rule	10-18	FElysiumNpc::StateChangeSpeciesPreStep	Slot 463, CNPC_VGuard1#463 only. RETARGETED from FElysiumNpc::OnStateChange to the pre-step method the arm actually lands in: FElysiumNpc::OnStateChange's HolsterOnState case now calls StateChangeSpeciesPreStep before ApplyStateWeaponVisibility, which is retail's order. THE WALK NAMED THE WRONG THING ENTIRELY. vtable +0x29c is slot 167, and slot 167's body on the whole NPC line is CAI_BaseNPC::FUN_101a67e0 at 0x101a67e0, six instructions that resolve m_hEnemy through the global entity table: it is GetEnemy(), not a door reference. And 0x1037e2d0 is not an obstructing-door hook: it sets +0x6660 and calls InputSetRelationship(this, player D_HT 10, 0), the literal at 0x1063bc28 with spaces and a lower-case player (CNPC_VCop's is Player D_HT 10 at 0x106366f4). So arm (1) is: unconditionally on both states, if GetEnemy() is non-null and that entity's +0xa8 (m_pPlayer) is non-zero, hate the player at priority 10. GetEnemy() is dispatched TWICE (1037d026, 1037d034) and retail caches neither call, so the port makes both. 0x1037e2d0 itself is family SpeciesMisc10's Guard1HatePlayer (it has six more callers in vfunc461) and is called, not restated. Arm (2), the holster switch, was already carried by FElysiumNpc::ApplyStateWeaponVisibility.
10380510	rule	10-18	FElysiumNpc::TaskFail	CNPC_VHengeyokai#448. The memory-bit clear as above; then 0x10381be0 is (m_bfAINPCFlags >> 4) & 1 = FINDING_BODY and 0x10381ba0 sets or clears that same bit, so the pair is read-then-clear and NOT a species word. CORRECTION: 0x10382970 does not release the pickup target - it is a CUtlVector of BlacklistedEntity_t grow-and-append of (handle, curtime + 20.0) onto m_BlacklistedEntities (+0x66a4), the 20.0 being _DAT_1044eb0c, so the target is SHUNNED for twenty seconds. Then 0x10381c80 is (m_bfAINPCFlags >> 5) & 1 = CARRYING_BODY and the arm runs when it is CLEAR: 0x102c43b0(this, 0.75) re-arms m_flIgnoreCollisionTimer (+0x6458) and m_hPickupTarget goes to -1. Always m_iShunnedFindFish (+0x6678) = 0, then the chain.
10388880	rule	10-18	FElysiumNpc::StateChangeSpeciesPreStep	Slot 463, CNPC_VHunter#463 only. RETARGETED as 0x1037d020 was, and carrying the same correction: vtable +0x29c is GetEnemy() (slot 167, CAI_BaseNPC::FUN_101a67e0), not a door reference. Two independent arms, in this order, and both can fire on one call. Arm A: if GetEnemy() is non-null (dispatched twice) and that entity's +0xa8 is non-zero and param_2 == 2 (COMBAT), call 0x10388c40 - which is 0x1037e2d0 MINUS the +0x6660 latch byte and is the only difference between the two 20-byte bodies, ported here as FElysiumNpc::HunterHatePlayer - then 0x1017f7b0(player), then m_hPursuitPlayer +0x6664 = the player's own EHANDLE. Arm B: if param_1 == 2 and m_hPursuitPlayer resolves live and its +0xa8 is non-zero, CLEAR m_hPursuitPlayer FIRST (1038891e) and release through 0x1017f830 second. 0x1017f7b0 and 0x1017f830 are the hunter-pursuit refcount pair on the PLAYER (+0x1d14), which family Conditions already ported as the static FElysiumNpc::OnHunterPursuitStart / OnHunterPursuitStop with its own receiver correction; they are called, not restated, and the count lives on FElysiumPoliceState::HuntersInPursuit. The tail chains 0x103871c0 (CNPC_VHumanCombatant::OnStateChange, the shared holster body) rather than 0x102ae140 directly, which is the same sequence either way. UNRECOVERED: the CSActs manager 0x1017fa40 / 0x1017fa70 fire into (0x1023dcd0's singleton, output list +0x4e0).
1038e480	rule	10-18	FElysiumNpc::FValidateHintType	CNPC_VManBat#566, a species arm of slot 566's port method keyed on the census body address; it REPLACES the base dispatcher rather than extending it, reading neither m_iGroupID nor the range switch. 1038e48b: only hint type 20000 is considered, everything else refuses at 1038e5b3. The mode is m_field_0x6670 through the ladder at 1038e49b (AND 0x710935, XOR 0x148739, ADD 0x4094ab, AND 0x18ef6ca, XOR the word, XOR 0x412a96ec) and then 0x1042fbf0; the jump table at 0x1038e5c0 covers modes 1..8 and sends 5, 6 and 7 to the default. Templates, read out of the pinned image: 1 'ManBat Landpoint' copied RAW by a byte loop with no index, 2 and 4 'ManBat Divepoint %d', 3 'ManBat Divepoint %d Bottom', 8 'ManBat Script Node %d', default 'ManBat %d', each %d being m_field_0x6674. The built name is matched against the hint's m_iName +0x26c with __strcmpi, or with __strnicmp over strlen-1 when the template ends in a star; an EMPTY template compares the hint's name POINTER against zero instead (1038e556), so an unnamed hint matches. Lands as FElysiumNpc::ManBatValidateHintType, dispatched from the slot's one port method.
10394090	rule	10-18	FElysiumNpc::TaskFail	CNPC_VMingXiao#448, a switch on m_eThrowableObjectMode (+0x673c). Modes 3 and 4 call 0x102e0a60(m_pMotor, 0x43340000) - m_pMotor +0x1c = 180.0, the same steering reset the Troika body itself makes - and touch nothing else. CORRECTION: the default arm's 0x10398d90 is not a throwable-prop clear; its whole body is m_eThrowableObjectMode = arg, so the arm sets the MODE to 0 and then releases m_hThrowObject (+0x6718) to -1. Both arms chain 0x1029adb0.
10396000	rule	10-18	FElysiumNpc::Restore	Slot 127, CNPC_VMingXiao#127 only; slot 127's Troika-line body is 0x10299700, whose port method ElysiumNpcKernelSlots.inl declares as virtual int32 Restore(void*), so the species arm targets that same method with no hand: prefix and the coined RestoreMingXiao is dropped. registry:127 is rejected here: the body is a base call plus a loop, not a literal, keyfield or one member. Arm: call the base Restore 0x10299700 first, then walk the 6-float m_rflRegrowTimers array at +0x66f4 calling 0x101cf2f0(&timer[i], 4) on each in ascending order - the decode twin of this class's Save 0x10395f80, mode 4 turning the 1e+11 sentinel back into FLT_MAX against retail's FIELD_TIME rebase. Save games are disposable for this project, but the retail fact is recorded; no port coverage.
103970d0	rule	10-18	FElysiumNpc::HealthToPercent	Ported as the CNPC_VMingXiao species arm of slot 348, dispatched from inside the one slot method with no coined name. It reuses the BASE scope-trace string (CBaseCombatCharacter::HealthToPercent), makes the same two stat reads in the same order (0x11 the cap, 0x0f the wounds) and adds a loop i = 0..5 over 0x10398000(this, i) folding one extra contribution in per true result before the final ftol - the regrown-limb count lowering the reported percent. The decompiler lost the FPU arithmetic entirely (three bare ftol calls with no operands); the loop, its bound and its guard are what the listing carries. SEAM: no port system stands the Ming Xiao severable limbs, so 0x10398000 answers false for all six and the arm equals the base, which is the retail answer for an intact boss. Walked into docs/vtmb/combat-and-damage.md.
1039eda0	rule	10-18	FElysiumNpc::Restore	Slot 127, CNPC_VMingXiaoTentacle#127 only; retargeted to slot 127's port method FElysiumNpc::Restore (Troika body 0x10299700), no hand:, coined RestoreMingXiaoTentacle dropped; registry:127 rejected because the body is a base call plus a call, not a literal, keyfield or one member. Arm: the base Restore 0x10299700 first, then 0x101cf2f0(&m_flPhaseExpireTimer at +0x6674, 3) - mode 3, one float, the decode twin of this class's Save 0x1039ed50 which encodes the same field with the same mode; mode 3 swaps the 1e+11 sentinel back for a value exactly equal to _DAT_104454c4, recovered from the pinned image as 0.0f. No port coverage.
103a0670	rule	10-18	FElysiumNpc::PlayNextNewscasterStory	CLASS ATTRIBUTION CONFIRMED - CNPC_VNewscaster, not the MingXiao family. If the loaded flag +0x6690 is clear and 0x101cd9e0(1), which is UTIL_PlayerByIndex(1), answers an entity, call the loader then seed both cursors with RandomInt(0, count-1); a missing player returns WITHOUT loading. Then, unless IsInDialog 0x102c1170, and only when count0+count1 is non-zero, roll RandomInt(0, count0+count1) - an INCLUSIVE upper bound - and write 1 to +0x668c when the roll is below count0 else 0. A zero +0x668c or an empty main queue advances the side cursor +0x6688 modulo +0x667c (returning early on an empty side queue), otherwise the main cursor +0x6684 modulo +0x6668; the advanced row's SELECTED VERSION filename at base + i*0x28 + 8 + record[+0x24]*8 is played through 0x102c0520 when non-null. CORRECTION: the record's +0x24 is NOT a version count but the index 0x103a07f0's tail chose (see that row's evidence); there are FOUR version slots per record, not five alternates.
103aaa80	rule	10-18	FElysiumNpc::RecordPlayerHealth	no slot, recovered retail name. Does NOTHING without a live m_hClosestPlayer +0x628c - the mark keeps its previous value. Otherwise it finds that player's class-info-list entry with type tag +0x10 equal to 0 over +0x13bc/+0x13c0, falling back to the lazily constructed CVStatList_t singleton DAT_109f0b40, and reads stat 0xf into m_LastPlayerHealth +0x66cc. Stat 0xf is the accumulated wound counter, not current health - CBaseCombatCharacter::HealthToPercent 0x1032fe60 computes ((stat0x11 - stat0xf) * m_iMaxHealth) / stat0x11 - so this snapshots the player's damage TOTAL at the start of a round. Ported over family Combat10's typed stat-list seam, applied to another entity.
103aabc0	rule	10-18	FElysiumNpc::PlayerDamagedEnoughThisRound	no slot, recovered retail name. If m_hClosestPlayer does not resolve live it returns false; otherwise it re-derives that player's stat 0xf exactly as 0x103aaa80 does and returns true only when _DAT_104c3ce0 is at or below (float)(stat0xf - m_LastPlayerHealth). THRESHOLD CONFIRMED at file offset 0x4c3ce0 of the pinned vampire.dll: 2.0f.
103b0290	rule	10-18	FElysiumNpc::TaskFail	CNPC_VSheriffMan#448, leaf only. Apart from the scope-trace push and pop the entire body is the direct chain to 0x1029adb0 with param_1 unchanged. The recovered fact is the ABSENCE of a species arm; it is ported so a test can prove the sheriff adds nothing to the base.
103ba350	rule	10-18	FElysiumNpc::TaskFail	CNPC_VTzimisce#448, the Hengeyokai arm with its own words. 0x103be090 and 0x103be130 are byte-identical to 0x10381be0 and 0x10381c80 - FINDING_BODY and CARRYING_BODY on m_bfAINPCFlags - and 0x103be050 is the same bit-0x10 writer. 0x103bf200 appends (handle, curtime + 20.0) to m_FailedPickupTargets (+0x6690) rather than releasing anything. m_hPickupTarget is +0x6670 and m_iShunnedFindBody is +0x66b8. Then the chain to 0x1029adb0.
103c2860	rule	10-18	FElysiumNpc::Restore	Slot 127, CNPC_VTzimisceHeadClaw#127 only; retargeted to slot 127's port method FElysiumNpc::Restore (Troika body 0x10299700), no hand:, coined RestoreTzimisceHeadClaw dropped; registry:127 rejected for the same reason as 0x1039eda0. Arm: the base Restore 0x10299700, then 0x101cf2f0(&m_flSlowedExpire at +0x6678, 3) - the mode-3 decode twin of this class's Save 0x103c2810, which encodes the same one field with the same mode; _DAT_104454c4 recovered from the pinned image as 0.0f. No port coverage.
103c5910	rule	10-18	FElysiumNpc::Restore	Slot 127, CNPC_VVampireBoss#127 only; retargeted to slot 127's port method FElysiumNpc::Restore (Troika body 0x10299700), no hand:, coined RestoreVampireBoss dropped; registry:127 rejected because the body writes three things and calls a helper. This is also the body the other bosses' own slot-127 overrides call as their base (CNPC_VAndreiBlood 0x1035cf80, CNPC_VAsianVampire 0x10360e10, the ChangBros 0x1036b170, CNPC_VSabbatLeader 0x103a6e80, CNPC_VSheriffMan 0x103ae7f0 all chain through it), so it sits between the Troika body and those species rows. Arm: call the base Restore 0x10299700, null m_pMonsterModelName, call ClearBodyEmitterNames(this), and reset field_0x6694 to the literal "npc_VVampireBoss" - a post-load reset of the monster-model override and the body-emitter names back to the default classname. No port coverage.
103c59d0	present	10-18	ElysiumNpcKernelHints.cpp:FElysiumNpc::FindHintNode	CONFIRMED present, and the evidence is corrected. Read again against 0x10365780, the address FindHintNode cites: the two bodies are identical arm for arm - FindHintNear(hint type, flags, 5000.0, null, null) through 0x102d1af0, the result written to m_pHintNode +0x5ddc on BOTH paths, a hit calling 0x10273e80(this, 0) and returning true, a miss writing an assert file string and line into +0x1b44/+0x1b48 and then vtable +0x700 (4) and returning false. The difference is NOT only the line number: the FILE string differs too - 0x1065ec20 npc_VVampireBoss.cpp line 0xd1 here against 0x1062eadc NPC_VBach.cpp line 0x48a there. Both halves are the same deliberately unmodelled assert pair: ElysiumNpcKernelShapeMap.cpp records +0x1b44 ABSENT port-wide, a decision already accepted for the sibling body. Stays present.
103c6830	rule	10-18	FElysiumNpc::GetCurrHealthPercent	Ported. Confirmed against the listing: 103c68db reads stat 0x0f FIRST into the numerator and 103c694d stat 0x11 SECOND into the divisor; the guard at 103c6964 is ABS of the SECOND read against _DAT_104ce8c0 (1e-05) and the decompiler idiom resolves to a greater-than test, so it is a divide-by-zero guard on the DIVISOR and not a test on the numerator; the refusal answer _DAT_104454c4 is 0.0, confirmed out of the pinned image. Stat 0x0f is the wound counter, so this returns the DAMAGE fraction, the complement of HealthToPercent 0x1032fe60. Walked into docs/vtmb/combat-and-damage.md.
103cc9b0	rule	10-18	FElysiumNpc::GiveBaseFightingItems	Ported as the CNPC_VWerewolf species arm of slot 304, dispatched from inside the one slot method with no coined name. It REPLACES the base rather than extending it: 103cca32 runs Inventory_Find(item_w_werewolf_attacks) and, only when the item is ABSENT, gives that item and sets misc flag 0x10. It consults neither the slot-307 gate nor the slot-308 gate and never grants fists. 99 of its 155 bytes are the scope-trace frame. UNREACHABLE IN PLAY: CNPC_VWerewolf carries no entity classname in the census, so no spawned NPC can resolve to it; the arm is ported and exercised through SetRetailClassForTests. Walked into docs/vtmb/combat-and-damage.md.
103cca80	rule	10-18	FElysiumNpc::RemoveBaseFightingItems	Ported as the CNPC_VWerewolf species arm of slot 305, dispatched from inside the one slot method with no coined name. It mirrors the base SHAPE with its own item: read GetMiscFlags, and if bit 0x10 is set remove item_w_werewolf_attacks via 0x1021fee0 and clear the 0x10 flag - the exact inverse of its own slot-304 grant, as the base pair is for item_w_fists. Same census gap as slot 304: unreachable in play, exercised through SetRetailClassForTests. Walked into docs/vtmb/combat-and-damage.md.
103d6650	rule	10-18	FElysiumNpc::GetHintEndpoint	CORRECTS the pack walk's fixed global point. A null hint answers DAT_1070d1b0/b4/b8, and staticinit_101370b0 writes ZERO into all three, so the answer is vec3_origin. Any other hint resolves its end entity through GetHintEndEntity (0x103d6390) and copies that entity's GetAbsOrigin (vtable +0x364) into the caller's Vector, with NO null check on the resolved entity - retail faults on an unresolvable end entity. Ported with a named crash guard that answers the same vec3_origin the null-hint arm answers.
103d7090	rule	10-18	FElysiumNpc::GetForwardHintForHint	CORRECTS the pack walk's exemption run. The switch at 103d70dd holds FOURTEEN literals - 15000, 0x3a99, 0x3a9c, 0x3a9f, 0x3aa0, 0x3aa1 and 0x3aa3..0x3aaa - and 0x3aa2 is NOT among them, so 0x3a9f-0x3aaa would be fifteen. An exempt hint is handed straight back; every other type resolves its end entity via GetHintEndEntity (0x103d6390) and walks the global hint list from DAT_10925450 through the +0x5d8 next link for a hint of type 0x3a9c whose own end entity is the same object. On no match the loop cursor is null and retail DevWarnings with the format at 0x10662f98, which the pinned image reads as 'Could Not find forward hint for hint: %s (%s) ' - TWO %s, not one. The global hint list is a SEAM answering an empty list, so the no-match arm is the one reached.
103d8300	rule	10-18	FElysiumNpc::IsValidTeleportHint	CORRECTS the pack walk's last gate. Seven ordered refusals: a null hint; field_0x66e8 bit 0x4; IsHintUnusable (0x102d14c0, family Hints, called); slot 566 FValidateHintType through vtable +0x8d8, VIRTUALLY, so a Werewolf takes its own species row; the six-type exclusion set 0x3aa3..0x3aa8, each its own CMP at 103d83c8-103d8430; and hint->+0x470 == 1 (an EQUALITY compare on the word slot 566 treats as a bit set) with field_0x66e8 bit 0x40. The final answer is the NEGATION of thunk_FUN_100b5190 on the resolved end entity, and 0x100b5190 is a seven-byte getter of +0xf4, which fields.md names m_bScriptHidden - not an entity-busy/occupied test. The endpoint seam answers false, which is the ADMITTING value because retail negates it.
100e8100	rule	10-18	FElysiumDlgConversation::EnterNpcLine	The two arms the port did not carry are now ported. (1) The row-fetch MISS at 100e8130 byte-copies the shared literal at 0x1054ca50 into the caller's buffer and returns 0, the used-default answer; the pinned image reads that cell as a SINGLE SPACE, and ElysiumDlgRetail::MissingNpcLineText is it, applied where the widget has a live conversation and no resolved NPC row. (2) 0x100e8060 is NOT a truncate/pad: it is the ellipsis normaliser, six replace-UNTIL-NO-MATCH passes over an 0x800 buffer through 0x100e7f70, with both pointer tables read out of the pinned image at 0x10561a88 and 0x10561aa0. CORRECTION: pass 3's replacement is ' ... ' WITH a trailing space, because 0x10561aa8 holds 0x10561b14, the same pointer pass 1 uses. It runs on the NPC subtitle ONLY - process_pc_line's own line_copy at 100e8875 has no such pass, so a PC choice keeps its authored spacing. The col-4/col-5 scheduling half and the gender/clan variant half were already carried and are unchanged.
100e8520	rule	10-18	FElysiumDlgConversation::EnterNpcLine	The packet flag words and the return code are now ported and tested as ElysiumDlgRetail::ClassifyPcRow. Three blocks in the listing's order, and the second is not an else of the first: an Auto-End row with the packet 0x30 test CLEAR and CDialogDependency::Test passing answers -1 and sets flag bit 0x10 when LookupSpeechFile hits (100e8600), and collapses the band to one entry at flags 0 / value -1 with the count forced to 1 and still answers 1 when it misses (100e85e0); an Auto-Link row with the same two gates sets flag bit 0x20 and answers 1, so the row STAYS in the band; a starting-condition row answers 0, which fill_packet drops WITHOUT raising +0x30e9; an ordinary row answers its initial 1. The gate, the automatic rows and DisplayText(bMale, ClanOffset) were already carried; the LookupSpeechFile arm remains the named divergence at ElysiumDialogueSession.h.
1017c600	rule	10-18	FElysiumPlayer::OpenBarterOrLoot	Read off the listing because the decompiled C folds the target pointer and the loot byte into one parameter. RET 0x14, five stack arguments: the target NPC, the loot byte and three ints. engine vtable +0x8c on the target's edict +0x2e0 is stored at +0x1eb8 and the loot byte at +0x1ec0; loot 0 calls CBaseCombatCharacter::SyncVendorInventory(target, a, b, c) and selects 0x10587ef4 showbarter, loot 1 calls 0x10324080(target) with NO extra arguments and selects 0x10587ee8 showloot; the tail is engine vtable +0xf4 ClientCommand on the PLAYER's own edict, so the window opens by console command and never by a direct call. Both command strings carry a trailing newline. The port has no barter or loot window: the two branch calls are counted seams and the command is recorded rather than dispatched.
1026ce30	rule	10-18	FElysiumNpc::BaseLeaveGrappleState	CAI_BaseNPC#380 base body beside the Troika override 0x102b5d90, ported under its own name. Four UNCONDITIONAL steps with no grapple-type gate: fire m_OnGrappleEnd with the +0x1538 handle as activator (null on a stale handle); CBaseCombatCharacter::LeaveGrappleState; slot 416 vt+0x680 SetForceFrequentThink(false); then 0x10007ea0, the saturating decrement of m_iIsOblivious +0x5bb4 clamped at 0 plus the squad reconnect 0x10009601. ElysiumNpc.cpp:790 gated the output fire and the oblivious pair on Grapple.Type == StealthKill and omitted SetForceFrequentThink; both fixed and the slot body now calls this.
10277d90	mechanism	10-18	FElysiumNpc::ReportOverThinkLimit	the whole body is a developer report throttled by the global stamp _DAT_10920554 restamped to curtime plus _DAT_104454c0: the running task name from 0x1028a150 GetTask (INVALID_TASK when the schedule or index is out of range) through slot 449 TaskName, the schedule name at m_pSchedule+0x40, and six millisecond timers each scaled by g_ClockSpeedMillisecondsMultiplier, all into one DevWarning; then slot 220 GetOrigin, a world-space collision bounds computation for the overlay, an optional Slow text overlay behind its own cvar and a tail into 0x10280c80 when DAT_10920344 is live; nothing outside the diagnostic is written, so the seam is UE_LOG plus DrawDebugHelpers and the slot answers through it
10278900	rule	10-18	hand:FElysiumNpc::GetShootEnemyDir	slot 574: 0x10278650 resolves the aim point first (the m_hShootTargetOverride +0x5ba8 origin when that handle is live, else with no enemy the body's own forward from slot 0x374 through AngleVectors 0x10139610, else the enemy-memory LKP 0x102dfed0 plus the enemy's BodyTarget(shootPos) minus its slot-217 origin with the +_DAT_104994e0 Z bonus applied when the enemy's stat 0x0b reads 5), the caller's shoot position param_2 is subtracted, and the delta is NORMALISED IN PLACE through 0x1057966c before the three floats are stored out; the decompiled C shows the raw delta because it misses the POP ESI at 10278969 that shifts the stack reads, so the slot returns a UNIT direction.
1028de10	rule	10-18	hand:FElysiumNpc::TraceMessage	slot 18, the NON-const overload: formats through 0x1028d990 into a 512-byte buffer (curtime as %6.2f, the indent level clamped at 0, a CONDS list, the 32-glyph PIS_PF_T_L mask over +0x5d8c, the 30-glyph RSCPFCNFIPCD mask over +0x14b8 and a NAV pair), then when the trace toggle DAT_10920534 is set appends the FORMATTED text to the NPC's own 16 KB ring at +0x1b4e through 0x1027ef20 (cursor +0x5b50, wrap ABOVE 0x3dff zero-fills the tail, sets +0x5b54 and resets the cursor to 0), and otherwise DevMsg's it. Ported in ElysiumNpcKernelDebug10.cpp; the ring is ABSENT per story 29b and the line goes to FDebugLine, with the cursor rule carried as the pure function DebugLogRingAdvance. The formatter 0x1028d990 is family Conditions10's row and is seamed rather than written twice.
1028de90	rule	10-18	hand:FElysiumNpc::TraceMessage	slot 17, the CONST twin of slot 18: the same 0x1028d990 format into a 512-byte buffer, but when DAT_10920534 is set it Q_strncpy's the RAW param_1 into a SECOND 512-byte buffer and rings THAT through the GLOBAL 0x1027ee20, so the ring never sees the formatted text and only the DevMsg arm does. The formatter still RUNS on the ring arm and its output is dropped, which is why it is called before the branch. Both asymmetries against slot 18 are retail's and are reproduced in ElysiumNpcKernelDebug10.cpp.
1028df30	rule	10-18	hand:FElysiumNpc::TraceMessageBare	slot 20: a null message does nothing at all, not even a DevMsg; otherwise DAT_10920534 set copies up to 0x200 bytes onto the stack and appends them to the NPC's OWN 16 KB ring through 0x1027ef20, and clear prints straight through DevMsg, with no member written on either arm. Byte-identical to slot 19 (0x1028dfb0, story 29c-1) except that slot 19 rings through the GLOBAL 0x1027ee20; that is the whole difference between the pair and the reason both exist. Ported in ElysiumNpcKernelDebug10.cpp.
10292500	rule	10-18	FElysiumNpc::TroikaNPCThinkDebugPre	Troika's pre-think debug pass, read from the listing: a scope-trace push, then two witness overlays under curtime < the stamp -- m_flCriminalWitnessedTimer +0x63a4 draws a 3-unit box at GetAbsOrigin lifted by the collision maxs.z plus _DAT_10451ad0 with the remaining-time scalar clamped to 64.0 (_DAT_10451acc), m_flSupernaturalWitnessedTimer +0x63a8 the same box with the opposite corner order and _DAT_1044faa4 -- then, under the first ConVar (DAT_1092479c) being enabled, HasCondition(0x5a) traces eye-to-eye against m_hClosestPlayer +0x628c and DrawBBoxOverlays whatever the trace hit when it is neither the player nor null, and HasCondition(0x48) sprints "Blocked by %s" with GetDebugName of the blocker handle +0x5d90 above the head by _DAT_1044eb0c; under the second ConVar (DAT_109244c4) a 3-unit box at the head-adjusted eye position and a 2-unit box at the ideal, joined by a line; the third ConVar (DAT_1092435c) selects 0x1028e030 or 0x1028e060 by its int value 1 or 2; the tail clears +0x5b55 and dumps the 16 KB debug ring through 0x1027efb0 in 512-byte chunks from the +0x5b50 cursor. Only the +0x5b55 write touches state, and 29b records the ring and its three cursors ABSENT with a reason, so the port carries the arms through the Debug family's FDebugLine seam and the ring dump stays absent
102a0290	rule	10-18	FElysiumNpc::ComputeKnockbackVelocity	Ported. 400 bytes, no slot, sole writer of m_KnockbackVelocity +0x6004. Confirmed: the 5.0 initialiser is DEAD on the null-source path (it is only read through t = raw * _DAT_104491b4, which that path does not take), and Z is multiplied by the XY factor and then REPLACED outright by the Z factor so the multiply is dead. Null source takes slot 219 GetAbsAngles through 0x10139550 and negates all three components with blend parameter _DAT_104454c0 = 1.0; with a source the parameter is GetRawAttackValue times _DAT_104491b4 = 0.1, and when 0x10344da0 says the source weapon id at +0x3ec lies in 139..147 the raw value is forced to 1.0 and the velocity is copied from +0x3bc..+0x3c4 (CalcAbsoluteVelocity first when m_iEFlags bit 12 is set), otherwise it is this body slot-217 origin minus the source. RECOVERED out of the pinned image: _DAT_1049a1d8 = 220.0, _DAT_1049a1dc = 400.0, _DAT_1049a1e0 = 200.0, _DAT_1049a1e4 = 310.0, _DAT_104491b4 = 0.1. Walked into docs/vtmb/combat-and-damage.md.
102bf070	rule	10-18	hand:FElysiumNpc::UpdatePoseParameters	slot 314, 528 bytes. RECOVERED 2026-09-14 out of the pinned image's .rdata: _DAT_1049ae9c, the pitch bias, is 7.5f - the checklist left it unnamed. The aim target is m_hShootTargetOverride +0x5ba8 resolved and failing that slot 167 GetEnemy, and retail's goto pair means a LIVE override enters the aim arm even with a null enemy; m_iIsOblivious at 1 or more takes the no-aim arm even WITH a target, because the test is inside the aim arm and not in front of it. No-aim writes m_bAimWeaponAtTarget 0, +0x1064 = _DAT_104454c4 = 0.0 and +0x1068 = 0.0. Aim: slot 193 EyePosition, 0x10278650 for the aim point, the delta normalised, the flag 1, m_hWeaponAimTarget the target's handle, m_vWeaponAimOffset the aim point minus the TARGET's slot-217 origin, VectorAngles with the pitch biased by 7.5 and the yaw relative to slot 219, both clamped low-bound-first to minus 45 and 45. The tail CBaseCombatCharacter::UpdatePoseParameters runs on BOTH arms.
102c79e0	rule	10-18	FElysiumNpc::StandoffTranslateActivity	PORTED 29d Motor10 (listing). CORRECTION: the log literal at 0x10601e9c is NPC in standoff lacks needed low aim activity (%s) - low AIM ACTIVITY, not low cover animation - and the %s is the active weapon's classname or the literal no weapon at 0x10601edc when GetActiveWeapon returns null. Arms in retail's order: the owner's m_pHintNode +0x5ddc existing with m_nHintType +0x5dc == 0x65 reads owner slot 569 (+0x8e4) into a local, reads it AGAIN to replace an incoming activity of 1, and sets +0x1c = 2 when +0x1c is 0 and the FIRST read was 8; +0x1c == 2 turns 1 into 8 and turns 9 into 0x12 when SelectHeaviestSequence(owner, 0x12, -1) is non-negative; +0x1c == 1 with activity 8 returns 1 (EAX still holds [ESI+0x1c]); +0x1c == 3 with activity 8 or 1 answers DAT_10925390 when weapon_smg1 (0x10601ef8) is owned and its sequence resolves, else DAT_10925388 when weapon_pistol (0x10601ee8) does, else logs through 0x1027e590 and answers 1; anything left tails to CAI_Behavior::vfunc22. DAT_10925390 and DAT_10925388 are in uninitialised .data (past the file's raw .data end) and are runtime-registered activity ids, so their VALUES stay unrecovered.
102cdc50	rule	10-18	FElysiumNpc::StandoffGoalUpdateOnRemove	PORTED 29d Motor10 (listing). CORRECTION: the -1 in the stack block is at +0x14, not +0x0c. With E0 the entry ESP, SUB ESP,0x20 and PUSH ESI put the 0x20-byte block at E0-0x20; MOV [ESP+0xc] = block+0x08 = 0 and MOV [ESP+0x1c] = block+0x18 = 0 are written BEFORE the PUSH ECX, and the MOV [ESP+0x1c],0xffffffff at 102cdc72 is written AFTER it, so its address is block+0x14. The block is an inputdata_t and the three initialised words are exactly the inlined variant_t constructor: +0x08 iVal = 0, +0x14 eVal = INVALID_EHANDLE, +0x18 fieldType = FIELD_VOID. pActivator (+0x00), pCaller (+0x04) and nOutputID (+0x1c) are left UNINITIALISED - retail hands slot 243 three words of stack garbage. The block is dispatched to the goal's own slot 243 (vtable +0x3cc) only when bit 0 of m_flags +0x480 stands, and CBaseEntity::UpdateOnRemove is the tail either way.
10358c40	rule	10-18	registry:394	CONFIRMED against the listing 10358c40: PUSH 0x10628c14 "NPC_Crow.Gib" then the shared PAS emitter 0x101b0c10, MOV AL,1, RET. Registry row: class CNPC_Crow, slot 394, sound NPC_Crow.Gib, return true.
10358ef0	rule	10-18	registry:490	CONFIRMED against the listing 10358ef0: PUSH 0x10628c24 "NPC_Crow.Idle" then the shared PAS emitter 0x101b0c10, no return value. Registry row: class CNPC_Crow, slot 490, sound NPC_Crow.Idle.
10358f10	rule	10-18	registry:489	CONFIRMED against the listing 10358f10: PUSH 0x10628c34 "NPC_Crow.Alert" then 0x101b0c10. Registry row: class CNPC_Crow, slot 489, sound NPC_Crow.Alert.
10358f30	rule	10-18	registry:491	CONFIRMED against the listing 10358f30: PUSH 0x10628c48 "NPC_Crow.Pain" then 0x101b0c10, the CTakeDamageInfo argument ignored. Registry row: class CNPC_Crow, slot 491, sound NPC_Crow.Pain.
10358f50	rule	10-18	registry:488	CONFIRMED against the listing 10358f50: PUSH 0x10628c58 "NPC_Crow.Die" then 0x101b0c10, the CTakeDamageInfo argument ignored. Registry row: class CNPC_Crow, slot 488, sound NPC_Crow.Die.
1035cf80	rule	10-18	FElysiumNpc::AndreiBloodRestore	Slot 127, CNPC_VAndreiBlood#127 only. RETARGETED from registry:127 to a port method, on the same ground review5 retargeted its four siblings: the row is reached through family SaveRestore10's slot-127 arm table, which dispatches to a method, and a data row cannot express a base call. The reading is unchanged and confirms the walk: the listing has exactly ONE CALL between the scope-frame push and pop (1035cfd4, CNPC_VVampireBoss::Restore 0x103c5910) and the base's EAX survives untouched to the RET 0x4, so this species row carries NO restore-time datum of its own and returns the base's answer. Recording it as an empty row matters because omitting it would read as an unwalked body. Family SaveRestore10 had this row routed to VampireBossRestore as a placeholder with a comment saying the owning story would move it; the arm now names this body.
10360e10	rule	10-18	registry:127	CNPC_VAsianVampire::restore: CNPC_VVampireBoss::Restore then m_fJumpGravity +0x64b8 = _DAT_104a9300. VALUE RECOVERED out of the pinned vampire.dll at file offset 0x4a9300: a float 2.0. Registry row: class CNPC_VAsianVampire, slot 127, JumpGravity 2.0. The port binds the member as FElysiumNpc::JumpGravity but no species row writes it, so it still reads 0.
10365800	rule	10-18	registry:566	CNPC_VBach's FValidateHintType accepts hint types 17000 through 17005 (16999 < t and t < 0x426e) outright and otherwise FALLS THROUGH to CAI_BaseNPCTroika::FValidateHintType 0x10295c20 rather than answering false; the port's species table at ElysiumNpcKernelHints.cpp:366 has no CNPC_VBach row and no fall-through-to-base rule kind, so every Bach hint currently takes the base answer and the 17000..17005 acceptance is lost
1036b170	rule	10-18	FElysiumNpc::ChangBrosRestore	Slot 127, shared by CNPC_VChangBros, CNPC_VChangBrosBlade and CNPC_VChangBrosClaw. RETARGETED from registry:127 for the same reason as 0x1035cf80. Reading confirms the walk and pins the order: the base CNPC_VVampireBoss::Restore 0x103c5910 runs first and its answer is stashed (1036b1e3 MOV EDI,EAX) and returned (1036b210 MOV EAX,EDI); then m_fJumpGravity +0x64b8 = _DAT_104ada44, issued between the FLD at 1036b1ce and the first call at 1036b1e5 so it lands first; then SetBodyEmitterName(0, chang_powerup_emitter at 0x10630e54), SetBodyEmitterName(1, the SAME literal) and SetBodyEmitterName(2, chang_spine_emitter at 0x10630e3c). Index 3 is never written and the base's ClearBodyEmitterNames is what empties it. RDATA read out of the pinned vampire.dll: _DAT_104ada44 = 2.3f at file offset 0x4ada44. Two sibling cells read while checking this one and recorded for the rows that own them: _DAT_104a9300 = 2.0f (0x10360e10) and _DAT_104c6148 = 2.0f (0x103ae7f0).
1036cbd0	rule	10-18	FElysiumNpc::CheckForUnited	false at once when GetOtherBrother is null, and false while curtime has not passed m_fLastUnitedAttackTime +0x66ec plus _DAT_104ada48; past both it is true UNLESS BOTH brothers' GetCurrHealthPercent are below _DAT_104ada4c. VALUES RECOVERED at 0x4ada48 and 0x4ada4c: 30.0 and 0.5. SENSE CORRECTED: the percent rises with damage, so below 0.5 is the HEALTHY half and two healthy brothers REFUSE the united attack - one hurt brother is what allows it.
1037a270	rule	10-18	FElysiumNpc::GargoyleTouch	Slot 175, CNPC_VGargoyle#175 only. RETARGETED from FElysiumNpc::Touch: slot 175's Troika-line body is CBaseEntity::Touch 0x100a4af0, a band 0-9 row with NO verdict (one of the 145 non-core CBaseEntity slots story 29c-1 set aside), so gen_kernel_shape still emits FElysiumNpc::Touch as a named stub and a definition of it here would be a duplicate symbol. The species body therefore lands as FElysiumNpc::GargoyleTouch and the base body as FElysiumNpc::BaseEntityTouch, the shape story 29c-1's cleanup used for CBaseEntity's own slot-153 body (BaseEntityIsMoving). Reading confirms the walk: two FClassnameIs compares of +0x26c, pillar at 0x1063a88c then central_pillar at 0x1063a894, both whole-name case-insensitive because neither literal carries the trailing star; on a match a CVDmg_t with SetSrc(this) and Set(1, 0x80, 10) - family 1 lethal, m_bdmgTypes 0x80 DMG_CLUB, m_iDiceAmt 10 - plus m_iToHitSuccesses +0x0c forced to 1 (1037a3ab writes ESP+0x34 where the descriptor is at ESP+0x18); wrapped by 0x101c26d0 with INFLICTOR = the pillar (1037a3a7 PUSH ESI, argument 0) and attacker = the gargoyle (1037a3a5 PUSH EBP) at damage 1.0, bits 0, ammo type -1; then slot 142 OnTakeDamage dispatched ON THE PILLAR (1037a3c1 CALL dword ptr [EDX + 0x238], ECX = ESI). BOTH paths end in CBaseEntity::Touch. The classname predicate is family Misc's GargoyleHitsPillar, called rather than restated.
1037be80	rule	10-18	FElysiumNpc::OnVictimHitByMe	CNPC_VGhoulCroucher slot 24: the victim's player downcast is read at +0xa8, and when m_bSpawnBurning +0x6665 is set and that pointer is live it calls BurnPlayer(player, 10.0) first - 0x1037bf3c pushes 0x41200000; it then ALWAYS runs the Troika line 0x1029f8d0, the melee-move-record clear, unlike the Gargoyle and SabbatLeader arms which drop it. Added as the fourth row of VictimHitSpeciesRows in ElysiumNpcKernelMisc.cpp, which previously let a burning croucher fall to the bare Troika arm and never burn.
1037bf60	rule	10-18	FElysiumNpc::GhoulCroucherStartTouch	Slot 174, CNPC_VGhoulCroucher#174 only. RETARGETED from FElysiumNpc::StartTouch for the same reason as 0x1037a270: slot 174's Troika-line body CBaseEntity::StartTouch 0x100a49d0 is an unverdicted band 0-9 row and its generated stub still stands, so the species body is FElysiumNpc::GhoulCroucherStartTouch and the base is FElysiumNpc::BaseEntityStartTouch. Reading confirms the walk and NAMES its two offsets: CBaseEntity::StartTouch runs first; then OnDisturbed(toucher) when the toucher's +0xa8 is non-null OR its +0x94 is non-zero, and both words are already recovered - +0xa8 is CBaseEntity's player self-downcast cache and +0x94 its cached CAI_BaseNPC* - so the gate reads the toucher is the player, or the toucher is an NPC; then, when m_bSpawnBurning +0x6665 is set AND the +0xa8 pointer from that step is non-null (so an NPC toucher cannot burn) AND m_flNextTouchBurnTime +0x666c is STRICTLY behind curtime (FLD curtime / FCOMP / AND EAX,0x4100 / JNZ), restamp +0x666c = curtime + _DAT_1044ffd0 and call BurnPlayer(player, 5.0). RDATA: _DAT_1044ffd0 is a DOUBLE (1037c022 FADD double ptr) and reads 5.0 at file offset 0x44ffd0. The 5.0 is against the 10.0 (0x41200000) this class's own OnVictimHitByMe 0x1037be80 passes to the same BurnPlayer 0x1037c090, which family SpeciesMisc10 ported and which is called here rather than restated. DIVERGENCE, named: retail dereferences a null toucher at 1037bfe7 and faults; the port refuses the arm, and no world path can produce a null toucher.
10395d00	rule	10-18	FElysiumNpc::GetShootEnemyDir	Ming Xiao's species arm of slot 574: identical to the base 0x10278900 except that the aim point returned by 0x10278650 has its Z raised by _DAT_1044eb0c before the caller's shoot position is subtracted; the delta is normalised in place through 0x1057966c and the UNIT direction stored out, which the decompiled C hides for the same stack-shift reason as the base body; this is a species branch on the port's one slot-574 body, not a second function
103a6e80	rule	10-18	registry:127	CONFIRMED against the listing 103a6e80. Species Restore for CNPC_VSabbatLeader: it returns CNPC_VVampireBoss::Restore's value, then writes m_pMonsterModelName +0x6680 = models/character/monster/Andrei/andrei.mdl (0x1064ead0), m_pszMonsterClassname +0x6694 = npc_VSabbatLeader (0x1064ccb4), and SetBodyEmitterName(0, Andrei_powerup_emitter) and (1, the same string at 0x1064e894). All four values RECOVERED verbatim out of the pinned image. Registry row: class CNPC_VSabbatLeader, slot 127, four values; the port carries none of these words.
103ae7f0	rule	10-18	registry:127	CONFIRMED against the listing 103ae7f0. Species Restore for CNPC_VSheriffMan: CNPC_VVampireBoss::Restore, then m_pMonsterModelName +0x6680 = models/character/monster/manbat/manbat.mdl (0x10651230), m_pszMonsterClassname +0x6694 = npc_VSheriffMan (0x106508dc), m_fJumpGravity +0x64b8 = _DAT_104c6148 - a FLOAT, since 103ae811 is FLD dword, VALUE RECOVERED at 0x4c6148 as 2.0 - and finally the GLOBAL DAT_109340d8 = 0x15, which is not species data. That global is written by four NPCInit bodies too (Gargoyle, Hengeyokai, ManBat, SheriffMan) and read by seven functions outside the kernel; it is the one part a data table alone cannot carry and is still unported. Registry row: class CNPC_VSheriffMan, slot 127, three values plus that global.
103c6a00	rule	10-18	FElysiumNpc::RecordHealthPercent	one write: m_HealthPercentRecord +0x6698 = CNPC_VVampireBoss::GetCurrHealthPercent(this), the boss line's snapshot taken before a phase and read back by 0x103c6a20; five direct callers across the boss species. The port had no +0x6698 word; it now has one.
103c6a20	rule	10-18	FElysiumNpc::HealthPercentLostSinceRecord	returns CNPC_VVampireBoss::GetCurrHealthPercent(this) minus the snapshot m_HealthPercentRecord +0x6698, in that order and as a float10. SENSE CORRECTED: GetCurrHealthPercent 0x103c6830 is stat 0x0f (wounds) divided by stat 0x11 (cap), so it RISES with damage and this answers POSITIVE for a body that has LOST health - the earlier walk says negative. Every threshold that reads it (0.1 ChangBros, 0.0666667 SabbatLeader) is therefore a fraction of the bar lost since the mark.
103d5590	mechanism	10-18	DrawDebugHelpers	pure overlay and nothing else: the hint's slot-217 origin and slot-219 angles, the hint groundpoint, the hint's targetname resolved through 0x100f7770 with an RTDynamicCast that picks up a second chained hint at +0x468, the hint endpoint, the mins and maxs for m_eHull +0x1568 from 0x102d6100 and 0x102d6120 lifted by _DAT_10451ad0, and a curtime-derived lerp parameter fed through fsin and fcos; five separate cvar gates each draw a box, a text line or one of two 16-unit markers interpolated along the hint-to-target and target-to-forward segments; no member is written and nothing outside the debug renderer is touched
103d68d0	rule	10-18	FElysiumNpc::GetHintTargetGroundpoint	a linear scan of m_HintData +0x6714 over the count at +0x6720 at stride 0x48, comparing the entity pointer at element+0x04 against the requested hint and returning the Vector at element+0x14; on a miss it DevWarnings Werewolf did not find the hint and falls back to GetGroundpoint of GetHintEndpoint, so the miss still answers a point; the port carries the sibling GetHintGroundpoint 0x103d6770 at ElysiumNpcKernelHints.cpp:683 but not this target variant, and six direct callers need it
103d7210	rule	10-18	FElysiumNpc::GetForwardYawForHint	seeds the working direction with vec3_invalid DAT_10713de0 through DAT_10713de8, takes GetHintEndEntity and GetForwardHintForHint, forms the end origin minus the forward origin from slot 217 on each, normalises it and converts it to a yaw through 0x101d2c70; then switches on the hint type at +0x5dc - 0x3a9a and 0x3a9d add _DAT_10455050, 0x3a9b and 0x3a9e subtract it, 0x3aa3 and 0x3aa5 discard the computed yaw and take the hint's own slot-219 yaw instead - and finally compares the result against _DAT_10450568; the decompiler loses the float10 return storage so both tails read alike, and the listing must be checked for what that compare selects before porting; only the vec3_invalid sentinel is cited in the port (ElysiumNpcKernelMotor2.cpp:571)
103d7dc0	rule	10-18	FElysiumNpc::IsValidRandomMoveHint	false unless all four of: the hint is non-null, 0x102d14c0 says it is not taken (its +0x5e8 disable flag clear, curtime past its lock time +0x5ec and its owner handle +0x5e0 dead), slot 566 FValidateHintType passes, and the type +0x5dc is not 0x3aa9; then by type - 0x3aa8 is true only when slot 617 EnemyCouldSeeHull at the hint endpoint answers FALSE; 0x3a9a, 0x3a9b and 0x3a99 are true when curtime minus m_flLastSeenByPlayerTime +0x66ec is at or below 0 or below _DAT_10452dc4, and otherwise only when the cached nearest node from 0x103d0ad0 has +0x94 equal to m_iRandomMoveHintNodeZone +0x670c; 0x3aa7, 0x3aa5, 15000 and 0x3aa3 are always false; every other type is true only when the per-NPC hint cooldown list 0x10366400 (handle and time pairs at +0x665c, count +0x6668) holds no live entry, a call that also evicts the expired row by swapping in the last
103d8060	rule	10-18	FElysiumNpc::IsValidMoveHint	false on a null hint, on 0x102d14c0 reporting the hint taken, on slot 566 FValidateHintType failing, and on types 0x3aa3 and 0x3aa9; type 0x3aa8 needs HasCondition(0x77) set AND slot 617 EnemyCouldSeeHull at the hint endpoint to answer false; type 0x3aa5 needs m_DoorState +0x6680 to be exactly 2; every other type needs the hint's end entity from GetHintEndEntity to have a clear byte at +0xf4 and the cooldown list 0x10366400 to answer false; only those three paths reach the true tail, and note the type set differs from the random-move twin 0x103d7dc0 in both membership and sense
10098eb0	mechanism	10-18	FElysiumNpc::GetSkeleton	the skeleton build: the engine studiohdr through DAT_1070b22c+0x48, CalcPose for the base m_nSequence at m_flCycle with the pose-parameter array, then exactly FOUR overlay layers walked at stride 0x30 from +0x18 of the overlay block, each layer whose weight exceeds _DAT_104454c4 getting its own CalcPose followed by SlerpBones at that weight, and finally the bone-adjust pass 0x100c32e0 and the encoded-controller pass 0x100c2ce0; Unreal's UAnimInstance owns every step, only the base-then-four-layers order is retail's and it matches the engine's own layered blend
100e7da0	rule	10-18	FElysiumDlgConversation::EnterNpcLine	The band arithmetic is now ported and tested as ElysiumDlgRetail::FillPacketBand (Public/ElysiumDlg.h, Private/Scripting/ElysiumDlg.cpp): the COMPACTING index (the loop counter minus the number already dropped), -1 raising +0x30e9 AND dropping, anything below 1 dropping, the stored count reduced by the dropped rows, and the I-do-not-have-a-valid-reply substitution (0x1056368c) at flags 0 / value -1 with the count forced to 1. The port's divergence is CLOSED: ElysiumDlg.cpp gated that fallback on CandidateRows > 0, and 100e7e9a tests exactly two things - the flag is clear and the count is zero - so an NPC line with no authored PC rows at all reaches it too, because get_pc_responses answers 0 and the drop loop never runs. The gate is removed and CandidateRows with it.
1026b4f0	rule	10-18	hand:FElysiumNpc::AimGun	slot 538; the whole body is gated on slot 167 GetEnemy being non-null and does nothing without an enemy; then slot 217 GetAbsOrigin feeds slot 389 Weapon_ShootPosition, the Vector that returns is handed to slot 574 GetShootEnemyDir with both trailing arguments 0, and the direction that comes back goes straight to slot 539 SetAim; no member is written here, the writes all happen inside those slots.
1026d460	present	10-18	ElysiumNpc.cpp:FElysiumNpc::NpcStep	RE-CONFIRMED against the decompiled C: the three local-player mute predicates (0x1017d630 scripted camera, 0x1017d680 camera track, 0x1017cf90 open conversation) checked first; the walk/run volume and distance pair taken from the template at +0x24/+0x28 or +0x2c/+0x30 when the debug cvar DAT_109203fc is live and from the four cvars otherwise; the DAT_10723944 surface-table and m_pSurfaceData +0x5b90 pair that silences a body standing on nothing; the distance-to-soundlevel map 0x10228350; the PAS attenuation _DAT_10449148 below 0x33 and 0x14/(d-0x32) at or above, which single-player never consumes; RandomInt(0,1) over the surface's +0x2c/+0x2e step pair; and EmitSound on channel 4 at pitch 100 with no CSoundEnt::InsertSound anywhere. ElysiumNpc.cpp carries every one of those arms against ElysiumFootsteps.h, correctly excludes the PAS cull and routes the species overrides through EElysiumFootstepPolicy. present HOLDS.
10273070	rule	10-18	FElysiumNpc::SetHullSizeNormal	PORTED 29d Motor10 (listing). The hull self-check runs UNCONDITIONALLY and before the gate: NAI_Hull::Bits(m_eHull) 0x102d6210 is called TWICE (1027307b and 10273090) so the test is (bits & NAI_Hull::GetUsedHullBits() 0x102f9950) != bits, i.e. this hull was never precached, and the six-line ERROR block names the entity through GetDebugName and the hull through NAI_Hull::Name 0x102d6230. Then, when m_fIsUsingSmallHull +0x5f2d is SET or the force byte is non-zero: UTIL_SetSize(this, mins 0x102d6100, maxs 0x102d6120) - the listing EVALUATES maxs first and mins second and then pushes mins before maxs - then m_fIsUsingSmallHull = 0 (the MOV at 1027312a sits BEFORE the physics JZ, so the clear happens on both arms) and SetupVPhysicsHull 0x10272f40 only when +0x36c is live. RET 0x4 with no value: the body is void. Port seams: RetailHullExtents (family Motor) answers the zero box, RetailHullBits answers 0, RetailUsedHullBits answers 0.
10273180	rule	10-18	FElysiumNpc::SetHullSizeSmall	PORTED 29d Motor10. The small-hull twin, gate INVERTED (m_fIsUsingSmallHull CLEAR or force), no self-check, SetSize to 0x102d6140 / 0x102d6160, +0x5f2d = 1, SetupVPhysicsHull when +0x36c is live, and it returns 1 UNCONDITIONALLY including on the refused path. Confirmed against the listing; the checklist walk was already correct.
10273720	rule	10-18	hand:FElysiumNpc::CreateVPhysics	slot 223: both slot 158 IsAlive (m_lifeState == 0) and a null physics object at +0x36c are required before 0x10272f40 builds the shadow, and that callee itself refuses when slot 94 GetMoveType answers 7, destroys any existing object first, calls VPhysicsInitShadow(true, false, null), sets the shadow mass from the model's own mass keyvalue or, when that is at or below _DAT_104454c4 (0.0), 90 for a male body and 65 for a female one, and sets its damping from the summed hull extents times _DAT_10449270 (0.5) squared; the slot returns true unconditionally, including when nothing was created.
1027bb50	rule	10-18	FElysiumNpc::BasePrecache	CAI_BaseNPC#104 base body, a distinct retail function beside the Troika override 0x10298ad0 that owns slot 104 (which chains here after its own model and dialogue precaches), so it is ported under its own name. Three steps: m_spawnEquipment +0x5dec is precached through UTIL_PrecacheOther 0x101d0ec0 only when the pointer is non-null AND its first two bytes differ from the 2-byte literal at DAT_105399a0, a null pointer reading as the empty string DAT_106b8540; then slot 452 LoadedSchedules (vt+0x710) decides the rest - false prints DevMsg "ERROR: Rejecting spawn of %s as error in NPCs schedules" with CBaseEntity::GetDebugName, removes the entity through 0x101cd940 and RETURNS WITHOUT chaining the base at all; true falls through to CBaseCombatCharacter::Precache. The port has no carrier for either arm: ElysiumNpcKernelSchedule.cpp:296-303 answers LoadedSchedules true unconditionally by design so the reject arm is unreachable there, and slot 104 is still the generated stub at ElysiumNpcKernelSlots.cpp:692.
1028ef20	rule	10-18	hand:FElysiumNpc::CanWitnessSupernatural	slot 587, five refusals in this order, each answering false alone: IsKindred, m_iDialog non-zero, m_iIsOblivious greater than 0, m_bfNPCFrenziedFlags bit 0x10 (the does-not-witness bit, now named FElysiumNpcFlags::FrenziedDoesNotWitness), and IsBusyWithDiscipline; past all five it answers true when m_iPLSupernaturalFleeLevel is below 3 and otherwise returns whether m_iPLSupernaturalAttackLevel is below 3, so a body authored with flee 3 or more and attack 3 or more can never witness. The int argument is dead in every arm. Both thresholds are the RAW authored keyfields at +0x6354 and +0x6358, not the resolved-disable form.
102b3e00	rule	10-18	hand:FElysiumNpc::OnSeeEntity	slot 472, 485 bytes, Troika OnSeeEntity. Outer gate in retail order: m_bfAINPCFlags2 +0x14bc bit 0x4000000 CLEAR, the far byte +0x6081 set, and 0x102b3270(entity, false) true. Inside it, only when the entity's player pointer +0xa8 is non-null and 0x101671a0 admits it: read the ConVar object DAT_10924a6c slot 1, call 0x10269a20(this, 1), and if m_hBestSeeUnknown +0x609c already resolves to this entity RETURN with nothing written; else m_hBestSeeUnknown = the entity's handle and m_iEnemySightings +0x60a8 += 1; then if m_hLastSeeUnknown +0x60a0 resolves to the same entity, m_iSeeUnknownRepeatSightings += 1, m_bfAINPCFlags +0x14b8 &= 0xfebfffff (IGNORE_UNKNOWN 0x400000 and MADE_INITIAL_RESPONSE 0x1000000) and RETURN; otherwise m_OnUnknownVisionPlayer +0x5fa4 fires FIRST with the entity as activator, and ONLY THEN m_hLastSeeUnknown = m_hBestSeeUnknown, m_vecLastSeeUnknownPos +0x6088 = the resolved entity's slot-217 GetAbsOrigin, m_iSeeUnknownRepeatSightings = 0, m_flSeeUnknownRunTimer = curtime + RandomFloat(10.0, 20.0) and m_flSeeUnknownStartTimer = curtime + RandomFloat(5.0, 10.0). The refused path ORs 0x800000 into m_bfAINPCFlags, then releases m_hBestSeeUnknown only when it resolves to this entity; every fall-through tail clears m_bfAINPCFlags &= 0xfe9fffff (the two above plus LOOKED_AT_UNKNOWN 0x200000). The port carried every arm but fired OnUnknownVisionPlayer at the END of the new-unknown arm where retail fires it before all five writes: an observable order difference, now restored, with the body run from the slot.
102b5d90	present	10-18	ElysiumNpc.cpp:FElysiumNpc::LeaveGrappleState	slot 380, read from the listing (the jump-table warning is a tail JMP, not a table): CALL 0x10005641 into CAI_BaseNPC::LeaveGrappleState 0x1026ce30, then JMP [vtable + 0x998] = slot 614 = 0x102c23f0, which stamps gpGlobals curtime into m_flNextThink +0x17c and the four think stamps +0x6244/+0x6248/+0x624c/+0x6250. present HOLDS for the slot body itself - it is exactly those two statements and the port has both - but the BASE half it calls was only partly ported, which is 0x1026ce30's row; ElysiumNpc.cpp:790 now calls BaseLeaveGrappleState and then ResetThinkTimers and cites both addresses.
102c54c0	rule	10-18	FElysiumNpc::ResetFakeReloadCount	No slot; two direct callers, both AsianVampire reload arms. Resolves the owner char template (0x10207c40 = GetCharTemplate then 0x101d5e80 on the template manager DAT_10738d10), calls the engine random vtable +8 RandomInt with the template ints at +0x34 and +0x38, and stores the draw into m_iFakeReloadCount +0x65f0. The port binds the word; the two template columns have no counterpart in FElysiumClanTemplate and are a seam answering zero, and the roll still happens because retail's body has no arm that skips its only write.
103482e0	present	10-18	ElysiumReactions.cpp:ElysiumReactions::IsKnockbackAllowed	CAI_BaseNPC#326 base body, a distinct retail function beside the Troika override 0x1029fec0 that owns slot 326; its recovered name is the knockback eligibility predicate (docs/vtmb/combat-and-damage.md, "Who may be knocked back"), dispatched at vt+0x518 from the melee commit 0x102579f0 to decide whether the victim plays a knockback reaction (vt+0x500) instead of the plain one (vt+0x504). Three arms in order: the NPC template record fetched by 0x101d5f10 over the table at DAT_10738d10 (indexed by CBaseCombatCharacter::GetCharTemplate, falling back to the lazily built DAT_10738e50) answers false at once when its byte +0x9e Disallow_Knockbacks is set; then it picks the CVStatList_t on this victim whose category tag +0x10 is 0, falling back to a lazily constructed global CVStatList_t(-1) at DAT_109f0b40 behind an atexit guard, and CVStatList_t::IsEqual(0x0f, 0x11) - Health == Max_Health read over damage-taken, i.e. dead - answers false; otherwise the answer is slot 158 (vt+0x278), which on CAI_BaseNPC is 0x100b4dc0, m_lifeState == 0. The port runs all three arms: ElysiumReactions::IsKnockbackAllowed (ElysiumReactions.cpp:127-142) ANDs Victim.DisallowsKnockbacks() (the authored +0x9e key) with the alive term IsAliveForCombat (ElysiumWeaponClasses.cpp:127), which is !IsInert() && !HasReportedDeath() and covers both the Health == Max_Health refusal and the lifeState test; no arm has a side effect, so retail's term order is unobservable and the reordering is not a divergence. The class bypass and hit-buildup terms that function also carries belong to 0x10344f80 and to the Troika twin 0x1029fec0, not to this body.
1036cab0	rule	10-18	FElysiumNpc::CheckForTeleport	CNPC_VChangBros, three arms in retail's order: m_ChangType +0x66b8 equal to 1 answers false outright; else the health delta 0x103c6a20 at or above _DAT_104ad9f8 answers true; else, only for type 0 and only with a live GetOtherBrother, curtime minus m_fFacingTime +0x66d0 strictly greater than GetFacingTimeToTeleport() answers true. VALUE RECOVERED at 0x4ad9f8: 0.1. SENSE CORRECTED: 0x103c6a20 is GetCurrHealthPercent minus the mark and GetCurrHealthPercent is wounds over cap, so it RISES with damage - the threshold is a tenth of the bar LOST since the mark, not gained.
103a9d90	rule	10-18	FElysiumNpc::CheckForJumpCondition	CNPC_VSabbatLeader, three arms in retail order: 0x103c67f0(this, DAT_104c3cc8) answers true when curtime minus m_flLastAttackTime +0x5d9c is STRICTLY greater than the constant; else the health delta 0x103c6a20 at or above _DAT_104c3cc4 answers true; else the answer is PlayerDamagedEnoughThisRound. VALUES RECOVERED at 0x4c3cc8 and 0x4c3cc4: 8.0 and 0.0666667. The threshold is handed to 0x103c67f0 as an ARGUMENT, not compared inline. SENSE CORRECTED as for 0x1036cab0: the delta is positive for health LOST.
103acac0	rule	10-18	FElysiumNpc::ScurryingShouldDetect	CNPC_VScurrying detection test: a null target answers false; the distance between the two GetAbsOrigin results (slot 0x364, sqrt of the summed squares) must be strictly below m_flDetectionDistance +0x6690; then m_fIgnoreNosferatu +0x6694 rejects a target whose char template is Player_Nosferatu (0x103ad0f0); then m_fMustDetect +0x6695 rejects unless 0x103ad0a0 holds, which is true for any target that is not a player and for a player only while COND 0x5a SEE_PLAYER or COND 0x6f stands; passing all of them answers true. Not in the port; +0x6690, +0x6694 and +0x6695 are shape rows only.
103c63c0	rule	10-18	FElysiumNpc::WaitForTransformation	CNPC_VVampireBoss task body, one gate then three writes: nothing until curtime passes m_flProteanTransformStartTime +0x66b0 plus _DAT_104ce8bc, strictly; then it selects the type-0 Attributes CVStatList_t from +0x13bc/+0x13c0 with the lazily built global fallback and calls CVStatList_t::Set(stat 0x0f, 0) - a FULL HEAL, because 0x0f is the wound counter and not current health; resolves m_hTransformPartner, RTDynamicCasts it and fires the partner's +0x6664 output with this as both activator and caller; then TaskComplete(0), which is 0x10273e80 and returns untouched while COND 0x5c TASK_FAILED stands. VALUE RECOVERED at 0x4ce8bc: 2.0.
103d5130	rule	10-18	FElysiumNpc::DrawDebugStatOverlays	CNPC_VWerewolf slot 76, added as the FOURTH body of the port's slot-76 dispatcher. In retail order: Not Seen Time with max(curtime - +0x66ec, 0.0) - the clamp against _DAT_104454c4 at 103d51aa is folded away by the decompiler and is RECOVERED here - then Player Distance reading +0x6264 m_flPlayerDist, the CACHED distance and not a computed range; then the tail into CNPC_VMingXiao 0x10366290; then the zone word +0x66e8 bit by bit 0x1, 0x2, 0x40, 0x80, 0x4, 0x800, 0x1000, 0x100; then conditions 0x77, 0x78, 0x79, 0x7b, 0x7a in that order; then m_DoorState +0x6680 printed closed/closing/open/opening with NO default arm at all; then DrawDebugHintInfo on a cvar-selected PLAYER hint (UTIL_PlayerByIndex(1) through 0x10172710 and an RTTI cast) and then on the NPC's own m_pMoveHint +0x66bc first, else m_pTeleportHint +0x66b0, else m_pLastUsedTeleportHint or m_pLastUsedMoveHint by two more cvars; then the last five entries of the schedule stack +0x668c with count +0x6698, printing INVALID SCHEDULE for a null row.
103d7710	rule	10-18	FElysiumNpc::InitializeHintData	Runs only while the werewolf hint count +0x6720 is zero. It walks the global hint entity chain from DAT_10925450 through the +0x18 next link, growing the +0x6714 array one 0x48-byte CHintData_WW per entity, and per entity: CHintData_WW::Init, store the entity at +4, FindHintEndEntity into the handle at +0 (0xffffffff when absent), GetForwardYawForHint written back through the entity angles slot 0x104, GetGroundpoint of GetAbsOrigin raised by _DAT_104492a4 into +8, GetGroundpoint of GetHintEndpoint raised the same into +0x14, each validated against the 0x7f800000 exponent mask and on failure DevMsg has invalid ground point or invalid target ground point and fall back to the raw origin or raw endpoint; then it counts entities named by the hint target string through 0x100f7770 and DevWarnings unless the count is exactly 1; finally DevMsg the hint total. Unported.
100e4780	present	10-18	ElysiumEntityWorldDialogue.cpp:FElysiumEntityWorld::UpdateDialogueAutomatic	CDialog::NPCNotifyDoneTalking: CallPendingNPCEventScript runs FIRST and unconditionally, outside the session test; then only if the session pointer +0x8 is live does the flag word +0x2810 pick the continuation - bit 0x20 takes Pick(0) and returns, else bit 0x10 takes Release, else nothing. The port matches arm for arm: UpdateDialogueAutomatic (ElysiumEntityWorldDialogue.cpp:202) calls FlushDialogueVoiceCompletion (line 143, the CallPendingNPCEventScript equivalent, gated only on the done-talking edge) as its FIRST statement, ahead of the session, turn-identity and voice gates, then takes ResolveAutomatic for the Pick(0) arm and EndDialogSession for the Release arm, with PlayerDialogSkip:161 the same edge for the skip key. The pack-04 row's stated divergence is WRONG - the port does not defer the flush into ResolveAutomatic; the second FlushPendingNpcAction there is idempotent because ElysiumDlg.cpp:1127 empties the buffer before the call. No divergence remains.
100e4bd0	present	10-18	ElysiumDlg.cpp:FElysiumDlgConversation::Choose	Guarded on the live session +0x8. Index -2 hurries the owner through 0x102c0bb0 and returns; index -1 Releases and returns; otherwise the owner must not be mid-line (0x102c0aa0) and index+1 must not exceed m_iNumChoices +0x2834, then in order: 0x100e49b0 flushes the parked NPC script, goto_line_for_response writes the next line to +0x2830, a DevMsg, the index goes out as user message 5 on a reliable single-user filter, pc_charge_dependency on the row at +0x2848 plus index times 0x228, CallEventScript on +0x2964 plus index times 0x228, then fill_packet and message_send only when +0x2830 is non-zero, and Release when +0x2830 is zero or +0x30e9 is set. The port keeps that order (flush, charge, row script, link) in Choose and ResolveAutomatic; the -2 and -1 arms live in PlayerDialogSkip and EndDialogSession.
1026a2c0	rule	10-18	FElysiumNpc::BaseOnLooked	CAI_BaseNPC#469 base body, a distinct retail function beside the Troika override 0x102b39a0 that owns slot 469, so it is ported under its own name. In retail order: ClearCondition over the 6-entry table at 0x105c979c; resolve the entity to skip from the senses object at +0x98 - slot 0x928 normally, or when m_bfAINPCFlags2 bit 0x400000 is set the handle at +0x608c - and skip that entity outright before any arm; then per entity off the senses iterator 0x1030fc90/0x1030fd20: IRelationType slot 0x650; a player (+0xa8 non-null) raises COND 0x5a SEE_PLAYER and, when m_bIsBCCTargetable is set, stamps the player per-relation assessment through 0x1017ff40; then ONLY for relation != 4 (D_NU) the committed enemy (slot 0x29c) raises COND 0x46 SEE_ENEMY and the switch runs - D_HT (1) under D_CALM (flags2 0x10000) falls into the D_FR arm and is rejected there, otherwise IRelationPriority slot 0x654 splits it into 0x45 SEE_DISLIKE below 0, 0x43 SEE_HATE at 0 to 10 and 0x5b SEE_NEMESIS above 10, writing m_hLastSeenDislikeEnt, m_hLastSeenHateEnt or m_hLastSeenNemesisEnt and then calling slot 0x880 UpdateEnemyMemory with the target origin from slot 0x364; D_FR (2) writes m_hLastSeenFearEnt and raises 0x44 with the same 0x880 call; D_LI (3) and D_NU (4) raise nothing; D_ER (0) prints DevWarning level 2 "%s can't assess %s". ElysiumNpcCond::GatherSight (ElysiumNpcConditions.cpp:316-432) already carries the skip, SEE_PLAYER, the 0x1017ff40 stamp, the D_CALM divert, the three priority thresholds and the memory write in that order - MISSING is the relation != 4 gate and the skip-entity exclusion around SEE_ENEMY, which the port instead raises unconditionally in GatherCommittedEnemy (line 923) from Sighted().Contains(Enemy), plus the D_ER DevWarning; that partial carry is why this is rule and not present.
1026ab50	rule	10-18	FElysiumNpc::HeadProbe	RunAI 0x1026f110 calls this between GatherConditions and PrescheduleThink (lifecycle.md:376). It runs only when the shrunk-hull byte +0x5f2d is set and +0x5f2c is set: it takes the navigator hull maxs (0x102d6120) and mins (0x102d6100) off m_pNavigator +0x1568, centres a box on GetAbsOrigin raised by _DAT_104454c0, halves the extents by _DAT_104454d0 and scales them by _DAT_104492dc, sets the two box flag bytes from the zero-delta test against _DAT_104454c4 and the _DAT_104492e0 extent tests, traces mask 0x200400b with the self filter 0x101d3190 and optionally draws it under a cvar, and on a clean trace (start-solid byte clear and fraction equal to _DAT_10449280 which is 1.0) calls 0x10273070, which restores the normal hull from the navigator, clears +0x5f2d and re-runs 0x10272f40 when +0x36c is set. Unported; no port field stands for +0x5f2d.
1026fcf0	rule	10-18	hand:FElysiumNpc::InnateWeaponLOSCondition	slot 573: the start point is param_1 plus m_vecViewOffset +0x0184, the ray runs from there to param_2 (0x1004f7a0 builds it), the trace uses mask 0x46004003 with the self filter 0x101d3190 and is optionally drawn under a cvar. Arms in order: fraction equal to _DAT_10449280 (a DOUBLE 1.0) answers true; the hit entity equal to GetEnemy slot 0x29c answers true; a hit entity that is null or whose +0x9c COMBAT CHARACTER is null raises COND 0x66 through 0x10269a20 and records the blocker into m_hEnemyOccluder +0x5d90 via 0x10270aa0, and answers false; otherwise IRelationType slot 0x650 equal to 1 (D_HT) answers true (the MOV AL,AL at 1026fe19 returns the relation's own low byte), and anything else raises COND 0x63 and answers false. CORRECTION to the earlier walk: it named +0x9c "the +0x27 word" and reported both condition raises as gated on trace bool bytes; the listing reads [ESP+0xb8] at 1026fe25 and 1026fe51, which with SUB ESP,0xa4 and two pushes is the THIRD ARGUMENT bSetConditions. There is no trace byte in either arm.
102743c0	rule	10-18	hand:FElysiumNpc::BestEnemy	slot 478: it walks the CAI_Memory list (slot 0x874, head +0xc, next +0x38, handle +0x24) rejecting in order FL_NOTARGET (GetFlags bit 0x8000, read as the sign of flags>>8), an entity whose NPC pointer +0x9c is live but whose m_bIsBCCTargetable +0x1480 is clear, self, not IsAlive slot 0x278, a relation slot 0x650 that is neither 1 D_HT nor 2 D_FR, and a HasEludedMe record 0x102e0210; arbitration seeds bestUnreachable true, bestPriority -1000 and bestDistance 0x10000000, and slot 0x848 is IsUnreachable (slot 530), so a reachable candidate against an unreachable incumbent wins OUTRIGHT with no priority and no distance compare, an unreachable candidate against a reachable incumbent is dropped, and the two matching cases fall to IRelationPriority slot 0x654 strictly greater and then, at equal priority, to the distance between the two slot-0x364 origins with a visibility bool taken from the senses seen set 0x1030fb10 or an FVisible slot-0x324 trace mask 0x2804091, the higher-priority replacement deliberately leaving the incumbent visibility byte in place. CORRECTIONS: the distance key is __ftol of the SUM OF SQUARES - 0x10431320 is plain __ftol, 39 bytes with no callees, and there is NO root; and the decompiled C loses the bestPriority write on the higher-priority arm, which the listing carries at 10274517. Slot 479 IsValidEnemy (vtable +0x77c) gates the outright reachability win, the higher-priority replacement AND the equal-priority replacement, and a candidate that fails it is dropped rather than demoted. ElysiumNpcEnemy.cpp carried the walk, the reachability split, the priority split, the distance and visibility tie-break and the stale-visibility quirk, but had NO FL_NOTARGET gate, NO m_bIsBCCTargetable read and NO IsValidEnemy gate, so the port could commit an enemy retail refuses; it now dispatches this slot.
102767d0	rule	10-18	FElysiumNpc::BaseDrawDebugTextOverlays	CAI_BaseNPC#124 base body, a distinct retail function beside the Troika override 0x1029d4e0 that owns slot 124 (which calls this first for its starting line index), so it is ported under its own name. Starts from the index CBaseCombatCharacter::DrawDebugTextOverlays returned. Under m_debugOverlays bit 0x80000 it emits three lines and adds 4: "Squad: %c %s" whose letter is O or X chosen by m_iSquadDisconnected < 1 with the squad name off +0x5da4 or the literal none; "Enemy: " completed from slot 0x29c GetEnemy using its +0x26c when non-null else +0x11c, left blank when there is no enemy; and a slot 0x888 line. Under bit 0x1 it emits, in order: one line per CAI_Memory record, walking the list head at slot 0x874 +0xc then +0x38 and resolving each record's handle at +0x24 through the entity table, printed with CBaseEntity::GetDebugName; the active-weapon line built from the two ammo indices at weapon +0x748 and +0x744, each -1 when negative else mapped through 0x103346c0, plus slot 0x570, or a bare line when GetActiveWeapon is null; a slot 0x658 line; a slot 0x65c line taken after 0x1027d990; then when +0x5c38 is non-null a "Schd: %s" line and either "Task: None" or "Task: %s (#%d)" from 0x1028a150 through slot 0x704, or under bit 0x100000 one line per task in the program (array at schedule+0x20, count at schedule+0x24); then the activity line - "Actv: INVALID" when m_Activity or m_IdealActivity is -1, "Actv: RESET" when m_Activity is 0, else "Actv: %s / %s" resolved through slots 0x5dc, 0x5f4 and 0x5e0 then SelectWeightedSequence and GetSequenceActivityName for current and ideal; two further conditional lines gated on two non-zero ints just past the decompiler's CAI_BaseNPC view; an "Enemy too far to attack" line while COND 0x55 stands; and finally the "Vel: %.1f %.1f %.1f Ang: %.1f %.1f %.1f" line, which calls CBaseEntity::CalcAbsoluteVelocity whenever m_iEFlags bit 0xc is set and prints only when +0x3bc/+0x3c0/+0x3c4 or m_vecAngVelocity differ from the static globals at DAT_1070d1b0 and DAT_1070d9d0. The return value is the running line index. No port carrier: slot 124 is the generated stub at ElysiumNpcKernelSlots.cpp:819 and ElysiumNpcKernelDebug2.cpp carries the CBaseEntity, ScriptedTarget and Hint siblings, not this body.
10293ec0	rule	10-18	hand:FElysiumNpc::DeathSound	Slot 488, 138 bytes and the plain shape: a once-flag byte DAT_10923f0d guards the __strcmpi walk of the global VSound concept list DAT_1073dc40 with count DAT_1073dc3c for the concept "Death" (105d8c30), caching the matching entry's first word in DAT_10924d64 or 0xffffffff when absent, then calls the VSound play entry 0x101f5950 on the table object DAT_1073dc28 with that id. CORRECTION: the trailing three arguments are not a priority and a window - 0x101f5950 hands them straight to EmitSound as channel 2 (CHAN_VOICE), volume 1.0 and attenuation 1.25 (0x3fa00000), after picking a wav through 0x101f4600. Ported behind the two VSound seams; the concept list is empty here so the id is retail's own miss and the play entry takes retail's own table-out-of-bounds arm.
10293f80	rule	10-18	hand:FElysiumNpc::AlertSound	Slot 489, the plain shape over the concept "Target_Suspect" (105d8c38, UNDERSCORED - read out of the pinned image) through DAT_10924330 and DAT_109241f0, then the play entry with channel 2, volume 1.0 and attenuation 1.25.
10294280	rule	10-18	hand:FElysiumNpc::IdleSound	Slot 490, the plain shape over the concept "Idle_Calm" (105d8c60) through DAT_109240c0 and DAT_10924504, channel 2, volume 1.0, attenuation 1.25. Note what is absent: the Troika body carries NO FOkToMakeSound gate - the rate limit is slot 509's roll and the two species overrides that gate carry it themselves.
10294340	rule	10-18	hand:FElysiumNpc::PainSound	Slot 491, the plain shape over the concept at 105d8c6c, RECOVERED from the pinned image as "Pain", through DAT_1092482c and DAT_1092442c. Species arm CNPC_VWerewolf::vfunc491 0x103d87a0 matches the same string through its own guard DAT_1093d634 and cache DAT_1093d6ec, inside a scope-trace frame whose string is the copy-pasted CNPC_VWerewolf::ExertHvySound (a retail mislabel), and passes attenuation 0 where the base passes 1.25; it does not chain. Ported as an IsRetailClass arm inside the one port method.
10294400	rule	10-18	hand:FElysiumNpc::FearSound	Slot 492, the plain shape over the concept "Fear_Start" (105d8c74) through DAT_10924934 and DAT_10924e88, channel 2, volume 1.0, attenuation 1.25.
102944c0	rule	10-18	hand:FElysiumNpc::LostEnemySound	Slot 493, the one hook with a roll in front: RandomInt(0,99) through the engine random vtable +8 must be below 0x19 (25 in 100) or the body returns silently, and the draw happens on EVERY call so the stream advances either way. Past it, the plain shape over the concept "Target_Lost" (105d8c84) through DAT_10923dd4 and DAT_109249c8, channel 2, volume 1.0, attenuation 1.25.
10294590	rule	10-18	hand:FElysiumNpc::FoundEnemySound	Slot 494: CBaseCombatCharacter::IsBusyWithDiscipline must be false or the body returns silently; then the plain shape over the concept "Target_Reacquired" (105d8c94) through DAT_109240c8 and DAT_10924a14. Slot 506 speaks the same concept through a different cache, which with a pure lookup is the same answer.
10294660	rule	10-18	hand:FElysiumNpc::SurprisedSound	Slot 495, the plain shape over the concept "Surprised" (105d8cac) through DAT_10923f0c and DAT_10924f64, channel 2, volume 1.0, attenuation 1.25.
10294720	rule	10-18	hand:FElysiumNpc::TargetAcquiredSound	Slot 496, the plain shape over the concept "Target_Acquired" (105d8cb8) through DAT_10923dde and DAT_1092423c. Callers are 0d/0v/0c but it fills slot 496 on 57 census classes, so it is reached through the vtable and is not dead.
10294870	rule	10-18	hand:FElysiumNpc::FleeSound	Slot 498, the plain shape over the concept at 105d8cd0, RECOVERED from the pinned image as "Flee" - it sits one cell past the three-byte placeholder "???" at 105d8ccc - through DAT_10923dd5 and DAT_10924e84.
10294930	rule	10-18	hand:FElysiumNpc::IdleAgitatedSound	Slot 499, the plain shape over the concept "Idle_Agitated" (105d8cd8) through DAT_10923ddd and DAT_10923e30, channel 2, volume 1.0, attenuation 1.25.
102949f0	rule	10-18	hand:FElysiumNpc::ExertHvySound	Slot 500, the plain shape over the concept "Exert_Heavy" (1057a1a0, which is NOT in the 105d8c30 block with the other sixteen) through DAT_109241ec and DAT_109240bc. Species arm CNPC_VWerewolf::vfunc500 0x103d8660 matches the same string through its own guard DAT_1093f99c and cache DAT_1093fa30 inside a scope-trace frame and passes attenuation 0 where the base passes 1.25; it does not chain. Ported as an IsRetailClass arm inside the one port method.
10294ab0	rule	10-18	hand:FElysiumNpc::ExertLightSound	Slot 501, the plain shape over the concept "Exert_Light" (1057a1b0) through DAT_10923f0f and DAT_10924838, channel 2, volume 1.0, attenuation 1.25.
10294b70	rule	10-18	hand:FElysiumNpc::RiledSound	Slot 502, the plain shape over the concept "Riled" (105d8ce8) through DAT_10924aac and DAT_10924244, channel 2, volume 1.0, attenuation 1.25.
10294c30	rule	10-18	hand:FElysiumNpc::ComfortSound	Slot 503, the plain shape over the concept "Comfort" (105d8cf0) through DAT_1092497c and DAT_10924624, channel 2, volume 1.0, attenuation 1.25.
10294cf0	rule	10-18	hand:FElysiumNpc::UpsetSound	Slot 504, the plain shape over the concept "Upset" (105d8cfc) through DAT_10924242 and DAT_10924fb4, channel 2, volume 1.0, attenuation 1.25.
10294db0	rule	10-18	hand:FElysiumNpc::TargetGiveUpSound	Slot 505, the plain shape over the concept "Target_GiveUp" (105d8d04) through DAT_10923dd6 and DAT_10923d7c, channel 2, volume 1.0, attenuation 1.25.
10294e70	rule	10-18	hand:FElysiumNpc::Slot506	Slot 506, byte-for-byte slot 494's shape: IsBusyWithDiscipline must be false, then the concept "Target_Reacquired" (the same string 105d8c94 slot 494 uses) through its own guard DAT_10924240 and cache DAT_10924830, channel 2, volume 1.0, attenuation 1.25.
10294f40	rule	10-18	hand:FElysiumNpc::FloatSound	Slot 507, the only hook with a computed fifth argument and a state write. Concept "Float" (105d8d14) behind bit 0 of DAT_1092488d into DAT_10924f68. The fifth argument comes from m_iDialog +0x0128: the term is 0xe when a dialogue name is set and 0 otherwise, the constant arm (term plus 0x42 at or below 0x32, the double 4.0 at 10449148) is unreachable for both values, so it is the INTEGER quotient 0x14 divided by (term plus 0x10) - 1.0 when idle and 0.0 while in dialogue - and it is EmitSound's attenuation, not a window maximum. CORRECTION: the re-arm term is Float_Sound_Info row 1 (1029502c pushes 1), which the authored table names FloatSoundMinDelay and sets to 5.0, truncated to an int by __ftol and added to the engine clock with FIADD, an INTEGER add; the earlier walk named neither the row nor the truncation. m_flNextFloatSoundTime +0x10ec is the write, and this is its first writer in the port - family Sounds' BaseShouldPlayFloatSound reads it.
10298ad0	rule	10-18	hand:FElysiumNpc::Precache	slot 104, Troika Precache in retail order: when the model keyfield (slot 0x24) is empty call SetModelName (slot 0x350) with "models/error/error.mdl"; PrecacheModel the keyfield through the engine (DAT_1070b22c+0x34) and hand the index to slot 0x28; when m_altEquipment (+0x1a98) is neither the string "0" at DAT_105399a0 nor the 15-byte "item_w_unarmed" UTIL_PrecacheOther it (0x101d0ec0); chain CAI_BaseNPC::Precache 0x1027bb50 (a direct thiscall with NO argument); when m_iDialog (+0x0128) is set Q_snprintf "sound/character/%s" into a 0x104 buffer, chop FOUR characters not five (buffer[strlen-4]=0, read off 10298bf8..10298c04), Q_strnlwr it over the NEW length and glob-precache that directory twice through 0x101d0f10 with the FOUR arguments (dir, ext, 1, 0) - ".wav" DAT_10598a30 then ".mp3" DAT_10548ed4, the third argument selecting the "*%s/%s" name format over dir+6; write +0x64e8 m_iDispositionModelIndex with the CDispositionTable row index built by 0x100ec640 (per stance: 3 idles, 3 fidgets, 3x3 transitions, a missing idle falling back to idle 1), which this port answers with EnsureStanceResolved; finally slot 608 SetAttackCoordinator with "Normal". Ported with its 23 species arms as story 29d family Precache10; the arm table is keyed on the override row's retail address so the three Chang forms and the two camera forms are one arm apiece.
10298ce0	rule	10-18	hand:FElysiumNpc::SetModel	slot 105, 50 bytes, and the ORDER of its four calls is the whole body because each reads what the one before it wrote: CBaseCombatCharacter::SetModel, then SetHullSizeNormal(force=1) 0x10273070 (family Motor10's ported body, called not re-read), then SetDefaultEyeOffset 0x10274ca0 (family BaseHelpers'), then +0x64e8 from the disposition stance resolver 0x100ec640, which family Precache10 already reaches from slot 104 through EnsureStanceResolved so the two writers of that word cannot drift. The species prologue keys on the slot-105 override row's ADDRESS: CAI_BaseHumanoid 0x1025e510, CNPC_VGhoulCroucher 0x1037b1f0 and CNPC_VZombie 0x103e0540, the last two sharing one 119-byte body.
10299da0	rule	10-18	hand:FElysiumNpc::IRelationType	slot 404, 541 bytes. Self and null both answer D_ER first. Arm A: the candidate's +0x9c NPC carrying D_INSANE (flags2 0x20000) and m_hClosestPlayer resolving answers D_HT when slot 404 on that player (VIRTUAL, so a species arm re-enters) is D_HT or when slot 168 GetEnemy IS that player. Arm B: the candidate's +0x98 combat character's +0x647c follower boss, same pair. Arm C: my own +0x647c boss taken through its +0x9c; no boss chains CBaseCombatCharacter::IRelationType; boss == candidate answers D_LI; otherwise the boss's slot 404 toward the candidate, overridden to D_HT by the boss's slot 167 (CONST GetEnemy, not the 168 the earlier arms use) being the candidate, or by the candidate NPC's own slot 404 toward the boss or its slot 168. CORRECTION: 10299f84 is MOV EDI,EAX, so the fall-through answer is reassigned - for an NPC candidate the body returns the CANDIDATE's relation toward the boss, not the boss's toward the candidate as the checklist walk states.
1029fbe0	rule	10-18	hand:FElysiumNpc::Slot330	slot 330 void(float, FireBulletsInfo_t*), the near-miss flinch. delta = slot 217 GetAbsOrigin minus info m_vecSrc (+0x8/+0xc/+0x10) and its LENGTH comes out of 0x10137220, which family Senses10 recovered as VectorNormalize - a body that ANSWERS the length while normalising in place - and retail hands the UN-normalised delta to the reaction because the normalise writes through ECX into a second copy. The whole body is gated on info+0x98 (the firing weapon), info+0x94 (the attacker) and attacker+0x9c all non-null, in that order; then the weapon's CVDmg_t row 0x102517e0 gives two distance bands and a length below row+0x404 plays reaction kind 2, else below row+0x408 kind 0, both through 0x10344f80 whose three refusal gates are exactly ElysiumReactions IsKnockbackAllowed's. Beyond row+0x408 nothing happens.
1029fec0	rule	10-18	hand:FElysiumNpc::Slot326	slot 326 bool(swingRecord, CBaseCombatCharacter*). The Troika arm can only ever NARROW the base 0x103482e0's answer: a false passes straight through, and a true becomes false unless m_iHitBuildupCount +0x6064 is at or below the int of the cvar DAT_109245e4 (+0x2c, 0 when defaulted) OR the SWING RECORD's byte +0xba is 2. +0xba is param_1's, the first argument, not the attacker's - the port reads FElysiumSwingRecord Ba, which ElysiumReactions KnockbackUnconditionalMarker already names as the 2.
102b35b0	rule	10-18	hand:FElysiumNpc::QueryHearSound	slot 467, refusals in retail order: NULL sound; cvar DAT_10924fba (ignore senses); cvar DAT_10924fb9 with the sound owner carrying a player (+0xa8); m_bfNPCFrenziedFlags (+0x5b84) bit 0x800 with the owner == m_hFriendPlayer (+0x60ac); owner == this; an owner that resolves to a live entity whose +0x9c combat char is NULL or which refuses 0x10146b20(cc, this), so a sound made by a live non-combat-character owner is not heard at all while a sound with NO owner handle skips the whole block; sound type (+0x4) == 4 with CStealthKillRules::InDeafZone(&DAT_1072c540, owner's player, this); then the distance test runs ONLY when m_bfAINPCFlags (+0x14b8) carries 0x20400 (COWERING 0x400 | SLEEPING 0x20000) - distance from the ear position (slot 0x310) to the sound origin (+0x20/+0x24/+0x28) against slot 0x770 HearingSensitivity times the sound's INT volume (+0x8) times _DAT_1044bef8 (0.25), with CBaseEntity::AdjustSoundDistForStealth subtracting the owner's slot-30 reduction from that THRESHOLD and clamping at zero, and dist <= threshold hears - and everything else answers true. The ordinary radius test is NOT in this slot: it is CanHearSound 0x1030f7b0, the Listen-level cull that dispatches this slot, whose threshold is the same product without the 0.25.
102b4760	rule	10-18	hand:FElysiumNpc::Slot594	slot 594: write m_bSeenInOuterBand +0x6081 = 0 FIRST, then read my eye point (slot 0x304) and the target's (slot 0x304); the range block runs only when (m_NPCState != 2 OR m_bEnemyWentOccluded +0x5bc5) AND m_flStealthVisionOverrideTime +0x6604 <= curtime - the 3D distance is compared against the TARGET's slot 28 (vt+0x70, its own stealth vision scalar) times m_flSeekDistInspection +0x63b8, beyond which it writes *out = 0 (only when a cell was passed) and returns false, and beyond _DAT_10457f54 (0.7) times that same product it instead sets the far byte +0x6081 = 1 and carries on; then when the target has a combat character (+0x9c) the concealment test 0x10146b20 refuses with *out = 0 and (only when m_debugOverlays < 0 and the target has a player) a +-2 debug box from the collision bounds; the success exit draws a +-3 box and returns true. CORRECTION: 102b479b reads [ESI+0x5bc5], which the shape map names m_bEnemyWentOccluded - the occlusion EDGE 0x10270180 writes - and NOT the ten-failure debounce the port's IsVisible was reading. This slot is the ONE writer of +0x6081, which slot 472 OnSeeEntity and both of its species arms read.
102c0ca0	rule	10-18	FElysiumNpc::FinishTalking	Scope-traced; LATCHES m_bIsTalking +0x64c0 at 102c0d12 before anything is written, then, if m_hDialogScene +0x6554 resolves: the partner's +0x498 byte clear takes UTIL_Remove (0x101cd940), set takes partner slot 0x3d4, ThinkSet(partner, 0x101c0b10, 0.0) and partner m_flNextThink +0x17c = curtime + _DAT_104493d0, which the pinned image reads as the DOUBLE 0.1 (102c0e29 FADD qword). Then unconditionally +0x6554 = -1, m_szDialogQue[0] at +0x64ec = 0, m_bIsTalking = 0, and +0x64cc = curtime - a STAMP, not a clear - followed by ResetScriptedSoundOverrideEnt. The LATCHED byte then picks the notify on the dialog singleton after UTIL_PlayerByIndex(1): clear takes CDialog::CallPendingNPCEventScript, set takes CDialog::NPCNotifyDoneTalking. The stamp write is why the port had to split m_bIsTalking from TalkingUntil; the shape map now binds +0x64c0 to the new bIsTalking byte. SaveRestore10's StopDialogOnRemove now calls this body instead of standing in for it.
102d72f0	rule	10-18	FElysiumNpc::TestHullSpawn	PORTED 29d Motor10 (listing). CORRECTION: the used-mask test is SIGNED - TEST EBX,EBX; JLE 0x102d7330 - so a zero OR NEGATIVE mask short-circuits to hull 0 WITHOUT the 22-miss fallback call, and the shipped .data initialiser for DAT_10610be8 is 0xffffffff which is exactly such a value. Otherwise m_eHull +0x1568 is the FIRST index 0..21 whose NAI_Hull::Bits (0x102d6210) intersects the mask, and 22 misses call AddUsedHullBits(0) - a no-op OR - before answering 0. Then 0x10273070(this, 0), SetSolid(SOLID_BBOX = 2) on m_Collision +0x270 under a CBaseEntity::SetSolid scope frame, AddSolidFlags(zero-extended word[+0x2b4] | 4 FSOLID_NOT_SOLID) under a CBaseEntity::AddSolidFlags frame, slot 93 SetMoveType(MOVETYPE_FLY = 4, 0), m_iHealth +0x210 = 0x32 = 50, AddFlag(0x40000), byte [+0x5f44] = 0, and a TAIL JMP to slot 66 Hide so Hide's answer is Spawn's. DAT_10610be8's two writers are 0x102f9900 (clear it and DAT_1093412c) and 0x102f9920 (OR bits in), both ported. What +0x5f44 is at byte granularity stays unrecovered: the shape map binds that offset as an output block.
1033b5f0	rule	10-18	hand:FElysiumNpc::Slot357	Ported as slot 357. Two gates, both required: m_Activity +0x0fec equal to 0x132 and m_flNextFeedPulse +0x1490 below curtime. Below them: the type-0 list GetValue(stat 0x0e FaithPoints) against the stat DEFINITION maximum (0x10200370 over DAT_1074e658, then 0x10205840 on its +0x60) - strictly below it IncBase(0x0e), at or above it dispatch vt+0x598, which is slot 358 PrayerEnd 0x1033b890; then the cadence tail on EVERY pulse, m_flNextFeedPulse = curtime + m_flNextFeedDuration +0x1494, and while that duration is above _DAT_1047b868 it is reduced by _DAT_1049e890. RECOVERED out of the pinned image: BOTH cells are DOUBLES (the decompiler shows a float cast), reading 0.3 and 0.15. +0x1490 and +0x1494 are the FEED cadence pair; retail reuses them for the prayer. The activity gate reads the family Hints CurrentRetailActivityId seam, which answers -1, so the slot refuses - the retail answer for a body that is not praying. Walked into docs/vtmb/combat-and-damage.md.
1034b160	rule	10-18	FElysiumNpcMaker::Precache	CNPCMaker slot 104, two symmetric arms: a NON-empty model keyfield (slot 0x24) -> PrecacheModel through the engine, chain CAI_BaseNPC::Precache 0x1027bb50, and UTIL_PrecacheOther m_iszNPCClassname (+0x665c) and return - an EMPTY classname instead Warns "%s at (%0.f %0.f %0.f) missing NPC" with GetDebugName and slot 0x370's origin, UTIL_Removes this, and then (only when the DAT_1070af4c cvar's vtable+4 test is false and its +0x2c >= 1) draws a "%s: BAD NPC Classname" overlay box at the collision mins/maxs; an EMPTY model keyfield takes the same shape with "missing model" and "%s: BAD MODEL NAME"; both error arms return early when the developer gate refuses ARGUED: the port models makers as a SEPARATE type - FElysiumNpcMaker final : public FElysiumEntity (ElysiumNpcMaker.h:9), registered for npc_maker, npc_maker_fleshpile and npc_maker_zombie in ElysiumNpcClasses.cpp:42 - and the overlay already lands all three maker slot-103 bodies (0x1034afe0, 0x1034c020, 0x1034cc60) on the ONE method FElysiumNpcMaker::Spawn. classes.md does stand CNPCMaker as a CAI_BaseNPCTroika with 621 slots, so slot 104 IS the NPC Precache virtual, but an FElysiumNpc arm would never run: no maker is an FElysiumNpc in this port. These are therefore NOT arms of FElysiumNpc::Precache but the three arms of one FElysiumNpcMaker::Precache, keyed on the maker's own classname exactly as FElysiumNpcMaker::IsFleshpileMaker already keys slots 617 and 139. The base CNPCMaker arm is the one that checks BOTH keyfields and draws the two developer overlay boxes, which the other two arms drop.
1034c180	rule	10-18	FElysiumNpcMaker::Precache	CNPCMaker_Fleshpile slot 104: a non-empty model keyfield (slot 0x24) -> PrecacheModel through the engine (DAT_1070b22c+0x34), chain CAI_BaseNPC::Precache 0x1027bb50, UTIL_PrecacheOther m_iszNPCClassname (+0x665c, "" when null) and return; an empty keyfield -> Warning "%s at (%0.f %0.f %0.f) missing model" built from GetDebugName and slot 0x370's origin, then UTIL_Remove(this); unlike CNPCMaker's it never checks the classname for emptiness and never draws the developer overlay box ARGUED: the port models makers as a SEPARATE type - FElysiumNpcMaker final : public FElysiumEntity (ElysiumNpcMaker.h:9), registered for npc_maker, npc_maker_fleshpile and npc_maker_zombie in ElysiumNpcClasses.cpp:42 - and the overlay already lands all three maker slot-103 bodies (0x1034afe0, 0x1034c020, 0x1034cc60) on the ONE method FElysiumNpcMaker::Spawn. classes.md does stand CNPCMaker as a CAI_BaseNPCTroika with 621 slots, so slot 104 IS the NPC Precache virtual, but an FElysiumNpc arm would never run: no maker is an FElysiumNpc in this port. These are therefore NOT arms of FElysiumNpc::Precache but the three arms of one FElysiumNpcMaker::Precache, keyed on the maker's own classname exactly as FElysiumNpcMaker::IsFleshpileMaker already keys slots 617 and 139. Relative to the base CNPCMaker arm the CNPCMaker_Fleshpile arm DROPS the empty-classname check and the developer overlay box entirely, keeping only the missing-model Warning and UTIL_Remove.
1034cde0	rule	10-18	FElysiumNpcMaker::Precache	CNPCMaker_Zombie slot 104: the Fleshpile shape plus three zombie facts - BEFORE chaining CAI_BaseNPC::Precache it zeroes m_altEquipment (+0x5dec) and m_spawnEquipment (+0x1a98), so an authored equipment keyfield is discarded, and AFTER UTIL_PrecacheOther(m_iszNPCClassname +0x665c) it also UTIL_PrecacheOthers the literal "item_w_zombie_fists"; an empty model keyfield takes the "missing model" Warning from GetDebugName and slot 0x370 then UTIL_Remove(this) ARGUED: the port models makers as a SEPARATE type - FElysiumNpcMaker final : public FElysiumEntity (ElysiumNpcMaker.h:9), registered for npc_maker, npc_maker_fleshpile and npc_maker_zombie in ElysiumNpcClasses.cpp:42 - and the overlay already lands all three maker slot-103 bodies (0x1034afe0, 0x1034c020, 0x1034cc60) on the ONE method FElysiumNpcMaker::Spawn. classes.md does stand CNPCMaker as a CAI_BaseNPCTroika with 621 slots, so slot 104 IS the NPC Precache virtual, but an FElysiumNpc arm would never run: no maker is an FElysiumNpc in this port. These are therefore NOT arms of FElysiumNpc::Precache but the three arms of one FElysiumNpcMaker::Precache, keyed on the maker's own classname exactly as FElysiumNpcMaker::IsFleshpileMaker already keys slots 617 and 139. Relative to the CNPCMaker_Fleshpile arm the CNPCMaker_Zombie arm ADDS two writes and one precache - m_altEquipment +0x5dec and m_spawnEquipment +0x1a98 are zeroed BEFORE the base chain, discarding an authored equipment keyfield, and item_w_zombie_fists is precached after the classname.
103567e0	rule	10-18	FElysiumNpc::BullseyeSpawn	CNPC_Bullseye slot 103 in order: Precache (vt+0x1a0); SetSize(-16..16) via 0x101cf390; slot 0x174 (0,0); SetBloodColor(0xf7); m_fEffects +0x17c = 0; m_flFieldOfView +0x19c = 0.5; m_flGravity +0x1fc = 0; SetBloodColor AGAIN with 0xf7 under spawnflag 0x80000 and -1 otherwise - the second call decides; AddFlag(0x2000); ThinkSet(LAB_100097fa, 0.0) with m_flNextThink = curtime + _DAT_104493d0, RECOVERED as a DOUBLE 0.1 out of the pinned image; SetSolid(2) and AddSolidFlags(or 0x10), plus or 4 only under spawnflag 0x10000; m_takedamage +0x3ec = 0 under spawnflag 0x20000 else 2; Relink; m_fEffects gains 0x40; PhysicsCheckWater; AddFlag2(0x10). CNPC_Bullseye carries no census classname so the arm is unreachable at runtime; driven by SetRetailClassForTests.
10358ec0	rule	10-18	FElysiumNpc::Precache	CNPC_Crow slot 104, 24 bytes and two calls whose ORDER is inverted from every other precache in this band: chain CAI_BaseNPC::Precache 0x1027bb50 FIRST, then PrecacheModel("models/crow.mdl") through the engine (DAT_1070b22c+0x34); no model keyfield is read, no fallback model is set and no sound is precached, so a crow's model is hard-coded and cannot be overridden by the map CONVENTION: species arm of slot 104's FElysiumNpc::Precache keyed on IsRetailClass(CNPC_Crow), which classes.md stands as a CAI_BaseNPC with entity classname npc_crow and ElysiumNpcKernelShape.cpp:4349 carries with CNPC_Crow_Classnames, so the lookup keys on it today; relative to the base the crow arm chains CAI_BaseNPC::Precache 0x1027bb50 FIRST rather than last and then hard-codes models/crow.mdl, reading no model keyfield at all.
1035ade0	rule	10-18	FElysiumNpc::Precache	CGeneric_NPC_bathack slot 104: PrecacheModel("models/bats.mdl") hard-coded, then PrecacheScriptSound (via *DAT_1070b248) over its OWN pointer table - npc/metropolice/alert1.wav (0x10629d80), surprise1.wav (0x10629d84), die1.wav (0x10629d88) - then a fixed 4-entry loop (offsets 0 to 0x10 step 4) over PTR_s_npc_citizen_pain1_wav at 0x10629d90, and only then chain CAI_BaseNPC::Precache 0x1027bb50; no model keyfield and no fallback, and the table is a separate copy of the same four names CGeneric_NPC and CGenericSabbat_NPC keep ARGUED: CGeneric_NPC_bathack is in the 77-class tree (classes.md, CAI_BaseNPC, 583 slots) AND carries the entity classname npc_generic_bathack (CGeneric_NPC_bathack_Classnames in ElysiumNpcKernelShape.cpp), so RetailClass() reaches it and the lookup keys on it exactly as on a CNPC_V*; the arm goes on slot 104's FElysiumNpc::Precache. Relative to the base it chains CAI_BaseNPC::Precache 0x1027bb50 LAST and hard-codes models/bats.mdl with its own private copy of the four metropolice and citizen sound tables, reading no model keyfield.
1035b5d0	rule	10-18	FElysiumNpc::Precache	CGenericSabbat_NPC slot 104: 0x10207e60 first, then when the model keyfield (slot 0x24) is empty SetModelName (slot 0x350) with the sabbat model at PTR 0x1062a000; PrecacheModel the keyfield through the engine; PrecacheScriptSound alert1/surprise1/die1 from its own table at 0x1062a004/0x1062a008/0x1062a00c and a fixed 4-entry loop (0 to 0x10 step 4) over the citizen pain table at 0x1062a014; chain CAI_BaseNPC::Precache 0x1027bb50 last; ElysiumNpcKernelSounds.cpp:200 already carries those four wav names as species DATA, but nothing in the port runs the empty-keyfield model fallback or this call order ARGUED: CGenericSabbat_NPC is in the 77-class tree (classes.md, CAI_BaseNPC, 583 slots) with entity classname npc_sabbat (CGenericSabbat_NPC_Classnames), so the lookup keys on it and the arm belongs on slot 104's FElysiumNpc::Precache. Relative to the base it ADDS the empty-keyfield SetModelName fallback to the sabbat model and its own copy of the alert, surprise, die and four pain tables, and chains CAI_BaseNPC::Precache 0x1027bb50 LAST.
10369ff0	rule	10-18	FElysiumNpc::FVisible	CNPC_VCameraSecurity slot 201: resolve the linked CSecCamera (0x10369e70, walked at ElysiumNpcKernelDialogue.cpp:620 - name lookup, RTTI cast, the one-way +0x6668 latch that UTIL_Removes the NPC when a bound camera dies) and answer 1 only when the candidate carries a player (+0xa8) AND the link is non-null AND 0x1020cd00 is true - the camera's own sight test: the enabled byte at +0x7d8, then 0x1020cd30's 2D distance from camera to player compared against the camera's far radius (+0x794) and near radius (+0x790), its cone test 0x1020cc60 and finally a 0x4091 trace whose fraction must equal _DAT_10449280; every other case is 0, and the NPC's own eyes are never consulted CONVENTION: species arm of slot 201's FElysiumNpc::FVisible keyed on IsRetailClass(CNPC_VCameraSecurity); it REPLACES the Troika base 0x102b4630 outright - the NPC's own eyes are never consulted and the answer is the linked CSecCamera's enabled byte, far and near radius, cone test and 0x4091 trace.
103c3cd0	rule	10-18	FElysiumNpc::TzimisceRunnerNotifyChangeSizeSmall	CNPC_VTzimisceRunner slot 335, four writes in order: SetHullSizeSmall(force=1) via 0x10273180; the form byte +0x6672 = 1, which PreTranslate_TzimisceRunner 0x103c3e10 selects its four TZ activity variants on; m_bWantsLargeHull +0x5f2c = 0; and +0x6674 = the float the engine interface DAT_1070b22c returns from vtable +0x1dc called with 0. The base body 0x103415f0 is a pure no-op, so this arm adds the whole behaviour. NOT WIRED to slot 335: 0x103415f0 is a layer-0 row of band 0-9 with no verdict and merge_verdicts --band 10-18 refuses an out-of-band address, so the body lands under its recovered species name and the gap is reported.
103c3d10	rule	10-18	FElysiumNpc::TzimisceRunnerNotifyChangeSizeNormal	CNPC_VTzimisceRunner slot 336, the inverse and its guard: re-read the engine interface DAT_1070b22c vtable +0x1dc with 0 and compare against the value slot 335 cached at +0x6674 - ONLY when the two differ does it SetHullSizeNormal(force=1) via 0x10273070, clear the form byte +0x6672 and set m_bWantsLargeHull +0x5f2c = 1; an unchanged token leaves the runner small and the form byte set, so the restore is edge-triggered on the engine value, not on a request. The base 0x10341680 is the same pure no-op and takes an int argument this override ignores. NOT WIRED to slot 336 for the same band reason as 0x103c3cd0.
103cb920	rule	10-18	FElysiumNpc::WerewolfCheckStuck	scope-traced and gated on slot 0x28c; probe 1 is a hull trace from GetAbsOrigin (slot 0x364) to origin + _DAT_10452dc4 in Z with mask 0x202400b, using the m_eHull (+0x1568) normal mins/maxs (0x102d6100/0x102d6120) and the navigator's (+0x5d40) filter, inside a CVProfile "CAI_MoveProbe::TraceHull" scope; CLEAR -> re-probe through the navigator (0x102a99e0) using the SMALL hull (0x102d6140/0x102d6160) when +0x5f2d is set and the third extent scaled by _DAT_10449154, and only when the fraction is below _DAT_104454c0 or either start-solid byte is set DevWarning "attempting alt unstuck..." and slot 0x360; BLOCKED -> up to three escalating world traces (0x1006dec0 with the 0x101d3190(this, 7) filter) reporting "Werewolf stuck!", then "Werewolf unstuck..." with slot 0x360 on the second, and on the third either 0x10269aa0(this, 0x77) succeeding -> "Werewolf teleported out from stuck", TeleportOut and slot 0x700 with "Werewolf stuck", or "Werewolf STUCK!!" and nothing; every exit but the teleport ends in SetHullSizeSmall(1)
103ce750	rule	10-18	FElysiumNpc::WerewolfTaskFail	CNPC_VWerewolf slot 448, joined to family Conditions10's seven-body slot-448 prologue as the eighth. The DIAGNOSTIC half runs only when the running schedule +0x5c38 equals one of 0x160, 0x161 or 0x162 resolved through 0x102cc1f0 - DevWarning Werewolf failed task with the task name from slot 0x704, the schedule name at schedule+0x40 and the failure text from 0x10316fa0, then Current MOVE Hint for m_pMoveHint, Current TELEPORT Hint for m_pTeleportHint and Current BREAK Hint, which is GATED on m_pBreakHint but PRINTS the TELEPORT hint - a retail copy-paste bug, reproduced. Then unconditionally SetHullSizeSmall(1), ClearMoveHint, ClearTeleportHint, m_pBreakHint +0x66c4 = 0, +0x66a4 = 0, +0x66a1 = 1, the Troika base 0x1029adb0, CheckStuck(NULL), +0x66e8 = 0, +0x6708 = -1, +0x670c = -1. OFFSETS CORRECTED from the datamap: +0x66b0 is m_pTeleportHint and +0x66bc is m_pMoveHint, which the earlier walk has swapped; also +0x66b4 m_pLastUsedTeleportHint, +0x66c0 m_pLastUsedMoveHint, +0x66c4 m_pBreakHint.
103d8660	rule	10-18	FElysiumNpc::ExertHvySound	CNPC_VWerewolf slot 500, scope-traced as CNPC_VWerewolf::ExertHvySound: a one-shot lazy index lookup guarded by DAT_1093f99c bit 0 - walk the global sound-script table (DAT_1073dc40, count DAT_1073dc3c) comparing each entry's +0x4 name with __strcmpi against "Exert_Heavy", cache the matching script's first word in DAT_1093fa30 and store -1 when no entry matches - then EmitSound(&DAT_1073dc28, this, DAT_1093fa30, channel 2, volume 1.0, 0) on every call including the -1 one; the port's species sound table (ElysiumNpcKernelSounds.cpp) carries no CNPC_VWerewolf row CONVENTION: species arm of slot 500's FElysiumNpc::ExertHvySound keyed on IsRetailClass(CNPC_VWerewolf); against the Troika base 0x102949f0 the arm keeps the same script name Exert_Heavy and the same one-shot table walk but uses its OWN guard DAT_1093f99c and cache DAT_1093fa30, so a werewolf's lookup is independent of the base's, adds a scope-trace frame the base has none of, and passes 0 as EmitSound's last argument where the base passes 0x3fa00000.
103d87a0	rule	10-18	FElysiumNpc::PainSound	CNPC_VWerewolf slot 491 (PainSound): the identical one-shot pattern with its own guard DAT_1093d634 and its own cache DAT_1093d6ec, matching the script name at DAT_105d8c6c - the same string CAI_BaseNPCTroika::PainSound 0x10294340 uses - over the global script table DAT_1073dc40/DAT_1073dc3c, then EmitSound(&DAT_1073dc28, this, DAT_1093d6ec, channel 2, volume 1.0, 0); its scope-trace string is the copy-pasted "CNPC_VWerewolf::ExertHvySound", a retail mislabel that a debug dump reproduces CONVENTION: species arm of slot 491's FElysiumNpc::PainSound keyed on IsRetailClass(CNPC_VWerewolf); against the Troika base 0x10294340 it matches the SAME script name at DAT_105d8c6c but through its own guard DAT_1093d634 and cache DAT_1093d6ec, drops the base's int* parameter, and pushes 0 as EmitSound's last argument where the base pushes 0x3fa00000; its scope-trace string is the copy-pasted CNPC_VWerewolf::ExertHvySound, a retail mislabel to reproduce.
103d9f90	rule	10-18	FElysiumNpc::SnapToAnimationPoint	scope-traced, six writes and two calls in order: CBaseAnimating::MatchOriginAnglesToAnimation(Bip01, 1, 1) snaps origin AND angles onto the animation's root bone; SetHullSizeSmall(force=0) via 0x10273180, which therefore does nothing when +0x5f2d already says small; +0x66dc/+0x66e0/+0x66e4 set from DAT_1070d1b0/b4/b8 (vec3_origin), clearing the cached fake-hull position; +0x66a8 = 0; and both hint handles +0x6708 and +0x670c = -1, so the snap also drops whatever hint the werewolf was heading for.
101a8de0	rule	10-18	FElysiumScriptedSequence::Activate	CORRECTION to the walk's field naming. The three sequence-sound precaches at 0x10428880 run on m_iszPreIdle, then m_iszPostIdle, then m_iszPlay - and m_iszPreIdle is the field at +0x5f44 whose KEYFIELD is m_iszIdle (vtmb_fields CCineNPC), so it is the port's PreIdle and not the port's PreIdleAlt, whose keyfield is the literal m_iszPreIdle. Also recovered: 0x10428880 is PrecacheSequenceSounds - look the named sequence up on the actor's studio header, walk its anim events, and precache every event id below 5000 that is a sound event as a script sound, warning "Bad sound event %d in sequence %s" for an unterminated option string. The rest of the walk holds: CBaseEntity::Activate first; a FindEntityByName loop over m_iszEntity that stops at the first match carrying a CBaseAnimating at +0x94; a no-match arm that DevMsgs the divider, the "Could not find NPC %s in CCineNP..." line and the divider and SKIPS the precache; a no-model arm that DevMsgs the divider, "NPC %s has no model in CCineNPC::" and the divider; then m_hNextCine +0x5f94 from FindEntityByName(m_iszNextScript) or 0xffffffff, and a m_hNextCine that does not resolve CLEARS m_iszNextScript +0x5f58. Ported as story 29d family Lifecycle10.
102658f0	rule	10-18	hand:FElysiumNpc::Event_Gibbed	slot 402, a two-gate body whose answer is always the FIRST gate's: slot 394 CorpseGib false -> slot 395 CorpseFade runs and the body returns 0; true -> slot 398 HasExplosiveGibs decides, and when it is false the body only UTIL_Removes this (0x101cd940) and returns the first gate's value, while when it is true it runs CBaseCombatCharacter::CreateSecondaryDiscParticles(m_vDiscBloodType +0xfd0), then slot 77 ScriptHide (vtable +0x134), then slot 395, and returns the first gate's value; so CorpseFade fires on every path except the remove one, and the disc particles are tied to the second gate alone.
1026fbe0	rule	10-18	hand:FElysiumNpc::WeaponLOSCondition	slot 562 bool(ownerPos, targetPos, bSetConditions): with an active weapon the answer is the weapon's own slot 0x5b0(ownerPos, targetPos, bSetConditions); with no weapon read capabilities (slot 0x804) - without bit 0x20000 the answer is 0 and, only when bSetConditions, the cvar DAT_10924a6c's vtable+4 is touched and SetCondition(0x42) is set; with bit 0x20000 the answer is slot 0x8f4's (InnateWeaponLOSCondition 0x1026fcf0, slot 573); THEN, whatever that answer was, capabilities are re-read and bit 0x10000000 adds 0x10266b10 - which is NOT a plain cosine test but the PLAYER-IN-LINE-OF-FIRE walk over every client: dot(normalize(target-owner), normalize(WorldSpaceCenter-owner)) strictly above 0.92 AND the distance to the target strictly greater than the distance to that client, both terms unsquared because 0x10137220 (1057966c) is VectorNormalize and ANSWERS THE LENGTH. When it answers true the body sets condition 100 under bSetConditions and returns 0, overriding a weapon that said yes.
10272490	rule	10-18	FElysiumNpc::SetActivityAndSequence	CAI_BaseNPC SetActivityAndSequence, 243 bytes, the commit, and every one of its six effects is ordered against the others. +0xff4 the translated activity is written FIRST; a NEGATIVE sequence takes ResetSequence(0) and skips the cycle, the duration and the weapon activity but NOT the rest; otherwise the cycle word +0x6f8 is zeroed unless the sequence equals +0x6f0 with +0x65d set OR the old activity and the new one are both in the pair 9 and 0x13, retail's walk/run cycle carry; then ResetSequence, SequenceDuration and Weapon_SetActivity; then slot 533 EyeOffset(act, +0xff4) feeds SetViewOffset for EVERY request; then slot 465 OnChangeActivity fires when m_Activity differs from the NEW ACTIVITY while the listener 0x101f6010 fires on a DIFFERENT comparison, m_Activity against the TRANSLATED activity, and only while m_bKeepSound is clear; then m_Activity is overwritten and the navigator notified.
1027bb20	rule	10-18	hand:FElysiumNpc::PostConstructor	Slot 106, 27 bytes whose entire content is an ORDER: 1027bb28 calls CBaseCombatCharacter::PostConstructor(name) to completion, then 1027bb31 dispatches this object's own vtable +0x6a0, which is 0x6a0/4 = slot 424 CreateComponents. The NPC-side post-construct pass therefore observes everything the base pass built and nothing it has not, and no state is written here directly. Ported as story 29d family SaveRestore10; slot 424 is story 29c-1 family Lifecycle's and is dispatched, not re-recovered.
1027bc60	rule	10-18	FElysiumNpc::BaseSave	CORRECTION to the walk, from the listing. CAI_BaseNPC::Save encodes exactly TWO fields, not "4 timers from m_flExtendedBlockedByFriendTimer and 3 from m_flWaitFinished": thunk_FUN_101cf250 takes (float*, mode), and 1027bc6c PUSH 0x4 / LEA EBP,[ESI+0x5b8c] then 1027bc80 PUSH 0x3 / LEA EBX,[ESI+0x5db4] are mode 4 on m_flExtendedBlockedByFriendTimer and mode 3 on m_flWaitFinished. SECOND CORRECTION: 0x1023f040 / 0x1023f0c0 / 0x1023f060 are not a bit-vector init/copy/finish but CRC32 - init 0xffffffff, an unrolled table-driven byte loop over DAT_10496f58, final complement - so AIExtendedSaveHeader_t's last word is a CHECKSUM of the running schedule's task array (schedule+0x20 for schedule+0x24 << 3 bytes, an 8-byte Task_t each), not a copy of its interrupt bits. The header is version 1 as a 16-bit word; a flag word whose bit 0x1 is slot 0x29c GetEnemy non-null, bit 0x2 is m_hTargetEnt +0x5ce4 passing its 0x1fff index and >>13 serial check onto a live entity, and bit 0x4 is the navigator goal 0x102ee6a0; a 0x80-byte Q_strncpy of schedule+0x40; and that CRC. The no-schedule arm writes name[0] = 0 and a literal zero CRC, which CRC32 over zero bytes also produces. The motor pre-save 0x102e0b60 is GUARDED on m_pMotor +0x5d44 and the MoveAndShoot overlay pre-save 0x102e8aa0 at +0x5cf4 is not; both post halves run in the same order after CBaseCombatCharacter::Save, whose answer is this body's return. A base-class body beneath the Troika override 0x102993c0, so it takes its own port method name and no hand: prefix. Ported as story 29d family SaveRestore10.
1028d6e0	rule	10-18	hand:FElysiumNpc::UpdateOnRemove	Slot 180, the Troika UpdateOnRemove, read off the listing. Six steps: ClearHintNode(this, 5.0) at 1028d6e1 PUSH 0x40a00000 - a 5.0-second reuse delay where the base 0x1027ca30 passes 0.0, which is the whole difference between the two bodies; slot 0x964 (601) dispatched with this, only when m_pAttackCoordinator +0x65e8 is non-zero; 0x102b53d0 called as (0, "Leaving interesting place (UpdateOnRemove)") - the string at 0x105d87d4 read off 1028d702 SETTLES that 0x102b53d0 is the interesting-place release and NOT the grapple release the checklist's walk calls it, because +0x62ec is m_pInterestingPlace, +0x62e8 m_bInterestingPlaceArrived and +0x6304 m_eInterestingPlaceMode in the datamap; then IsInDialog 0x102c1170 gating the dialogue stop 0x102c0bb0; then 0x1029f5d0 on m_sppPatrolPath +0x658c and m_sppPatrolPathHunt +0x6594 in that order; then a tail jump to CAI_BaseNPC::UpdateOnRemove 0x1027ca30. Ported as story 29d family SaveRestore10 with three species arms (CNPC_VCop 0x10371a90, CNPC_VMingXiao 0x10391230, CNPC_VNewscaster 0x103a03a0).
10295590	rule	10-18	hand:FElysiumNpc::NPC_EarlyTranslateActivity	slot 375, 295 bytes. CORRECTION to the earlier walk: BOTH delegates sit under ONE capability test. The listing puts 10295655 CALL [vt+0x804] and 1029565f TEST 0x8000000 in front of the reload arm AND the cover arm, so ACT_COVER is gated on 0x8000000 exactly as ACT_RELOAD_FAST is - the generated table had the ACT_COVER row predicated Always and is corrected with this body. Second correction: both frenzy rewrites goto past the ACT_FIDGET-to-ACT_IDLE test, so step 3 runs only when neither fired; unobservable, because 3 is in neither rewrite set, and recorded because the listing says so. Arms in order: the gait cvar DAT_10924d6c value 1 rewrites 9 and 0x1115 to 0x13 and value 2 rewrites 0x13 to 9; frenzy bit 0x40 rewrites the set {0x17, 9, 0x13, 0x16, 0x1115, 0x1121} to 0xf17 ELSE bit 0x20 rewrites {0x1115, 9, 0x16, 0x1121} to 0x13; 3 becomes 1; then under 0x8000000 request 0x55 RETURNS slot 570's answer and request 6, or 1 with m_afMemory bit 2 set, RETURNS slot 569's; otherwise the CBaseCombatCharacter tail, which is the identity.
102984a0	rule	10-18	hand:FElysiumNpc::OnObstructingDoor	PORTED 29d Motor10 (listing). THREE CORRECTIONS. (1) m_hOpeningDoor is +0x5d24 (LEA EBP,[EDI+0x5d24] at 102984e7), not +0x644c - +0x644c is m_eAlternateAI and +0x6450 m_flAlternateAIExpireTimer. (2) The -1 nav-position arm at 10298725 writes the RESULT pointer (MOV EDX,[ESP+0x3c] = argument 4), not the move goal; the decompiler's *param_1 = 0 is wrong. (3) The successful-splice arm writes moveGoal->+0x28 = distClear (MOV ECX,[ESP+0x30] argument 1, MOV EAX,[ESP+0x38] argument 3 at 1029870e), not +0x28 of the block slot 246 returned. Signature bool OnObstructingDoor(AILocalMoveGoal_t*, CBaseDoor*, float distClear, AIMoveResult_t*). Arms: null door DevMsgs No door given to OnUpcomingDoor() (the retail NAME in the literal) and answers false; the gate is maxDist >= distClear with an unordered compare also running the body; the held door answers result 0 / 0x100f0e70(door) / true; the squad focus (GetSquadFocus 0x103166b0 under m_iSquadDisconnected <= 0 && m_pSquad) answers -2 / 0x100f0e90(door,1) / true; GetState() (slot 464) == 4 NPC_STATE_SCRIPT with CapabilitiesGet() (slot 513) NOT carrying the full 0xd00 runs StopScheduledMove 0x102bf770, m_eAlternateAI = 4, expire = curtime + 3.0 (_DAT_10449258) and m_hOpeningDoor = door when distClear < 64.0 (_DAT_10451acc), and EITHER way answers 0 / clear / true; 0x1027f550 refusing answers -2 / 0x100f0e90(door,4) / true; TEST AH,0xd means ANY of 0xd00 and none answers FALSE with no write; door slot 246 (+0x3d8) is asked for a nav point with (door+0x4f8 == 2) and -1 answers result 0 / clear / true; the pathfinder 0x10304130 (CAI_Pathfinder::BuildLocalRoute, VProf scope 0x10611514) FOUND stamps the door handle into waypoint+0x24 and splices at navigator+0x30 +0x24 through 0x10319f30 - a failed splice falls out FALSE with no write; NOT FOUND gives up with 0x100f0e70 and false for toggle state 0 or 2, else takes the door and tries 0x10298840, whose FAILURE writes -2 with 0x100f0e90(door,0x40) and true and whose SUCCESS resets m_hOpeningDoor to -1, clears and answers FALSE. 0x100f0e70 is door->+0x644 = 0 and 0x100f0e90 is door->+0x644 |= bits. 0x1027f550 is ported in full: null answers false with NO flag write, (CapabilitiesGet() & 0xd00) != 0xd00 ORs 0x8, door->+0x640 > curtime ORs 0x10.
1029ca50	rule	10-18	hand:FElysiumNpc::DrawDebugGeometryOverlays	slot 123, read from the LISTING. Four m_debugOverlays masks then three unmasked blocks, in order. 0x400000 draws three cones through 0x1029c4a0 - mine (arg3 0.0, 0x40, 0xc0, 0x40, len 0x32, arg8 1), the m_hClosestPlayer one with m_flFieldOfView divided by that player's slot 0x74 (arg3 2.0, 0xc0, 0x40, 0, len 100, arg8 0) and a third from 0x1029ca30 (arg3 4.0, 0xff, 0, 0x80, len 0x96, arg8 0); the second call OVERWRITES the length and fov registers, so the third cone uses the player-scaled pair whenever a player resolved. 0x1000 draws the collision box through NDebugOverlay::BoxDirection 0x10144cd0 ORIENTED by m_vecForward +0x6290 at 128/0/0 alpha 40 when mins != maxs, then a +-10 NDebugOverlay::BoxAngles 0x10142b80 at the Bip01 bone with that bone's ANGLES at 128/0/0 alpha 40, then the collision box widened by m_vecAttackExtents +0x50 coloured 255/128/0 alpha 20 when that vector is not vec3_origin, then the +0x156c hull's box (255, 255, 64, 10) when it differs from m_eHull +0x1568. 0x20000000 draws two NDebugOverlay::Circle rings about the axis (1,0,0) whose RADII are min(+0x8b8, +0x8bc) at 255/255/32 alpha 128 and max(+0x8c0, +0x8c4) at 128/128/16 alpha 128, each of HEIGHT 0x42000000 = 32.0 - the earlier walk had the radius and the height the other way round, and CNPC_VMingXiao#123's 100/150/200/300 bands with their constant 8.0 settle it - or 2000.0 and 0.0 when unarmed. Then under the cvar DAT_10924f24 five +-2 boxes at 255/32/32 alpha 1 for 0.1 s at the enemy's slot 197 BodyTarget, which is NOISY, so the five points differ; retail passes an UNINITIALISED stack vector as that call's posSrc. Then, when m_pHintNode +0x5ddc is set and its m_nHintType +0x5dc is one of 100, 0x65, 0x283c, 0x283d or 0x27d8, two 200-unit BoxDirection facings at 255/0/0 alpha 50 with extents (0,0,-10) to (200,0,10), drawn from the hint origin plus m_vDefaultEyeOffset; the first yaw is MINUS the hint's +0x454 and the second PLUS it, except for type 0x27d8, where leaning left gives a bare +43.0 and the hint's own value (the negation is jumped past) and not leaning left gives minus the hint's value and -43.0. Then the relationship-line walk, gated on +0x6658 and NOT +0x63fd: every entity within 4096.0 units (0x100f8490 with mask 0x820) whose +0x9c is an NPC and is not me gets a line whose channel weights come from slot 404 - 1 to (4,1,1), 2 to (4,4,1), 3 to (1,4,1), 4 to (1,1,4), default (4,0,0) - each multiplied by (slot 405 IRelationPriority + 2) * 6 clamped to 0 below and 0x3f above, and a null +0x9c ENDS the walk rather than skipping the entity. +0x6658 is layout.md's m_bUnread6658, written zero by the Troika constructor 0x1028d230 and touched by nothing else in the corpus, so the arm is DEAD in retail. Finally chain CAI_BaseNPC::DrawDebugGeometryOverlays 0x10275760. Ported in ElysiumNpcKernelDebug10_2.cpp with the species arms CNPC_VCop 0x10372f00, CNPC_VMingXiao 0x10399d40 and CNPCMaker 0x1034bd30 dispatched from the same method.
1029d4e0	rule	10-18	hand:FElysiumNpc::DrawDebugTextOverlays	slot 124, 3754 bytes, read from the LISTING with every format string taken out of .rdata. Calls base CAI_BaseNPC::DrawDebugTextOverlays 0x102767d0 for the first free line and returns it unchanged unless m_debugOverlays bit 0 is set. DAT_1070b22c+0x8c is IndexOfEdict, not AddEntityTextOverlay: its answer is the first argument of NDebugOverlay::EntityText(index, line, text, 0.0, 255, 255, 255, 255) at 0x101434b0, which is why every block pushes eight dwords and cleans 0x20. Lines in order: "Seq: " plus the label, " / " and the activity name from GetSeqDesc(m_nSequence) or "(INVALID)"; "Cycle: %.2f"; when GetModelPtr is non-null three pose lines "move_yaw: %.3f", "aim_pitch: %.3f" and "aim_yaw: %.3" - the third string at 0x105d9c54 is MISSING its conversion character, a retail typo that drops the pose value it just computed; "ground speed: %.3f" from +0x654; "dist to player: %.3f" from +0x6264; "Disposition: %s" from 0x100ec410 over DAT_10924980; "pos: %5.1f, %5.1f, %5.1f" from slot 217 and "dir: %5.1f, %5.1f, %5.1f" from slot 219. Then, when m_debugOverlays and 0x10000000 is set and +0x5c38 is non-null, the condition dump: an "INT COND" header line first, then the +0x5c74 set mask and the +0x5c8c interrupt mask copied to the stack and walked ids 0 to 0x76, printing for each standing bit a 3-character abbreviation from slot 408 through "%s  " for the set arm and "!%s " for the interrupt arm, upper-cased for (10*4)/10 characters - and the two arms use OPPOSITE probes, the set arm upper-casing when HasCondition stands and the interrupt arm when it does NOT - flushed eight per line; then a "COND" header and the fixed 26-id watch list 0x40,0x46,0x01,0x47,0x48,0x49,0x4c,0x4f,0x51,0x08,0x5f,0x60,0x09,0x54,0x56,0x57,0x58,0x59,0x63,0x6d,0x6f,0x70,0x0a,0x0b,0x0c,0x0d through "%s ", eight per line, whose final flush is gated on the FIRST loop's saved count and 7 being unequal to 7 rather than on the watch list's own remainder, a retail bug that drops the last two entries whenever the bitfield loop ended with exactly seven pending. When the overlay bit is clear the block is replaced by a second "Enemy too far to attack" line on COND 0x55. Then "HG - %d : HB - %d" with m_LastHitGroup +0x1594 and the last CTakeDamageInfo's +0x40 (that is +0x664c, read by the four-byte 0x101c2a30). Then, gated on ConVar DAT_1092429c, the m_eAlternateAI switch 1..4 spelling EALTAI_OPEN_DOOR, EALTAI_WAIT_DOOR, EALTAI_BLOCKED_DOOR and EALTAI_SCRIPT_STOPPED_AT_DOOR with the REMAINING time m_flAlternateAIExpireTimer +0x6450 minus curtime, mode 0 and anything above 4 printing nothing. Finally the scene handle +0x6554: "Scene: %s time: %.2f" when the CChoreoScene at +0x4bc is live and "Scene: %s" when it is not, both of which RETURN out of the body, and "??? scene" otherwise; an unresolved handle prints nothing and does not advance the index. Returns the next free line index. Ported in ElysiumNpcKernelDebug10.cpp together with the base body 0x102767d0 and the five species arms CNPC_Crow 0x10358f90, CNPC_VHengeyokai 0x10383560, CNPC_VNewscaster 0x103a1250, CNPC_VTzimisce 0x103c08d0 and CNPC_VZombie 0x103e0e80, dispatched from the same method.
1029e750	rule	10-18	hand:FElysiumNpc::Slot359	slot 359 (vt+0x59c), the Auspex aura index CBaseCombatCharacter::UpdateAuspex 0x100532b0 uses as DAT_10937160[idx + IsKindred*8], treating a negative as no aura. Arms in retail order: EntityUnselectable true gives -1; m_iCurFrenzyCount +0x146c greater than 0 gives 4; m_bfAINPCFlags2 +0x14bc bit 0x80000 D_MILDLY_CRAZY gives 3 - and note that test comes BEFORE the state switch, so a mildly-crazy body never reads its state; otherwise switch on m_NPCState: 2 and 0xb give 1; 3 and 0xe give 7; 5, 6, 8, 9, 10 and 0xd give 0; 7 gives -1; the default arm with a non-null observer whose slot 404 IRelationType answers 1 D_HT gives 2, else 5. Seven of the switch's retail states have no member in this runtime's EElysiumNpcState and those arms are ported UNREACHABLE.
102ad340	rule	10-18	hand:FElysiumNpc::PreSelectIdealState	Ported as slot 460. CORRECTED: the COND_SEE_FEAR arm at 102ad3ef is a NESTED if, not an alternative - the INITIAL_FLEE bit 0x100 in m_bfAINPCFlags is armed only while m_NPCState is not already 8, and m_IdealNPCState = 8 is then written UNCONDITIONALLY (line 0x44b8). RECOVERED: +0x65cc is m_eForcedState, a raw NPC_STATE and not an order id - 0x102ae840 takes an NPC_STATE as its first argument and stores it there beside m_bForceStateChange and CHOOSE_NEW_SCHEDULE, and this slot is its only consumer; ElysiumAiScriptedSchedule.h described it as the director order id and is corrected at the declaration. The criminal bound is 0x1042fe90(0x3cf445af) = 2, computed and pinned by a test. Note the asymmetry at 102ad37a: the cover timer arms on HasInterruptCondition(0x46) and clears on plain HasCondition(0x48). Walked into docs/vtmb/npc-ai/conditions-and-states.md.
102b38b0	rule	10-18	hand:FElysiumNpc::QuerySeeEntity	slot 468, 159 bytes. Arms: return 0 when the debug byte DAT_10924fba (ignore-senses) is set, or when DAT_10924fb9 (ignore-players) is set and the candidate is non-null with a player record at +0xa8 (the null check sits inside that second arm only); then the frenzy-friend veto - when (m_bfNPCFrenziedFlags +0x5b84 and 0x800) == 0x800 and the candidate resolves equal to m_hFriendPlayer +0x60ac, return 0 - and it is AHEAD of the player arm, so a frenzied body does not see its friend at all; then any candidate carrying a player at +0xa8 returns 1 unconditionally, before any relationship test; otherwise dispatch IRelationType (slot 404, vt+0x650) and return 1 only for 1 (D_HT) and 2 (D_FR), and 0 for every other disposition including the default.
102b39a0	present	10-18	hand:FElysiumNpc::OnLooked	slot 469, 36 bytes, two statements only: call the base CAI_BaseNPC::OnLooked (0x1026a2c0) FIRST, then if HasCondition(0x54 COND_NEW_ENEMY) still stands after it, increment m_iEnemySightings (+0x60a8) by one. The port now runs both halves through the slot itself: FElysiumNpc::BaseOnLooked is the base body (whose text is ElysiumNpcCond::GatherSight) and the increment is the slot's own tail.
102b4630	rule	10-18	hand:FElysiumNpc::FVisible	slot 201, 232 bytes. A one-shot static init guarded by bit 0 of DAT_10923e2c resolves the discipline id for Dominate_BrainWipe through 0x101e1590 and 0x101e1870 into DAT_10924074. Then: a null target returns false and does NOT write the blocker out-param; when DAT_10924fba (ignore-senses) is set, write 0 through the blocker if one was passed and return false; when DAT_10924fb9 (ignore-players) is set and the target has a player record at +0xa8, same blocker write and false; otherwise dispatch slot 594 (vt+0x948)(target, mask, 0, 0) - with BOTH trailing arguments forced to 0, so the Troika line never hands slot 594 a blocker cell - and return false when it fails; then return false when this NPC carries the Dominate_BrainWipe status (0x1033d2f0 on DAT_10924074); finally defer to CBaseEntity::FVisible for the trace itself. The asymmetry of the three blocker writes is the reason this is rule and not present; the generated signature spells the third parameter by value, so the port COUNTS the write with the target it was made for rather than delivering it.
102b7fc0	rule	10-18	hand:FElysiumNpc::SelectScheduleRangedCombat	Ported as slot 605, the Troika line and the arm a plain npc_VCop reaches. Seven arms in retail order, every return stamping AI_BaseNPCTroika.cpp and the line: m_bInMelee giving 0xe3 (0x5d98); COND 0x08 and slot 307 and slot 599 on GetEnemy giving 0xe3 (0x5db2); COND 0x3c giving 0xb8 (0x5db7); the weapon pre-pass 0x102b8620 whenever non-zero; then the split on neither COND 0x5f nor COND 0x08 with 0x101e3f50(&DAT_10739a4c, THIS) false - slot 606, else COND 0x2e giving 0xbd (0x5dff), else COND 0x60 giving 0xb1 (0x5e04), else 0; otherwise neither COND 0x2f nor COND 0x63 - dodge 0x102b7f40 giving 0xef (0x5dd8), else melee and RandomInt(0,99) < 0x19 and slot 599 giving 0xe8 (0x5ddc), else 0xf0 (0x5de0); else dodge giving 0xb8 (0x5de9), melee plus slot 599 giving 0xe8 (0x5ded), else 0xb9 (0x5df1). The door helper and the taunt prologue are NOT offered on this line. Note the discipline gate subject: this line passes THIS, the human arm passes the enemy +0x9c. Walked into docs/vtmb/npc-ai/conditions-and-states.md.
102c21c0	rule	10-18	hand:FElysiumNpc::CanTalk	Slot 295's Troika-line body, 60 census classes, so hand: applies; CPayphone::CanTalk (0x101aaee0) is the one species override and is story 29c-1's PayphoneCanTalk, dispatched to. CORRECTS THREE FIELD NAMES in the pack walk, from the listing and from vtmb_fields CAI_BaseNPCTroika: m_iDialog is +0x128 (102c21d0, the authored dialogname key), m_bWillTalk is +0x1088 (102c221e) and m_bfNPCStateFlags is +0x5b64 (102c222c, bit 2) - the walk rotates all three. AND CORRECTS THE LAST GATE'S RECEIVER: 102c2291 is MOV EDX,[ESI] / PUSH EDI / MOV ECX,ESI / CALL [EDX+0x650], so slot 404 is dispatched on THIS NPC with the activator as the argument, not on the activator. Fourteen gates in the listing's order, every failure falling to XOR AL,AL at 102c22ad. Three seams stand for retail inputs with no source here - the activator's controller test 0x10175180, the cross predicate 0x10146b20 and the menu singleton 0x1023bd00 +0x4ac - and each answers the ADMITTING value.
102c2ec0	rule	10-18	hand:FElysiumNpc::SetScriptedDiscipline	Ported as slot 589. 830 bytes only because the type scan is inlined six times; the rule is short and the ORDER of its two-step writes is the behaviour because both intermediate states are observable. base = GetBase(list3, statId); a value ABOVE it looks up the type-2 buff list and, only when ITS GetBase is below the new value, Set(list2), then AddBase(list3, value - base) and only then Set(list3); a value BELOW it does Set(list3) FIRST and then SubBase(list3, base - value); an equal value writes nothing at all. Types 2 and 3 have no port container, so the seam records each write with its list type and the callers take the retail empty-global arm (DAT_109f0b40 reads 0).
102c4a60	rule	10-18	hand:FElysiumNpc::CanBeFedUponBy	slot 342, three arms. m_bInvincible (+0x63d8) refuses at once (retail clears only the low byte of EAX so the upper bits are stale; the bool is false). Then slot 293 GetFollowerBoss: when it stands AND it IS the feeder, the feed is refused unless HasMiscFlag(0x40000), which is name 18 of the 22 at 0x10619ec8, No_Resist_Feeding - so your own follower or ghoul may only feed on you while that flag stands. Otherwise it defers to CBaseCombatCharacter::CanBeFedUponBy 0x10339800, which NEVER READS THE FEEDER: CanBeFedUpon (0x10339a90, char template +0x95 == 0), NOT_FEEDABLE (flags2 0x8000000) clear, no live grapple (m_GrapplePartner resolving with m_GrappleRole not -1 refuses), slot 158 IsAlive, and IsUnconscious (0x10341aa0, m_iMiscFlags bit 0).
1034afe0	rule	10-18	FElysiumNpcMaker::Spawn	CNPCMaker#103 only, not a Troika-line slot, 261 bytes, ported as the base arm of FElysiumNpcMaker::Spawn (ElysiumNpcMaker.cpp) keyed on the maker classname, the shape that class already uses for slots 104/139/617/618. Listing order: the scope frame naming CBaseEntity::SetSolid and the targetname; SetSolid(SOLID_NONE) on m_Collision at +0x270; m_cLiveChildren at +0x66b0 = 0; slot 104 Precache through vt+0x1a0; m_bInfChild +0x66c3 forcing m_bFade +0x66c2 = 1; then on !m_bDisabled +0x66c0 ThinkSet(0x1000696a, which resolves through the thunk table to 0x1034bbf0) and m_flNextThink +0x17c = m_flSpawnFrequency +0x6664 + curtime, else ThinkSet(0x1000572c, which resolves to 0x101c0b60, a bare RET) with NO next-think stamp; then Relink 0x1001514a; then m_flGround at +0x66b8 = 0 last on both paths. CORRECTIONS to the walk: m_cLiveChildren is +0x66b0 and m_flGround is +0x66b8 (vtmb_fields CNPCMaker) - the walk has the two offsets the wrong way round; and m_Collision is +0x270 (1034b04c LEA ECX,[ESI + 0x270]), not +0x17c, which is m_flNextThink. The port now carries SetSolid (a seam), the Precache dispatch and Relink (a counted seam), which it did not before.
1034c020	rule	10-18	FElysiumNpcMaker::Spawn	CNPCMaker_Fleshpile#103 only. Byte-for-byte 0x1034afe0 with exactly one difference: 1034c0d6 PUSH 0x10010dd4 instead of PUSH 0x1000696a, and 0x10010dd4 resolves through the thunk table to 0x1034c8b0, the fleshpile think. Same prologue, same +0x66b0/+0x66b8 order, same inert think 0x1000572c on the disabled path, same Relink and same m_flGround zero last. Ported as the fleshpile arm of FElysiumNpcMaker::Spawn, selected by IsFleshpileMaker(). Carries the same two offset corrections as 0x1034afe0.
1034cc60	rule	10-18	FElysiumNpcMaker::Spawn	CNPCMaker_Zombie#103 only, 295 bytes, ported as the zombie arm of FElysiumNpcMaker::Spawn. Same prologue as 0x1034afe0 (scope frame, SetSolid on +0x270, m_cLiveChildren +0x66b0 = 0, Precache vt+0x1a0, m_bInfChild forcing m_bFade). Difference one: the enabled path installs 0x10015c4e, which resolves to 0x1034d2d0, and stamps m_flNextThink = RandomFloat(1.0, 2.0) + m_flSpawnFrequency + curtime (1034cd20 PUSH 0x40000000 / 1034cd25 PUSH 0x3f800000, the jitter added before the frequency and the clock), while the disabled path calls ThinkSet(0) - a NULL think, not the inert 0x1000572c the other two install - and the two branches join at 1034cd51 so Relink and m_flGround +0x66b8 = 0 run on BOTH. Difference two: it writes 0xf423f (999999) into all five police thresholds on itself, after m_flGround and in offset order: m_iPLInvestigateLevel +0x6348, m_iPLCriminalFleeLevel +0x634c, m_iPLCriminalAttackLevel +0x6350, m_iPLSupernaturalFleeLevel +0x6354, m_iPLSupernaturalAttackLevel +0x6358. Same two offset corrections as 0x1034afe0. GAP, named: ElysiumNpcClasses.cpp registers no npc_maker_zombie leaf, so the arm is unreachable at runtime and is driven through SetZombieMakerForTests.
10358f90	rule	10-18	FElysiumNpc::DrawDebugTextOverlays	CNPC_Crow#124 only, a species slot with no Troika-line entry, 259 bytes. Calls the base CAI_BaseNPC::DrawDebugTextOverlays (0x102767d0) for the starting line index and returns it unchanged when m_debugOverlays bit 0 is clear. Otherwise line N is Q_snprintf(morale: %d, m_nMorale at +0x5f50) pushed through AddEntityTextOverlay (DAT_1070b22c+0x8c) with colour 0, 0xff, 0xff, 0xff, and the return becomes N+1; then, only when GetEnemy (slot 167, vt+0x29c) is non-null, line N+1 is enemy: dist: %s %g built from the enemy's GetClassname and the cached enemy distance at +0x5f4c (retail evaluates the float argument BEFORE re-dispatching GetEnemy for the classname), and the return becomes N+2. No crow debug body exists in the port. CONVENTION: species arm of slot 124's FElysiumNpc::DrawDebugTextOverlays keyed on IsRetailClass(CNPC_Crow) (npc_crow, ElysiumNpcKernelShape.cpp:4349); relative to the base it chains CAI_BaseNPC::DrawDebugTextOverlays 0x102767d0 and NOT the Troika 0x1029d4e0, and ADDS two lines under m_debugOverlays bit 0 - morale, then the enemy classname with the cached distance - each advancing the returned line index.
10359f70	rule	10-18	FElysiumNpc::Precache	CGeneric_NPC#104 only - the Troika-line CGeneric_NPC, a different class from CGenericNPC whose 0x1034aa40 the port already carries as FElysiumNpc::GenericNpcPrecache, hence the distinct name. 223 bytes: read the model keyfield through slot 9 (vt+0x24) and, when the string pointer is null or the string is empty, SetModelName (vt+0x350) to models/character/npc/sabbat/sabb... (the -(s[0] != 0) and addr idiom yields a null pointer for an empty literal); then re-read the keyfield and PrecacheModel it with preload 0; then PrecacheScriptSound over npc/metropolice/alert1.wav, npc/metropolice/surprise1.wav and npc/metropolice/die1.wav, then the four-entry npc/citizen/pain1..4 table walked as 0x10 bytes in steps of 4; and only then call CAI_BaseNPCTroika::Precache (0x10298ad0) LAST, unlike every other Precache in this pack. Port ElysiumNpcKernelSounds.cpp:200 carries these four tables as vocalization data but no Precache body. ARGUED: CGeneric_NPC is in the 77-class tree (classes.md, CAI_BaseNPCTroika, 617 slots) with entity classname npc_generic (CGeneric_NPC_Classnames), so the lookup keys on it and the arm belongs on slot 104's FElysiumNpc::Precache with the other species arms; the coined name existed only to separate it from CGenericNPC 0x1034aa40, and IsRetailClass(CGeneric_NPC) makes that distinction without a second method. Relative to the base it chains CAI_BaseNPCTroika::Precache 0x10298ad0 LAST rather than first, which is this arm's one ordering fact.
1035cb90	rule	10-18	FElysiumNpc::Precache	CNPC_VAndreiBlood#104 only, 111 bytes, and unlike CGeneric_NPC it calls the base CAI_BaseNPCTroika::Precache (0x10298ad0) FIRST. Then three PrecacheScriptSound calls in order - Character/Boss/Andrei/TeleportOut.wav, Character/Boss/Andrei/TeleportIn.wav, Character/Boss/Andrei/Summon.wav - then three particle-emitter precaches through DAT_1070b22c+0x44 with the preload flag 1: Andrei_Teleport_Out_Emitter, Andrei_Teleport_In_Emitter, Andrei_Summon_Emitter. The asset list, the sound-before-emitter split and the preload flag are the retail data a later story reads; no body in the port. CONVENTION: species arm of slot 104 keyed on IsRetailClass(CNPC_VAndreiBlood); relative to the base it chains CAI_BaseNPCTroika::Precache 0x10298ad0 FIRST and then APPENDS its three teleport and summon sounds and three preload-1 emitters, changing nothing the base does.
10360bc0	rule	10-18	FElysiumNpc::Precache	CNPC_VAsianVampire#104 only, 106 bytes. Pushes a scope-trace frame naming CNPC_VAsianVampire::Precache with two empty operands, calls CAI_BaseNPCTroika::Precache (0x10298ad0) first, then exactly one UTIL_PrecacheOther (0x101d0ec0) for the weapon entity item_w_avamp_blade, then pops the frame. That single weapon is the whole species payload; no body in the port. CONVENTION: species arm of slot 104 keyed on IsRetailClass(CNPC_VAsianVampire); relative to the base it chains 0x10298ad0 FIRST and then APPENDS exactly one UTIL_PrecacheOther for item_w_avamp_blade - that single weapon is the whole species payload.
103620d0	rule	10-18	FElysiumNpc::SelectScheduleRangedCombat	Ported as the CNPC_VAsianVampire species arm of slot 605, keyed on IsRetailClass and dispatched from inside the one slot method. Confirmed: it replaces the Troika base wholesale, answers 0xf0 where the base answers 0xb8 for COND 0x3c (line 0x289), and is the SHORTEST of the six - no dodge helper, no slot-606 arm, no cover-hint arm, and it offers NEITHER the door helper NOR the taunt prologue, only the weapon pre-pass. Arms: m_bInMelee giving 0xe3 (0x26a); the COND 0x08 triple giving 0xe3 (0x284); COND 0x3c giving 0xf0 (0x289); 0x102b8620; COND 0x5f or COND 0x08 with neither COND 0x2f nor COND 0x63 giving 0xf0 (0x2af); SEE_ENEMY and not 0x48 and not 0x60 giving 0xf0 (0x2e5); COND_ENEMY_UNREACHABLE taking GetJumpSchedule (0x2ce), else 0xe8 (0x2d2). Walked into docs/vtmb/npc-ai/conditions-and-states.md.
103637b0	rule	10-18	FElysiumNpc::Precache	CNPC_VBach#104 only, 124 bytes: CAI_BaseNPCTroika::Precache (0x10298ad0) first, then three UTIL_PrecacheOther (0x101d0ec0) calls for item_w_grenade_frag, item_w_katana and item_w_rem_m_700_bach in that order, then five PrecacheScriptSound calls for Character/Boss/Bach/bach_grenade, bach_shield, bach_camp, bach_holy_light and snipe_warn6. The weapons-before-sounds order and the exact five-sound set are the retail data; no body in the port. CONVENTION: species arm of slot 104 keyed on IsRetailClass(CNPC_VBach); relative to the base it chains 0x10298ad0 FIRST and then APPENDS three weapons before five Character/Boss/Bach sounds - the weapons-before-sounds order is this arm's fact.
1036ae60	rule	10-18	FElysiumNpc::Precache	Fills three species slots - CNPC_VChangBros#104, CNPC_VChangBrosBlade#104 and CNPC_VChangBrosClaw#104 - so all three Chang forms share this one 262-byte body. Scope-trace frame, CAI_BaseNPCTroika::Precache (0x10298ad0) first, then seven emitter precaches through DAT_1070b22c+0x44 with preload 1 in order: chang_teleport_in_emitter, chang_teleport_out_emitter, chang_powerup_emitter, chang_spine_emitter, chang_center_emitter, chang_blast_emitter, chang_ball_charge_emitter; then four UTIL_PrecacheOther calls: item_w_chang_claw, item_w_chang_blade, item_w_chang_energy_ball, item_w_chang_ghost; then pop the frame. Nothing in the port. CONVENTION: one body fills CNPC_VChangBros#104, CNPC_VChangBrosBlade#104 and CNPC_VChangBrosClaw#104, so the arm on slot 104's FElysiumNpc::Precache is keyed on IsRetailClass(CNPC_VChangBros) and DerivesFrom covers the two leaf forms; relative to the base it chains 0x10298ad0 FIRST and then APPENDS seven preload-1 emitters and four weapons.
10372b70	rule	10-18	FElysiumNpc::IRelationType	CNPC_VCop#404, a species arm of slot 404's port method, three arms in front of the Troika base. A null candidate answers 0 D_ER rather than reaching the base; the class-static provoker DAT_1093ac3c with expiry _DAT_1093aca8 (family Senses10's CopSuspectHandle and CopSuspectExpiry) answers 1 D_HT while curtime is below it; a candidate carrying a player record at +0xa8 answers 1 on 0x1017f8d0 (curtime below m_flHeightenedAlertExpireTimer +0x1d1c) or on 0x1017f770 (m_iCopsInPursuitCount +0x1d10) greater than 0; otherwise it chains 0x10299da0 through a DIRECT thunk, so the base body's own virtual +0x650 calls re-enter this arm. UNREACHABLE through the census dispatcher today: CNPC_VCop's classname list is null, so a spawned npc_VCop has a null RetailClass and correctly takes the Troika line.
10378470	rule	10-18	FElysiumNpc::Precache	CNPC_VGargoyle#104 only, 258 bytes: CAI_BaseNPCTroika::Precache (0x10298ad0) first, then nine PrecacheModel calls with preload 1 for the gargoyle body variants at 0x1063a808 down to 0x1063a550 in descending address order, then a four-entry stomp sound table walked as 0x10 bytes in steps of 4 from PTR_s_character_monster_gargoyle_stomp (0x10639480), then a three-entry exert table walked as 0xc bytes from 0x10639490, then one PrecacheScriptSound for character/monster/gargoyle/roar2, then UTIL_PrecacheOther item_w_gargoyle_fist. The nine-model preload set and the 0x10 and 0xc table lengths are the retail data a later vocalization story reads; nothing in the port. CONVENTION: species arm of slot 104 keyed on IsRetailClass(CNPC_VGargoyle); relative to the base it chains 0x10298ad0 FIRST and then APPENDS nine preload-1 body models in descending address order, a 0x10-byte stomp table, a 0xc-byte exert table, roar2 and item_w_gargoyle_fist.
1037b1a0	rule	10-18	FElysiumNpc::Precache	CNPC_VGhoulCroucher#104 only, 55 bytes and the shortest Precache in the pack: CAI_BaseNPCTroika::Precache (0x10298ad0) first, then UTIL_PrecacheOther item_w_claws_ghoul, then two PrecacheModel calls with preload 0 for the two Malkavian ghoul models at 0x1063b088 and 0x1063b028. The two models are what makes the male/female split in its SetModel sibling (0x1037b1f0) reachable. Nothing in the port. CONVENTION: species arm of slot 104 keyed on IsRetailClass(CNPC_VGhoulCroucher); relative to the base it chains 0x10298ad0 FIRST and then APPENDS only item_w_claws_ghoul and the two preload-0 Malkavian ghoul models that make its SetModel sibling's male/female split reachable - the shortest Precache arm in the band.
1037b1f0	rule	10-18	FElysiumNpc::SetModel	CNPC_VGhoulCroucher slot 105, 119 bytes, byte-identical to CNPC_VZombie's 0x103e0540 and ported as one body told apart by the arm's address. The Troika base 0x10298ce0 runs FIRST - so the model write, the hull and the eye all happen before IsMale is ever asked - then CBaseCombatCharacter IsMale selects m_iszVSoundGroup +0xc0 Zombie_Male or Zombie_Female, then +0xbc takes the literal 2 unconditionally, then 0x101f55a0 over DAT_1073dc28 with the create flag CLEAR resolves the group into +0xb4.
1037f960	rule	10-18	FElysiumNpc::Precache	CNPC_VHengeyokai#104 only, 115 bytes: CAI_BaseNPCTroika::Precache (0x10298ad0) first, then a four-entry stomp sound table walked as 0x10 bytes in steps of 4 from PTR_s_character_monster_hengeyokai_stomp (0x1063bd94), then a three-entry exert table walked as 0xc bytes from 0x1063bda4, then PrecacheModel of the Hengeyokai model at 0x1063f444 with preload 0, then the Hengeyokai_freeze_emitter through DAT_1070b22c+0x44 with preload 0 rather than the 1 that Andrei, Chang and ManBat use, then UTIL_PrecacheOther item_w_hengeyokai_fist. Nothing in the port. CONVENTION: species arm of slot 104 keyed on IsRetailClass(CNPC_VHengeyokai); relative to the base it chains 0x10298ad0 FIRST and then APPENDS the 0x10-byte stomp and 0xc-byte exert tables, the model with preload 0, the freeze emitter with preload 0 rather than the 1 Andrei, Chang and ManBat use, and item_w_hengeyokai_fist.
10386560	rule	10-18	FElysiumNpc::SelectScheduleRangedCombat	Ported as the shared CNPC_VHuman arm of slot 605, keyed on IsRetailClass and inherited by 35 other species; it replaces the Troika base wholesale and never chains it. It differs from 0x102b7fc0 in three places and no more: a cover-hint arm in second position (an empty m_pShootAtHint +0x6444 filled from slot 609 vt+0x984 with argument 0, and when it is STILL empty the arm is skipped entirely, otherwise not COND 0x2f gives 0xec, line 0x6e4); two extra helpers in step 4, so the order is 0x102b8620 then 0x102b7370 SelectDoorObstructionSchedule then 0x102b7cf0; and the 0x101e3f50 discipline gate applied to the enemy +0x9c rather than to this body. Lines 0x6cf, 0x6e4, 0x6e9, 0x6ee, 0x736, 0x73b, 0x70f, 0x713, 0x717, 0x720, 0x724, 0x728. Walked into docs/vtmb/npc-ai/conditions-and-states.md.
10388bb0	rule	10-18	FElysiumNpc::IRelationType	CNPC_VHunter#404, a species arm of slot 404's port method and strictly smaller than the cop's: a null candidate answers 0 D_ER, the hunter class's own static grudge DAT_1093b650 with expiry _DAT_1093b658 answers 1 D_HT, and everything else chains 0x10299da0. NO player-side arms at all - no heightened-alert timer and no cops-in-pursuit count - so a hunter's extra hostility comes only from that one shared thirty-second timer.
1038aec0	rule	10-18	FElysiumNpc::Precache	CNPC_VManBat#104 only, 280 bytes and the longest Precache here: CAI_BaseNPCTroika::Precache (0x10298ad0) first, then a four-entry manbat model table walked as 0x10 bytes in steps of 4 from 0x10640ce0 with preload 0; then four emitter precaches with preload 1 in order Manbat_screechcone_emitter, Manbat_player_emitter, HUD_Manbat_emitter, Manbat_blast_player; then three three-entry sound tables each walked as 0xc bytes from 0x10640d10, 0x10640d1c and 0x10640d28; then two single PrecacheScriptSound calls at 0x10642b2c and 0x10642afc; then sheriff_teleport_emitter precached TWICE in a row with preload 1, a retail duplicate that is kept; then UTIL_PrecacheOther item_w_manbat_claw. The first four emitter names are exactly the four the screech-cone body 0x1038e9c0 spawns. Nothing in the port. CONVENTION: species arm of slot 104 keyed on IsRetailClass(CNPC_VManBat); relative to the base it chains 0x10298ad0 FIRST and then APPENDS the four-model table, four preload-1 emitters, three 0xc-byte sound tables, two single sounds, sheriff_teleport_emitter TWICE - a retail duplicate the arm keeps - and item_w_manbat_claw.
1038e9c0	rule	10-18	FElysiumNpc::ManBatStartScreechCone	no vtable slot; one direct caller, CNPC_VManBat::StartTask 0x1038c390. Order: when the handle at +0x66a4 still resolves, UTIL_Remove that emitter and null it; spawn Manbat_screechcone_emitter at slot 217 GetAbsOrigin, store it at +0x66a4, attach at bone Bip01 Jaw mode 1 and start it. Then only for a target that carries a PLAYER record at +0xa8 AND a combat view at +0x9c: UTIL_ScreenShake around MY OWN slot 220 GetOrigin with 2.5, 0.2, 3.0, 0.0, 0, 0; the push 0x10344f80(victim, targetOrigin minus myOrigin, 2, 0); then, only when the slow stamp +0x6684 still equals _DAT_1044fab0, BeginSlowEntity(victim, 500.0); restamp +0x6684 = curtime + RandomFloat(15.0, 25.0); cache the victim's handle into +0x6680; when +0x669c holds nothing spawn Manbat_player_emitter at the target's origin on Bip01 Spine mode 1 and start it; the same for Manbat_blast_player at +0x66a8; then when inventory slot 0 resolves an item and +0x66a0 is stale spawn HUD_Manbat_emitter attached to THAT ITEM at mode 0xe with an empty bone, start it, and set the spawned emitter's +0x4a1 byte to 1; finally OR bit 0 into the player's +0x2454. VALUE RECOVERED: _DAT_1044fab0 is a DOUBLE 0.0, since 103c1db6 is FCOMP double ptr.
10392660	rule	10-18	FElysiumNpc::Precache	CNPC_VMingXiao#104 only, 255 bytes: CAI_BaseNPCTroika::Precache (0x10298ad0) first, then eleven emitter precaches through DAT_1070b22c+0x44 all with preload 0 in this order - Ming_xiao_slimetrail_emitter, Ming_xiao_slimetrail_emitter2, Ming_xiao_tentacle_damage_emitter, Ming_xiao_tentacle_burst_emitter, Ming_xiao_death_emitter, Ming_xiao_death_emitter2, Ming_xiao_death_proxy_emitter, Ming_xiao_death_proxy_emitter2, Ming_xiao_vomit_emitter, Ming_xiao_transform_emitter, Ming_xiao_transform_emitter2; then a single PrecacheScriptSound from the move table at 0x1064339c; then three UTIL_PrecacheOther calls for item_w_mingxiao_melee, item_w_mingxiao_tentacle and item_w_mingxiao_spit. Nothing in the port. CONVENTION: species arm of slot 104 keyed on IsRetailClass(CNPC_VMingXiao); relative to the base it chains 0x10298ad0 FIRST and then APPENDS eleven emitters ALL with preload 0, one move sound and three weapons.
103967d0	rule	10-18	FElysiumNpc::SelectScheduleRangedCombat	Ported as the CNPC_VMingXiao species arm of slot 605. Confirmed: the human skeleton with three changes - there is NO COND 0x3c arm at all, there is NO 0x101e3f50 discipline gate in front of the slot-606 branch, and the dodge decision is INLINED. CORRECTED on the inline: it is only the FIRST arm of 0x102b7f40 (SelectWeightedSequence(0x10,-1) non-zero AND not COND_STOP_BACKUP 0x2c AND RandomInt(0,99) < 0x4b) - the discipline arm and the COND 0x3c arm of that helper are NOT inlined, which is why this is not a call to it. Lines 0xb12, 0xb27, 0xb2c, 0xb6e, 0xb73, 0xb49, 0xb4d, 0xb51, 0xb58, 0xb5c, 0xb60. Walked into docs/vtmb/npc-ai/conditions-and-states.md.
1039c220	rule	10-18	FElysiumNpc::Precache	CNPC_VMingXiaoTentacle slot 104: if slot 9 GetClassname/name string is empty it first SetModelName (vtable +0x350, slot 212) to "models/character/monster/mingxia..." (0x1064a340, NULLed when the literal is empty); then the Troika base Precache 0x10298ad0; then three PrecacheModel calls (engine +0x34, preload 0) whose returned model indices are stored to m_iModeIndexTentacleToGrub +0x6664 and m_iModeIndexGrub +0x6668 (both from 0x1064a2f0) and m_iModeIndexGrubToProxy +0x666c (from 0x1064a2a0); then PrecacheParticle (+0x44) for Ming_xiao_tentacle_transform, Ming_xiao_baby_transform and Ming_xiao_baby_death emitters and two sounds from 0x106477c8/0x106477cc. The three model indices are state later bodies read.
103a03e0	rule	10-18	FElysiumNpc::Precache	CNPC_VNewscaster slot 104: the Troika base Precache 0x10298ad0 first, then two directory sound precaches through 0x101d0f10 over "sound/character/conversations/newscaster..." (0x1064aa08), once with the extension pattern DAT_10548ed4 and once with DAT_10598a30; 0x101d0f10 rejects a name whose first 3 chars match DAT_105a0410 or whose first char matches DAT_105a040c, then walks FindFirst/FindNext on "%s/*%s" and precaches each non-directory hit. No field writes.
103a2930	rule	10-18	FElysiumNpc::IRelationType	CNPC_VPedestrian#404, a species arm of slot 404's port method, three arms: a null candidate answers 0 D_ER; a candidate whose +0x9c NPC carries D_INSANE (m_bfAINPCFlags2 0x20000) answers 2 D_FR WITHOUT consulting the relationship table at all; everything else chains 0x10299da0. Pedestrians fear the insane, and dialogue and the flee schedules read that through slot 404.
103a38c0	rule	10-18	FElysiumNpc::PedestrianCreateCorpse	CNPC_VPedestrian slot 301: BEFORE the base it snapshots the collision OBB through m_Collision vtable +4 into m_vecPreDeathMins +0x6660 and +8 into m_vecPreDeathMaxs +0x666c; then CBaseCombatCharacter::CreateCorpse; then ThinkSet(NULL, 0.0, NULL), which CLEARS the think function; then SetSolid(SOLID_NONE) on the collision under a CBaseEntity::SetSolid scope-trace frame. The order is load-bearing - the base resizes the hull. NOT WIRED to slot 301: the Troika-line body 0x1032c0e0 is a layer-14 row with no verdict, so gen_kernel_shape still emits its stub and there is no port method to hang the species case on; the body lands under its recovered name and the gap is reported.
103a6ab0	rule	10-18	FElysiumNpc::Precache	CNPC_VSabbatLeader slot 104: scope-trace push, Troika base Precache 0x10298ad0, PrecacheModel(+0x34, preload 1) for "models/character/monster/Andrei_transformed..." and "models/character/npc/unique/hollywood...", then a 7-entry sound table at 0x1064c480 (byte loop to 0x1c) and a 3-entry table at 0x1064c49c (to 0xc), then seven single Character_Monster_Andrei_Transformed sounds, PrecacheParticle(+0x44, 1) for Andrei_powerup_emitter and Andrei_blast_emitter, and UTIL_PrecacheOther 0x101d0ec0 for "item_w_sabbatleader_attack" (spawn by classname, call its slot 104, remove). ElysiumNpcKernelSounds.cpp:234 already carries the two tables as data; the models, emitters and weapon precache are not ported.
103ae540	rule	10-18	FElysiumNpc::Precache	CNPC_VSheriffMan slot 104: scope-trace push, Troika base Precache 0x10298ad0, PrecacheModel("models/character/monster/manbat...", preload 1), then PrecacheParticle(+0x44, 1) for sheriff_landblast_emitter once and sheriff_teleport_emitter TWICE with the identical string 0x10642adc (a retail duplicate, reproduce it), then UTIL_PrecacheOther("item_w_sheriff_sword"). No field writes.
103afdb0	rule	10-18	FElysiumNpc::SelectScheduleRangedCombat	Ported as the CNPC_VSheriffMan species arm of slot 605, the longest of the six because it offers the three helpers as three separate tests rather than one chained condition. Its two own differences: NO slot-606 arm at all - where every other body reaches vt+0x978, the sheriff branch is COND_SEE_ENEMY and not 0x48 and not 0x60 which DECLINES (103aff56), otherwise COND_ENEMY_UNREACHABLE giving 0x15a (line 0x314), else 0xe8 (0x31a), and 0x15a is a number no other slot-605 body names; and the same inlined first-arm-only dodge as Ming Xiao at 0x4b. Lines 0x2b1, 0x2cb, 0x2d0, 0x314, 0x31a, 0x2ed, 0x2f1, 0x2f5, 0x2fc, 0x300, 0x304. Walked into docs/vtmb/npc-ai/conditions-and-states.md.
103b41e0	rule	10-18	FElysiumNpc::Precache	CNPC_VTest slot 104: precaches death1, alert1, idle1, then the 4-entry pain table at 0x10652194 (byte loop to 0x10), then fear1, lostenemy1, foundenemy1, surprise1 (called with ONE argument, a retail stack quirk) and knockout1, and only THEN the Troika base Precache 0x10298ad0 with a NULL argument. The base-last ordering is this body's distinguishing fact; ElysiumNpcKernelSounds.cpp:216 already carries the eight lists as data but nothing runs the precache or the ordering.
103b8fa0	rule	10-18	FElysiumNpc::Precache	CNPC_VTzimisce slot 104: a 6-entry spiderchick sound table at 0x106530fc (byte loop to 0x18), a 3-entry table at 0x10653114 (to 0xc), UTIL_PrecacheOther 0x101d0ec0 for "item_w_tzimisce_melee", and only then the Troika base Precache 0x10298ad0 with the incoming argument. Base-last, like CNPC_VTest and unlike its siblings. Oracle: docs/vtmb/footsteps.md:902.
103c1400	rule	10-18	FElysiumNpc::Precache	CNPC_VTzimisceHeadClaw slot 104: Troika base Precache 0x10298ad0 first, then PrecacheParticle(+0x44, 1) for Tzim2_powerup_emitter, Tzim2_blast_emitter, Tzim2_player_emitter and HUD_Tzim2_emitter (the four the slot-332 grab body later spawns by name), then three sound tables at 0x1065ca68 (to 8), 0x1065ca70 (to 8) and 0x1065ca78 (to 0xc), then the two single Slug sounds 0x1065d474 and 0x1065d43c, then UTIL_PrecacheOther for "item_w_tzimisce2_claw" and "item_w_tzimisce2_head".
103c1d80	rule	10-18	FElysiumNpc::Slot332	CNPC_VTzimisceHeadClaw slot 332 (the base 0x1014f890 is return;). OFFSETS CORRECTED from the listing: m_flSlowedExpire is +0x6678 (103c1db0), m_hSlowedEntity +0x6674 (103c1e02), the player emitter +0x667c (103c1dfc) and the HUD emitter +0x6680 (103c1ff2) - the earlier walk swapped the first two and shifted the last two. Guarded on a target that carries a PLAYER record at +0xa8 AND a combat view at +0x9c, so slot 332 is player-only. Steps: BeginSlowEntity(victim, 500.0) only while the expiry equals the DOUBLE 0.0 _DAT_1044fab0; m_flSlowedExpire = curtime + RandomFloat(5.0, 8.0), the bounds RECOVERED at 103c1dd5 as PUSH 0x41000000 then PUSH 0x40a00000; latch the victim's handle; with the particle handle dead spawn Tzim2_player_emitter at the victim's slot-217 origin, attach at bone Bip01 Spine mode 1 and start it; emit Character/Monster/TC_FatGuy/Sluge_Hit.wav on channel 4 then Sluge_Affected.wav on channel 3, both volume 1.0 attenuation 0.8 pitch 100 from the victim's slot-222 origin - BOTH STRINGS RECOVERED, the walk named neither; with inventory slot 0 holding an entity and the HUD handle dead spawn HUD_Tzim2_emitter attached to THAT ITEM at mode 0xe with an empty bone; finally the 2-D distance between the two slot-217 origins at or above _DAT_104cd108 raises SetCondition(0x35). VALUE RECOVERED at 0x4cd108: a DOUBLE 240.0, since 103c20dc is FCOMP double ptr.
103c31e0	rule	10-18	FElysiumNpc::Precache	CNPC_VTzimisceRunner slot 104: Troika base Precache 0x10298ad0 first, then four sound tables walked as byte loops -- 0x1065d680 to 8 (2 entries), 0x1065d688 to 8 (2), 0x1065d690 to 0x10 (4 breath) and 0x1065d6a0 to 0xc (3 exert) -- then UTIL_PrecacheOther for "item_w_tzimisce3_claw". No field writes.
103cb2a0	rule	10-18	FElysiumNpc::Precache	CNPC_VWerewolf slot 104: scope-trace push carrying GetDebugName from m_iName +0x26c ("NULL_ENTITY" when this is null); Troika base Precache 0x10298ad0; two directory sound precaches (0x101d0f10, pattern DAT_10598a30) over "sound/Character/Monster/Werewolf" and "sound/Area/Special/Observatory"; then three state writes -- +0xbc = 2, m_iszVSoundGroup +0xc0 = "Werewolf" (0x106618d8, NULLed when the literal is empty), and the sound-group table lookup 0x101f55a0(&DAT_1073dc28, this, group, 0) into +0xb4; then the 4-entry footstep table at 0x1065f4d0 (to 0x10), UTIL_PrecacheOther("item_w_werewolf_attacks"), and the two single sounds dev_ww_tele_out.wav and dev_ww_tele_in.wav. The +0xb4/+0xbc/+0xc0 triple is the same sound-group binding CNPC_VZombie::SetModel makes.
103dd880	rule	10-18	FElysiumNpc::IRelationType	CNPC_VYukie#404, a species arm of slot 404's port method, read off the listing because the C hides the return: MOV EAX,[ESP+4] then TEST EAX,EAX then JNZ, and a null candidate RETs with EAX still holding that null, i.e. 0 D_ER; anything else is JMP 0x10001adc, a tail jump to 0x10299da0 unchanged. The whole species override is the null guard.
103df120	rule	10-18	FElysiumNpc::Precache	CNPC_VZombie slot 104: Troika base Precache 0x10298ad0 first, then PrecacheParticle(+0x44, 0) for zombie_headshot_death_emitter and zombie_headshot_dmg_emitter, then UTIL_PrecacheOther 0x101d0ec0 for "item_w_zombie_fists". The two headshot emitters are the assets the zombie head-damage arm names.
103e0540	rule	10-18	FElysiumNpc::SetModel	CNPC_VZombie slot 105, the same 119 bytes as CNPC_VGhoulCroucher's 0x1037b1f0 and the same one port body. Same three writes CNPC_VWerewolf Precache makes, rebound on every model change rather than once at precache.
103e0fa0	rule	10-18	FElysiumNpc::ShouldPlayIdleSound	CNPC_VZombie#509, ported as the species arm of slot 509's one port method. It REPLACES the Troika body 0x10294040 wholesale - no IsInDialog refusal, no m_NPCState test and no SF_NPC_GAG test at all - and its own arms are m_bIsBCCTargetable clear, a live m_hDialogPartner +0xfe8, IsBusyWithDiscipline, then a weight of 999 that drops to 20 (a 1-in-21 roll) when the running schedule's slot-447 local id is 0x12f, in which case the float-sound arm is SKIPPED; otherwise slot 510 true plays slot 507 and returns FALSE, and only then does RandomInt(0, weight) equal to 0 decide.
101aabf0	rule	10-18	FElysiumNpc::PayphoneThink	Slot 431, CPayphone#431 only; ported as FElysiumNpc::PayphoneThink, a prologue FElysiumNpc::Think dispatches and returns on, because CPayphone's slot 431 REPLACES the Troika NPCThink outright and never calls it. Listing order: slot 250 StudioFrameAdvance(0.0) with its float discarded (101aac07 FSTP ST0); then if m_hDialogPartner +0xfe8 resolves live, the dialogue upkeep tick 0x102c1400 unconditionally, then ONLY on an activity change SetIdealActivity(partner) + m_nSequence +0x6f0 = SelectWeightedSequence(that,-1) + ResetSequenceInfo 0x10090950, then on EVERY pass m_flCycle +0x6f8 = the partner's, then m_flNextThink = curtime + _DAT_10450aa4, and return; otherwise IsInDialog 0x102c1170 gates only the tick, SetIdealActivity(1 = ACT_IDLE) runs unconditionally, and m_flNextThink = curtime + _DAT_1044bef8. CORRECTIONS: +0xff0 is m_IdealActivity, not m_Activity, and +0x6f8 is m_flCycle (vtmb_fields CAI_BaseNPCTroika), so the mirror copies the partner's animation PHASE every pass and that is why the arm clocks at 0.01 s against the idle arm's 0.25 s. RDATA read out of the pinned vampire.dll: _DAT_10450aa4 = 0.01f (file offset 0x450aa4) and _DAT_1044bef8 = 0.25f (0x44bef8). SEAM: m_hDialogPartner has no writer in this runtime (the port carries the partner as the open session, not a handle), so the field is declared at its retail offset and answers nothing, which takes retail's own no-partner arm. 0x102c1400 is counted, not ported: it is no row of this family.
10268900	rule	10-18	hand:FElysiumNpc::FireBullets	Slot 185, the shared FireBullets body, 1212 bytes. Order: 1 m_pBaseNPCTroika (+0x98) set, decrement its m_iFakeReloadCount (+0x65f0); 2 info+0x58 = GetAmmoDef()->Flags(info+0x8c) through DAT_1070ba0c vt+0xdc then 0x104276a0, which answers 0 for an out-of-range index; 3 default info+0x94 attacker to this; 4 push the two trace filters 0x101c2c60 and 0x101c2c30 and set DAT_1072cb48 = flags or 0x1000; 5 CORRECTION: 0x10138a90 is VectorVectors, not AngleVectors - it builds right = normalize(f.y, -f.x, 0) and up = normalize(cross(right, f)) from the SHOOTING DIRECTION at info+0x14, with a degenerate arm for f.x == f.y == 0 that answers right (1,0,0) and up (0, -f.z, 0) unnormalized; 6 open a per-victim tally; 7 for each of info[0] repeats, for each of info[1] bullets: copy the forward into info+0x20, add the UNSCALED spread offset 0x10268170 unless the ammo flag 0x2000000 is set - CORRECTION: +0xa8 is m_pPlayer, so for an NPC shooter the flag alone decides and the player arm is dead - then endpoint info+0x2c = info+0x08 plus dir times info+0x44; read the local player's type-3 stat list stat 3 (0x101cda50 then 0x102012d0, falling back to an empty CVStatList_t that answers 0), and when info+0xa0 bit 0 is set or the stat is above 2 and the shooter is not the player, latch the tracer flag and divide info+0xa4 by DAT_104994c8 (1.0 1.0 1.0 1.1 1.3 1.5, read out of the pinned image) indexed by the stat clamped to 0..5; 8 slot 186 (vt+0x2e8, whose whole retail body is return false) gates the emission: the tracer arm fires only when the flag latched AND info+0xa8 names a non-empty tracer, with 1.0/info[1] as the fraction, and REPLACES the trace pass; otherwise 0x10267b60 traces and info+0xbc is tallied; 9 after EACH repeat every tallied victim takes RangedDamagePerVictim 0x10268330 with hits/info[1] - the tally is never cleared, so repeat 2 re-pays repeat 1's victims; 10 0x10160560 on m_pPlayer, unreachable for an NPC. Ported verbatim with the ammo def, the stat join, the trace pass, the tracer effect and RangedDamagePerVictim as recording seams.
102725d0	rule	10-18	FElysiumNpc::BaseSetActivity	CAI_BaseNPC#310 base body, a distinct retail function beside the Troika override 0x10295750 that owns slot 310, so it is ported under its own name as wave 1's BasePrecache was. Two refusals then three writes: return at once when m_Activity already equals the request, and return when m_Activity is 2 ACT_TRANSITION unless the request is 0 ACT_RESET; otherwise m_IdealActivity is the request, ResolveActivityToSequence 0x10272130 fills the ideal triple, and SetActivityAndSequence commits it - re-reading m_IdealActivity rather than using the argument.
102993c0	rule	10-18	hand:FElysiumNpc::Save	Slot 126, the Troika Save. It brackets CAI_BaseNPC::Save 0x1027bc60 with a sentinel encode 0x101cf250 and decode 0x101cf2f0 over eleven FIELD_TIME stamps and nine CAISound expiry stamps. Encode order and modes, from the listing's PUSH sequence at 102993c9..10299485: m_flCanSeekCoverTimer +0x607c mode 3, m_flSeeUnknownCheatVisionTime +0x6084 mode 2, m_flMeleeHeightDiffTimer +0x6274 mode 2, m_flOccludedReportTimeE/T/W +0x62cc/+0x62d0/+0x62d4 mode 3, m_flInterruptTime +0x632c mode 3, m_flNextInterestChangeTime +0x63d4 mode 2, m_flWeaponScareTime +0x63dc mode 2, m_flIgnoreCollisionTimer +0x6458 mode 4, m_flEyeFidgetTime +0x657c mode 4; then the nine CAISound +0x10 m_flExpireTime stamps at mode 2 through 0x101b9840, in order m_BestSound +0x60b0, m_InvestigateSound +0x60dc, m_LastSoundDanger +0x6108, m_LastSoundPhysicsDanger +0x6134, m_LastSoundCombat +0x6160, m_LastSoundBulletImpact +0x618c, m_LastSoundPlayer +0x61b8, m_LastSoundWorld +0x61e4, m_LastSoundFlinch +0x6210. CORRECTION: the decompiled C's decode pass renders its eleven pointers one slot out and its nine sound pointers two slots out through EBX and stack aliasing, but the pushed MODES at 1029956f..102995e9 read 3,2,2,3,3,3,3,2,2,4,4, identical to the encode list, so the decode walks the SAME fields in the SAME order with the SAME modes and nothing is shifted in the ported body. Between the passes: ISave vt+0x30 writes one bool (m_pPedestrianLink +0x630c != 0) and, when it is set, ISave vt+0x28 writes the two ints at +0x630c+4 and +0x630c+8. The return is the base body's result, stashed at [ESP+0x60] before the write pass and reloaded at 10299642. Ported as story 29d family SaveRestore10, with its four species arms as an OverrideOf dispatch inside the one method.
102c0220	rule	10-18	hand:FElysiumNpc::Slot35	slot 35, three arms: IsInDialog 0x102c1170 true answers 0; else slot 295 CanTalk - dispatched WITH the caller's argument (102c0232 PUSH ECX where ECX is [ESP+8]; the decompiled C drops the push) - false answers 0; else 102c024d computes 14 + (IsMale != 0), so 15 male and 14 female. A small id beside slot 34 GetHighlightMaterial, not a boolean.
1034e320	rule	10-18	FElysiumNpc::Save	CScriptedTarget slot 126: it brackets CAI_BaseNPC::Save 0x1027bc60 with the mode-3 sentinel encode 0x101cf250 and decode 0x101cf2f0 of exactly one field, m_flPauseDoneTime +0x5f64 (mode 3 = the value exactly equal to _DAT_104454c4 becomes 1e+11 on the way out and 0.0 on the way back), and returns the base's result. Same mechanism as the Troika Save 0x102993c0 over a single timer.
103642f0	rule	10-18	FElysiumNpc::SelectScheduleRangedCombat	Ported as the CNPC_VBach species arm of slot 605, and the one arm of the six that CHAINS: its classname tests fall through to the CNPC_VHuman body 0x10386560 through a direct non-virtual call and its own tail then rewrites that answer. COND 0x7b stamps +0x6690 with curtime + _DAT_10463584 (15.0) and answers 0x15a (line 700 decimal); GetActiveWeapon is fetched ONCE and COND 0x7a tested ONCE before the split; with no weapon COND 0x7a gives 0x158 (0x2da) and COND 0x79 gives 0x159 (0x2de); with a weapon and COND 0x7a a classname that is not item_w_katana gives 0x158 (0x2c8) and the katana itself DISPATCHES slot 604 (vt+0x970) and returns its answer; COND 0x79 with a classname that is not item_w_rem_m_700_bach gives 0x159 (0x2d3); then the human body; then UNCONDITIONALLY an m_NPCState +0x5cc0 that is neither 4 nor 0xc clears +0x6444; then a human answer of 0 with COND_SEE_ENEMY standing is rewritten to 0x15f (0x2ed). Conditions 0x79, 0x7a and 0x7b live above the base registrar 0x76 in a Bach-line table the census does not carry and are carried by NUMBER. Walked into docs/vtmb/npc-ai/conditions-and-states.md.
10371a90	rule	10-18	FElysiumNpc::UpdateOnRemove	CNPC_VCop slot 180, read off the listing (the C mis-renders the two bytes as this+1): if m_bCountedAlive +0x6671 is set, decrement the live-cop census DAT_1093acac; clear +0x6671; if +0x6672 is set, decrement the second census DAT_1093acb0; clear +0x6672; then tail-jump to the Troika UpdateOnRemove 0x1028d6e0. Both counters are program-visible: DAT_1093acac is written by CNPC_VCop::Spawn and read by CNPC_VCop::SelectSchedule and 0x103707e0/0x10370850, DAT_1093acb0 by CNPC_VCop::OnStateChange and SelectSchedule.
10371ae0	rule	10-18	FElysiumNpc::OnSeeEntity	CNPC_VCop slot 472: when +0x6081 is clear and slot 404 IRelationType(seen) returns 1 (D_HT), 0x10370560 stamps the global cop suspect state -- _DAT_1093aca8 = curtime + _DAT_104492a8 and DAT_1093ac3c = the seen entity's handle -- but only when the seen entity has a non-null +0xa8; then the Troika OnSeeEntity 0x102b3e00 runs unconditionally. The same two globals are what CNPC_VCop::DrawDebugGeometryOverlays 0x10372f00 reads back to label a suspect. Oracle: docs/vtmb/npc-ai/senses.md:402.
10372f00	rule	10-18	FElysiumNpc::DrawDebugGeometryOverlays	CNPC_VCop slot 123, debug-only but the arms expose the cop model: gated on m_debugOverlays +0x224 bit 0 AND m_hClosestPlayer +0x628c resolving; it bails when the collision OBB mins equal its maxs (+0x270 vtable +4 and +8), computes a text height of (maxZ - minZ) + _DAT_1045597c above GetAbsOrigin (slot 217), then switches on slot 404 IRelationType(closest player): case 1 (D_HT) re-runs the Troika IRelationType, prints DAT_105cc520, appends " Suspect" when that player equals DAT_1093ac3c and curtime is still below _DAT_1093aca8, appends " Alert" when the player's +0xa8 has curtime below its +0x1d1c (0x1017f8d0), appends " Count %d" when its +0x1d10 (0x1017f770) is positive, and appends " Pursuit" when the player equals m_hPursuitPlayer; case 2 prints DAT_105cc518, case 3 DAT_105cc510, case 4 DAT_105cc508, default DAT_10636728; then appends " %d %d" and draws; finally the Troika base overlay 0x1029ca50 always runs.
10374ad0	rule	10-18	FElysiumNpc::NPC_EarlyTranslateActivity	CNPC_VDog slot 375, 21 bytes: ACT_FIDGET 3 is preserved by returning with EAX still holding the request - one early return the Troika base never sees - and every other activity forwards to 0x10295590. Ported as a species arm of slot 375's one port method; the visual anim path's PreTranslate_Dog row carries the same rule as DATA and now answers the same live state through FElysiumNpc PreTranslatePredicate.
103766d0	rule	10-18	FElysiumNpc::BestEnemy	CNPC_VFrenzyShadow slot 478. Sticky arm first: with m_iHostileEnemyCount +0x6664 above 1, if the current GetEnemy (slot 167) has a +0x9c combat view whose GetFlags bit 15 is clear, whose +4 field_0x340 is set, whose slot 158 is true and whose slot 404 IRelationType against m_hFriendPlayer's +0xa8 is 1 (D_HT), and that enemy is neither eluded (IsEluded 0x102e0210 against GetEnemies slot 541) nor unreachable (slot 530), return it unchanged. Otherwise a full rescan: best = null, bestDist = 0x10000000, bestScore = 0, m_iHostileEnemyCount = 0; walk the memory list at GetEnemies()+0xc, resolve each +0x24 handle, take its +0x9c view, apply the same flags/alive/slot-158/not-eluded filter, then score -- not unreachable adds 0x40000000; IRelationType == 1 adds 0x20000000 and increments m_iHostileEnemyCount; either the senses' DidSeeEntity (0x1030fb10 on m_pSenses +0x60ac) or slot 201 FVisible(cand, 0x2804091, 0, 0) adds 0x10000000; slot 405 IRelationPriority multiplied by 0x1000000 is added last. A strictly higher score wins if slot 479 IsValidEnemy passes; an EQUAL score wins only when the 2D distance between origins (slot 217, __ftol of the squared-distance root) is strictly less than the incumbent's and IsValidEnemy passes. On exit, if the winner differs from the current GetEnemy it clears m_bFailedGrapple +0x6668.
10383560	rule	10-18	FElysiumNpc::DrawDebugTextOverlays	CNPC_VHengeyokai slot 124: the Troika base text overlay 0x1029d4e0 returns the next free line; then when m_debugOverlays +0x224 bit 0 is set it takes slot 9's string (NULL becomes the empty string DAT_106b8540), prints it through the engine text call (DAT_1070b22c +0x8c) at the entity text index +0x2e0 on that line in white (0xff,0xff,0xff,0xff), pops the message and returns line + 1. The return value is the line budget every later overlay body consumes, so the +1 is the contract.
103854f0	rule	10-18	FElysiumNpc::NPC_EarlyTranslateActivity	CNPC_VHuman slot 375, 565 bytes, 39 census classes, ported as the species arm of slot 375's one port method. CONFIRMED at the listing: for m_NPCState 3 or 0xb, goto LAB_10385611 - which leaves m_bAggressiveAnims CLEAR - requires (the state cvar dead OR its +0x2c int zero) AND m_afMemory bit 0x8000000 clear, so the flag is SET when the cvar is live and non-zero OR the memory bit stands. Also recovered: the outer four-term OR needs capability 0x40 AND cvar DAT_10924f74 live and non-zero AND m_bfAINPCFlags2 0x400; m_bfAINPCFlags 0x10000 FORCE_RELAXED_ANIMS beats everything below it; m_bfNPCFrenziedFlags 0x200 skips the state ladder and SETS the flag; state 2 sets it; and the no-weapon-or-NODRAW arm clears the flag and returns through the Troika body without touching either rewrite block. Aggressive clear rewrites 9 to 0x16 and 0x13 to 0x17 through 0x10295590; aggressive set rewrites 1 to 5 only with an active weapon whose slot 360 answer carries 0x6000, plus the six fixed pairs 0x3b to 0x3d, 0x3c to 0x3e, 0x9d to 0x9f, 0x9e to 0xa0, 0xa1 to 0xa3 and 0xa2 to 0xa4.
103887d0	rule	10-18	FElysiumNpc::OnSeeEntity	CNPC_VHunter slot 472, the twin of CNPC_VCop's 0x10371ae0 over its own globals: when +0x6081 is clear and slot 404 IRelationType(seen) returns 1 (D_HT), 0x10387fd0 sets _DAT_1093b658 = curtime + _DAT_104492a8 and DAT_1093b650 = the seen entity's handle (with no +0xa8 guard, unlike the cop body); then the Troika OnSeeEntity 0x102b3e00 always runs. Oracle: docs/vtmb/npc-ai/senses.md:402.
1038f020	rule	10-18	FElysiumNpc::ManBatReleaseSlowedEntity	CNPC_VManBat's slowed-grab teardown, no slot; RunAI 0x1038e990 calls it with force 0 and Event_Killed 0x1038e8c0 with force 1. It runs only while 0x1038f290 says m_flSlowedExpire +0x6684 is above _DAT_1044fab0 (the DOUBLE 0.0) AND either force is set or the expiry has reached curtime; then it zeroes +0x6684, calls EndSlowEntity(victim's +0x9c, 500.0) only while the handle resolves with a combat view, UTIL_Removes the three effects at +0x669c, +0x66a8 and +0x66a0 in that order setting each to -1, clears bit 0 of the victim's +0xa8 +0x2454 word, and finally sets m_hSlowedEntity to -1 OUTSIDE that guard. The gate is family Misc's already-ported SlowedExpire, called rather than restated.
10391230	rule	10-18	FElysiumNpc::UpdateOnRemove	CNPC_VMingXiao slot 180: when m_eThrowableObjectMode +0x673c is non-zero it first drops the carried throwable through 0x10398fd0 -- UTIL_Remove the entity at the +0x6738 handle and set it to -1, set +0x6718 to -1, call 0x102c43b0(this, 0.75) and 0x10398d90(this, 0) -- then always the Troika UpdateOnRemove 0x1028d6e0. Without the drop the thrown prop outlives the boss.
10399d40	rule	10-18	FElysiumNpc::DrawDebugGeometryOverlays	CNPC_VMingXiao slot 123: gated on m_debugOverlays +0x224 bit 0x20000000 (not bit 0 like its siblings), it draws four rings through +0x370 about the axis (1.0, 0.0, 0.0) at radii 100.0, 150.0, 200.0 and 300.0 with height 8.0 and colour (255, 32, 32, 128) and no depth test, popping the message after each; then the Troika base overlay 0x1029ca50 always runs. The four radii are MingXiao's recovered range bands and are the reason to port the body at all.
103a03a0	rule	10-18	FElysiumNpc::UpdateOnRemove	CNPC_VNewscaster slot 180: 0x103a0d50 tears the two story queues down first -- for each row of the main-story array (base +0x665c, count +0x6668, stride 0x28) it frees the row's first pointer and then the pointer pair at +4/+8 stepping by 8 up to 0x20, memmoves the tail down and decrements the count, then does the same for the side-story array (base +0x6670, count +0x667c), and finally clears the story-active byte +0x6690 -- then the Troika UpdateOnRemove 0x1028d6e0. The port already carries the cursors and the active flag as species words (ElysiumNpcKernelSpecies.inl:96-99); the teardown ordering is not ported.
103a1250	rule	10-18	FElysiumNpc::DrawDebugTextOverlays	CNPC_VNewscaster slot 124: scope-trace push carrying GetDebugName from m_iName +0x26c ("NULL_ENTITY" when this is null, the empty string when the name is null); then the Troika base text overlay 0x1029d4e0 returns the first free line; then when m_debugOverlays +0x224 bit 0 is set it adds the lines 0x103a0ff0 prints (the "not playing VCD" case and the Main Stories / Side Stories queues) and returns base + that count, so the two bodies share one line budget.
103ba290	rule	10-18	FElysiumNpc::FVisible	CNPC_VTzimisce slot 201: it forwards to the Troika base FVisible 0x102b4630 passing the caller's first three arguments unchanged but the FOURTH argument FORCED to 0, discarding whatever the caller supplied. The whole species override is that one-argument clamp, and it is observable -- every Tzimisce visibility test runs the base with that word zeroed.
103bde40	rule	10-18	FElysiumNpc::NPC_EarlyTranslateActivity	CNPC_VTzimisce slot 375. The polarity is the ZERO test: 0x103be130 gates on m_bfAINPCFlags +0x14b8 bit 5 CARRYING_BODY and, under it, m_bHeavyBodyTarget +0x6688 CLEAR returns 0xfd for request 1 and 0xff for 9 or 0x13 while SET returns 0xfc and 0xfe. The generated table's ids were right and its BodySideLeft predicate documented the opposite polarity; the generator's comment is corrected with this body. Every other request and the whole un-flagged case fall to the Troika pre-translate 0x10295590.
103c08d0	rule	10-18	FElysiumNpc::DrawDebugTextOverlays	CNPC_VTzimisce slot 124: the Troika base text overlay 0x1029d4e0 gives the first free line; then under m_debugOverlays +0x224 bit 0 the distance starts at _DAT_104454c4 and, when m_hPickupTarget +0x6670 resolves live, becomes the full 3D distance between that target's origin and mine (slot 217 on both, sqrt of dx*dx+dy*dy+dz*dz); when 0x103be130's carry bit is set AND that distance exceeds _DAT_1047a3ac it latches the distance into the global _DAT_1093d01c and strcpys the current schedule's name (+0x5c38 then +0x40) into the global buffer DAT_1093cd70; then Q_snprintf into a 0x200 buffer with "Body: %5.1f %5.1f %s" (live distance, latched distance, latched schedule name), prints at the entity text index +0x2e0 in white and returns line + 1. The two globals are a cross-NPC latch, not per-instance state.
103c2230	rule	10-18	FElysiumNpc::TzimisceHeadClawEndSlow	gate 0x103c24a0 - act only while m_flSlowedExpire +0x6678 is above 0.0 - then when the caller forces it or the timer has reached curtime: zero +0x6678; and ONLY while m_hSlowedEntity +0x6674 resolves with a +0x9c combat view, EndSlowEntity(victim, 500.0), set the handle to 0xffffffff and emit Character/Monster/TC_FatGuy/Sluge_Affected.wav on channel 3 from the VICTIM's slot 222 GetSoundEmissionOrigin at attenuation 0.8 - so a stale handle leaves m_hSlowedEntity standing. Then UTIL_Remove 0x101cd940 the two owned effects at +0x667c and +0x6680, each only while its handle's serial matches its slot, setting both to 0xffffffff. STRING CORRECTED: 0x1065d43c is Sluge_Affected.wav, not Sluge_Affect, and it is the same wav slot 332's second emit uses.
103c3e10	rule	10-18	FElysiumNpc::NPC_EarlyTranslateActivity	CNPC_VTzimisceRunner slot 375. It chains the Troika body 0x10295590 FIRST and only then remaps the TRANSLATED activity under a non-zero form byte +0x6672, so it is a POST-PASS on the base's answer and not a replacement - which is exactly why its slot-310 twin 0x103c3d80 remaps the REQUEST instead. The switch is on the incoming activity and not on a variant value: 1 and 0xf1 become 0x1134, 3 becomes 0x1135, 9 becomes 0x1136, 0x13 becomes 0x1137, everything else passes through. The generated PreTranslate_TzimisceRunner rows keyed RunnerVariantIs equals 0 to 3 with no From activity, which is the wrong key, and the generator is corrected with this body.
103e0bc0	rule	10-18	FElysiumNpc::FVisible	Arm one - slot 167 GetEnemy()->+0x9c compared against the queried entity: on a match the answer is NOT 0x10146a80, which is discipline stat 8 at least 1 AND the entity's +0x14dc cloak byte, the seam the port already has as FElysiumCombatCharacter::IsObfuscatedForSenses. Arm two - every other entity falls through to the Troika FVisible 0x102b4630 with the fourth argument forced to 0. The remaining bytes are the scope-trace push and pop. CONVENTION: species arm of slot 201 keyed on IsRetailClass(CNPC_VZombie); relative to the Troika base 0x102b4630 it ADDS one arm in front - the current enemy is answered by the obfuscate test 0x10146a80 rather than by sight - and changes the base call itself by forcing the fourth argument to 0 for every other entity.
103e0e80	rule	10-18	FElysiumNpc::DrawDebugTextOverlays	Calls the Troika slot-124 body 0x1029d4e0 for the starting text line, then under m_debugOverlays & 0x40000 walks condition bits 0 to 0xbf of the bitfield at +0x5c5c; each set bit is remapped local-to-global by 0x102ea280 over slot 580 GetClassScheduleIdSpace()+0x30 with base 1000000000, named through slot 458 ConditionName, formatted as Cond: %s into a 0x200 buffer and printed as entity text at the running line in 255,255,255,255; the line index increments per printed condition and is the return value. CONVENTION: species arm of slot 124 keyed on IsRetailClass(CNPC_VZombie); relative to the Troika base 0x1029d4e0 it chains the base FIRST for the starting line and then APPENDS, under m_debugOverlays & 0x40000, one Cond: %s line per set bit of the 0 to 0xbf condition bitfield at +0x5c5c, remapped local-to-global through slot 580 with base 1000000000 and named through slot 458.
101ab1b0	mechanism	10-18	CRT:operator delete	CPayphone slot 5 is the MSVC scalar deleting destructor: ~CAI_BaseNPCTroika 0x1028d610 then CBaseEntity::operator delete 0x100aa7b0 only when bit 0 of the flag argument is set, returning this.
102727d0	rule	10-18	FElysiumNpc::MaintainActivity	Gated on slot 466 ShouldMaintainActivity; inside, work happens only when m_Activity differs from m_IdealActivity OR m_nSequence from m_nIdealSequence. Activity 2 is the special arm - it waits for m_bSequenceFinished and then runs AdvanceToIdealActivity 0x102726a0 and nothing else, which is what lets a transition clip play out; every other activity re-resolves the ideal through 0x10272130 first and then advances. The body writes no field of its own. Family SaveRestore10 had declared MaintainActivity as a counting seam for the m_bForceMaintainActivity latch; that seam is now the entry point and runs this body, ported as BaseMaintainActivity, after its bookkeeping.
1028d5e0	mechanism	10-18	FElysiumNpc::Slot5	The Troika line's own scalar deleting destructor: ~CAI_BaseNPCTroika 0x1028d610 then CBaseEntity::operator delete 0x100aa7b0 under flag bit 0. The service is C++ object lifetime plus the engine allocator; the generated surface already declares it as Slot5(uint32) and the slot has to answer through that seam rather than tally a stub.
10295750	rule	10-18	hand:FElysiumNpc::SetActivity	slot 310, 612 bytes, three top arms. Request 0x1093: outside the 0x1093-0x1096 family hand 0x1093 to the base 0x102725d0 and stop; inside it with slot 251 IsActivityFinished false the body does NOTHING AT ALL - no base call - which is the arm the one-line walk did not name; inside and finished, m_bKeepSound 1, random(0,99) takes 0x1095 below 15, 0x1096 below 30, 0x1094 below 40 else 0x1093, then m_bKeepSound 0 on every one of the four exits. Request 0x1115: frenzy bit 0x40 forces 0xf17 unless it is already playing (and then does nothing rather than restarting), else bit 0x20 forces 0x13 on the same terms, else outside 0x1115-0x1117 hand 0x1115 down, else if finished the bounds start at 15 and 15 and widen to 8 and 0x18 only when slot 168 GetEnemy is non-null AND slot 541's memory carries a record for him (0x102dfa20), whose last known position and this NPC's own slot-217 origin are then read and DISCARDED. Any other request forwards to the base unchanged.
1034af70	mechanism	10-18	CRT:operator delete	CNPCMaker slot 5, the scalar deleting destructor: destroys the three entity-output event lists m_OnLastNPCDied (+0x6668), m_OnNPCDied (+0x6680) and m_OnSpawnNPC (+0x6698) through 0x100cd2d0, then ~CAI_BaseNPCTroika and operator delete under flag bit 0.
1034bfb0	mechanism	10-18	CRT:operator delete	CNPCMaker_Fleshpile slot 5, byte-identical to 0x1034af70: the three output lists at +0x6668, +0x6680 and +0x6698, then ~CAI_BaseNPCTroika and operator delete under flag bit 0.
1034cbf0	mechanism	10-18	CRT:operator delete	CNPCMaker_Zombie slot 5, byte-identical to 0x1034af70: the three output lists at +0x6668, +0x6680 and +0x6698, then ~CAI_BaseNPCTroika and operator delete under flag bit 0.
10359f40	mechanism	10-18	CRT:operator delete	CGeneric_NPC slot 5: no members of its own, just ~CAI_BaseNPCTroika 0x1028d610 and operator delete 0x100aa7b0 under flag bit 0.
1035c1f0	mechanism	10-18	CRT:operator delete	CNPC_VVampireBoss slot 5: destroys the m_OnTransformComplete output list (+0x6664) through 0x100cd2d0, then ~CAI_BaseNPCTroika and operator delete under flag bit 0.
1035cd00	rule	10-18	FElysiumNpc::DestroyAndreiBlood	Ported verbatim. Listing order: restore its own vftable and the secondary at +0x19b0 (not portable, not observable); then under a CNPC_VAndreiBlood::Destructor scope frame UTIL_Remove 0x101cd940 the handle at +0x66e0 and then the one at +0x66e4, each only when the handle resolves live in the global table, writing 0xffffffff back ON THAT ARM ONLY; then destroy m_OnTransformComplete +0x6664; then tail-jump to ~CAI_BaseNPCTroika 0x1028d610. CORRECTION: the walk calls the pair the two owned entity handles that sit past the class tail because the decompiler renders them as this+1 and this[1].field_0x4; the listing (1035cd62, 1035cdd3) gives +0x66e0 and +0x66e4, and story 29c-1 family Damage had already recovered both as AndreiBloodEmitter (written by StartBloodEmitter 0x1035e1a0) and AndreiSummonEmitter (StartSummonEmitter 0x1035e3c0). The two removals are the whole retail-observable body.
1035ec50	mechanism	10-18	CRT:operator delete	CNPC_VAnimal slot 5: ~CAI_BaseNPCTroika 0x1028d610 then operator delete 0x100aa7b0 under flag bit 0, nothing of its own.
10360410	mechanism	10-18	CRT:operator delete	CNPC_VAsianVampire slot 5: the m_OnTransformComplete output list (+0x6664), then ~CAI_BaseNPCTroika and operator delete under flag bit 0.
10362c90	mechanism	10-18	CRT:operator delete	CNPC_VBach slot 5: ~CAI_BaseNPCTroika then operator delete under flag bit 0, nothing of its own.
10366cb0	mechanism	10-18	CRT:operator delete	CNPC_VBatSwarm slot 5: ~CAI_BaseNPCTroika then operator delete under flag bit 0, nothing of its own.
103678b0	mechanism	10-18	CRT:operator delete	CNPC_VBrujah slot 5: ~CAI_BaseNPCTroika then operator delete under flag bit 0, nothing of its own.
103683f0	mechanism	10-18	CRT:operator delete	CNPC_VCamera slot 5: ~CAI_BaseNPCTroika then operator delete under flag bit 0, nothing of its own.
10369e40	mechanism	10-18	CRT:operator delete	CNPC_VCameraSecurity slot 5: ~CAI_BaseNPCTroika then operator delete under flag bit 0, nothing of its own.
1036a1f0	mechanism	10-18	CRT:operator delete	CNPC_VChangBros slot 5: the m_OnTransformComplete output list (+0x6664), then ~CAI_BaseNPCTroika and operator delete under flag bit 0.
1036eaf0	mechanism	10-18	CRT:operator delete	CNPC_VChangBrosBlade slot 5: the m_OnTransformComplete output list (+0x6664), then ~CAI_BaseNPCTroika and operator delete under flag bit 0.
1036f2f0	mechanism	10-18	CRT:operator delete	CNPC_VChangBrosClaw slot 5: the m_OnTransformComplete output list (+0x6664), then ~CAI_BaseNPCTroika and operator delete under flag bit 0.
1036fb50	mechanism	10-18	CRT:operator delete	CNPC_VCombatman slot 5: ~CAI_BaseNPCTroika then operator delete under flag bit 0, nothing of its own.
10370970	mechanism	10-18	CRT:operator delete	CNPC_VCop slot 5: ~CAI_BaseNPCTroika then operator delete under flag bit 0, nothing of its own.
10373570	mechanism	10-18	CRT:operator delete	CNPC_VDog slot 5: ~CAI_BaseNPCTroika then operator delete under flag bit 0, nothing of its own.
10376f20	mechanism	10-18	CRT:operator delete	CNPC_VFrenzyShadow slot 5: ~CAI_BaseNPCTroika then operator delete under flag bit 0, nothing of its own.
10376f50	mechanism	10-18	CRT:operator delete	CNPC_VPlayerController slot 5: ~CAI_BaseNPCTroika then operator delete under flag bit 0, nothing of its own.
103770b0	mechanism	10-18	CRT:operator delete	CNPC_VGangrel slot 5: ~CAI_BaseNPCTroika then operator delete under flag bit 0, nothing of its own.
10377b60	mechanism	10-18	CRT:operator delete	CNPC_VGargoyle slot 5: destroys the m_OnGibDeath output list (+0x6664) through 0x100cd2d0, then ~CAI_BaseNPCTroika and operator delete under flag bit 0.
1037aff0	mechanism	10-18	CRT:operator delete	CNPC_VGhoulCroucher slot 5: destroys m_OnDisturbedByPlayer then m_OnDisturbed (the two output lists at +0x6674 and +0x668c) through 0x100cd2d0, then ~CAI_BaseNPCTroika and operator delete under flag bit 0.
1037c6a0	mechanism	10-18	CRT:operator delete	CNPC_VGuard1 slot 5: ~CAI_BaseNPCTroika then operator delete under flag bit 0, nothing of its own.
1037e870	mechanism	10-18	CRT:operator delete	CNPC_VHengeyokai slot 5: two inlined CUtlMemory teardowns over the block past the class tail - zero the count, and when the grow size is not -1 free the buffer with Plat_Free and zero the allocation count, the second pass first copying the buffer pointer to the saved-pointer word - then ~CAI_BaseNPCTroika and operator delete under flag bit 0.
10381b50	rule	10-18	FElysiumNpc::NPC_EarlyTranslateActivity	CNPC_VHengeyokai slot 375: under the carry-form bit 0x10381c80 (m_bfAINPCFlags +0x14b8 bit 5) request 1 returns 0x128 and 9 or 0x13 return 0x129, each immediately; every other request and the whole bit-clear case tail-call CNPC_VHuman 0x103854f0 - the HUMAN body, not the Troika one - which itself chains 0x10295590.
103840a0	mechanism	10-18	CRT:operator delete	CNPC_VHuman slot 5: ~CAI_BaseNPCTroika then operator delete under flag bit 0, nothing of its own.
10386b20	mechanism	10-18	CRT:operator delete	CNPC_VHumanCombatant slot 5: ~CAI_BaseNPCTroika then operator delete under flag bit 0, nothing of its own.
10387750	mechanism	10-18	CRT:operator delete	CNPC_VHumanCombatPatrol slot 5: ~CAI_BaseNPCTroika then operator delete under flag bit 0, nothing of its own.
103880a0	mechanism	10-18	CRT:operator delete	CNPC_VHunter slot 5: ~CAI_BaseNPCTroika then operator delete under flag bit 0, nothing of its own.
10388e20	mechanism	10-18	CRT:operator delete	CNPC_VLasombra slot 5: ~CAI_BaseNPCTroika then operator delete under flag bit 0, nothing of its own.
103895a0	mechanism	10-18	CRT:operator delete	CNPC_VMalkavian slot 5: ~CAI_BaseNPCTroika then operator delete under flag bit 0, nothing of its own.
10389df0	mechanism	10-18	CRT:operator delete	CNPC_VManBat slot 5: ~CAI_BaseNPCTroika then operator delete under flag bit 0, nothing of its own.
103910b0	mechanism	10-18	CRT:operator delete	CNPC_VMingXiao slot 5: two inlined CUtlMemory teardowns over +0x665c (buffer), +0x6660 (allocation count), +0x6664 (grow size, -1 means an external buffer that must not be freed), +0x6668 (count) and +0x666c (saved pointer), then ~CAI_BaseNPCTroika and operator delete under flag bit 0.
10391170	mechanism	10-18	CRT:operator delete	CNPC_VBaseBoss slot 5, the same body as 0x103910b0: two CUtlMemory teardowns over the +0x665c block under the not -1 grow-size test, then ~CAI_BaseNPCTroika and operator delete under flag bit 0.
10395f80	rule	10-18	FElysiumNpc::Save	CNPC_VMingXiao slot 126, a species-only slot, brackets the Troika Save with a sentinel pass over its own six m_rflRegrowTimers (+0x66f4, one float each). Order: the encode loop 0x101cf250(&timer[i], 4) for i = 0 to 5 ascending, mode 4 swapping an exact FLT_MAX for 1e+11 so retail's FIELD_TIME rebase cannot shift it; then CAI_BaseNPCTroika::Save 0x102993c0, whose int result is the return value; then the decode loop 0x101cf2f0(&timer[i], 4) over the same six in the same order. Six NPC offsets are written in place twice, and which field, which mode and the encode-before decode-after order are retail's rule around the archive call, so this is not a bare mechanism - the Troika Save 0x102993c0 and CScriptedTarget 0x1034e320, the same shape, are both verdicted rule.
1039b0d0	mechanism	10-18	CRT:operator delete	CNPC_VMingXiaoTentacle slot 5: ~CAI_BaseNPCTroika then operator delete under flag bit 0, nothing of its own.
1039ed50	rule	10-18	FElysiumNpc::Save	CNPC_VMingXiaoTentacle slot 126, species-only: 0x101cf250(&m_flPhaseExpireTimer +0x6674, 3) rewrites the field in place - mode 3 swaps a value exactly equal to _DAT_104454c4 (0.0) for 1e+11 against retail's FIELD_TIME rebase - then CAI_BaseNPCTroika::Save 0x102993c0 whose int result is returned, then 0x101cf2f0 on the same field with mode 3 restores it. One NPC offset written twice around the archive call under a retail-chosen mode, so rule and not mechanism, exactly like 0x1034e320.
1039f640	mechanism	10-18	CRT:operator delete	CNPC_VMoleman slot 5: ~CAI_BaseNPCTroika then operator delete under flag bit 0, nothing of its own.
103a0270	mechanism	10-18	CRT:operator delete	CNPC_VNewscaster slot 5: four CUtlMemory teardowns, the +0x6670 block first (count +0x667c, allocation count +0x6674, grow size +0x6678, saved pointer +0x6680) then the +0x665c block (+0x6668, +0x6660, +0x6664, +0x666c), each freeing with Plat_Free only when the grow size is not -1, then ~CAI_BaseNPCTroika and operator delete under flag bit 0.
103a14e0	mechanism	10-18	CRT:operator delete	CNPC_VNosferatu slot 5: ~CAI_BaseNPCTroika then operator delete under flag bit 0, nothing of its own.
103a1e40	mechanism	10-18	CRT:operator delete	CNPC_VPedestrian slot 5: ~CAI_BaseNPCTroika then operator delete under flag bit 0, nothing of its own.
103a4320	mechanism	10-18	CRT:operator delete	CNPC_VPlaceholder slot 5: ~CAI_BaseNPCTroika then operator delete under flag bit 0, nothing of its own.
103a4d40	mechanism	10-18	CRT:operator delete	CNPC_ProneDialog slot 5: ~CAI_BaseNPCTroika then operator delete under flag bit 0, nothing of its own.
103a50e0	mechanism	10-18	CRT:operator delete	CNPC_VSabbatGunman slot 5: ~CAI_BaseNPCTroika then operator delete under flag bit 0, nothing of its own.
103a5ce0	mechanism	10-18	CRT:operator delete	CNPC_VSabbatLeader slot 5: the m_OnTransformComplete output list (+0x6664), then ~CAI_BaseNPCTroika and operator delete under flag bit 0.
103abbe0	mechanism	10-18	CRT:operator delete	CNPC_VScurrying slot 5: ~CAI_BaseNPCTroika then operator delete under flag bit 0, nothing of its own.
103ad930	mechanism	10-18	CRT:operator delete	CNPC_VRat slot 5: ~CAI_BaseNPCTroika then operator delete under flag bit 0, nothing of its own.
103ae4f0	mechanism	10-18	CRT:operator delete	CNPC_VSheriffMan slot 5: destroys m_OnFinishTransformation then m_OnTransformComplete (the output lists at +0x6664 and +0x66b8) through 0x100cd2d0, then ~CAI_BaseNPCTroika and operator delete under flag bit 0.
103b1c60	mechanism	10-18	CRT:operator delete	CNPC_VSheriffSwarm slot 5: ~CAI_BaseNPCTroika then operator delete under flag bit 0, nothing of its own.
103b28f0	mechanism	10-18	CRT:operator delete	CNPC_VStalker slot 5: ~CAI_BaseNPCTroika then operator delete under flag bit 0, nothing of its own.
103b3970	mechanism	10-18	CRT:operator delete	CNPC_VTaxiDriver slot 5: ~CAI_BaseNPCTroika then operator delete under flag bit 0, nothing of its own.
103b3b60	mechanism	10-18	CRT:operator delete	CNPC_VTest slot 5: ~CAI_BaseNPCTroika then operator delete under flag bit 0, nothing of its own.
103b5370	mechanism	10-18	CRT:operator delete	CNPC_VToreador slot 5: ~CAI_BaseNPCTroika then operator delete under flag bit 0, nothing of its own.
103b5b10	mechanism	10-18	CRT:operator delete	CNPC_VTremere slot 5: ~CAI_BaseNPCTroika then operator delete under flag bit 0, nothing of its own.
103b6e90	mechanism	10-18	CRT:operator delete	CNPC_VTzimisce slot 5: four CUtlMemory teardowns, the +0x6690 block first (count +0x669c, allocation count +0x6694, grow size +0x6698, saved pointer +0x66a0) then the +0x665c block (+0x6668, +0x6660, +0x6664, +0x666c), Plat_Free only when the grow size is not -1, then ~CAI_BaseNPCTroika and operator delete under flag bit 0.
103c1340	mechanism	10-18	CRT:operator delete	CNPC_VTzimisceHeadClaw slot 5: two CUtlMemory teardowns over the +0x665c block under the not -1 grow-size test, then ~CAI_BaseNPCTroika and operator delete under flag bit 0.
103c2810	rule	10-18	FElysiumNpc::Save	CNPC_VTzimisceHeadClaw slot 126, species-only: 0x101cf250(&m_flSlowedExpire +0x6678, 3) rewrites the field in place - mode 3 swaps the exact _DAT_104454c4 (0.0) sentinel for 1e+11 against retail's FIELD_TIME rebase - then CAI_BaseNPCTroika::Save 0x102993c0 whose int result is returned, then 0x101cf2f0 on the same field with mode 3. The field, the mode and the encode-then-decode order are retail, so rule not mechanism; this is the same +0x6678 slow stamp that 0x103c2230 gates its teardown on.
103c3120	mechanism	10-18	CRT:operator delete	CNPC_VTzimisceRunner slot 5: two CUtlMemory teardowns over the +0x665c block under the not -1 grow-size test, then ~CAI_BaseNPCTroika and operator delete under flag bit 0.
103c4920	mechanism	10-18	CRT:operator delete	CNPC_VVampire slot 5: ~CAI_BaseNPCTroika then operator delete under flag bit 0, nothing of its own.
103c77f0	mechanism	10-18	CRT:operator delete	CNPC_VVentrue slot 5: ~CAI_BaseNPCTroika then operator delete under flag bit 0, nothing of its own.
103ca7c0	rule	10-18	FElysiumNpc::DestroyWerewolf	Ported verbatim. Listing order: the two vftable restores (+0x0 and +0x19b0, not portable); then under the scope frame DAT_1093fac4 = 0 and the werewolf_show_debug ConVar driven to 0 through ConVar slot 4, which is the only thing outside this object the body touches; then five outputs destroyed in this order - m_OnTeleportIn, m_OnTeleportOut, m_OnFinishCrushAnimation, m_OnBeginCrushAnimation, m_OnConditionDeathTriggered; then the +0x6714 vector walked BACKWARDS from its +0x6720 count destroying each 0x48-byte record with 0x103dc5b0, the count zeroed, 0x103dc220 run over it; then the CUtlMemory teardowns of the +0x6714, +0x668c and +0x665c blocks under the grow-size-is-not--1 test; then ~CAI_BaseNPCTroika. CORRECTION: +0x6714 / +0x6720 is not an unnamed vector, it is the werewolf's HINT-DATA ARRAY - CNPC_VWerewolf::InitializeHintData 0x103d7710 fills it and GetHintGroundpoint 0x103d6770, GetHintTargetGroundpoint 0x103d68d0, GetHintEndEntity 0x103d6390 and GetDataForHint 0x103d7620 read it - which family Hints already carries as WerewolfHintGroundpoints, and the 0x48 stride the walk quotes is that record's size. The port clears it in the recovered descending order. UNRECOVERED: what the +0x668c and +0x665c CUtlMemory blocks hold; the destructor is their only appearance in this closure.
103dcf20	mechanism	10-18	CRT:operator delete	CNPC_VWolfMorph slot 5: ~CAI_BaseNPCTroika then operator delete under flag bit 0, nothing of its own.
103dd090	mechanism	10-18	CRT:operator delete	CNPC_VYukie slot 5: ~CAI_BaseNPCTroika then operator delete under flag bit 0, nothing of its own.
103de2f0	mechanism	10-18	CRT:operator delete	CNPC_VZombie slot 5: destroys the m_OnAttackedVictim output list (+0x66e8) through 0x100cd2d0, then ~CAI_BaseNPCTroika and operator delete under flag bit 0.
10290350	rule	10-18	FElysiumNpc::RunAlternateAiDoorMode4	Mode 4 of the door transaction, confirmed off the listing with its constants pinned. In order: m_bForceMaintainActivity +0x65fa := 1 across CAI_BaseNPC::MaintainActivity 0x102727d0 (a __thiscall with no dispatch site, so not a vtable slot) then := 0; when m_hOpeningDoor +0x5d24 still resolves and that door's m_toggle_state +0x4f8 is 0, stop the motor through 0x102bf7e0 and set m_eAlternateAI +0x644c to 0 - note this arm deliberately does NOT clear the door handle or m_bOpeningDoorWait; then a hull trace from slot 217 GetAbsOrigin to that origin plus m_vecForward +0x6290 scaled by _DAT_10451acc, recovered from the pinned image as 64.0, with mask 0x202400b and radius 100.0 through the filter at +0x5d40, and on a hit stop the motor, m_hOpeningDoor := -1, m_bOpeningDoorWait +0x5d30 := 0 and m_eAlternateAI := 0; last, the test is (curtime < m_flAlternateAIExpireTimer +0x6450) and the ELSE arm fires, so an expiry stamp EQUAL to curtime has expired and slot 0x700 (448) TaskFail is dispatched with 0xe and the same three fields cleared. Always answers true, so the transaction keeps the body. Ported as story 29d family SaveRestore10.
102efaa0	rule	10-18	FElysiumNpc::NavigatorMoveNormal	PORTED 29d Motor10 (listing). THREE CORRECTIONS. (1) It returns an AIMoveResult_t, not a distance: the gate's refusal is MOV EAX,0xfffffffc = -4 AIMR_ILLEGAL (the decompiler prints -NAN because it typed the return float), the speed arm is XOR EAX,EAX = 0 AIMR_OK, and every other exit is the enact's own answer in EAX. (2) The ideal-speed test is speed <= _DAT_104454c4 (0.0f), not < 0.0: FCOMP then TEST AH,0x41 and JP takes C0 or C3. (3) The restore is TWO independent tests and the walk folds them: the FIRST is on the ideal speed SAVED before SetActivity ([ESP+0x14] at 102efc11) against _DAT_1044e658, the SECOND on how far the body actually moved against the same constant. _DAT_1044e658 is the double 0.01, read out of the pinned image at bytes 7b 14 ae 47 e1 7a 84 3f (docs/vtmb/npc-ai/lifecycle.md lists it as unrecovered). Order: the gate 0x102efd50; navigator slot 16 (+0x40) with a result seeded to -4, returning it when the override answers true; owner slot 248 GetIdealSpeed; save m_Activity +0xfec, m_nSequence +0x6f0 and slot 217 GetAbsOrigin; push the route's movement activity (0x102ee3f0 = nav->+0x30->+0x2c) through owner slot 310 SetActivity; re-read GetIdealSpeed and answer 0 when it is at or below 0.0 and m_Activity == 2; zero a 14-dword block and then a 31-dword block that CONTAINS it; build through navigator slot 17 (+0x44) and enact through navigator slot 15 (+0x3c) with the move info FIRST and this function's own stack word second; a non-zero enact returns; otherwise the two-test restore writes m_nSequence directly and re-issues the saved activity through slot 310; then navigator slot 6 (+0x18) when navigator+0x51 is clear.
1035c270	mechanism	10-18	CRT:operator delete	CNPC_VAndreiBlood slot 5: calls its class destructor 0x1035cd00 and then operator delete 0x100aa7b0 under flag bit 0 - the behaviour is all in 0x1035cd00, this is the ABI thunk.
103acba0	rule	10-18	FElysiumNpc::ScurryingFindFleeDestination	Given a threat position and a distance it first asks the navigator (+0x5d34) for the nearest node within 30000 units (0x102edae0 over 0x103008f0 and 0x102ee9c0). On success it jitters that node: whichever of the x or y deltas to the threat is larger picks the axis, the sign of that delta picks a 0..-60 or 0..60 band on it and the other axis gets -80..80, z is the node z plus slot 522 StepHeight times DAT_104454d0, and it tries up to 5 random points against CAI_BaseNPCTroika::IsAreaClear with mask 0x202400b, keeping the last one tried; the accepted point is written to the out vector when one was passed and it answers 1. On failure it marches instead: start at slot 217 GetAbsOrigin raised by StepHeight times DAT_104454d0, direction normalized away from the threat, hull-trace (collision bounds from +0x1568, mask 0x202400b) to start plus direction times the distance, and while the trace is blocked (fraction below DAT_104454c0 or either solid flag set) scale the distance and the direction by DAT_104454d0 and retry, answering 0 once the distance falls to DAT_104454c0 or below; a clear trace returns its endpoint.
103c1cd0	rule	10-18	FElysiumNpc::SetActivity	CNPC_VTzimisceHeadClaw slot 310, 55 bytes: request 9 ACT_WALK with a non-null slot 167 GetEnemy is rewritten to 0x1136 ACT_TZ_WALK2 before the Troika SetActivity 0x10295750; request 9 without an enemy and every other request forward unchanged.
103c3d80	rule	10-18	FElysiumNpc::SetActivity	CNPC_VTzimisceRunner slot 310, 110 bytes: with the form byte +0x6672 non-zero the REQUEST is remapped before the Troika SetActivity, tested in retail's own order 1, 9, 0x13, 3, 0xf1 and not in numeric order - 1 and 0xf1 to 0x1134, 9 to 0x1136, 0x13 to 0x1137, 3 to 0x1135; with the byte clear every request forwards unchanged.
103ca790	mechanism	10-18	CRT:operator delete	CNPC_VWerewolf slot 5: calls ~CNPC_VWerewolf 0x103ca7c0 and then operator delete 0x100aa7b0 under flag bit 0 - the behaviour is all in 0x103ca7c0, this is the ABI thunk.
103d0db0	rule	10-18	FElysiumNpc::WerewolfHasPath	120 of its 138 bytes are the scope-trace push and pop; the body is ONE call, 0x102ee380(m_pNavigator +0x5d34, start, end). CORRECTION: the two navigator-cache stamps the earlier walk attributes to this body are inside 0x102ee380 - it writes nav+8 from the NPC's +0x156c hull and nav+0xc from the global frame word, repeats the pair on the path object 0x102ecc00, and only then forwards both Vectors to 0x102fdcc0. 12 direct callers plus one from outside the kernel; the void return is a decompile artifact of the forwarded call. 0x102fdcc0 is the seam this substrate has no path object for, so it answers false - retail's own answer for a navigator with no path.
